"sample_id","comparison_group","gene","cells","mean_expression","percent_cells_expressing"
"S1","candidate_fibroblast_state","PIEZO1",1042,0.0766772825515097,5.56621880998081
"S1","candidate_fibroblast_state","PIEZO2",1042,0.046153140112866,3.55086372360845
"S1","candidate_fibroblast_state","TRPV4",1042,0.00707734771329397,0.479846449136276
"S1","candidate_fibroblast_state","TRPA1",1042,0,0
"S1","candidate_fibroblast_state","TRPC1",1042,0.0218669472396626,1.53550863723608
"S1","candidate_fibroblast_state","TRPC3",1042,0.00164107902699352,0.0959692898272553
"S1","candidate_fibroblast_state","TRPC6",1042,0.03327622207563,2.20729366602687
"S1","candidate_fibroblast_state","ASIC1",1042,0.00544094232355412,0.383877159309021
"S1","candidate_fibroblast_state","ASIC2",1042,0.00376005275744664,0.287907869481766
"S1","candidate_fibroblast_state","ASIC3",1042,0.00233837309328002,0.191938579654511
"S1","candidate_fibroblast_state","KCNK2",1042,0.0603329931986986,4.31861804222649
"S1","candidate_fibroblast_state","KCNK4",1042,0.0111827889389235,0.863723608445297
"S1","candidate_fibroblast_state","PKD1",1042,0.212972588270491,15.0671785028791
"S1","candidate_fibroblast_state","PKD2",1042,0.100029535122155,7.38963531669866
"S1","candidate_fibroblast_state","TMEM63A",1042,0.0404410822249738,2.97504798464491
"S1","candidate_fibroblast_state","TMEM63B",1042,0.0443653810969228,3.35892514395394
"S1","candidate_fibroblast_state","TMEM150C",1042,0.0391134044216419,2.68714011516315
"S1","candidate_fibroblast_state","PANX1",1042,0.126808751146111,9.11708253358925
"S1","candidate_fibroblast_state","P2RX4",1042,0.0513936276585356,3.83877159309021
"S1","candidate_fibroblast_state","P2RX7",1042,0.00752722943452604,0.575815738963532
"S1","candidate_fibroblast_state","ITGA1",1042,0.0896887398293501,6.33397312859885
"S1","candidate_fibroblast_state","ITGA2",1042,0.00857932681269213,0.671785028790787
"S1","candidate_fibroblast_state","ITGA5",1042,0.295272249771068,20.6333973128599
"S1","candidate_fibroblast_state","ITGA6",1042,0.0284423743034224,2.20729366602687
"S1","candidate_fibroblast_state","ITGA8",1042,0.0301366497192711,2.11132437619962
"S1","candidate_fibroblast_state","ITGA11",1042,0.0618900234557954,4.22264875239923
"S1","candidate_fibroblast_state","ITGAV",1042,0.268208131977517,18.7140115163148
"S1","candidate_fibroblast_state","ITGB1",1042,1.02549961231815,60.4606525911708
"S1","candidate_fibroblast_state","ITGB3",1042,0.00828052366802648,0.671785028790787
"S1","candidate_fibroblast_state","ITGB5",1042,0.307127027285082,21.2092130518234
"S1","candidate_fibroblast_state","PTK2",1042,0.207858834787591,13.6276391554703
"S1","candidate_fibroblast_state","SRC",1042,0.058957343055588,4.510556621881
"S1","candidate_fibroblast_state","FYN",1042,0.32240665632877,21.7850287907869
"S1","candidate_fibroblast_state","PXN",1042,0.0925807555173245,6.81381957773513
"S1","candidate_fibroblast_state","VCL",1042,0.327548559811447,22.6487523992322
"S1","candidate_fibroblast_state","TLN1",1042,0.262859894261916,18.5220729366603
"S1","candidate_fibroblast_state","TLN2",1042,0.0610069953383678,4.510556621881
"S1","candidate_fibroblast_state","FERMT2",1042,0.411108856821219,28.1190019193858
"S1","candidate_fibroblast_state","ILK",1042,0.402366542134666,27.7351247600768
"S1","candidate_fibroblast_state","PARVA",1042,0.218204885882865,15.7389635316699
"S1","candidate_fibroblast_state","BCAR1",1042,0.125862703174277,9.021113243762
"S1","candidate_fibroblast_state","CAV1",1042,1.21415293290801,61.4203454894434
"S1","candidate_fibroblast_state","DAG1",1042,0.0985805954506593,7.2936660268714
"S1","candidate_fibroblast_state","YAP1",1042,0.281685951428813,19.6737044145873
"S1","candidate_fibroblast_state","WWTR1",1042,0.447382418864871,29.8464491362764
"S1","candidate_fibroblast_state","TEAD1",1042,0.208379869624298,15.0671785028791
"S1","candidate_fibroblast_state","TEAD2",1042,0.086540828859762,6.62188099808061
"S1","candidate_fibroblast_state","TEAD3",1042,0.0733768291797308,5.08637236084453
"S1","candidate_fibroblast_state","TEAD4",1042,0.026002228198364,2.11132437619962
"S1","candidate_fibroblast_state","LATS1",1042,0.037661633698204,2.87907869481766
"S1","candidate_fibroblast_state","LATS2",1042,0.201116276430363,14.3953934740883
"S1","candidate_fibroblast_state","STK3",1042,0.174785737774349,12.6679462571977
"S1","candidate_fibroblast_state","STK4",1042,0.14326645449222,10.3646833013436
"S1","candidate_fibroblast_state","SAV1",1042,0.343637282473248,23.1285988483685
"S1","candidate_fibroblast_state","NF2",1042,0.0547600974704869,4.12667946257198
"S1","candidate_fibroblast_state","AMOTL1",1042,0.172845045934998,12.5719769673704
"S1","candidate_fibroblast_state","AMOTL2",1042,0.191333907767723,13.147792706334
"S1","candidate_fibroblast_state","AJUBA",1042,0.0358937019276448,2.49520153550864
"S1","candidate_fibroblast_state","CTGF",1042,0.760819285442182,39.9232245681382
"S1","candidate_fibroblast_state","CYR61",1042,1.53182355675891,64.2034548944338
"S1","candidate_fibroblast_state","AREG",1042,0.00372677197235385,0.287907869481766
"S1","candidate_fibroblast_state","RHOA",1042,1.07802040069729,62.2840690978887
"S1","candidate_fibroblast_state","RHOB",1042,0.634092201500329,38.6756238003839
"S1","candidate_fibroblast_state","RAC1",1042,1.22734167276473,68.809980806142
"S1","candidate_fibroblast_state","CDC42",1042,0.963936132729162,56.4299424184261
"S1","candidate_fibroblast_state","ROCK1",1042,0.299214673797393,20.9213051823417
"S1","candidate_fibroblast_state","ROCK2",1042,0.179634689128805,13.531669865643
"S1","candidate_fibroblast_state","MYLK",1042,0.258994138907652,16.7946257197697
"S1","candidate_fibroblast_state","MYL9",1042,0.919726309096274,48.2725527831094
"S1","candidate_fibroblast_state","ACTA2",1042,0.390349755522288,20.6333973128599
"S1","candidate_fibroblast_state","TAGLN",1042,0.679500328655175,31.573896353167
"S1","candidate_fibroblast_state","CNN1",1042,0.0416954778548311,2.97504798464491
"S1","candidate_fibroblast_state","CNN2",1042,0.243951637526582,17.7543186180422
"S1","candidate_fibroblast_state","CFL1",1042,1.77434240563516,85.0287907869482
"S1","candidate_fibroblast_state","PFN1",1042,1.78331161015491,83.9731285988484
"S1","candidate_fibroblast_state","TPM1",1042,0.965499915726637,54.2226487523992
"S1","candidate_fibroblast_state","TPM2",1042,0.604701865071027,35.2207293666027
"S1","candidate_fibroblast_state","FLNA",1042,0.697247703375226,43.9539347408829
"S1","candidate_fibroblast_state","GSN",1042,3.3349832271977,96.7370441458733
"S1","candidate_fibroblast_state","DIAPH1",1042,0.148012299236545,11.0364683301344
"S1","candidate_fibroblast_state","LIMK1",1042,0.0327561148380519,2.49520153550864
"S1","candidate_fibroblast_state","COL1A1",1042,2.76227978608145,90.21113243762
"S1","candidate_fibroblast_state","COL1A2",1042,2.99677124520884,93.6660268714012
"S1","candidate_fibroblast_state","COL3A1",1042,2.47916533632826,86.1804222648752
"S1","candidate_fibroblast_state","COL5A1",1042,0.514235730232168,32.6295585412668
"S1","candidate_fibroblast_state","COL5A2",1042,0.615662515681713,36.6602687140115
"S1","candidate_fibroblast_state","COL6A1",1042,2.04150659575357,85.1247600767754
"S1","candidate_fibroblast_state","COL6A2",1042,2.68971853112243,93.8579654510557
"S1","candidate_fibroblast_state","COL6A3",1042,1.37873438196095,69.3857965451056
"S1","candidate_fibroblast_state","FN1",1042,1.25871197262972,63.0518234165067
"S1","candidate_fibroblast_state","POSTN",1042,0.469456712751324,24.0882917466411
"S1","candidate_fibroblast_state","TNC",1042,0.173529550189411,10.3646833013436
"S1","candidate_fibroblast_state","THBS1",1042,0.820465438695805,42.8982725527831
"S1","candidate_fibroblast_state","THBS2",1042,0.78475425234351,44.8176583493282
"S1","candidate_fibroblast_state","LOX",1042,0.585930216953904,35.4126679462572
"S1","candidate_fibroblast_state","LOXL2",1042,0.114602369705602,8.25335892514395
"S1","candidate_fibroblast_state","MMP2",1042,1.84048933594541,72.552783109405
"S1","candidate_fibroblast_state","MMP14",1042,0.73162861906175,43.0902111324376
"S1","candidate_fibroblast_state","TIMP1",1042,1.83612884938629,82.1497120921305
"S1","candidate_fibroblast_state","TIMP2",1042,1.68337471238399,77.3512476007678
"S1","candidate_fibroblast_state","TIMP3",1042,1.15774712486965,60.3646833013436
"S1","candidate_fibroblast_state","FAP",1042,0.111064460375971,8.1573896353167
"S1","candidate_fibroblast_state","CTHRC1",1042,0.625586038510443,30.5182341650672
"S1","candidate_fibroblast_state","SPARC",1042,2.10473118741313,83.9731285988484
"S1","candidate_fibroblast_state","TGFB1",1042,0.204527834080797,14.5873320537428
"S1","candidate_fibroblast_state","TGFB2",1042,0.0651777674302258,4.60652591170825
"S1","candidate_fibroblast_state","TGFB3",1042,0.125182963998135,9.021113243762
"S1","candidate_fibroblast_state","TGFBR1",1042,0.157978163892123,11.7082533589251
"S1","candidate_fibroblast_state","TGFBR2",1042,0.214418292782041,14.9712092130518
"S1","candidate_fibroblast_state","SMAD2",1042,0.163778669043485,11.8042226487524
"S1","candidate_fibroblast_state","SMAD3",1042,0.18853116709986,14.0115163147793
"S1","candidate_fibroblast_state","SMAD4",1042,0.109662855827249,8.06142034548944
"S1","candidate_fibroblast_state","SMAD7",1042,0.0521214341941033,3.93474088291747
"S1","candidate_fibroblast_state","SERPINE1",1042,0.0698392520594618,4.70249520153551
"S1","candidate_fibroblast_state","PDGFA",1042,0.120817809525872,7.00575815738964
"S1","candidate_fibroblast_state","PDGFB",1042,0.00980137006766458,0.863723608445297
"S1","candidate_fibroblast_state","PDGFC",1042,0.049334245063234,3.74280230326296
"S1","candidate_fibroblast_state","PDGFRA",1042,0.618911311610997,38.0038387715931
"S1","candidate_fibroblast_state","PDGFRB",1042,0.862602870942494,50.1919385796545
"S1","candidate_fibroblast_state","INHBA",1042,0.146079484820001,9.40499040307102
"S1","candidate_fibroblast_state","FOSL2",1042,0.57442147448771,35.4126679462572
"S1","candidate_fibroblast_state","SNAI1",1042,0.165958424466983,10.9404990403071
"S1","candidate_fibroblast_state","ZEB1",1042,0.157472658735357,11.6122840690979
"S1","candidate_fibroblast_state","IL6",1042,0.542039402527198,27.6391554702495
"S1","candidate_fibroblast_state","CCL2",1042,1.79995231571618,65.4510556621881
"S1","candidate_fibroblast_state","CXCL1",1042,0.818495647923486,33.5892514395393
"S1","candidate_fibroblast_state","CXCL2",1042,1.5368259725005,55.4702495201535
"S1","candidate_fibroblast_state","CXCL3",1042,0.850157556624096,36.852207293666
"S1","candidate_fibroblast_state","TNF",1042,0.0284857783907497,2.11132437619962
"S1","candidate_fibroblast_state","IL1B",1042,0.0577987705668122,4.22264875239923
"S1","candidate_fibroblast_state","PTGS2",1042,0.301516592814418,16.8905950095969
"S1","candidate_fibroblast_state","NFKB1",1042,0.445249608959214,27.2552783109405
"S1","candidate_fibroblast_state","NFKB2",1042,0.293281368727164,19.8656429942418
"S1","candidate_fibroblast_state","RELA",1042,0.173934781103271,12.763915547025
"S1","candidate_fibroblast_state","RELB",1042,0.20881342781256,14.9712092130518
"S1","candidate_fibroblast_state","JUN",1042,1.81148954407966,74.4721689059501
"S1","candidate_fibroblast_state","JUND",1042,1.05626323226944,59.6928982725528
"S1","candidate_fibroblast_state","FOS",1042,2.11685142183953,78.0230326295585
"S1","candidate_fibroblast_state","FOSB",1042,0.683025518854166,40.3071017274472
"S1","candidate_fibroblast_state","ATF3",1042,0.693473853872831,38.7715930902111
"S1","candidate_fibroblast_state","STAT3",1042,0.728498566696458,44.9136276391555
"S1","candidate_fibroblast_state","SOCS3",1042,1.02347225231306,48.6564299424184
"S1","candidate_fibroblast_state","ICAM1",1042,1.02852443574306,52.1113243761996
"S1","candidate_fibroblast_state","HIF1A",1042,0.308912237224181,21.2092130518234
"S1","candidate_fibroblast_state","EPAS1",1042,0.173307803383892,11.2284069097889
"S1","candidate_fibroblast_state","EGLN1",1042,0.146714532102448,10.5566218809981
"S1","candidate_fibroblast_state","EGLN2",1042,0.239023937828499,17.5623800383877
"S1","candidate_fibroblast_state","EGLN3",1042,0.0469839866420546,3.26295585412668
"S1","candidate_fibroblast_state","VEGFA",1042,0.198625808398752,13.531669865643
"S1","candidate_fibroblast_state","SLC2A1",1042,0.0605182535671774,4.03071017274472
"S1","candidate_fibroblast_state","LDHA",1042,1.89401414206935,85.700575815739
"S1","candidate_fibroblast_state","PDK1",1042,0.0646121016819138,4.70249520153551
"S1","candidate_fibroblast_state","BNIP3",1042,0.10626169265079,7.86948176583493
"S1","candidate_fibroblast_state","CA9",1042,0,0
"S1","candidate_fibroblast_state","ADM",1042,0.571980811722714,30.1343570057582
"S1","candidate_fibroblast_state","NDRG1",1042,0.363128366874651,25.2399232245681
"S1","candidate_fibroblast_state","PGK1",1042,0.42177651268773,28.6948176583493
"S1","candidate_fibroblast_state","ENO1",1042,0.84549245406498,51.3435700575816
"S1","candidate_fibroblast_state","HK2",1042,0.0290755083704243,2.20729366602687
"S1","candidate_fibroblast_state","DDIT4",1042,0.671750259150768,37.4280230326296
"S1","candidate_fibroblast_state","PFKFB3",1042,0.235542647009341,15.4510556621881
"S1","candidate_fibroblast_state","MKI67",1042,0.00282065125825322,0.287907869481766
"S1","candidate_fibroblast_state","TOP2A",1042,0.00895427591857544,0.671785028790787
"S1","candidate_fibroblast_state","PCNA",1042,0.152096718278831,10.8445297504798
"S1","candidate_fibroblast_state","MCM2",1042,0.0137017021840593,1.05566218809981
"S1","candidate_fibroblast_state","MCM3",1042,0.0620206089379127,4.41458733205374
"S1","candidate_fibroblast_state","MCM4",1042,0.022490727888491,1.53550863723608
"S1","candidate_fibroblast_state","MCM5",1042,0.0378770916565465,2.97504798464491
"S1","candidate_fibroblast_state","MCM6",1042,0.0199268471177376,1.53550863723608
"S1","candidate_fibroblast_state","MCM7",1042,0.0976712878963458,7.10172744721689
"S1","candidate_fibroblast_state","CDK1",1042,0.00267418904768479,0.287907869481766
"S1","candidate_fibroblast_state","CDK2",1042,0.0839878424842722,6.33397312859885
"S1","candidate_fibroblast_state","CCNB1",1042,0.0075728205813229,0.575815738963532
"S1","candidate_fibroblast_state","CCNB2",1042,0.00342370428454231,0.287907869481766
"S1","candidate_fibroblast_state","CCNA2",1042,0.0048317713641214,0.287907869481766
"S1","candidate_fibroblast_state","CDC20",1042,0.00289046594857995,0.191938579654511
"S1","candidate_fibroblast_state","BIRC5",1042,0.00237455786223402,0.191938579654511
"S1","candidate_fibroblast_state","UBE2C",1042,0.00707572700575016,0.575815738963532
"S1","candidate_fibroblast_state","CENPF",1042,0.0105954467675067,0.767754318618042
"S1","other_clusters","PIEZO1",1742,0.074611424070436,6.601607347876
"S1","other_clusters","PIEZO2",1742,0.00575847515848024,0.516647531572905
"S1","other_clusters","TRPV4",1742,0.0068406290050435,0.803673938002296
"S1","other_clusters","TRPA1",1742,0.000705508379914619,0.0574052812858783
"S1","other_clusters","TRPC1",1742,0.0148848595372138,1.20551090700344
"S1","other_clusters","TRPC3",1742,0.00313142056652778,0.229621125143513
"S1","other_clusters","TRPC6",1742,0.0160084994388317,1.54994259471871
"S1","other_clusters","ASIC1",1742,0,0
"S1","other_clusters","ASIC2",1742,0.000779085418386725,0.0574052812858783
"S1","other_clusters","ASIC3",1742,0.00263693463662601,0.34443168771527
"S1","other_clusters","KCNK2",1742,0.00327556304563009,0.229621125143513
"S1","other_clusters","KCNK4",1742,0.00083432569084435,0.0574052812858783
"S1","other_clusters","PKD1",1742,0.0642594027689617,6.0849598163031
"S1","other_clusters","PKD2",1742,0.0217856339733381,2.23880597014925
"S1","other_clusters","TMEM63A",1742,0.0315543860466517,2.46842709529277
"S1","other_clusters","TMEM63B",1742,0.040198116138682,4.07577497129736
"S1","other_clusters","TMEM150C",1742,0.00984949444746478,0.918484500574053
"S1","other_clusters","PANX1",1742,0.0806707103802754,8.43857634902411
"S1","other_clusters","P2RX4",1742,0.0626888338494687,5.2812858783008
"S1","other_clusters","P2RX7",1742,0.0512707572845108,4.47761194029851
"S1","other_clusters","ITGA1",1742,0.024633286843149,2.1239954075775
"S1","other_clusters","ITGA2",1742,0.0678138878845806,6.65901262916188
"S1","other_clusters","ITGA5",1742,0.132919832013934,10.5625717566016
"S1","other_clusters","ITGA6",1742,0.17101205645845,13.8920780711825
"S1","other_clusters","ITGA8",1742,0.0466267033629484,3.04247990815155
"S1","other_clusters","ITGA11",1742,0.000577426592090417,0.0574052812858783
"S1","other_clusters","ITGAV",1742,0.124472201828175,11.5384615384615
"S1","other_clusters","ITGB1",1742,0.858720398197428,52.7554535017222
"S1","other_clusters","ITGB3",1742,0.00151068417004813,0.229621125143513
"S1","other_clusters","ITGB5",1742,0.049995188382265,4.93685419058553
"S1","other_clusters","PTK2",1742,0.137663821096814,10.849598163031
"S1","other_clusters","SRC",1742,0.0612308949716029,5.97014925373134
"S1","other_clusters","FYN",1742,0.312123214660411,21.3547646383467
"S1","other_clusters","PXN",1742,0.11162015411427,9.81630309988519
"S1","other_clusters","VCL",1742,0.198815492238696,16.6475315729047
"S1","other_clusters","TLN1",1742,0.243182020408106,19.0585533869116
"S1","other_clusters","TLN2",1742,0.0129790146279633,1.26291618828932
"S1","other_clusters","FERMT2",1742,0.116327871991555,8.95522388059701
"S1","other_clusters","ILK",1742,0.31050230297518,23.9380022962113
"S1","other_clusters","PARVA",1742,0.0448811165654238,4.36280137772675
"S1","other_clusters","BCAR1",1742,0.090286843671745,7.69230769230769
"S1","other_clusters","CAV1",1742,0.826387795690999,39.2078071182549
"S1","other_clusters","DAG1",1742,0.0452350766051343,4.53501722158439
"S1","other_clusters","YAP1",1742,0.123482040449201,11.1366245694604
"S1","other_clusters","WWTR1",1742,0.147365339203637,11.5958668197474
"S1","other_clusters","TEAD1",1742,0.0854364484319226,8.15154994259472
"S1","other_clusters","TEAD2",1742,0.038404841269421,3.27210103329506
"S1","other_clusters","TEAD3",1742,0.0369366775274334,3.9609644087256
"S1","other_clusters","TEAD4",1742,0.0296973660412258,3.32950631458094
"S1","other_clusters","LATS1",1742,0.0484693777535377,4.59242250287026
"S1","other_clusters","LATS2",1742,0.0752259928190162,7.23306544202067
"S1","other_clusters","STK3",1742,0.0772593891243666,7.69230769230769
"S1","other_clusters","STK4",1742,0.802168759843458,46.9575200918485
"S1","other_clusters","SAV1",1742,0.147627601774316,12.8013777267509
"S1","other_clusters","NF2",1742,0.0425009877156755,4.42020665901263
"S1","other_clusters","AMOTL1",1742,0.0703524628606778,7.00344431687715
"S1","other_clusters","AMOTL2",1742,0.0653327490993439,6.48679678530425
"S1","other_clusters","AJUBA",1742,0.045035963017088,5.22388059701492
"S1","other_clusters","CTGF",1742,0.320210280848933,17.3938002296211
"S1","other_clusters","CYR61",1742,0.521999051606243,28.5304247990815
"S1","other_clusters","AREG",1742,0.163410464662475,10.9070034443169
"S1","other_clusters","RHOA",1742,0.952873162212952,59.9885189437428
"S1","other_clusters","RHOB",1742,0.411947187194522,25.3157290470723
"S1","other_clusters","RAC1",1742,1.17943137549219,65.1549942594719
"S1","other_clusters","CDC42",1742,1.26613749365395,71.5269804822044
"S1","other_clusters","ROCK1",1742,0.314406431046563,24.2250287026406
"S1","other_clusters","ROCK2",1742,0.13482289246115,11.7680826636051
"S1","other_clusters","MYLK",1742,0.325043590626946,19.0011481056257
"S1","other_clusters","MYL9",1742,0.678817294594057,30.654420206659
"S1","other_clusters","ACTA2",1742,0.578693535819354,22.3880597014925
"S1","other_clusters","TAGLN",1742,0.700594961307349,28.1285878300804
"S1","other_clusters","CNN1",1742,0.133128118853066,7.23306544202067
"S1","other_clusters","CNN2",1742,0.32382846015338,25.0861079219288
"S1","other_clusters","CFL1",1742,2.15804282844604,92.1928817451205
"S1","other_clusters","PFN1",1742,2.46510166448868,94.6039035591274
"S1","other_clusters","TPM1",1742,0.431753430317549,24.6842709529277
"S1","other_clusters","TPM2",1742,0.615160003161983,27.841561423651
"S1","other_clusters","FLNA",1742,0.776992811808843,48.7944890929966
"S1","other_clusters","GSN",1742,1.13856415630486,64.1216991963261
"S1","other_clusters","DIAPH1",1742,0.239558856257362,18.9437428243398
"S1","other_clusters","LIMK1",1742,0.0182024968780188,1.83696900114811
"S1","other_clusters","COL1A1",1742,0.536782189772842,36.5671641791045
"S1","other_clusters","COL1A2",1742,0.617464617898402,41.2169919632606
"S1","other_clusters","COL3A1",1742,0.402014073786169,27.5545350172216
"S1","other_clusters","COL5A1",1742,0.0447626581416958,3.9609644087256
"S1","other_clusters","COL5A2",1742,0.0596015389064971,5.05166475315729
"S1","other_clusters","COL6A1",1742,0.29424577190868,21.2973593570608
"S1","other_clusters","COL6A2",1742,0.482811564178617,31.9173363949483
"S1","other_clusters","COL6A3",1742,0.154248081389198,12.2273249138921
"S1","other_clusters","FN1",1742,0.202505012498298,13.662456946039
"S1","other_clusters","POSTN",1742,0.151581586803138,10.9644087256028
"S1","other_clusters","TNC",1742,0.0416414503986738,3.4443168771527
"S1","other_clusters","THBS1",1742,0.234436787285267,16.3605051664753
"S1","other_clusters","THBS2",1742,0.0801053179531172,7.29047072330654
"S1","other_clusters","LOX",1742,0.0351209113355545,3.04247990815155
"S1","other_clusters","LOXL2",1742,0.0313718300739562,2.58323765786452
"S1","other_clusters","MMP2",1742,0.267041468024468,19.6900114810563
"S1","other_clusters","MMP14",1742,0.103295797972126,9.29965556831228
"S1","other_clusters","TIMP1",1742,1.14966015057565,61.8254879448909
"S1","other_clusters","TIMP2",1742,0.336852018635664,24.4546498277842
"S1","other_clusters","TIMP3",1742,0.378903598508961,23.1917336394948
"S1","other_clusters","FAP",1742,0.00797969509457649,0.803673938002296
"S1","other_clusters","CTHRC1",1742,0.0983586981513179,7.29047072330654
"S1","other_clusters","SPARC",1742,0.533162091456242,34.5579793340987
"S1","other_clusters","TGFB1",1742,0.380533093316409,27.0378874856487
"S1","other_clusters","TGFB2",1742,0.020486697272168,1.95177956371986
"S1","other_clusters","TGFB3",1742,0.0453683640923307,3.38691159586682
"S1","other_clusters","TGFBR1",1742,0.0991726248682581,8.55338691159587
"S1","other_clusters","TGFBR2",1742,0.197791838469269,15.0401836969001
"S1","other_clusters","SMAD2",1742,0.138664047547377,12.6865671641791
"S1","other_clusters","SMAD3",1742,0.104477277848804,10.2755453501722
"S1","other_clusters","SMAD4",1742,0.0882172861962505,8.43857634902411
"S1","other_clusters","SMAD7",1742,0.0311407245003327,3.27210103329506
"S1","other_clusters","SERPINE1",1742,0.0433262384039662,3.78874856486797
"S1","other_clusters","PDGFA",1742,0.14029877971775,9.81630309988519
"S1","other_clusters","PDGFB",1742,0.0818757244364469,7.06084959816303
"S1","other_clusters","PDGFC",1742,0.051019885391308,5.10907003444317
"S1","other_clusters","PDGFRA",1742,0.0390028667483414,3.21469575200919
"S1","other_clusters","PDGFRB",1742,0.1673016605638,11.2514351320321
"S1","other_clusters","INHBA",1742,0.0673052219687462,4.24799081515499
"S1","other_clusters","FOSL2",1742,0.608021794032787,39.2078071182549
"S1","other_clusters","SNAI1",1742,0.066447239827654,5.5683122847302
"S1","other_clusters","ZEB1",1742,0.101598996869974,8.03673938002296
"S1","other_clusters","IL6",1742,0.511083342206546,22.5028702640643
"S1","other_clusters","CCL2",1742,0.986115067469114,47.3019517795637
"S1","other_clusters","CXCL1",1742,0.247873601606468,17.5086107921929
"S1","other_clusters","CXCL2",1742,0.851941715401006,42.1928817451206
"S1","other_clusters","CXCL3",1742,0.491803568321173,26.1194029850746
"S1","other_clusters","TNF",1742,0.186150379553826,11.308840413318
"S1","other_clusters","IL1B",1742,0.403674696022517,18.886337543054
"S1","other_clusters","PTGS2",1742,0.183582363531215,12.6865671641791
"S1","other_clusters","NFKB1",1742,0.455495349665903,30.9988518943743
"S1","other_clusters","NFKB2",1742,0.298283014255207,24.1102181400689
"S1","other_clusters","RELA",1742,0.145028674289097,12.9735935706085
"S1","other_clusters","RELB",1742,0.207080895976446,16.99196326062
"S1","other_clusters","JUN",1742,1.47911143658485,65.1549942594719
"S1","other_clusters","JUND",1742,1.04504636425147,61.8254879448909
"S1","other_clusters","FOS",1742,1.86302795386954,78.3582089552239
"S1","other_clusters","FOSB",1742,0.649845157148253,40.8151549942595
"S1","other_clusters","ATF3",1742,0.656376104358864,37.4282433983927
"S1","other_clusters","STAT3",1742,0.447372248955537,32.1469575200919
"S1","other_clusters","SOCS3",1742,0.746059310563212,43.0539609644087
"S1","other_clusters","ICAM1",1742,0.44707151443499,27.7267508610792
"S1","other_clusters","HIF1A",1742,0.311120992511337,24.3398392652124
"S1","other_clusters","EPAS1",1742,0.259625251261711,17.6234213547646
"S1","other_clusters","EGLN1",1742,0.135013011221567,12.3421354764638
"S1","other_clusters","EGLN2",1742,0.217543865968581,17.1641791044776
"S1","other_clusters","EGLN3",1742,0.19815548800153,15.7864523536165
"S1","other_clusters","VEGFA",1742,0.18069990909584,14.0068886337543
"S1","other_clusters","SLC2A1",1742,0.138578845921574,10.7921928817451
"S1","other_clusters","LDHA",1742,1.75083514689658,79.8507462686567
"S1","other_clusters","PDK1",1742,0.0674250437025418,6.71641791044776
"S1","other_clusters","BNIP3",1742,0.0568347685918226,5.16647531572905
"S1","other_clusters","CA9",1742,0.0090967376185416,1.14810562571757
"S1","other_clusters","ADM",1742,0.206747039767921,14.7531572904707
"S1","other_clusters","NDRG1",1742,0.43952907221118,27.0952927669346
"S1","other_clusters","PGK1",1742,0.584201369192196,41.3892078071183
"S1","other_clusters","ENO1",1742,0.9814288406246,60.2755453501722
"S1","other_clusters","HK2",1742,0.0551799017836035,5.33869115958668
"S1","other_clusters","DDIT4",1742,0.974608411801972,52.4110218140069
"S1","other_clusters","PFKFB3",1742,0.287943351684022,22.2158438576349
"S1","other_clusters","MKI67",1742,0.0286237146688142,2.41102181400689
"S1","other_clusters","TOP2A",1742,0.0212327472850666,1.72215843857635
"S1","other_clusters","PCNA",1742,0.129104256135572,11.308840413318
"S1","other_clusters","MCM2",1742,0.0157720717699745,1.83696900114811
"S1","other_clusters","MCM3",1742,0.0534624605825429,5.16647531572905
"S1","other_clusters","MCM4",1742,0.0346079507803988,4.01836969001148
"S1","other_clusters","MCM5",1742,0.0594112384462292,5.5683122847302
"S1","other_clusters","MCM6",1742,0.0256420344684958,2.52583237657865
"S1","other_clusters","MCM7",1742,0.0968449151955858,8.84041331802526
"S1","other_clusters","CDK1",1742,0.0419360610072534,3.90355912743972
"S1","other_clusters","CDK2",1742,0.0977393766854068,9.29965556831228
"S1","other_clusters","CCNB1",1742,0.0178197139961816,1.77956371986223
"S1","other_clusters","CCNB2",1742,0.0110204708489574,1.14810562571757
"S1","other_clusters","CCNA2",1742,0.0103413707333235,1.20551090700344
"S1","other_clusters","CDC20",1742,0.0178193079250752,1.60734787600459
"S1","other_clusters","BIRC5",1742,0.0234907174114329,2.29621125143513
"S1","other_clusters","UBE2C",1742,0.0287187161215455,2.18140068886338
"S1","other_clusters","CENPF",1742,0.0201538787089763,1.60734787600459
"S2","candidate_fibroblast_state","PIEZO1",1060,0.0642252657104421,4.71698113207547
"S2","candidate_fibroblast_state","PIEZO2",1060,0.043200961784498,2.92452830188679
"S2","candidate_fibroblast_state","TRPV4",1060,0.00218001726847324,0.188679245283019
"S2","candidate_fibroblast_state","TRPA1",1060,0.000639081606921844,0.0943396226415094
"S2","candidate_fibroblast_state","TRPC1",1060,0.0279844464870121,1.88679245283019
"S2","candidate_fibroblast_state","TRPC3",1060,0.00117250196659992,0.0943396226415094
"S2","candidate_fibroblast_state","TRPC6",1060,0.0198195504643233,1.41509433962264
"S2","candidate_fibroblast_state","ASIC1",1060,0.00168368967448782,0.0943396226415094
"S2","candidate_fibroblast_state","ASIC2",1060,0.00120001904275536,0.0943396226415094
"S2","candidate_fibroblast_state","ASIC3",1060,0.000748635456962748,0.0943396226415094
"S2","candidate_fibroblast_state","KCNK2",1060,0.047018137102746,3.77358490566038
"S2","candidate_fibroblast_state","KCNK4",1060,0.0153709364983762,1.13207547169811
"S2","candidate_fibroblast_state","PKD1",1060,0.172826629075662,11.5094339622642
"S2","candidate_fibroblast_state","PKD2",1060,0.0937561659632664,6.41509433962264
"S2","candidate_fibroblast_state","TMEM63A",1060,0.0514042219943995,3.67924528301887
"S2","candidate_fibroblast_state","TMEM63B",1060,0.0276731835207868,1.9811320754717
"S2","candidate_fibroblast_state","TMEM150C",1060,0.0544174228071459,3.67924528301887
"S2","candidate_fibroblast_state","PANX1",1060,0.0822286774179276,5.84905660377358
"S2","candidate_fibroblast_state","P2RX4",1060,0.0404759881830299,3.0188679245283
"S2","candidate_fibroblast_state","P2RX7",1060,0.0105837333792558,0.754716981132076
"S2","candidate_fibroblast_state","ITGA1",1060,0.0907904034275134,6.22641509433962
"S2","candidate_fibroblast_state","ITGA2",1060,0.00706749422367866,0.754716981132076
"S2","candidate_fibroblast_state","ITGA5",1060,0.177980787049326,12.3584905660377
"S2","candidate_fibroblast_state","ITGA6",1060,0.0313574106751774,2.16981132075472
"S2","candidate_fibroblast_state","ITGA8",1060,0.0218021786462042,1.50943396226415
"S2","candidate_fibroblast_state","ITGA11",1060,0.100184014365869,6.41509433962264
"S2","candidate_fibroblast_state","ITGAV",1060,0.195743405279694,13.3962264150943
"S2","candidate_fibroblast_state","ITGB1",1060,0.853606325629683,50.0943396226415
"S2","candidate_fibroblast_state","ITGB3",1060,0.00305596707964515,0.283018867924528
"S2","candidate_fibroblast_state","ITGB5",1060,0.235493833175209,15.5660377358491
"S2","candidate_fibroblast_state","PTK2",1060,0.217987244519118,13.9622641509434
"S2","candidate_fibroblast_state","SRC",1060,0.0281439387301475,2.16981132075472
"S2","candidate_fibroblast_state","FYN",1060,0.239533886727553,16.7924528301887
"S2","candidate_fibroblast_state","PXN",1060,0.042960966548239,3.30188679245283
"S2","candidate_fibroblast_state","VCL",1060,0.232306894039812,16.2264150943396
"S2","candidate_fibroblast_state","TLN1",1060,0.263227116063293,17.7358490566038
"S2","candidate_fibroblast_state","TLN2",1060,0.0508509707956874,3.67924528301887
"S2","candidate_fibroblast_state","FERMT2",1060,0.351197787990261,23.2075471698113
"S2","candidate_fibroblast_state","ILK",1060,0.383702073135289,25.0943396226415
"S2","candidate_fibroblast_state","PARVA",1060,0.240813439203492,16.5094339622642
"S2","candidate_fibroblast_state","BCAR1",1060,0.136431994218443,9.15094339622642
"S2","candidate_fibroblast_state","CAV1",1060,1.43419908626613,66.5094339622642
"S2","candidate_fibroblast_state","DAG1",1060,0.113549319069926,7.92452830188679
"S2","candidate_fibroblast_state","YAP1",1060,0.276553027606429,18.5849056603774
"S2","candidate_fibroblast_state","WWTR1",1060,0.399893334770945,26.1320754716981
"S2","candidate_fibroblast_state","TEAD1",1060,0.173666607645351,12.3584905660377
"S2","candidate_fibroblast_state","TEAD2",1060,0.0821349582258438,6.0377358490566
"S2","candidate_fibroblast_state","TEAD3",1060,0.0475009944705269,3.30188679245283
"S2","candidate_fibroblast_state","TEAD4",1060,0.0113006185480256,0.943396226415094
"S2","candidate_fibroblast_state","LATS1",1060,0.075256650507344,5.28301886792453
"S2","candidate_fibroblast_state","LATS2",1060,0.122672837804634,8.49056603773585
"S2","candidate_fibroblast_state","STK3",1060,0.184212581943853,12.7358490566038
"S2","candidate_fibroblast_state","STK4",1060,0.090413553135584,6.32075471698113
"S2","candidate_fibroblast_state","SAV1",1060,0.341045925189197,22.7358490566038
"S2","candidate_fibroblast_state","NF2",1060,0.0529433269023355,3.86792452830189
"S2","candidate_fibroblast_state","AMOTL1",1060,0.151690244409075,10.188679245283
"S2","candidate_fibroblast_state","AMOTL2",1060,0.166304624345266,10.9433962264151
"S2","candidate_fibroblast_state","AJUBA",1060,0.026510980951313,1.69811320754717
"S2","candidate_fibroblast_state","CTGF",1060,0.763778472857082,39.7169811320755
"S2","candidate_fibroblast_state","CYR61",1060,1.10246833680905,52.2641509433962
"S2","candidate_fibroblast_state","AREG",1060,0.00500541828864503,0.377358490566038
"S2","candidate_fibroblast_state","RHOA",1060,1.07371657739992,58.9622641509434
"S2","candidate_fibroblast_state","RHOB",1060,0.636627024795668,36.8867924528302
"S2","candidate_fibroblast_state","RAC1",1060,1.46701957035709,75.2830188679245
"S2","candidate_fibroblast_state","CDC42",1060,1.16834885214858,62.1698113207547
"S2","candidate_fibroblast_state","ROCK1",1060,0.234855843428508,16.2264150943396
"S2","candidate_fibroblast_state","ROCK2",1060,0.20745427924914,14.1509433962264
"S2","candidate_fibroblast_state","MYLK",1060,0.227538427184626,13.9622641509434
"S2","candidate_fibroblast_state","MYL9",1060,0.981038945727845,51.3207547169811
"S2","candidate_fibroblast_state","ACTA2",1060,0.453324581619521,22.8301886792453
"S2","candidate_fibroblast_state","TAGLN",1060,0.67518335405806,29.811320754717
"S2","candidate_fibroblast_state","CNN1",1060,0.0371349014918036,2.45283018867925
"S2","candidate_fibroblast_state","CNN2",1060,0.219832758287351,14.811320754717
"S2","candidate_fibroblast_state","CFL1",1060,1.84504453205832,83.6792452830189
"S2","candidate_fibroblast_state","PFN1",1060,1.74238420440991,80.4716981132076
"S2","candidate_fibroblast_state","TPM1",1060,0.814477483732424,45.8490566037736
"S2","candidate_fibroblast_state","TPM2",1060,0.654333769389069,37.1698113207547
"S2","candidate_fibroblast_state","FLNA",1060,0.506954252260957,31.6037735849057
"S2","candidate_fibroblast_state","GSN",1060,2.80736344822154,90.9433962264151
"S2","candidate_fibroblast_state","DIAPH1",1060,0.090649646023418,6.32075471698113
"S2","candidate_fibroblast_state","LIMK1",1060,0.0335634588674628,2.35849056603774
"S2","candidate_fibroblast_state","COL1A1",1060,2.49975457138659,83.4905660377358
"S2","candidate_fibroblast_state","COL1A2",1060,2.77501986939805,90.188679245283
"S2","candidate_fibroblast_state","COL3A1",1060,2.35279684717197,83.1132075471698
"S2","candidate_fibroblast_state","COL5A1",1060,0.438360055000311,26.7924528301887
"S2","candidate_fibroblast_state","COL5A2",1060,0.482588170096514,29.622641509434
"S2","candidate_fibroblast_state","COL6A1",1060,1.97086398627338,81.9811320754717
"S2","candidate_fibroblast_state","COL6A2",1060,2.38564015124542,89.622641509434
"S2","candidate_fibroblast_state","COL6A3",1060,1.3133212090476,66.2264150943396
"S2","candidate_fibroblast_state","FN1",1060,0.952174172260669,49.811320754717
"S2","candidate_fibroblast_state","POSTN",1060,0.456239879075369,21.5094339622642
"S2","candidate_fibroblast_state","TNC",1060,0.198918749348637,11.3207547169811
"S2","candidate_fibroblast_state","THBS1",1060,0.37939614866276,21.6981132075472
"S2","candidate_fibroblast_state","THBS2",1060,0.554169108932413,31.9811320754717
"S2","candidate_fibroblast_state","LOX",1060,0.373516349900587,22.4528301886792
"S2","candidate_fibroblast_state","LOXL2",1060,0.122670319558406,8.49056603773585
"S2","candidate_fibroblast_state","MMP2",1060,1.55466436591222,64.811320754717
"S2","candidate_fibroblast_state","MMP14",1060,0.445268613640037,27.1698113207547
"S2","candidate_fibroblast_state","TIMP1",1060,1.73675014836739,78.7735849056604
"S2","candidate_fibroblast_state","TIMP2",1060,1.39895088444646,68.8679245283019
"S2","candidate_fibroblast_state","TIMP3",1060,1.2645387985374,60
"S2","candidate_fibroblast_state","FAP",1060,0.0827050675553565,5.94339622641509
"S2","candidate_fibroblast_state","CTHRC1",1060,0.30807982467726,14.811320754717
"S2","candidate_fibroblast_state","SPARC",1060,1.95462390913968,80.377358490566
"S2","candidate_fibroblast_state","TGFB1",1060,0.206123749956649,14.2452830188679
"S2","candidate_fibroblast_state","TGFB2",1060,0.0831275927120654,5.75471698113208
"S2","candidate_fibroblast_state","TGFB3",1060,0.0805911219259882,5.94339622641509
"S2","candidate_fibroblast_state","TGFBR1",1060,0.124085799838545,8.30188679245283
"S2","candidate_fibroblast_state","TGFBR2",1060,0.203372436286072,14.3396226415094
"S2","candidate_fibroblast_state","SMAD2",1060,0.185116456453055,13.4905660377358
"S2","candidate_fibroblast_state","SMAD3",1060,0.112880165316473,8.11320754716981
"S2","candidate_fibroblast_state","SMAD4",1060,0.110098778673226,7.64150943396226
"S2","candidate_fibroblast_state","SMAD7",1060,0.0434241528410227,3.11320754716981
"S2","candidate_fibroblast_state","SERPINE1",1060,0.0659086169065041,4.62264150943396
"S2","candidate_fibroblast_state","PDGFA",1060,0.137278418845396,6.79245283018868
"S2","candidate_fibroblast_state","PDGFB",1060,0.00649838453309843,0.566037735849057
"S2","candidate_fibroblast_state","PDGFC",1060,0.0561307269031138,3.67924528301887
"S2","candidate_fibroblast_state","PDGFRA",1060,0.628696195229016,36.6981132075472
"S2","candidate_fibroblast_state","PDGFRB",1060,0.811300534270368,45.9433962264151
"S2","candidate_fibroblast_state","INHBA",1060,0.0890215676198082,5.84905660377358
"S2","candidate_fibroblast_state","FOSL2",1060,0.497703316565127,29.622641509434
"S2","candidate_fibroblast_state","SNAI1",1060,0.189041373817205,11.6981132075472
"S2","candidate_fibroblast_state","ZEB1",1060,0.187761121460233,12.8301886792453
"S2","candidate_fibroblast_state","IL6",1060,0.434697698385833,23.1132075471698
"S2","candidate_fibroblast_state","CCL2",1060,1.47487918454833,55.5660377358491
"S2","candidate_fibroblast_state","CXCL1",1060,0.522201877182626,23.2075471698113
"S2","candidate_fibroblast_state","CXCL2",1060,1.36822289826077,47.5471698113208
"S2","candidate_fibroblast_state","CXCL3",1060,0.784776352522231,33.3018867924528
"S2","candidate_fibroblast_state","TNF",1060,0.0184998211807396,1.41509433962264
"S2","candidate_fibroblast_state","IL1B",1060,0.0246040490916353,1.79245283018868
"S2","candidate_fibroblast_state","PTGS2",1060,0.197752940993794,11.3207547169811
"S2","candidate_fibroblast_state","NFKB1",1060,0.372096637461436,22.9245283018868
"S2","candidate_fibroblast_state","NFKB2",1060,0.204160407882442,13.7735849056604
"S2","candidate_fibroblast_state","RELA",1060,0.121771318870285,8.67924528301887
"S2","candidate_fibroblast_state","RELB",1060,0.126155756970375,8.67924528301887
"S2","candidate_fibroblast_state","JUN",1060,2.01098197454054,74.811320754717
"S2","candidate_fibroblast_state","JUND",1060,1.14845829358817,60.377358490566
"S2","candidate_fibroblast_state","FOS",1060,2.43737710929976,80.377358490566
"S2","candidate_fibroblast_state","FOSB",1060,0.942372901491774,50.377358490566
"S2","candidate_fibroblast_state","ATF3",1060,0.663042679956264,35.5660377358491
"S2","candidate_fibroblast_state","STAT3",1060,0.614837006071786,37.3584905660377
"S2","candidate_fibroblast_state","SOCS3",1060,1.13660522623842,50.9433962264151
"S2","candidate_fibroblast_state","ICAM1",1060,0.741114852408774,38.6792452830189
"S2","candidate_fibroblast_state","HIF1A",1060,0.21117164050257,14.3396226415094
"S2","candidate_fibroblast_state","EPAS1",1060,0.218617121689478,13.7735849056604
"S2","candidate_fibroblast_state","EGLN1",1060,0.143056052494742,10.2830188679245
"S2","candidate_fibroblast_state","EGLN2",1060,0.157439194014249,11.5094339622642
"S2","candidate_fibroblast_state","EGLN3",1060,0.0225036401620748,1.60377358490566
"S2","candidate_fibroblast_state","VEGFA",1060,0.18422658218335,11.9811320754717
"S2","candidate_fibroblast_state","SLC2A1",1060,0.0181412503492397,1.32075471698113
"S2","candidate_fibroblast_state","LDHA",1060,1.7563208853446,78.6792452830189
"S2","candidate_fibroblast_state","PDK1",1060,0.0326772211225171,2.45283018867925
"S2","candidate_fibroblast_state","BNIP3",1060,0.120863562129367,8.58490566037736
"S2","candidate_fibroblast_state","CA9",1060,0,0
"S2","candidate_fibroblast_state","ADM",1060,0.40487621426458,23.5849056603774
"S2","candidate_fibroblast_state","NDRG1",1060,0.246886493734187,16.4150943396226
"S2","candidate_fibroblast_state","PGK1",1060,0.409891970240238,26.6981132075472
"S2","candidate_fibroblast_state","ENO1",1060,0.71978652430063,44.4339622641509
"S2","candidate_fibroblast_state","HK2",1060,0.0171482992077561,1.22641509433962
"S2","candidate_fibroblast_state","DDIT4",1060,0.895189205370238,43.3962264150943
"S2","candidate_fibroblast_state","PFKFB3",1060,0.122103004421236,8.20754716981132
"S2","candidate_fibroblast_state","MKI67",1060,0.00117966639519179,0.0943396226415094
"S2","candidate_fibroblast_state","TOP2A",1060,0.00280898136873613,0.283018867924528
"S2","candidate_fibroblast_state","PCNA",1060,0.162190792671899,10.9433962264151
"S2","candidate_fibroblast_state","MCM2",1060,0.0135078579475353,1.0377358490566
"S2","candidate_fibroblast_state","MCM3",1060,0.0493778216135412,3.49056603773585
"S2","candidate_fibroblast_state","MCM4",1060,0.0241636342555532,1.69811320754717
"S2","candidate_fibroblast_state","MCM5",1060,0.0313769677794208,2.07547169811321
"S2","candidate_fibroblast_state","MCM6",1060,0.0278562592754447,2.16981132075472
"S2","candidate_fibroblast_state","MCM7",1060,0.0915667602224427,6.0377358490566
"S2","candidate_fibroblast_state","CDK1",1060,0.00504441335193911,0.377358490566038
"S2","candidate_fibroblast_state","CDK2",1060,0.0612281675687619,4.15094339622642
"S2","candidate_fibroblast_state","CCNB1",1060,0.0174753031319987,1.22641509433962
"S2","candidate_fibroblast_state","CCNB2",1060,0,0
"S2","candidate_fibroblast_state","CCNA2",1060,0.0031527171130468,0.188679245283019
"S2","candidate_fibroblast_state","CDC20",1060,0.00649617884684362,0.377358490566038
"S2","candidate_fibroblast_state","BIRC5",1060,0.0076784394137603,0.566037735849057
"S2","candidate_fibroblast_state","UBE2C",1060,0.00296483341799172,0.188679245283019
"S2","candidate_fibroblast_state","CENPF",1060,0,0
"S2","other_clusters","PIEZO1",1610,0.0589681474228098,4.59627329192547
"S2","other_clusters","PIEZO2",1610,0.0047593600850884,0.496894409937888
"S2","other_clusters","TRPV4",1610,0.00133422827739004,0.124223602484472
"S2","other_clusters","TRPA1",1610,0,0
"S2","other_clusters","TRPC1",1610,0.00751685531831728,0.62111801242236
"S2","other_clusters","TRPC3",1610,0.00299467801853486,0.248447204968944
"S2","other_clusters","TRPC6",1610,0.0129569062659755,0.93167701863354
"S2","other_clusters","ASIC1",1610,0.000346301308409524,0.062111801242236
"S2","other_clusters","ASIC2",1610,0,0
"S2","other_clusters","ASIC3",1610,0.00108300470336857,0.124223602484472
"S2","other_clusters","KCNK2",1610,0,0
"S2","other_clusters","KCNK4",1610,0.00072165211321947,0.062111801242236
"S2","other_clusters","PKD1",1610,0.0377610069911041,3.54037267080745
"S2","other_clusters","PKD2",1610,0.0224612571318747,1.61490683229814
"S2","other_clusters","TMEM63A",1610,0.0161035488504467,1.18012422360248
"S2","other_clusters","TMEM63B",1610,0.0278033793988005,2.4223602484472
"S2","other_clusters","TMEM150C",1610,0.0187932046303576,1.86335403726708
"S2","other_clusters","PANX1",1610,0.0348019233567094,2.91925465838509
"S2","other_clusters","P2RX4",1610,0.0266969753322203,2.17391304347826
"S2","other_clusters","P2RX7",1610,0.0199968103236468,1.67701863354037
"S2","other_clusters","ITGA1",1610,0.0375443778029019,2.85714285714286
"S2","other_clusters","ITGA2",1610,0.0163768642604579,2.11180124223602
"S2","other_clusters","ITGA5",1610,0.106557123823122,8.63354037267081
"S2","other_clusters","ITGA6",1610,0.178343180279279,12.8571428571429
"S2","other_clusters","ITGA8",1610,0.0528839916863856,3.72670807453416
"S2","other_clusters","ITGA11",1610,0.00189892566544056,0.186335403726708
"S2","other_clusters","ITGAV",1610,0.0934759534971496,8.38509316770186
"S2","other_clusters","ITGB1",1610,0.601392638589599,36.7080745341615
"S2","other_clusters","ITGB3",1610,0.006477071544837,0.559006211180124
"S2","other_clusters","ITGB5",1610,0.0204881830791102,1.67701863354037
"S2","other_clusters","PTK2",1610,0.112192063545903,8.88198757763975
"S2","other_clusters","SRC",1610,0.0187070109121632,1.61490683229814
"S2","other_clusters","FYN",1610,0.218535744381303,13.6645962732919
"S2","other_clusters","PXN",1610,0.0636285326977751,5.40372670807453
"S2","other_clusters","VCL",1610,0.160295171148828,12.2981366459627
"S2","other_clusters","TLN1",1610,0.228054630624174,16.1490683229814
"S2","other_clusters","TLN2",1610,0.0109118460957922,0.93167701863354
"S2","other_clusters","FERMT2",1610,0.129299596914711,9.75155279503106
"S2","other_clusters","ILK",1610,0.26092116335698,17.9503105590062
"S2","other_clusters","PARVA",1610,0.0430689977366575,3.85093167701863
"S2","other_clusters","BCAR1",1610,0.102210586472096,8.4472049689441
"S2","other_clusters","CAV1",1610,0.881187129554401,39.4409937888199
"S2","other_clusters","DAG1",1610,0.0339643777039917,2.98136645962733
"S2","other_clusters","YAP1",1610,0.0999478958189865,8.26086956521739
"S2","other_clusters","WWTR1",1610,0.175982359963571,12.7329192546584
"S2","other_clusters","TEAD1",1610,0.071199846065395,6.2111801242236
"S2","other_clusters","TEAD2",1610,0.03614329907326,3.16770186335404
"S2","other_clusters","TEAD3",1610,0.0287163611545961,2.36024844720497
"S2","other_clusters","TEAD4",1610,0.0297201784048395,2.60869565217391
"S2","other_clusters","LATS1",1610,0.0341808090813445,3.1055900621118
"S2","other_clusters","LATS2",1610,0.0462382769443721,4.03726708074534
"S2","other_clusters","STK3",1610,0.08439355801406,6.8944099378882
"S2","other_clusters","STK4",1610,0.474846151114332,24.9689440993789
"S2","other_clusters","SAV1",1610,0.188098430852871,14.223602484472
"S2","other_clusters","NF2",1610,0.0293992834964888,2.4223602484472
"S2","other_clusters","AMOTL1",1610,0.0474585289796033,4.47204968944099
"S2","other_clusters","AMOTL2",1610,0.0409766427816133,3.85093167701863
"S2","other_clusters","AJUBA",1610,0.0182470104797398,1.80124223602484
"S2","other_clusters","CTGF",1610,0.443389113019866,19.5031055900621
"S2","other_clusters","CYR61",1610,0.290950237242826,16.832298136646
"S2","other_clusters","AREG",1610,0.0948193999338503,5.65217391304348
"S2","other_clusters","RHOA",1610,0.810871774500811,48.0745341614907
"S2","other_clusters","RHOB",1610,0.536100370696516,27.639751552795
"S2","other_clusters","RAC1",1610,1.06273442015846,53.1055900621118
"S2","other_clusters","CDC42",1610,1.13197119061896,58.6335403726708
"S2","other_clusters","ROCK1",1610,0.265366828695273,19.1304347826087
"S2","other_clusters","ROCK2",1610,0.135295273517308,10.6832298136646
"S2","other_clusters","MYLK",1610,0.312966253696113,18.7577639751553
"S2","other_clusters","MYL9",1610,0.714887660479283,28.2608695652174
"S2","other_clusters","ACTA2",1610,0.639132202118381,22.7950310559006
"S2","other_clusters","TAGLN",1610,0.814729345369286,28.5714285714286
"S2","other_clusters","CNN1",1610,0.196827923212821,10.8695652173913
"S2","other_clusters","CNN2",1610,0.236977988457704,16.3354037267081
"S2","other_clusters","CFL1",1610,1.87531920286344,77.8260869565217
"S2","other_clusters","PFN1",1610,1.94171350136892,77.0807453416149
"S2","other_clusters","TPM1",1610,0.472444787153139,25.6521739130435
"S2","other_clusters","TPM2",1610,0.693576264166788,25.2173913043478
"S2","other_clusters","FLNA",1610,0.50839604587938,30.8074534161491
"S2","other_clusters","GSN",1610,0.795053388160614,43.3540372670807
"S2","other_clusters","DIAPH1",1610,0.15362858195279,11.4906832298137
"S2","other_clusters","LIMK1",1610,0.0157623108526868,1.36645962732919
"S2","other_clusters","COL1A1",1610,0.301707534753025,20.3105590062112
"S2","other_clusters","COL1A2",1610,0.253670921769524,17.639751552795
"S2","other_clusters","COL3A1",1610,0.178058249487511,12.6086956521739
"S2","other_clusters","COL5A1",1610,0.026280925175393,1.98757763975155
"S2","other_clusters","COL5A2",1610,0.0277127719365224,2.2360248447205
"S2","other_clusters","COL6A1",1610,0.145689304455377,10.5590062111801
"S2","other_clusters","COL6A2",1610,0.242945741965228,16.4596273291925
"S2","other_clusters","COL6A3",1610,0.099260490922845,7.32919254658385
"S2","other_clusters","FN1",1610,0.103915897688769,6.70807453416149
"S2","other_clusters","POSTN",1610,0.0627483013178796,4.59627329192547
"S2","other_clusters","TNC",1610,0.106862364635981,6.58385093167702
"S2","other_clusters","THBS1",1610,0.280266027803316,15.7142857142857
"S2","other_clusters","THBS2",1610,0.0207302306257597,1.86335403726708
"S2","other_clusters","LOX",1610,0.0161332093378463,1.24223602484472
"S2","other_clusters","LOXL2",1610,0.0291941585843488,2.60869565217391
"S2","other_clusters","MMP2",1610,0.110709711109746,8.4472049689441
"S2","other_clusters","MMP14",1610,0.0556650142532374,4.6583850931677
"S2","other_clusters","TIMP1",1610,0.69924251295698,39.1304347826087
"S2","other_clusters","TIMP2",1610,0.214469301291663,15.5900621118012
"S2","other_clusters","TIMP3",1610,0.516978144835153,29.6273291925466
"S2","other_clusters","FAP",1610,0.00579272999458149,0.559006211180124
"S2","other_clusters","CTHRC1",1610,0.142692271700702,10.3726708074534
"S2","other_clusters","SPARC",1610,0.505003388716306,30.0621118012422
"S2","other_clusters","TGFB1",1610,0.25999064007515,16.832298136646
"S2","other_clusters","TGFB2",1610,0.0360371998432814,2.36024844720497
"S2","other_clusters","TGFB3",1610,0.0374108530593383,3.04347826086957
"S2","other_clusters","TGFBR1",1610,0.0578465002840695,4.59627329192547
"S2","other_clusters","TGFBR2",1610,0.263970721061945,17.8260869565217
"S2","other_clusters","SMAD2",1610,0.109933626399566,8.63354037267081
"S2","other_clusters","SMAD3",1610,0.0625116813665453,5.3416149068323
"S2","other_clusters","SMAD4",1610,0.0609113841797868,4.96894409937888
"S2","other_clusters","SMAD7",1610,0.0228662328007131,1.98757763975155
"S2","other_clusters","SERPINE1",1610,0.0273226852948534,1.98757763975155
"S2","other_clusters","PDGFA",1610,0.194118772391699,12.0496894409938
"S2","other_clusters","PDGFB",1610,0.0326874719245588,3.1055900621118
"S2","other_clusters","PDGFC",1610,0.0461883116760144,3.54037267080745
"S2","other_clusters","PDGFRA",1610,0.0206063316135059,1.73913043478261
"S2","other_clusters","PDGFRB",1610,0.144233811638044,9.62732919254658
"S2","other_clusters","INHBA",1610,0.178457904882144,7.95031055900621
"S2","other_clusters","FOSL2",1610,0.58738867289935,35.5900621118012
"S2","other_clusters","SNAI1",1610,0.047226940535125,3.7888198757764
"S2","other_clusters","ZEB1",1610,0.116100068207809,9.00621118012422
"S2","other_clusters","IL6",1610,0.7191955046743,26.3975155279503
"S2","other_clusters","CCL2",1610,0.9482784679237,37.7639751552795
"S2","other_clusters","CXCL1",1610,0.131716307614487,8.81987577639751
"S2","other_clusters","CXCL2",1610,0.691730510582919,30.5590062111801
"S2","other_clusters","CXCL3",1610,0.338512592692826,17.2049689440994
"S2","other_clusters","TNF",1610,0.131126848052187,7.01863354037267
"S2","other_clusters","IL1B",1610,0.224726019906361,9.06832298136646
"S2","other_clusters","PTGS2",1610,0.0992009986252392,6.39751552795031
"S2","other_clusters","NFKB1",1610,0.359255650033395,23.167701863354
"S2","other_clusters","NFKB2",1610,0.152635333708359,11.8012422360248
"S2","other_clusters","RELA",1610,0.100329136657356,8.50931677018634
"S2","other_clusters","RELB",1610,0.139494179314192,10.2484472049689
"S2","other_clusters","JUN",1610,1.13718755776526,48.4472049689441
"S2","other_clusters","JUND",1610,0.914208045523454,49.6273291925466
"S2","other_clusters","FOS",1610,1.74943175938429,65.7763975155279
"S2","other_clusters","FOSB",1610,0.544563086478682,32.360248447205
"S2","other_clusters","ATF3",1610,0.469997973438455,26.8944099378882
"S2","other_clusters","STAT3",1610,0.408839718387296,27.3913043478261
"S2","other_clusters","SOCS3",1610,0.70554548987315,35.0931677018634
"S2","other_clusters","ICAM1",1610,0.435970489611574,22.6086956521739
"S2","other_clusters","HIF1A",1610,0.261401439872959,18.5093167701863
"S2","other_clusters","EPAS1",1610,0.369458836005733,23.7888198757764
"S2","other_clusters","EGLN1",1610,0.137121194426748,10.5590062111801
"S2","other_clusters","EGLN2",1610,0.161658277400875,12.5465838509317
"S2","other_clusters","EGLN3",1610,0.110547787268131,8.63354037267081
"S2","other_clusters","VEGFA",1610,0.101289861019769,7.57763975155279
"S2","other_clusters","SLC2A1",1610,0.0482787623353908,4.09937888198758
"S2","other_clusters","LDHA",1610,1.55408485940432,67.639751552795
"S2","other_clusters","PDK1",1610,0.0462898107287909,3.85093167701863
"S2","other_clusters","BNIP3",1610,0.0778467535962789,5.96273291925466
"S2","other_clusters","CA9",1610,0.000436800012539512,0.062111801242236
"S2","other_clusters","ADM",1610,0.114068798827319,8.07453416149068
"S2","other_clusters","NDRG1",1610,0.229106547580439,15.4658385093168
"S2","other_clusters","PGK1",1610,0.431182308069464,29.2546583850932
"S2","other_clusters","ENO1",1610,0.766321009040862,44.7204968944099
"S2","other_clusters","HK2",1610,0.0283332186348019,2.2360248447205
"S2","other_clusters","DDIT4",1610,0.813949525547557,39.6273291925466
"S2","other_clusters","PFKFB3",1610,0.158080430917649,11.5527950310559
"S2","other_clusters","MKI67",1610,0.00661258928895999,0.683229813664596
"S2","other_clusters","TOP2A",1610,0.00744700972715573,0.683229813664596
"S2","other_clusters","PCNA",1610,0.120407963650015,9.25465838509317
"S2","other_clusters","MCM2",1610,0.00601074391928004,0.62111801242236
"S2","other_clusters","MCM3",1610,0.0527513481637759,4.28571428571429
"S2","other_clusters","MCM4",1610,0.0217854139954134,2.2360248447205
"S2","other_clusters","MCM5",1610,0.0341922356931127,2.98136645962733
"S2","other_clusters","MCM6",1610,0.0217881672571124,1.49068322981366
"S2","other_clusters","MCM7",1610,0.0575050849059792,4.72049689440994
"S2","other_clusters","CDK1",1610,0.01623334066138,1.36645962732919
"S2","other_clusters","CDK2",1610,0.0665551825550755,5.40372670807453
"S2","other_clusters","CCNB1",1610,0.0122412714295958,1.05590062111801
"S2","other_clusters","CCNB2",1610,0.00183075115011684,0.31055900621118
"S2","other_clusters","CCNA2",1610,0.00241664132085832,0.31055900621118
"S2","other_clusters","CDC20",1610,0.00964219237182447,0.683229813664596
"S2","other_clusters","BIRC5",1610,0.0109541771884139,1.05590062111801
"S2","other_clusters","UBE2C",1610,0.00588015413925921,0.559006211180124
"S2","other_clusters","CENPF",1610,0.00831003754312753,0.807453416149068
"S3","candidate_fibroblast_state","PIEZO1",1253,0.0665616008762322,5.66640063846768
"S3","candidate_fibroblast_state","PIEZO2",1253,0.0248951589640682,2.23463687150838
"S3","candidate_fibroblast_state","TRPV4",1253,0.000648858106938024,0.0798084596967279
"S3","candidate_fibroblast_state","TRPA1",1253,0.00095797690510984,0.0798084596967279
"S3","candidate_fibroblast_state","TRPC1",1253,0.0342506054348645,2.95291300877893
"S3","candidate_fibroblast_state","TRPC3",1253,0.00234643040859865,0.159616919393456
"S3","candidate_fibroblast_state","TRPC6",1253,0.0143088697452791,1.19712689545092
"S3","candidate_fibroblast_state","ASIC1",1253,0.00112567681142206,0.0798084596967279
"S3","candidate_fibroblast_state","ASIC2",1253,0.0062222596342794,0.558659217877095
"S3","candidate_fibroblast_state","ASIC3",1253,0.00213297950663236,0.159616919393456
"S3","candidate_fibroblast_state","KCNK2",1253,0.0755202681963569,6.3048683160415
"S3","candidate_fibroblast_state","KCNK4",1253,0.0142043750921971,1.19712689545092
"S3","candidate_fibroblast_state","PKD1",1253,0.14566123876043,11.5722266560255
"S3","candidate_fibroblast_state","PKD2",1253,0.0743060518319172,6.62410215482841
"S3","candidate_fibroblast_state","TMEM63A",1253,0.0309270343687349,2.55387071029529
"S3","candidate_fibroblast_state","TMEM63B",1253,0.0373362872335079,3.19233838786911
"S3","candidate_fibroblast_state","TMEM150C",1253,0.0583975760011417,4.54908220271349
"S3","candidate_fibroblast_state","PANX1",1253,0.151337520914577,12.4501197126895
"S3","candidate_fibroblast_state","P2RX4",1253,0.0600985286212638,4.8683160415004
"S3","candidate_fibroblast_state","P2RX7",1253,0.0163177658797231,1.27693535514765
"S3","candidate_fibroblast_state","ITGA1",1253,0.113953277049995,9.25778132482043
"S3","candidate_fibroblast_state","ITGA2",1253,0.0412754643974696,3.75099760574621
"S3","candidate_fibroblast_state","ITGA5",1253,0.246149076755479,19.952114924182
"S3","candidate_fibroblast_state","ITGA6",1253,0.136328303065563,11.2529928172386
"S3","candidate_fibroblast_state","ITGA8",1253,0.00973028763773321,0.718276137270551
"S3","candidate_fibroblast_state","ITGA11",1253,0.0512463213640004,4.62889066241022
"S3","candidate_fibroblast_state","ITGAV",1253,0.404143149665046,30.806065442937
"S3","candidate_fibroblast_state","ITGB1",1253,1.03782425289896,66.4006384676776
"S3","candidate_fibroblast_state","ITGB3",1253,0.0087565222059861,0.798084596967279
"S3","candidate_fibroblast_state","ITGB5",1253,0.236703314790683,19.1540303272147
"S3","candidate_fibroblast_state","PTK2",1253,0.12665177226628,10.6943335993615
"S3","candidate_fibroblast_state","SRC",1253,0.0413436540156104,3.4317637669593
"S3","candidate_fibroblast_state","FYN",1253,0.326767855791092,25.219473264166
"S3","candidate_fibroblast_state","PXN",1253,0.0746176783743163,6.54429369513168
"S3","candidate_fibroblast_state","VCL",1253,0.312548065868977,24.1819632881085
"S3","candidate_fibroblast_state","TLN1",1253,0.277812326754781,22.3463687150838
"S3","candidate_fibroblast_state","TLN2",1253,0.050584627275203,4.22984836392658
"S3","candidate_fibroblast_state","FERMT2",1253,0.433878184325415,32.4022346368715
"S3","candidate_fibroblast_state","ILK",1253,0.369041799739004,28.4118116520351
"S3","candidate_fibroblast_state","PARVA",1253,0.220540228109165,17.7972865123703
"S3","candidate_fibroblast_state","BCAR1",1253,0.130736574506771,10.853950518755
"S3","candidate_fibroblast_state","CAV1",1253,2.08989602687491,90.8220271348763
"S3","candidate_fibroblast_state","DAG1",1253,0.104166335090067,9.25778132482043
"S3","candidate_fibroblast_state","YAP1",1253,0.406681639983131,30.806065442937
"S3","candidate_fibroblast_state","WWTR1",1253,0.428833288193151,31.4445331205108
"S3","candidate_fibroblast_state","TEAD1",1253,0.270901842769874,21.3088587390263
"S3","candidate_fibroblast_state","TEAD2",1253,0.0433322016904881,3.4317637669593
"S3","candidate_fibroblast_state","TEAD3",1253,0.0446091208023731,3.51157222665603
"S3","candidate_fibroblast_state","TEAD4",1253,0.025909827620715,2.15482841181165
"S3","candidate_fibroblast_state","LATS1",1253,0.0676749680998521,5.7462090981644
"S3","candidate_fibroblast_state","LATS2",1253,0.256940665110199,20.1915403032721
"S3","candidate_fibroblast_state","STK3",1253,0.218034426078483,16.8395849960096
"S3","candidate_fibroblast_state","STK4",1253,0.221202761824666,17.5578611332801
"S3","candidate_fibroblast_state","SAV1",1253,0.49487540854305,36.1532322426177
"S3","candidate_fibroblast_state","NF2",1253,0.0548019111452281,4.54908220271349
"S3","candidate_fibroblast_state","AMOTL1",1253,0.184420494247654,14.8443735035914
"S3","candidate_fibroblast_state","AMOTL2",1253,0.184722804316994,14.6847565841979
"S3","candidate_fibroblast_state","AJUBA",1253,0.0335740141782762,2.71348762968875
"S3","candidate_fibroblast_state","CTGF",1253,0.937126732507619,58.5794094173982
"S3","candidate_fibroblast_state","CYR61",1253,1.31545297373905,68.5554668794892
"S3","candidate_fibroblast_state","AREG",1253,0.0322506533957807,3.03272146847566
"S3","candidate_fibroblast_state","RHOA",1253,1.34124010436435,76.2170790103751
"S3","candidate_fibroblast_state","RHOB",1253,0.632037472199176,42.9369513168396
"S3","candidate_fibroblast_state","RAC1",1253,1.76742952509112,89.3854748603352
"S3","candidate_fibroblast_state","CDC42",1253,1.19591096071956,71.1093375897845
"S3","candidate_fibroblast_state","ROCK1",1253,0.275990206096803,21.3886671987231
"S3","candidate_fibroblast_state","ROCK2",1253,0.220834195249828,17.7972865123703
"S3","candidate_fibroblast_state","MYLK",1253,0.159291859642084,12.0510774142059
"S3","candidate_fibroblast_state","MYL9",1253,0.648662639598571,44.1340782122905
"S3","candidate_fibroblast_state","ACTA2",1253,0.417452346344669,27.853152434158
"S3","candidate_fibroblast_state","TAGLN",1253,0.499671048958163,31.1252992817239
"S3","candidate_fibroblast_state","CNN1",1253,0.0293259109907477,2.15482841181165
"S3","candidate_fibroblast_state","CNN2",1253,0.215658082251287,17.4780526735834
"S3","candidate_fibroblast_state","CFL1",1253,2.02483674644147,93.6951316839585
"S3","candidate_fibroblast_state","PFN1",1253,2.36850242841218,97.366320830008
"S3","candidate_fibroblast_state","TPM1",1253,0.882661346237106,54.7486033519553
"S3","candidate_fibroblast_state","TPM2",1253,0.48025179207785,33.7589784517159
"S3","candidate_fibroblast_state","FLNA",1253,0.5535463825297,40.2234636871508
"S3","candidate_fibroblast_state","GSN",1253,3.06233193595207,98.6432561851556
"S3","candidate_fibroblast_state","DIAPH1",1253,0.122966996150515,10.1356743814844
"S3","candidate_fibroblast_state","LIMK1",1253,0.037274226512447,3.19233838786911
"S3","candidate_fibroblast_state","COL1A1",1253,2.40635847019336,89.3854748603352
"S3","candidate_fibroblast_state","COL1A2",1253,2.77281591569355,95.2913008778931
"S3","candidate_fibroblast_state","COL3A1",1253,2.41154805399795,90.4229848363927
"S3","candidate_fibroblast_state","COL5A1",1253,0.360431904341941,26.09736632083
"S3","candidate_fibroblast_state","COL5A2",1253,0.55710664150944,38.3878691141261
"S3","candidate_fibroblast_state","COL6A1",1253,1.98430555374541,88.4277733439745
"S3","candidate_fibroblast_state","COL6A2",1253,2.50189126390503,95.61053471668
"S3","candidate_fibroblast_state","COL6A3",1253,1.39684553393878,74.7007182761373
"S3","candidate_fibroblast_state","FN1",1253,1.23864443639075,68.7150837988827
"S3","candidate_fibroblast_state","POSTN",1253,0.426637581420381,27.2944932162809
"S3","candidate_fibroblast_state","TNC",1253,0.0808638946973312,6.22505985634477
"S3","candidate_fibroblast_state","THBS1",1253,0.729346410602088,44.5331205107741
"S3","candidate_fibroblast_state","THBS2",1253,1.01104605958087,59.2178770949721
"S3","candidate_fibroblast_state","LOX",1253,0.436362469898583,30.7262569832402
"S3","candidate_fibroblast_state","LOXL2",1253,0.0800270980210231,6.70391061452514
"S3","candidate_fibroblast_state","MMP2",1253,1.88609764550347,81.8834796488428
"S3","candidate_fibroblast_state","MMP14",1253,0.313935208533353,23.8627294493216
"S3","candidate_fibroblast_state","TIMP1",1253,2.04030988618401,92.2585794094174
"S3","candidate_fibroblast_state","TIMP2",1253,1.71556325548263,81.8036711891461
"S3","candidate_fibroblast_state","TIMP3",1253,1.48056607115641,76.7757382282522
"S3","candidate_fibroblast_state","FAP",1253,0.175928382725029,14.2059058260176
"S3","candidate_fibroblast_state","CTHRC1",1253,1.05779119751862,55.0678371907422
"S3","candidate_fibroblast_state","SPARC",1253,1.88003059733381,85.1556264964086
"S3","candidate_fibroblast_state","TGFB1",1253,0.204362750339157,16.121308858739
"S3","candidate_fibroblast_state","TGFB2",1253,0.046292897792899,3.67118914604948
"S3","candidate_fibroblast_state","TGFB3",1253,0.108239256018557,8.69912210694334
"S3","candidate_fibroblast_state","TGFBR1",1253,0.201138394951772,16.0415003990423
"S3","candidate_fibroblast_state","TGFBR2",1253,0.354566296446806,28.0925778132482
"S3","candidate_fibroblast_state","SMAD2",1253,0.248278764011686,19.8723064644852
"S3","candidate_fibroblast_state","SMAD3",1253,0.216256302309826,17.4780526735834
"S3","candidate_fibroblast_state","SMAD4",1253,0.122129545985279,10.0558659217877
"S3","candidate_fibroblast_state","SMAD7",1253,0.0824270958631501,7.26256983240224
"S3","candidate_fibroblast_state","SERPINE1",1253,0.0698885214847185,5.66640063846768
"S3","candidate_fibroblast_state","PDGFA",1253,0.0883352826559954,6.54429369513168
"S3","candidate_fibroblast_state","PDGFB",1253,0.0076830897138276,0.718276137270551
"S3","candidate_fibroblast_state","PDGFC",1253,0.087464669062097,7.66161213088587
"S3","candidate_fibroblast_state","PDGFRA",1253,0.761458166911361,49.6408619313647
"S3","candidate_fibroblast_state","PDGFRB",1253,0.810958625684211,52.6735833998404
"S3","candidate_fibroblast_state","INHBA",1253,0.0710341703855745,5.66640063846768
"S3","candidate_fibroblast_state","FOSL2",1253,0.634994407245,43.5754189944134
"S3","candidate_fibroblast_state","SNAI1",1253,0.207531160060039,16.0415003990423
"S3","candidate_fibroblast_state","ZEB1",1253,0.230514159925252,18.9944134078212
"S3","candidate_fibroblast_state","IL6",1253,0.50521210098531,32.4022346368715
"S3","candidate_fibroblast_state","CCL2",1253,1.7413360118477,80.047885075818
"S3","candidate_fibroblast_state","CXCL1",1253,1.35702964628905,64.4054269752594
"S3","candidate_fibroblast_state","CXCL2",1253,2.12908683396106,85.9537110933759
"S3","candidate_fibroblast_state","CXCL3",1253,1.5652909969106,75.7382282521947
"S3","candidate_fibroblast_state","TNF",1253,0.0140584674165183,1.19712689545092
"S3","candidate_fibroblast_state","IL1B",1253,0.166644414724693,13.1683958499601
"S3","candidate_fibroblast_state","PTGS2",1253,0.532223575297957,34.8762968874701
"S3","candidate_fibroblast_state","NFKB1",1253,0.463763013702443,32.9608938547486
"S3","candidate_fibroblast_state","NFKB2",1253,0.176583958903074,14.365522745411
"S3","candidate_fibroblast_state","RELA",1253,0.144620104123559,11.731843575419
"S3","candidate_fibroblast_state","RELB",1253,0.168032166595772,13.4078212290503
"S3","candidate_fibroblast_state","JUN",1253,1.47359807578259,74.3814844373504
"S3","candidate_fibroblast_state","JUND",1253,0.929161983700433,59.537110933759
"S3","candidate_fibroblast_state","FOS",1253,2.20809833795551,89.0662410215483
"S3","candidate_fibroblast_state","FOSB",1253,0.785254802183786,51.1572226656026
"S3","candidate_fibroblast_state","ATF3",1253,0.832186759097287,51.6360734237829
"S3","candidate_fibroblast_state","STAT3",1253,0.784593738468832,52.6735833998404
"S3","candidate_fibroblast_state","SOCS3",1253,1.21104000098281,63.926576217079
"S3","candidate_fibroblast_state","ICAM1",1253,0.896548180661416,56.4245810055866
"S3","candidate_fibroblast_state","HIF1A",1253,0.466022790159123,34.2378292098962
"S3","candidate_fibroblast_state","EPAS1",1253,0.261036221803723,19.952114924182
"S3","candidate_fibroblast_state","EGLN1",1253,0.206700436461786,16.999201915403
"S3","candidate_fibroblast_state","EGLN2",1253,0.230407319923142,17.7972865123703
"S3","candidate_fibroblast_state","EGLN3",1253,0.144901082512103,11.731843575419
"S3","candidate_fibroblast_state","VEGFA",1253,0.285021759458804,21.1492418196329
"S3","candidate_fibroblast_state","SLC2A1",1253,0.151584483695816,12.2106943335994
"S3","candidate_fibroblast_state","LDHA",1253,2.32406723802056,96.2490023942538
"S3","candidate_fibroblast_state","PDK1",1253,0.0916905445091424,7.34237829209896
"S3","candidate_fibroblast_state","BNIP3",1253,0.17092496331474,13.5674381484437
"S3","candidate_fibroblast_state","CA9",1253,0.00201224593358672,0.159616919393456
"S3","candidate_fibroblast_state","ADM",1253,0.445945768799531,31.8435754189944
"S3","candidate_fibroblast_state","NDRG1",1253,0.688508248006098,48.6033519553073
"S3","candidate_fibroblast_state","PGK1",1253,0.436245737889995,33.1205107741421
"S3","candidate_fibroblast_state","ENO1",1253,1.07161278917001,67.5179569034318
"S3","candidate_fibroblast_state","HK2",1253,0.0699994241254628,6.14525139664804
"S3","candidate_fibroblast_state","DDIT4",1253,0.737200394748814,46.1292897047087
"S3","candidate_fibroblast_state","PFKFB3",1253,0.311563201190605,23.7829209896249
"S3","candidate_fibroblast_state","MKI67",1253,0.00682509170385364,0.558659217877095
"S3","candidate_fibroblast_state","TOP2A",1253,0.00641147339738074,0.558659217877095
"S3","candidate_fibroblast_state","PCNA",1253,0.165591827884557,13.3280127693536
"S3","candidate_fibroblast_state","MCM2",1253,0.0135177588758511,1.11731843575419
"S3","candidate_fibroblast_state","MCM3",1253,0.0525050431895744,4.54908220271349
"S3","candidate_fibroblast_state","MCM4",1253,0.0171925687632574,1.51636073423783
"S3","candidate_fibroblast_state","MCM5",1253,0.0283600663230513,2.31444533120511
"S3","candidate_fibroblast_state","MCM6",1253,0.0193188659768138,1.75578611332801
"S3","candidate_fibroblast_state","MCM7",1253,0.0883712146887975,7.42218675179569
"S3","candidate_fibroblast_state","CDK1",1253,0.021706966286932,1.91540303272147
"S3","candidate_fibroblast_state","CDK2",1253,0.0594402274632059,4.94812450119713
"S3","candidate_fibroblast_state","CCNB1",1253,0.0288033645441118,2.39425379090184
"S3","candidate_fibroblast_state","CCNB2",1253,0.0031868105309892,0.319233838786911
"S3","candidate_fibroblast_state","CCNA2",1253,0.00352992476796203,0.319233838786911
"S3","candidate_fibroblast_state","CDC20",1253,0.0141748143106371,1.19712689545092
"S3","candidate_fibroblast_state","BIRC5",1253,0.0107888346512336,1.03750997605746
"S3","candidate_fibroblast_state","UBE2C",1253,0.0107137136462451,0.877893056664006
"S3","candidate_fibroblast_state","CENPF",1253,0.00334187893078709,0.319233838786911
"S3","other_clusters","PIEZO1",2071,0.0822196810929915,9.36745533558667
"S3","other_clusters","PIEZO2",2071,0.0149927699972316,1.69000482858522
"S3","other_clusters","TRPV4",2071,0.00718090785692782,0.917431192660551
"S3","other_clusters","TRPA1",2071,0,0
"S3","other_clusters","TRPC1",2071,0.0113281631821603,1.01400289715113
"S3","other_clusters","TRPC3",2071,0.00174279243355754,0.144857556735876
"S3","other_clusters","TRPC6",2071,0.0155205735723153,1.59343312409464
"S3","other_clusters","ASIC1",2071,0.000647083086194407,0.0965717044905842
"S3","other_clusters","ASIC2",2071,0.00179368062032896,0.144857556735876
"S3","other_clusters","ASIC3",2071,0.00173350721499254,0.289715113471753
"S3","other_clusters","KCNK2",2071,0.00910667334827733,1.06228874939643
"S3","other_clusters","KCNK4",2071,0.00229701374920814,0.338000965717045
"S3","other_clusters","PKD1",2071,0.070214590392808,7.91887976822791
"S3","other_clusters","PKD2",2071,0.0350100533742392,3.81458232737808
"S3","other_clusters","TMEM63A",2071,0.0235462065934404,2.26943505552873
"S3","other_clusters","TMEM63B",2071,0.0431781153082759,4.8768710767745
"S3","other_clusters","TMEM150C",2071,0.0232624273401174,2.4625784645099
"S3","other_clusters","PANX1",2071,0.178071230419322,18.1554804442298
"S3","other_clusters","P2RX4",2071,0.0447030087029404,4.34572670207629
"S3","other_clusters","P2RX7",2071,0.03563089492688,3.52486721390633
"S3","other_clusters","ITGA1",2071,0.040693284419494,4.297440849831
"S3","other_clusters","ITGA2",2071,0.153234013758128,14.7754707870594
"S3","other_clusters","ITGA5",2071,0.18261897801091,17.4311926605505
"S3","other_clusters","ITGA6",2071,0.496629140464434,39.0632544664413
"S3","other_clusters","ITGA8",2071,0.0253869085787441,1.88314823756639
"S3","other_clusters","ITGA11",2071,0.00627025657389908,0.67600193143409
"S3","other_clusters","ITGAV",2071,0.340143133621852,30.902945436987
"S3","other_clusters","ITGB1",2071,0.909915351335896,62.0473201352004
"S3","other_clusters","ITGB3",2071,0.0071982023196095,0.724287783679382
"S3","other_clusters","ITGB5",2071,0.0631478746280358,7.14630613230323
"S3","other_clusters","PTK2",2071,0.129631326820905,13.3751810719459
"S3","other_clusters","SRC",2071,0.0424019758625661,4.44229840656688
"S3","other_clusters","FYN",2071,0.203826717905679,19.4109126026074
"S3","other_clusters","PXN",2071,0.122477990513349,12.9888942539836
"S3","other_clusters","VCL",2071,0.210085897928187,21.2940608401738
"S3","other_clusters","TLN1",2071,0.210248469671309,20.2317720907774
"S3","other_clusters","TLN2",2071,0.0227631924532927,2.75229357798165
"S3","other_clusters","FERMT2",2071,0.165034414895593,15.4997585707388
"S3","other_clusters","ILK",2071,0.273691102688438,25.2052148720425
"S3","other_clusters","PARVA",2071,0.0828489515293742,8.64316755190729
"S3","other_clusters","BCAR1",2071,0.13687576254355,13.3751810719459
"S3","other_clusters","CAV1",2071,1.62696415024282,81.8928054080155
"S3","other_clusters","DAG1",2071,0.0560540405511553,6.37373249637856
"S3","other_clusters","YAP1",2071,0.250257159829501,24.1912119748914
"S3","other_clusters","WWTR1",2071,0.392518284871514,31.2892322549493
"S3","other_clusters","TEAD1",2071,0.26230142012653,24.3843553838725
"S3","other_clusters","TEAD2",2071,0.0481535991252994,4.82858522452921
"S3","other_clusters","TEAD3",2071,0.0388437769799766,4.63544181554804
"S3","other_clusters","TEAD4",2071,0.0509075003857738,5.64944471269918
"S3","other_clusters","LATS1",2071,0.0513727612638351,6.18058908739739
"S3","other_clusters","LATS2",2071,0.159862357912193,16.5137614678899
"S3","other_clusters","STK3",2071,0.133052732171299,14.1960405601159
"S3","other_clusters","STK4",2071,0.559341394545028,39.7392563978754
"S3","other_clusters","SAV1",2071,0.389980917507694,32.3032351521004
"S3","other_clusters","NF2",2071,0.0428006357689124,4.82858522452921
"S3","other_clusters","AMOTL1",2071,0.109592048580309,11.6368903911154
"S3","other_clusters","AMOTL2",2071,0.16843479486725,17.0931916948334
"S3","other_clusters","AJUBA",2071,0.0913212139761925,9.94688556253018
"S3","other_clusters","CTGF",2071,0.801253231971953,50.2655721873491
"S3","other_clusters","CYR61",2071,0.741862477774865,50.5552873008209
"S3","other_clusters","AREG",2071,0.408349640391967,26.8469338483824
"S3","other_clusters","RHOA",2071,1.10762413168588,73.1530661516176
"S3","other_clusters","RHOB",2071,0.497283881457899,36.6489618541767
"S3","other_clusters","RAC1",2071,1.93896421047395,91.9362626750362
"S3","other_clusters","CDC42",2071,1.31275802941563,79.7682279092226
"S3","other_clusters","ROCK1",2071,0.255967485833469,23.6117817479479
"S3","other_clusters","ROCK2",2071,0.21771076634941,20.4249154997586
"S3","other_clusters","MYLK",2071,0.287305924274394,22.6943505552873
"S3","other_clusters","MYL9",2071,0.577043296930825,39.4495412844037
"S3","other_clusters","ACTA2",2071,0.491848741036882,33.6069531627233
"S3","other_clusters","TAGLN",2071,0.626145292568747,40.0772573635925
"S3","other_clusters","CNN1",2071,0.0837605651656403,6.42201834862385
"S3","other_clusters","CNN2",2071,0.241475452444028,23.2254949299855
"S3","other_clusters","CFL1",2071,2.16255915047171,95.5094157411878
"S3","other_clusters","PFN1",2071,2.52910903126267,98.4065668759054
"S3","other_clusters","TPM1",2071,0.393985737033853,31.9169483341381
"S3","other_clusters","TPM2",2071,0.557003617041,36.7938194109126
"S3","other_clusters","FLNA",2071,0.514046108430011,41.4292612264606
"S3","other_clusters","GSN",2071,1.47073848626819,83.4379526798648
"S3","other_clusters","DIAPH1",2071,0.174777729148845,17.7691936262675
"S3","other_clusters","LIMK1",2071,0.013838039107515,1.59343312409464
"S3","other_clusters","COL1A1",2071,0.849094270930837,61.5161757605022
"S3","other_clusters","COL1A2",2071,0.961167470577783,66.6827619507484
"S3","other_clusters","COL3A1",2071,0.909244771906553,65.0410429744085
"S3","other_clusters","COL5A1",2071,0.0766852242935804,8.11202317720908
"S3","other_clusters","COL5A2",2071,0.119119939041695,12.2163206180589
"S3","other_clusters","COL6A1",2071,0.63471435545514,49.6861419604056
"S3","other_clusters","COL6A2",2071,0.842490870240336,61.0816030902945
"S3","other_clusters","COL6A3",2071,0.289696139491204,27.0883631096089
"S3","other_clusters","FN1",2071,0.393818055305282,33.2689521970063
"S3","other_clusters","POSTN",2071,0.355209719082463,26.7020762916465
"S3","other_clusters","TNC",2071,0.0391912065032274,3.62143891839691
"S3","other_clusters","THBS1",2071,0.292460445938019,24.2394978271366
"S3","other_clusters","THBS2",2071,0.267495964416599,25.0120714630613
"S3","other_clusters","LOX",2071,0.0816975124527181,8.06373732496379
"S3","other_clusters","LOXL2",2071,0.0507233419540007,5.26315789473684
"S3","other_clusters","MMP2",2071,0.685015600102597,53.3558667310478
"S3","other_clusters","MMP14",2071,0.112094570301071,12.071463061323
"S3","other_clusters","TIMP1",2071,1.55042754241932,83.631096088846
"S3","other_clusters","TIMP2",2071,0.633359218437204,49.8309995171415
"S3","other_clusters","TIMP3",2071,0.789905750058143,53.9835828102366
"S3","other_clusters","FAP",2071,0.0267648457071244,3.13858039594399
"S3","other_clusters","CTHRC1",2071,0.390629346859594,32.2549492998551
"S3","other_clusters","SPARC",2071,0.911075869948454,62.3370352486721
"S3","other_clusters","TGFB1",2071,0.202101681297925,19.0729116368904
"S3","other_clusters","TGFB2",2071,0.0373209480650461,3.76629647513279
"S3","other_clusters","TGFB3",2071,0.0722455238073295,7.24287783679382
"S3","other_clusters","TGFBR1",2071,0.122994381773233,12.7474649927571
"S3","other_clusters","TGFBR2",2071,0.461454578717391,35.0555287300821
"S3","other_clusters","SMAD2",2071,0.215258624095203,21.8734910671173
"S3","other_clusters","SMAD3",2071,0.197110027432984,19.3143408981169
"S3","other_clusters","SMAD4",2071,0.0977373328797011,10.574601641719
"S3","other_clusters","SMAD7",2071,0.0316902463237296,3.76629647513279
"S3","other_clusters","SERPINE1",2071,0.101316903827621,10.3331723804925
"S3","other_clusters","PDGFA",2071,0.162916843963933,13.5683244809271
"S3","other_clusters","PDGFB",2071,0.0417557279129951,3.86286817962337
"S3","other_clusters","PDGFC",2071,0.0846310845049205,9.27088363109609
"S3","other_clusters","PDGFRA",2071,0.0922512623618203,9.85031385803959
"S3","other_clusters","PDGFRB",2071,0.219565556307193,18.9763399323998
"S3","other_clusters","INHBA",2071,0.113340912488426,7.91887976822791
"S3","other_clusters","FOSL2",2071,0.739901506753284,54.3215837759536
"S3","other_clusters","SNAI1",2071,0.0687692000927213,6.90487687107677
"S3","other_clusters","ZEB1",2071,0.136555858612587,13.713182037663
"S3","other_clusters","IL6",2071,0.685482425645591,38.5803959439884
"S3","other_clusters","CCL2",2071,1.34271647112874,73.8290680830517
"S3","other_clusters","CXCL1",2071,0.769651975599375,55.3355866731048
"S3","other_clusters","CXCL2",2071,1.65880638599545,81.989377112506
"S3","other_clusters","CXCL3",2071,1.42738414154266,76.533075808788
"S3","other_clusters","TNF",2071,0.0373555693222485,3.28343795267986
"S3","other_clusters","IL1B",2071,0.442680237994343,28.2472235634959
"S3","other_clusters","PTGS2",2071,0.39465251285496,29.6957991308547
"S3","other_clusters","NFKB1",2071,0.542113944940714,42.7812650893288
"S3","other_clusters","NFKB2",2071,0.209854002073171,20.1352003862868
"S3","other_clusters","RELA",2071,0.164407943089663,16.8034765813617
"S3","other_clusters","RELB",2071,0.167976334097941,16.5620473201352
"S3","other_clusters","JUN",2071,1.5403674845386,77.5470787059392
"S3","other_clusters","JUND",2071,0.898221757076291,62.0956059874457
"S3","other_clusters","FOS",2071,1.90743671054095,89.3771125060357
"S3","other_clusters","FOSB",2071,0.762201532137025,55.4321583775954
"S3","other_clusters","ATF3",2071,0.730109451896079,50.6518590053114
"S3","other_clusters","STAT3",2071,0.613163728247614,48.430709802028
"S3","other_clusters","SOCS3",2071,1.05215235312124,61.7576050217286
"S3","other_clusters","ICAM1",2071,0.807543165335352,53.6938676967649
"S3","other_clusters","HIF1A",2071,0.485126923747532,40.4635441815548
"S3","other_clusters","EPAS1",2071,0.504493094285536,37.518107194592
"S3","other_clusters","EGLN1",2071,0.215872122202902,21.487204249155
"S3","other_clusters","EGLN2",2071,0.217639890437791,21.0043457267021
"S3","other_clusters","EGLN3",2071,0.406682242583511,34.5243843553839
"S3","other_clusters","VEGFA",2071,0.28454439419619,24.5774987928537
"S3","other_clusters","SLC2A1",2071,0.314874460086295,27.8609367455336
"S3","other_clusters","LDHA",2071,2.3203228299688,96.4751327860937
"S3","other_clusters","PDK1",2071,0.122279961591299,12.3128923225495
"S3","other_clusters","BNIP3",2071,0.127588640489075,13.1820376629648
"S3","other_clusters","CA9",2071,0.00343401126146256,0.434572670207629
"S3","other_clusters","ADM",2071,0.301220357463612,26.5089328826654
"S3","other_clusters","NDRG1",2071,0.935564805717186,60.9367455335587
"S3","other_clusters","PGK1",2071,0.446460255561517,38.1458232737808
"S3","other_clusters","ENO1",2071,1.12091639993247,73.1530661516176
"S3","other_clusters","HK2",2071,0.0889851978682132,9.51231289232255
"S3","other_clusters","DDIT4",2071,0.869522225890841,59.005311443747
"S3","other_clusters","PFKFB3",2071,0.326085548973276,29.7440849830999
"S3","other_clusters","MKI67",2071,0.013099952610934,1.40028971511347
"S3","other_clusters","TOP2A",2071,0.0242809407630711,2.36600676001931
"S3","other_clusters","PCNA",2071,0.16352206851867,16.4171897633993
"S3","other_clusters","MCM2",2071,0.0127742635759643,1.64171897633993
"S3","other_clusters","MCM3",2071,0.056350313624619,6.27716079188798
"S3","other_clusters","MCM4",2071,0.0427751345814571,4.97344278126509
"S3","other_clusters","MCM5",2071,0.0346896820216337,3.95943988411395
"S3","other_clusters","MCM6",2071,0.0206790559142341,2.22114920328344
"S3","other_clusters","MCM7",2071,0.115725765820589,12.2646064703042
"S3","other_clusters","CDK1",2071,0.059920042722698,6.08401738290681
"S3","other_clusters","CDK2",2071,0.119299388674617,11.9748913568324
"S3","other_clusters","CCNB1",2071,0.037524235383398,3.71801062288749
"S3","other_clusters","CCNB2",2071,0.00487599366302378,0.531144374698213
"S3","other_clusters","CCNA2",2071,0.00636010537681422,0.67600193143409
"S3","other_clusters","CDC20",2071,0.026100845068383,2.94543698696282
"S3","other_clusters","BIRC5",2071,0.0184975324198342,2.22114920328344
"S3","other_clusters","UBE2C",2071,0.0280015281757415,2.84886528247224
"S3","other_clusters","CENPF",2071,0.0217719937636741,2.17286335103815
"S4","candidate_fibroblast_state","PIEZO1",641,0.0358852065939788,2.49609984399376
"S4","candidate_fibroblast_state","PIEZO2",641,0.0248613111342133,1.71606864274571
"S4","candidate_fibroblast_state","TRPV4",641,0.00494883137097486,0.31201248049922
"S4","candidate_fibroblast_state","TRPA1",641,0,0
"S4","candidate_fibroblast_state","TRPC1",641,0.0387418431784014,2.49609984399376
"S4","candidate_fibroblast_state","TRPC3",641,0.00234397027610078,0.15600624024961
"S4","candidate_fibroblast_state","TRPC6",641,0.00385504909151848,0.31201248049922
"S4","candidate_fibroblast_state","ASIC1",641,0.00285808996801745,0.15600624024961
"S4","candidate_fibroblast_state","ASIC2",641,0.00610701325618987,0.46801872074883
"S4","candidate_fibroblast_state","ASIC3",641,0.00189570621755181,0.15600624024961
"S4","candidate_fibroblast_state","KCNK2",641,0.0499725093196056,3.1201248049922
"S4","candidate_fibroblast_state","KCNK4",641,0.0126651579836114,0.78003120124805
"S4","candidate_fibroblast_state","PKD1",641,0.111590677498706,7.64430577223089
"S4","candidate_fibroblast_state","PKD2",641,0.108577159493944,7.48829953198128
"S4","candidate_fibroblast_state","TMEM63A",641,0.0157554117341102,1.24804992199688
"S4","candidate_fibroblast_state","TMEM63B",641,0.0553896325890994,3.58814352574103
"S4","candidate_fibroblast_state","TMEM150C",641,0.0446912883388249,3.1201248049922
"S4","candidate_fibroblast_state","PANX1",641,0.161333119977729,9.98439937597504
"S4","candidate_fibroblast_state","P2RX4",641,0.0489321830915122,3.43213728549142
"S4","candidate_fibroblast_state","P2RX7",641,0.00901501500224195,0.62402496099844
"S4","candidate_fibroblast_state","ITGA1",641,0.0945095425759937,6.55226209048362
"S4","candidate_fibroblast_state","ITGA2",641,0.0248276851416744,1.87207488299532
"S4","candidate_fibroblast_state","ITGA5",641,0.251399307781954,16.2246489859594
"S4","candidate_fibroblast_state","ITGA6",641,0.0964875663696663,7.02028081123245
"S4","candidate_fibroblast_state","ITGA8",641,0.00678092237021425,0.46801872074883
"S4","candidate_fibroblast_state","ITGA11",641,0.0463663226132029,3.1201248049922
"S4","candidate_fibroblast_state","ITGAV",641,0.272120540722438,17.4726989079563
"S4","candidate_fibroblast_state","ITGB1",641,0.99687872677834,55.2262090483619
"S4","candidate_fibroblast_state","ITGB3",641,0.011632045382675,0.78003120124805
"S4","candidate_fibroblast_state","ITGB5",641,0.162559497100752,10.1404056162246
"S4","candidate_fibroblast_state","PTK2",641,0.123491931945617,8.26833073322933
"S4","candidate_fibroblast_state","SRC",641,0.0475177903238102,3.27613104524181
"S4","candidate_fibroblast_state","FYN",641,0.314732849230358,20.5928237129485
"S4","candidate_fibroblast_state","PXN",641,0.102426045094508,7.33229329173167
"S4","candidate_fibroblast_state","VCL",641,0.25697520474892,16.5366614664587
"S4","candidate_fibroblast_state","TLN1",641,0.205230195711069,13.7285491419657
"S4","candidate_fibroblast_state","TLN2",641,0.0230056147465255,1.5600624024961
"S4","candidate_fibroblast_state","FERMT2",641,0.479985121530791,29.4851794071763
"S4","candidate_fibroblast_state","ILK",641,0.403702577842324,25.4290171606864
"S4","candidate_fibroblast_state","PARVA",641,0.157108902696633,10.2964118564743
"S4","candidate_fibroblast_state","BCAR1",641,0.129854657201009,9.04836193447738
"S4","candidate_fibroblast_state","CAV1",641,1.61828196975644,73.1669266770671
"S4","candidate_fibroblast_state","DAG1",641,0.0823501276432796,5.61622464898596
"S4","candidate_fibroblast_state","YAP1",641,0.254426047019658,16.2246489859594
"S4","candidate_fibroblast_state","WWTR1",641,0.436780412585755,26.6770670826833
"S4","candidate_fibroblast_state","TEAD1",641,0.17166502049988,11.5444617784711
"S4","candidate_fibroblast_state","TEAD2",641,0.0637818900075847,4.52418096723869
"S4","candidate_fibroblast_state","TEAD3",641,0.0340903337585929,2.34009360374415
"S4","candidate_fibroblast_state","TEAD4",641,0.0201318040307749,1.40405616224649
"S4","candidate_fibroblast_state","LATS1",641,0.0572514575758931,4.05616224648986
"S4","candidate_fibroblast_state","LATS2",641,0.254435620424776,16.380655226209
"S4","candidate_fibroblast_state","STK3",641,0.208942256894029,13.8845553822153
"S4","candidate_fibroblast_state","STK4",641,0.129512699016197,8.11232449297972
"S4","candidate_fibroblast_state","SAV1",641,0.414629742185277,25.7410296411856
"S4","candidate_fibroblast_state","NF2",641,0.0464150074908928,3.1201248049922
"S4","candidate_fibroblast_state","AMOTL1",641,0.124483990963059,8.26833073322933
"S4","candidate_fibroblast_state","AMOTL2",641,0.148446401747131,9.98439937597504
"S4","candidate_fibroblast_state","AJUBA",641,0.013319589076305,0.93603744149766
"S4","candidate_fibroblast_state","CTGF",641,0.967428982219857,49.1419656786271
"S4","candidate_fibroblast_state","CYR61",641,0.880289921776829,44.3057722308892
"S4","candidate_fibroblast_state","AREG",641,0.0573483660258811,3.74414976599064
"S4","candidate_fibroblast_state","RHOA",641,1.28740768235128,65.8346333853354
"S4","candidate_fibroblast_state","RHOB",641,0.456564847298758,27.7691107644306
"S4","candidate_fibroblast_state","RAC1",641,1.56726729307235,75.3510140405616
"S4","candidate_fibroblast_state","CDC42",641,1.19844817963283,60.8424336973479
"S4","candidate_fibroblast_state","ROCK1",641,0.245496839661875,16.0686427457098
"S4","candidate_fibroblast_state","ROCK2",641,0.20827942646407,13.8845553822153
"S4","candidate_fibroblast_state","MYLK",641,0.146721364682773,9.3603744149766
"S4","candidate_fibroblast_state","MYL9",641,0.70871323580016,39.7815912636505
"S4","candidate_fibroblast_state","ACTA2",641,0.1579037543082,9.51638065522621
"S4","candidate_fibroblast_state","TAGLN",641,0.250026056490406,13.5725429017161
"S4","candidate_fibroblast_state","CNN1",641,0.00410222047439395,0.31201248049922
"S4","candidate_fibroblast_state","CNN2",641,0.21439145283971,14.1965678627145
"S4","candidate_fibroblast_state","CFL1",641,1.8198262069082,81.4352574102964
"S4","candidate_fibroblast_state","PFN1",641,2.17423193906513,90.3276131045242
"S4","candidate_fibroblast_state","TPM1",641,1.17496791666627,57.8783151326053
"S4","candidate_fibroblast_state","TPM2",641,0.271162828657533,17.1606864274571
"S4","candidate_fibroblast_state","FLNA",641,0.346362142462237,22.1528861154446
"S4","candidate_fibroblast_state","GSN",641,3.31753400439106,97.3478939157566
"S4","candidate_fibroblast_state","DIAPH1",641,0.140861166325762,9.3603744149766
"S4","candidate_fibroblast_state","LIMK1",641,0.015196883551173,0.93603744149766
"S4","candidate_fibroblast_state","COL1A1",641,2.49162555048183,82.0592823712949
"S4","candidate_fibroblast_state","COL1A2",641,2.83720715173675,90.1716068642746
"S4","candidate_fibroblast_state","COL3A1",641,2.13039765471035,78.3151326053042
"S4","candidate_fibroblast_state","COL5A1",641,0.299517367540815,17.9407176287052
"S4","candidate_fibroblast_state","COL5A2",641,0.511331777356786,29.1731669266771
"S4","candidate_fibroblast_state","COL6A1",641,1.55696278106932,73.4789391575663
"S4","candidate_fibroblast_state","COL6A2",641,2.58320645095919,93.603744149766
"S4","candidate_fibroblast_state","COL6A3",641,1.15474375668832,60.2184087363494
"S4","candidate_fibroblast_state","FN1",641,0.880713001031444,46.4898595943838
"S4","candidate_fibroblast_state","POSTN",641,0.237499852799299,12.3244929797192
"S4","candidate_fibroblast_state","TNC",641,0.0780393367209371,5.14820592823713
"S4","candidate_fibroblast_state","THBS1",641,1.19568032179161,56.3182527301092
"S4","candidate_fibroblast_state","THBS2",641,1.22994402504445,61.6224648985959
"S4","candidate_fibroblast_state","LOX",641,0.557844602004855,31.5132605304212
"S4","candidate_fibroblast_state","LOXL2",641,0.035728919401899,2.65210608424337
"S4","candidate_fibroblast_state","MMP2",641,1.9932190136076,79.0951638065523
"S4","candidate_fibroblast_state","MMP14",641,0.356674088972781,21.996879875195
"S4","candidate_fibroblast_state","TIMP1",641,2.05809295066444,86.4274570982839
"S4","candidate_fibroblast_state","TIMP2",641,1.77576969432901,77.0670826833073
"S4","candidate_fibroblast_state","TIMP3",641,1.26831412263823,63.8065522620905
"S4","candidate_fibroblast_state","FAP",641,0.191929341466626,11.8564742589704
"S4","candidate_fibroblast_state","CTHRC1",641,0.957556308374451,44.3057722308892
"S4","candidate_fibroblast_state","SPARC",641,1.92259867309511,76.5990639625585
"S4","candidate_fibroblast_state","TGFB1",641,0.122164348059646,8.11232449297972
"S4","candidate_fibroblast_state","TGFB2",641,0.0411879600530979,2.65210608424337
"S4","candidate_fibroblast_state","TGFB3",641,0.0630895701063776,4.21216848673947
"S4","candidate_fibroblast_state","TGFBR1",641,0.140968671281526,8.58034321372855
"S4","candidate_fibroblast_state","TGFBR2",641,0.319396491087236,20.9048361934477
"S4","candidate_fibroblast_state","SMAD2",641,0.228363011165105,14.6645865834633
"S4","candidate_fibroblast_state","SMAD3",641,0.158717301376343,10.6084243369735
"S4","candidate_fibroblast_state","SMAD4",641,0.0818024896834215,5.77223088923557
"S4","candidate_fibroblast_state","SMAD7",641,0.0313983989362418,2.18408736349454
"S4","candidate_fibroblast_state","SERPINE1",641,0.110765443151581,7.33229329173167
"S4","candidate_fibroblast_state","PDGFA",641,0.080178187368371,5.46021840873635
"S4","candidate_fibroblast_state","PDGFB",641,0.0296097408748364,2.49609984399376
"S4","candidate_fibroblast_state","PDGFC",641,0.0647080148999986,4.52418096723869
"S4","candidate_fibroblast_state","PDGFRA",641,0.547777172108888,31.3572542901716
"S4","candidate_fibroblast_state","PDGFRB",641,0.549119568184503,33.2293291731669
"S4","candidate_fibroblast_state","INHBA",641,0.108515103437602,6.55226209048362
"S4","candidate_fibroblast_state","FOSL2",641,0.550427715555055,32.2932917316693
"S4","candidate_fibroblast_state","SNAI1",641,0.133729515092918,8.42433697347894
"S4","candidate_fibroblast_state","ZEB1",641,0.250198457406572,16.5366614664587
"S4","candidate_fibroblast_state","IL6",641,0.25524761453903,14.8205928237129
"S4","candidate_fibroblast_state","CCL2",641,1.38375631438641,57.5663026521061
"S4","candidate_fibroblast_state","CXCL1",641,1.03643690603323,40.7176287051482
"S4","candidate_fibroblast_state","CXCL2",641,1.73060954415439,65.990639625585
"S4","candidate_fibroblast_state","CXCL3",641,1.05114630152018,44.3057722308892
"S4","candidate_fibroblast_state","TNF",641,0.00259336796249965,0.15600624024961
"S4","candidate_fibroblast_state","IL1B",641,0.0352504584513916,2.18408736349454
"S4","candidate_fibroblast_state","PTGS2",641,0.231751184166292,13.2605304212168
"S4","candidate_fibroblast_state","NFKB1",641,0.480722767292284,28.8611544461778
"S4","candidate_fibroblast_state","NFKB2",641,0.174776388575262,11.7004680187207
"S4","candidate_fibroblast_state","RELA",641,0.129423301776028,8.89235569422777
"S4","candidate_fibroblast_state","RELB",641,0.216399438104953,14.5085803432137
"S4","candidate_fibroblast_state","JUN",641,1.67580091927031,70.3588143525741
"S4","candidate_fibroblast_state","JUND",641,1.16949053324289,61.4664586583463
"S4","candidate_fibroblast_state","FOS",641,2.17356347892551,79.7191887675507
"S4","candidate_fibroblast_state","FOSB",641,0.855413875977971,45.0858034321373
"S4","candidate_fibroblast_state","ATF3",641,0.941841897818872,48.3619344773791
"S4","candidate_fibroblast_state","STAT3",641,0.584585839843984,34.4773790951638
"S4","candidate_fibroblast_state","SOCS3",641,1.11143021651459,53.198127925117
"S4","candidate_fibroblast_state","ICAM1",641,1.05810201162452,54.7581903276131
"S4","candidate_fibroblast_state","HIF1A",641,0.402108512536666,25.2730109204368
"S4","candidate_fibroblast_state","EPAS1",641,0.118922974328353,7.95631825273011
"S4","candidate_fibroblast_state","EGLN1",641,0.132366093982654,9.04836193447738
"S4","candidate_fibroblast_state","EGLN2",641,0.247999849911253,16.0686427457098
"S4","candidate_fibroblast_state","EGLN3",641,0.11596166861627,7.8003120124805
"S4","candidate_fibroblast_state","VEGFA",641,0.1910340970508,12.4804992199688
"S4","candidate_fibroblast_state","SLC2A1",641,0.120771698931301,8.11232449297972
"S4","candidate_fibroblast_state","LDHA",641,2.08048582613199,86.4274570982839
"S4","candidate_fibroblast_state","PDK1",641,0.0356737788153597,2.34009360374415
"S4","candidate_fibroblast_state","BNIP3",641,0.147774453946893,9.82839313572543
"S4","candidate_fibroblast_state","CA9",641,0,0
"S4","candidate_fibroblast_state","ADM",641,0.558815938950278,29.7971918876755
"S4","candidate_fibroblast_state","NDRG1",641,0.540216046241922,31.201248049922
"S4","candidate_fibroblast_state","PGK1",641,0.333334409625586,20.9048361934477
"S4","candidate_fibroblast_state","ENO1",641,0.786825577273518,46.0218408736349
"S4","candidate_fibroblast_state","HK2",641,0.0616201595963853,4.21216848673947
"S4","candidate_fibroblast_state","DDIT4",641,0.520217302339545,29.3291731669267
"S4","candidate_fibroblast_state","PFKFB3",641,0.189809451700444,12.6365054602184
"S4","candidate_fibroblast_state","MKI67",641,0,0
"S4","candidate_fibroblast_state","TOP2A",641,0.00228358535688554,0.15600624024961
"S4","candidate_fibroblast_state","PCNA",641,0.0719864097580452,4.99219968798752
"S4","candidate_fibroblast_state","MCM2",641,0.0109415802966884,0.78003120124805
"S4","candidate_fibroblast_state","MCM3",641,0.0240513747735194,2.18408736349454
"S4","candidate_fibroblast_state","MCM4",641,0.0151947947285692,1.09204368174727
"S4","candidate_fibroblast_state","MCM5",641,0.0112558261385707,0.78003120124805
"S4","candidate_fibroblast_state","MCM6",641,0.0293482197795423,2.02808112324493
"S4","candidate_fibroblast_state","MCM7",641,0.0712371721767374,4.99219968798752
"S4","candidate_fibroblast_state","CDK1",641,0.00736571250614448,0.46801872074883
"S4","candidate_fibroblast_state","CDK2",641,0.0531283099715676,3.90015600624025
"S4","candidate_fibroblast_state","CCNB1",641,0.0102775631807929,0.62402496099844
"S4","candidate_fibroblast_state","CCNB2",641,0.00655927439780602,0.46801872074883
"S4","candidate_fibroblast_state","CCNA2",641,0,0
"S4","candidate_fibroblast_state","CDC20",641,0,0
"S4","candidate_fibroblast_state","BIRC5",641,0,0
"S4","candidate_fibroblast_state","UBE2C",641,0,0
"S4","candidate_fibroblast_state","CENPF",641,0.00698125835723102,0.46801872074883
"S4","other_clusters","PIEZO1",1503,0.0508756108911776,5.45575515635396
"S4","other_clusters","PIEZO2",1503,0.0134705067310627,1.13107119095143
"S4","other_clusters","TRPV4",1503,0.00936983458313119,1.0645375914837
"S4","other_clusters","TRPA1",1503,0,0
"S4","other_clusters","TRPC1",1503,0.00666578201702086,0.731869594145043
"S4","other_clusters","TRPC3",1503,0,0
"S4","other_clusters","TRPC6",1503,0.010651091900574,0.998003992015968
"S4","other_clusters","ASIC1",1503,0,0
"S4","other_clusters","ASIC2",1503,0.00100201251966778,0.0665335994677312
"S4","other_clusters","ASIC3",1503,0.00265204788891655,0.199600798403194
"S4","other_clusters","KCNK2",1503,0.00422858386691755,0.332667997338656
"S4","other_clusters","KCNK4",1503,0.00141094930082686,0.133067198935462
"S4","other_clusters","PKD1",1503,0.05259778446213,5.78842315369261
"S4","other_clusters","PKD2",1503,0.0314733983254398,3.12707917498337
"S4","other_clusters","TMEM63A",1503,0.0142309154920462,1.59680638722555
"S4","other_clusters","TMEM63B",1503,0.0424457230834723,4.72388556220892
"S4","other_clusters","TMEM150C",1503,0.0118515944957163,1.0645375914837
"S4","other_clusters","PANX1",1503,0.220548575789032,19.6939454424484
"S4","other_clusters","P2RX4",1503,0.0253501293851645,2.06254158349967
"S4","other_clusters","P2RX7",1503,0.0221035851192591,1.99600798403194
"S4","other_clusters","ITGA1",1503,0.0187942479742648,1.79640718562874
"S4","other_clusters","ITGA2",1503,0.195981578893699,16.101131071191
"S4","other_clusters","ITGA5",1503,0.112218607335078,9.11510312707918
"S4","other_clusters","ITGA6",1503,0.388219967635646,29.2747837658017
"S4","other_clusters","ITGA8",1503,0.00999745082798531,0.731869594145043
"S4","other_clusters","ITGA11",1503,0.00752189090316975,0.665335994677312
"S4","other_clusters","ITGAV",1503,0.302735924647581,26.8130405854957
"S4","other_clusters","ITGB1",1503,0.873327765059242,53.6260811709913
"S4","other_clusters","ITGB3",1503,0.00613116044194314,0.53226879574185
"S4","other_clusters","ITGB5",1503,0.0423695370465807,4.79041916167665
"S4","other_clusters","PTK2",1503,0.112243925599943,10.9115103127079
"S4","other_clusters","SRC",1503,0.0350912178421365,3.32667997338656
"S4","other_clusters","FYN",1503,0.0824383915083038,6.78642714570858
"S4","other_clusters","PXN",1503,0.0983155079489269,9.78043912175649
"S4","other_clusters","VCL",1503,0.309939761028932,26.480372588157
"S4","other_clusters","TLN1",1503,0.151021229754186,12.6413838988689
"S4","other_clusters","TLN2",1503,0.0107993793874654,0.998003992015968
"S4","other_clusters","FERMT2",1503,0.110848837375057,8.64936793080506
"S4","other_clusters","ILK",1503,0.189968274157233,16.6999334664005
"S4","other_clusters","PARVA",1503,0.0421628224810827,3.85894876912841
"S4","other_clusters","BCAR1",1503,0.109183669139062,9.71390552228875
"S4","other_clusters","CAV1",1503,1.62746882004814,72.9208250166334
"S4","other_clusters","DAG1",1503,0.0418473071137345,4.72388556220892
"S4","other_clusters","YAP1",1503,0.289574135346309,25.1497005988024
"S4","other_clusters","WWTR1",1503,0.267398922250204,19.9600798403194
"S4","other_clusters","TEAD1",1503,0.223199223530661,20.292747837658
"S4","other_clusters","TEAD2",1503,0.0232211300102659,2.06254158349967
"S4","other_clusters","TEAD3",1503,0.0528973913081498,5.65535595475715
"S4","other_clusters","TEAD4",1503,0.0351478459834411,3.32667997338656
"S4","other_clusters","LATS1",1503,0.0508968760812344,4.92348636061211
"S4","other_clusters","LATS2",1503,0.107126439023032,9.84697272122422
"S4","other_clusters","STK3",1503,0.153631627278755,14.3712574850299
"S4","other_clusters","STK4",1503,0.318273167924181,21.7564870259481
"S4","other_clusters","SAV1",1503,0.256741906530871,20.6919494344644
"S4","other_clusters","NF2",1503,0.0386705311898263,3.99201596806387
"S4","other_clusters","AMOTL1",1503,0.0958526987381501,9.51430472388556
"S4","other_clusters","AMOTL2",1503,0.237663407759059,21.0911510312708
"S4","other_clusters","AJUBA",1503,0.114537245755544,11.7099135063207
"S4","other_clusters","CTGF",1503,0.392159634616211,23.75249500998
"S4","other_clusters","CYR61",1503,0.721378302060224,42.6480372588157
"S4","other_clusters","AREG",1503,1.06810268009401,46.1743180306055
"S4","other_clusters","RHOA",1503,0.888721935943658,59.0153027278776
"S4","other_clusters","RHOB",1503,0.306476586192694,23.0871590153027
"S4","other_clusters","RAC1",1503,1.99905892914013,90.8848968729208
"S4","other_clusters","CDC42",1503,1.33354416667608,72.1224218230206
"S4","other_clusters","ROCK1",1503,0.180408049137741,15.9680638722555
"S4","other_clusters","ROCK2",1503,0.148009731103763,12.5083166999335
"S4","other_clusters","MYLK",1503,0.0976576424506448,7.65136393878909
"S4","other_clusters","MYL9",1503,0.225483614730235,16.7664670658683
"S4","other_clusters","ACTA2",1503,0.0756309849468716,5.45575515635396
"S4","other_clusters","TAGLN",1503,0.173743550999681,11.377245508982
"S4","other_clusters","CNN1",1503,0.0339694310508302,2.46174318030605
"S4","other_clusters","CNN2",1503,0.261752558244833,23.3532934131737
"S4","other_clusters","CFL1",1503,2.20702027786184,93.2801064537591
"S4","other_clusters","PFN1",1503,2.27372247726668,93.7458416500333
"S4","other_clusters","TPM1",1503,0.238379913628817,18.562874251497
"S4","other_clusters","TPM2",1503,0.149035638999881,10.1796407185629
"S4","other_clusters","FLNA",1503,0.307514678464372,24.6174318030605
"S4","other_clusters","GSN",1503,0.939272229176841,57.9507651363939
"S4","other_clusters","DIAPH1",1503,0.169471955317141,16.3007318695941
"S4","other_clusters","LIMK1",1503,0.00758450251387699,0.864936793080506
"S4","other_clusters","COL1A1",1503,0.32868475109593,24.750499001996
"S4","other_clusters","COL1A2",1503,0.392685606963238,27.8775781769794
"S4","other_clusters","COL3A1",1503,0.27371735739494,20.6254158349967
"S4","other_clusters","COL5A1",1503,0.0390398863787318,3.39321357285429
"S4","other_clusters","COL5A2",1503,0.0680405897796475,6.187624750499
"S4","other_clusters","COL6A1",1503,0.242166153725142,18.8290086493679
"S4","other_clusters","COL6A2",1503,0.408186153836566,30.0066533599468
"S4","other_clusters","COL6A3",1503,0.279442626807389,23.1536926147705
"S4","other_clusters","FN1",1503,0.131885399381864,9.64737192282102
"S4","other_clusters","POSTN",1503,0.193359987831659,15.5023286759814
"S4","other_clusters","TNC",1503,0.0309572462020962,2.52827677977379
"S4","other_clusters","THBS1",1503,0.268152936799851,19.560878243513
"S4","other_clusters","THBS2",1503,0.134725211424784,11.9760479041916
"S4","other_clusters","LOX",1503,0.0298900998619748,2.9940119760479
"S4","other_clusters","LOXL2",1503,0.0268152302426077,2.19560878243513
"S4","other_clusters","MMP2",1503,0.265911107604184,21.4903526280772
"S4","other_clusters","MMP14",1503,0.114243181429829,10.5788423153693
"S4","other_clusters","TIMP1",1503,0.776152817331219,45.1763140385895
"S4","other_clusters","TIMP2",1503,0.308899657669754,23.0871590153027
"S4","other_clusters","TIMP3",1503,0.333827635006728,21.8230206254158
"S4","other_clusters","FAP",1503,0.007842098072821,0.798403193612774
"S4","other_clusters","CTHRC1",1503,0.147497065004655,10.7784431137725
"S4","other_clusters","SPARC",1503,0.357632555921175,26.8130405854957
"S4","other_clusters","TGFB1",1503,0.133049365668286,11.3107119095143
"S4","other_clusters","TGFB2",1503,0.0296873082853298,2.59481037924152
"S4","other_clusters","TGFB3",1503,0.0283885533387898,2.52827677977379
"S4","other_clusters","TGFBR1",1503,0.049950038337063,4.79041916167665
"S4","other_clusters","TGFBR2",1503,0.242108588086485,17.564870259481
"S4","other_clusters","SMAD2",1503,0.199332317005655,17.9640718562874
"S4","other_clusters","SMAD3",1503,0.152788290975516,14.4377910844977
"S4","other_clusters","SMAD4",1503,0.0762557880594842,8.05056553559548
"S4","other_clusters","SMAD7",1503,0.0311361243751933,3.32667997338656
"S4","other_clusters","SERPINE1",1503,0.18320932712642,13.5063206919494
"S4","other_clusters","PDGFA",1503,0.0440300857720644,4.0585495675316
"S4","other_clusters","PDGFB",1503,0.0196852487182346,1.59680638722555
"S4","other_clusters","PDGFC",1503,0.0830244853628332,8.18363273453094
"S4","other_clusters","PDGFRA",1503,0.0540229829097505,4.52428476380572
"S4","other_clusters","PDGFRB",1503,0.0616651474199798,4.99001996007984
"S4","other_clusters","INHBA",1503,0.0759738710550085,4.32468396540253
"S4","other_clusters","FOSL2",1503,0.528704049122388,39.853626081171
"S4","other_clusters","SNAI1",1503,0.0419233867405443,3.32667997338656
"S4","other_clusters","ZEB1",1503,0.132336345044533,10.0465735196274
"S4","other_clusters","IL6",1503,0.303346144802815,16.0345974717232
"S4","other_clusters","CCL2",1503,0.779076366534765,44.3779108449767
"S4","other_clusters","CXCL1",1503,0.320532923568945,22.4218230206254
"S4","other_clusters","CXCL2",1503,0.882405202007262,44.311377245509
"S4","other_clusters","CXCL3",1503,0.585114984067282,33.1337325349301
"S4","other_clusters","TNF",1503,0.0189239517822107,1.79640718562874
"S4","other_clusters","IL1B",1503,0.273556421132725,12.375249500998
"S4","other_clusters","PTGS2",1503,0.275264832856865,17.7644710578842
"S4","other_clusters","NFKB1",1503,0.521717717709386,37.6580172987359
"S4","other_clusters","NFKB2",1503,0.178671078127849,15.3027278775782
"S4","other_clusters","RELA",1503,0.150559325749776,13.7724550898204
"S4","other_clusters","RELB",1503,0.150543594289152,13.0405854956753
"S4","other_clusters","JUN",1503,1.6889573714506,76.5136393878909
"S4","other_clusters","JUND",1503,0.907142901581539,58.4830339321357
"S4","other_clusters","FOS",1503,1.75318080767674,79.5076513639388
"S4","other_clusters","FOSB",1503,0.904199259605081,56.2874251497006
"S4","other_clusters","ATF3",1503,0.600968108298342,39.5209580838323
"S4","other_clusters","STAT3",1503,0.50952022471975,38.855622089155
"S4","other_clusters","SOCS3",1503,0.713996774435878,42.3819028609448
"S4","other_clusters","ICAM1",1503,0.456414953696079,28.8090485695276
"S4","other_clusters","HIF1A",1503,0.430993469867617,33.1337325349301
"S4","other_clusters","EPAS1",1503,0.177015482544238,13.9720558882236
"S4","other_clusters","EGLN1",1503,0.168926742912652,15.6353958749168
"S4","other_clusters","EGLN2",1503,0.167082628443812,14.4377910844977
"S4","other_clusters","EGLN3",1503,0.602920538448079,42.2488356620093
"S4","other_clusters","VEGFA",1503,0.195813405256954,16.5003326679973
"S4","other_clusters","SLC2A1",1503,0.626115075669866,41.9161676646707
"S4","other_clusters","LDHA",1503,2.38592763740923,93.6127744510978
"S4","other_clusters","PDK1",1503,0.110062950181911,10.7119095143047
"S4","other_clusters","BNIP3",1503,0.0726270349293644,7.11909514304724
"S4","other_clusters","CA9",1503,0.00697398405242994,0.798403193612774
"S4","other_clusters","ADM",1503,0.440971282457331,31.6034597471723
"S4","other_clusters","NDRG1",1503,1.1854791061946,64.1383898868929
"S4","other_clusters","PGK1",1503,0.434661541065196,35.0632069194943
"S4","other_clusters","ENO1",1503,1.0104028871335,63.4065202927478
"S4","other_clusters","HK2",1503,0.182609777475511,16.4337990685296
"S4","other_clusters","DDIT4",1503,0.693093632113736,43.9787092481703
"S4","other_clusters","PFKFB3",1503,0.233001402963686,20.292747837658
"S4","other_clusters","MKI67",1503,0.0113943222775512,1.19760479041916
"S4","other_clusters","TOP2A",1503,0.0171137235150462,1.46373918829009
"S4","other_clusters","PCNA",1503,0.139403734319429,12.9740518962076
"S4","other_clusters","MCM2",1503,0.00550654178964597,0.598802395209581
"S4","other_clusters","MCM3",1503,0.0489748679323062,4.99001996007984
"S4","other_clusters","MCM4",1503,0.0569737246785394,5.78842315369261
"S4","other_clusters","MCM5",1503,0.0265644965298452,2.46174318030605
"S4","other_clusters","MCM6",1503,0.0156822259849846,1.72987358616101
"S4","other_clusters","MCM7",1503,0.123782287630175,11.7764471057884
"S4","other_clusters","CDK1",1503,0.0573068487917326,5.1230871590153
"S4","other_clusters","CDK2",1503,0.122650611351934,11.7764471057884
"S4","other_clusters","CCNB1",1503,0.0114349523922537,1.39720558882236
"S4","other_clusters","CCNB2",1503,0.00883906596158627,0.931470392548237
"S4","other_clusters","CCNA2",1503,0.00506273597460389,0.332667997338656
"S4","other_clusters","CDC20",1503,0.0116563547632619,1.39720558882236
"S4","other_clusters","BIRC5",1503,0.014449224003788,1.39720558882236
"S4","other_clusters","UBE2C",1503,0.0231226308321971,2.06254158349967
"S4","other_clusters","CENPF",1503,0.0148307691179516,1.53027278775782
"S5","candidate_fibroblast_state","PIEZO1",2450,0.025625143510621,1.51020408163265
"S5","candidate_fibroblast_state","PIEZO2",2450,0.0342160065305674,2
"S5","candidate_fibroblast_state","TRPV4",2450,0.000930092622937649,0.0408163265306122
"S5","candidate_fibroblast_state","TRPA1",2450,0,0
"S5","candidate_fibroblast_state","TRPC1",2450,0.0440005353765667,2.36734693877551
"S5","candidate_fibroblast_state","TRPC3",2450,0,0
"S5","candidate_fibroblast_state","TRPC6",2450,0.0098399192636277,0.571428571428571
"S5","candidate_fibroblast_state","ASIC1",2450,0.000628902780218881,0.0408163265306122
"S5","candidate_fibroblast_state","ASIC2",2450,0.00984099482118721,0.571428571428571
"S5","candidate_fibroblast_state","ASIC3",2450,0.000662055508388495,0.0408163265306122
"S5","candidate_fibroblast_state","KCNK2",2450,0.042563096427483,2.44897959183673
"S5","candidate_fibroblast_state","KCNK4",2450,0.00469006213103357,0.244897959183673
"S5","candidate_fibroblast_state","PKD1",2450,0.132933780573156,7.10204081632653
"S5","candidate_fibroblast_state","PKD2",2450,0.107362723591353,5.83673469387755
"S5","candidate_fibroblast_state","TMEM63A",2450,0.0282414233532448,1.51020408163265
"S5","candidate_fibroblast_state","TMEM63B",2450,0.0254265796036963,1.42857142857143
"S5","candidate_fibroblast_state","TMEM150C",2450,0.0186187548437248,0.938775510204082
"S5","candidate_fibroblast_state","PANX1",2450,0.0556601151349092,2.97959183673469
"S5","candidate_fibroblast_state","P2RX4",2450,0.0351778458178064,1.83673469387755
"S5","candidate_fibroblast_state","P2RX7",2450,0.00616494243145686,0.36734693877551
"S5","candidate_fibroblast_state","ITGA1",2450,0.0998356869931203,5.59183673469388
"S5","candidate_fibroblast_state","ITGA2",2450,0.00445669435370578,0.285714285714286
"S5","candidate_fibroblast_state","ITGA5",2450,0.174565477885133,9.30612244897959
"S5","candidate_fibroblast_state","ITGA6",2450,0.0276757926641757,1.63265306122449
"S5","candidate_fibroblast_state","ITGA8",2450,0.0124818872072513,0.693877551020408
"S5","candidate_fibroblast_state","ITGA11",2450,0.0480966784526246,2.69387755102041
"S5","candidate_fibroblast_state","ITGAV",2450,0.344295996758312,18
"S5","candidate_fibroblast_state","ITGB1",2450,1.04355547514398,48.3673469387755
"S5","candidate_fibroblast_state","ITGB3",2450,0.01250466469139,0.73469387755102
"S5","candidate_fibroblast_state","ITGB5",2450,0.228020061243789,12.4489795918367
"S5","candidate_fibroblast_state","PTK2",2450,0.114476540561257,6.16326530612245
"S5","candidate_fibroblast_state","SRC",2450,0.0340319806289386,1.95918367346939
"S5","candidate_fibroblast_state","FYN",2450,0.282771640024765,14.8979591836735
"S5","candidate_fibroblast_state","PXN",2450,0.056016221312962,3.30612244897959
"S5","candidate_fibroblast_state","VCL",2450,0.166255649278468,9.10204081632653
"S5","candidate_fibroblast_state","TLN1",2450,0.192909607389332,10.5714285714286
"S5","candidate_fibroblast_state","TLN2",2450,0.027147669640316,1.51020408163265
"S5","candidate_fibroblast_state","FERMT2",2450,0.307893864041711,16.2857142857143
"S5","candidate_fibroblast_state","ILK",2450,0.240526568390251,12.8979591836735
"S5","candidate_fibroblast_state","PARVA",2450,0.109242597027051,5.83673469387755
"S5","candidate_fibroblast_state","BCAR1",2450,0.0826802267879175,4.6530612244898
"S5","candidate_fibroblast_state","CAV1",2450,1.36529768791535,56.9795918367347
"S5","candidate_fibroblast_state","DAG1",2450,0.0699989795467973,3.91836734693878
"S5","candidate_fibroblast_state","YAP1",2450,0.245143811029669,12.7755102040816
"S5","candidate_fibroblast_state","WWTR1",2450,0.426448378148504,21.6326530612245
"S5","candidate_fibroblast_state","TEAD1",2450,0.215088881161942,11.3877551020408
"S5","candidate_fibroblast_state","TEAD2",2450,0.0316047496970928,1.79591836734694
"S5","candidate_fibroblast_state","TEAD3",2450,0.0209712346356939,1.18367346938776
"S5","candidate_fibroblast_state","TEAD4",2450,0.0173141162463906,0.897959183673469
"S5","candidate_fibroblast_state","LATS1",2450,0.0530675651990426,2.85714285714286
"S5","candidate_fibroblast_state","LATS2",2450,0.291307668245012,15.0204081632653
"S5","candidate_fibroblast_state","STK3",2450,0.172331663066278,9.18367346938776
"S5","candidate_fibroblast_state","STK4",2450,0.110003996380435,6.16326530612245
"S5","candidate_fibroblast_state","SAV1",2450,0.441134772646223,22.6938775510204
"S5","candidate_fibroblast_state","NF2",2450,0.0304346020254737,1.63265306122449
"S5","candidate_fibroblast_state","AMOTL1",2450,0.100877730140502,5.51020408163265
"S5","candidate_fibroblast_state","AMOTL2",2450,0.115748734768107,6.20408163265306
"S5","candidate_fibroblast_state","AJUBA",2450,0.01012924226143,0.653061224489796
"S5","candidate_fibroblast_state","CTGF",2450,0.607202596634417,27.4285714285714
"S5","candidate_fibroblast_state","CYR61",2450,0.780402760967465,33.6734693877551
"S5","candidate_fibroblast_state","AREG",2450,0.00452824710827735,0.326530612244898
"S5","candidate_fibroblast_state","RHOA",2450,1.06163077232168,48.4489795918367
"S5","candidate_fibroblast_state","RHOB",2450,0.443542862714934,21.7959183673469
"S5","candidate_fibroblast_state","RAC1",2450,1.25561182918223,56.0816326530612
"S5","candidate_fibroblast_state","CDC42",2450,1.10789787622923,48.8979591836735
"S5","candidate_fibroblast_state","ROCK1",2450,0.189491916425378,10.0816326530612
"S5","candidate_fibroblast_state","ROCK2",2450,0.166558318089155,8.97959183673469
"S5","candidate_fibroblast_state","MYLK",2450,0.0748081194935741,4.16326530612245
"S5","candidate_fibroblast_state","MYL9",2450,0.463964649128597,23.0612244897959
"S5","candidate_fibroblast_state","ACTA2",2450,0.103657113899106,5.02040816326531
"S5","candidate_fibroblast_state","TAGLN",2450,0.164559427379569,7.55102040816327
"S5","candidate_fibroblast_state","CNN1",2450,0.00308527746633373,0.204081632653061
"S5","candidate_fibroblast_state","CNN2",2450,0.188254714652162,10.0408163265306
"S5","candidate_fibroblast_state","CFL1",2450,1.36323438714661,59.7959183673469
"S5","candidate_fibroblast_state","PFN1",2450,1.71516231374147,70.0816326530612
"S5","candidate_fibroblast_state","TPM1",2450,1.05876091550708,47.1020408163265
"S5","candidate_fibroblast_state","TPM2",2450,0.178775060688671,9.26530612244898
"S5","candidate_fibroblast_state","FLNA",2450,0.232596321336247,12.2448979591837
"S5","candidate_fibroblast_state","GSN",2450,2.98804126758881,88.3673469387755
"S5","candidate_fibroblast_state","DIAPH1",2450,0.0879985667159468,4.77551020408163
"S5","candidate_fibroblast_state","LIMK1",2450,0.0245376943911026,1.38775510204082
"S5","candidate_fibroblast_state","COL1A1",2450,2.23518612831054,69.1020408163265
"S5","candidate_fibroblast_state","COL1A2",2450,2.73367753437368,80.8979591836735
"S5","candidate_fibroblast_state","COL3A1",2450,1.8598470472039,60.9795918367347
"S5","candidate_fibroblast_state","COL5A1",2450,0.203311653688004,10.5714285714286
"S5","candidate_fibroblast_state","COL5A2",2450,0.616833274390484,28
"S5","candidate_fibroblast_state","COL6A1",2450,1.20255729698065,52.2448979591837
"S5","candidate_fibroblast_state","COL6A2",2450,2.42524978057496,86.0408163265306
"S5","candidate_fibroblast_state","COL6A3",2450,1.04029411698216,46.2040816326531
"S5","candidate_fibroblast_state","FN1",2450,0.944950492959741,41.5918367346939
"S5","candidate_fibroblast_state","POSTN",2450,0.21185032694267,8.65306122448979
"S5","candidate_fibroblast_state","TNC",2450,0.0820852679859849,4.12244897959184
"S5","candidate_fibroblast_state","THBS1",2450,1.30939347181507,51.6326530612245
"S5","candidate_fibroblast_state","THBS2",2450,1.33930460217843,55.9183673469388
"S5","candidate_fibroblast_state","LOX",2450,0.629652601205705,30.0408163265306
"S5","candidate_fibroblast_state","LOXL2",2450,0.0544511378243491,3.06122448979592
"S5","candidate_fibroblast_state","MMP2",2450,2.01491010525222,72.8979591836735
"S5","candidate_fibroblast_state","MMP14",2450,0.294606943687004,15.5918367346939
"S5","candidate_fibroblast_state","TIMP1",2450,1.76561976526545,70.1224489795918
"S5","candidate_fibroblast_state","TIMP2",2450,1.79054369722357,67.9183673469388
"S5","candidate_fibroblast_state","TIMP3",2450,0.958320012740294,43.3061224489796
"S5","candidate_fibroblast_state","FAP",2450,0.117317528129518,6.36734693877551
"S5","candidate_fibroblast_state","CTHRC1",2450,0.822959419347863,33.9183673469388
"S5","candidate_fibroblast_state","SPARC",2450,1.56764711109471,57.2244897959184
"S5","candidate_fibroblast_state","TGFB1",2450,0.151424322669945,8.12244897959184
"S5","candidate_fibroblast_state","TGFB2",2450,0.0265314578332528,1.46938775510204
"S5","candidate_fibroblast_state","TGFB3",2450,0.0566789990715102,3.10204081632653
"S5","candidate_fibroblast_state","TGFBR1",2450,0.215730251705248,11.1428571428571
"S5","candidate_fibroblast_state","TGFBR2",2450,0.343221781495956,17.9591836734694
"S5","candidate_fibroblast_state","SMAD2",2450,0.169544993487979,9.22448979591837
"S5","candidate_fibroblast_state","SMAD3",2450,0.123166160689857,6.69387755102041
"S5","candidate_fibroblast_state","SMAD4",2450,0.0969477269251122,5.22448979591837
"S5","candidate_fibroblast_state","SMAD7",2450,0.0510151385203824,2.77551020408163
"S5","candidate_fibroblast_state","SERPINE1",2450,0.0486366817404287,2.73469387755102
"S5","candidate_fibroblast_state","PDGFA",2450,0.0683533540869259,3.59183673469388
"S5","candidate_fibroblast_state","PDGFB",2450,0.00430970214304763,0.36734693877551
"S5","candidate_fibroblast_state","PDGFC",2450,0.0946440208222088,5.06122448979592
"S5","candidate_fibroblast_state","PDGFRA",2450,0.709951415122458,33.469387755102
"S5","candidate_fibroblast_state","PDGFRB",2450,0.48812386621411,24.2448979591837
"S5","candidate_fibroblast_state","INHBA",2450,0.0827144813820902,4.3265306122449
"S5","candidate_fibroblast_state","FOSL2",2450,0.615093948486618,29.3061224489796
"S5","candidate_fibroblast_state","SNAI1",2450,0.14021667216386,6.93877551020408
"S5","candidate_fibroblast_state","ZEB1",2450,0.174377413391774,9.26530612244898
"S5","candidate_fibroblast_state","IL6",2450,0.264179326440402,12.2448979591837
"S5","candidate_fibroblast_state","CCL2",2450,1.72951826000114,58.3265306122449
"S5","candidate_fibroblast_state","CXCL1",2450,1.50155392035899,48.530612244898
"S5","candidate_fibroblast_state","CXCL2",2450,2.17506316619285,67.8775510204082
"S5","candidate_fibroblast_state","CXCL3",2450,1.11210609147155,41.3061224489796
"S5","candidate_fibroblast_state","TNF",2450,0.0122794215738734,0.816326530612245
"S5","candidate_fibroblast_state","IL1B",2450,0.0339025273668307,1.75510204081633
"S5","candidate_fibroblast_state","PTGS2",2450,0.289311121508871,13.265306122449
"S5","candidate_fibroblast_state","NFKB1",2450,0.688395273046666,32.4081632653061
"S5","candidate_fibroblast_state","NFKB2",2450,0.139366727414904,7.26530612244898
"S5","candidate_fibroblast_state","RELA",2450,0.0813300684181996,4.48979591836735
"S5","candidate_fibroblast_state","RELB",2450,0.118380568172196,6.40816326530612
"S5","candidate_fibroblast_state","JUN",2450,1.20563178253518,49.1020408163265
"S5","candidate_fibroblast_state","JUND",2450,1.4707446316823,61.7551020408163
"S5","candidate_fibroblast_state","FOS",2450,2.04012852302162,67.7551020408163
"S5","candidate_fibroblast_state","FOSB",2450,0.67400676492668,31.8367346938775
"S5","candidate_fibroblast_state","ATF3",2450,0.414685695794732,19.7551020408163
"S5","candidate_fibroblast_state","STAT3",2450,0.613382843418089,30.1224489795918
"S5","candidate_fibroblast_state","SOCS3",2450,0.872175607027853,36.8163265306122
"S5","candidate_fibroblast_state","ICAM1",2450,0.937230015405922,42.5714285714286
"S5","candidate_fibroblast_state","HIF1A",2450,0.390331487383562,19.5918367346939
"S5","candidate_fibroblast_state","EPAS1",2450,0.0586402786829903,3.22448979591837
"S5","candidate_fibroblast_state","EGLN1",2450,0.138427221732947,7.55102040816327
"S5","candidate_fibroblast_state","EGLN2",2450,0.155424340356072,8.44897959183673
"S5","candidate_fibroblast_state","EGLN3",2450,0.0303549179388546,1.79591836734694
"S5","candidate_fibroblast_state","VEGFA",2450,0.260075966741859,13.5102040816327
"S5","candidate_fibroblast_state","SLC2A1",2450,0.0269229156598221,1.55102040816327
"S5","candidate_fibroblast_state","LDHA",2450,1.52590100288642,63.5510204081633
"S5","candidate_fibroblast_state","PDK1",2450,0.0473224256296856,2.6530612244898
"S5","candidate_fibroblast_state","BNIP3",2450,0.108240238577213,5.87755102040816
"S5","candidate_fibroblast_state","CA9",2450,0,0
"S5","candidate_fibroblast_state","ADM",2450,0.407326122919605,19.7959183673469
"S5","candidate_fibroblast_state","NDRG1",2450,0.338415798716954,16.9795918367347
"S5","candidate_fibroblast_state","PGK1",2450,0.189798987105648,10.2857142857143
"S5","candidate_fibroblast_state","ENO1",2450,0.437009474933952,22.2857142857143
"S5","candidate_fibroblast_state","HK2",2450,0.0214722642032559,1.18367346938776
"S5","candidate_fibroblast_state","DDIT4",2450,0.499290992829073,21.7959183673469
"S5","candidate_fibroblast_state","PFKFB3",2450,0.166188504759443,8.61224489795918
"S5","candidate_fibroblast_state","MKI67",2450,0,0
"S5","candidate_fibroblast_state","TOP2A",2450,0.00409203933675674,0.204081632653061
"S5","candidate_fibroblast_state","PCNA",2450,0.0516526586913835,2.77551020408163
"S5","candidate_fibroblast_state","MCM2",2450,0.00156658844558152,0.0816326530612245
"S5","candidate_fibroblast_state","MCM3",2450,0.0178209326585482,1.02040816326531
"S5","candidate_fibroblast_state","MCM4",2450,0.013501435069923,0.816326530612245
"S5","candidate_fibroblast_state","MCM5",2450,0.0087039025567145,0.489795918367347
"S5","candidate_fibroblast_state","MCM6",2450,0.0132361611605244,0.73469387755102
"S5","candidate_fibroblast_state","MCM7",2450,0.0581805096590069,2.93877551020408
"S5","candidate_fibroblast_state","CDK1",2450,0.00642255249423605,0.36734693877551
"S5","candidate_fibroblast_state","CDK2",2450,0.0522780693228026,2.89795918367347
"S5","candidate_fibroblast_state","CCNB1",2450,0.00920331695966216,0.489795918367347
"S5","candidate_fibroblast_state","CCNB2",2450,0.000835668597906755,0.0408163265306122
"S5","candidate_fibroblast_state","CCNA2",2450,0.00454885718814356,0.244897959183673
"S5","candidate_fibroblast_state","CDC20",2450,0.00171129071357644,0.0816326530612245
"S5","candidate_fibroblast_state","BIRC5",2450,0.0102897682514372,0.571428571428571
"S5","candidate_fibroblast_state","UBE2C",2450,0.00187541254965633,0.122448979591837
"S5","candidate_fibroblast_state","CENPF",2450,0.00781057739617765,0.448979591836735
"S5","other_clusters","PIEZO1",2085,0.0468721939989291,3.21342925659472
"S5","other_clusters","PIEZO2",2085,0.0105018790159905,0.671462829736211
"S5","other_clusters","TRPV4",2085,0.00563530548800851,0.479616306954436
"S5","other_clusters","TRPA1",2085,0,0
"S5","other_clusters","TRPC1",2085,0.00664505922104879,0.431654676258993
"S5","other_clusters","TRPC3",2085,0,0
"S5","other_clusters","TRPC6",2085,0.00614623244403087,0.479616306954436
"S5","other_clusters","ASIC1",2085,0,0
"S5","other_clusters","ASIC2",2085,0,0
"S5","other_clusters","ASIC3",2085,0,0
"S5","other_clusters","KCNK2",2085,0.00280666582612841,0.191846522781775
"S5","other_clusters","KCNK4",2085,0,0
"S5","other_clusters","PKD1",2085,0.0434148511123579,3.59712230215827
"S5","other_clusters","PKD2",2085,0.0266730263925485,2.01438848920863
"S5","other_clusters","TMEM63A",2085,0.0114236161953671,0.671462829736211
"S5","other_clusters","TMEM63B",2085,0.0336966393629975,2.20623501199041
"S5","other_clusters","TMEM150C",2085,0.00728152335267213,0.52757793764988
"S5","other_clusters","PANX1",2085,0.0878096505426632,6.71462829736211
"S5","other_clusters","P2RX4",2085,0.0208710019558167,1.39088729016787
"S5","other_clusters","P2RX7",2085,0.0448987533394914,2.6378896882494
"S5","other_clusters","ITGA1",2085,0.0358896907491908,2.20623501199041
"S5","other_clusters","ITGA2",2085,0.0875886439331463,6.28297362110312
"S5","other_clusters","ITGA5",2085,0.118723308335265,7.09832134292566
"S5","other_clusters","ITGA6",2085,0.272353867023144,16.3549160671463
"S5","other_clusters","ITGA8",2085,0.00253381664940048,0.191846522781775
"S5","other_clusters","ITGA11",2085,0.00213490648308988,0.143884892086331
"S5","other_clusters","ITGAV",2085,0.240168385263731,15.5395683453237
"S5","other_clusters","ITGB1",2085,0.725434752545627,37.0743405275779
"S5","other_clusters","ITGB3",2085,0.00365718169581715,0.191846522781775
"S5","other_clusters","ITGB5",2085,0.0508596629513734,3.83693045563549
"S5","other_clusters","PTK2",2085,0.0755471016104411,5.08393285371703
"S5","other_clusters","SRC",2085,0.0466345089939304,2.78177458033573
"S5","other_clusters","FYN",2085,0.195329887975535,11.3189448441247
"S5","other_clusters","PXN",2085,0.0650940638735041,4.79616306954436
"S5","other_clusters","VCL",2085,0.144545370219095,10.1678657074341
"S5","other_clusters","TLN1",2085,0.155882003819872,9.4484412470024
"S5","other_clusters","TLN2",2085,0.00698573681642314,0.479616306954436
"S5","other_clusters","FERMT2",2085,0.0900904503734466,5.61151079136691
"S5","other_clusters","ILK",2085,0.174975228159652,10.6954436450839
"S5","other_clusters","PARVA",2085,0.0430358533330691,3.11750599520384
"S5","other_clusters","BCAR1",2085,0.0801284220917244,5.41966426858513
"S5","other_clusters","CAV1",2085,1.0533639844899,45.0359712230216
"S5","other_clusters","DAG1",2085,0.0213938314842195,1.82254196642686
"S5","other_clusters","YAP1",2085,0.18464045756235,12.8537170263789
"S5","other_clusters","WWTR1",2085,0.233573761308229,13.3812949640288
"S5","other_clusters","TEAD1",2085,0.132315974738658,9.35251798561151
"S5","other_clusters","TEAD2",2085,0.0175385822225162,1.19904076738609
"S5","other_clusters","TEAD3",2085,0.019196774533265,1.67865707434053
"S5","other_clusters","TEAD4",2085,0.0255201381377988,1.91846522781775
"S5","other_clusters","LATS1",2085,0.0323176393664942,2.39808153477218
"S5","other_clusters","LATS2",2085,0.137169037295034,8.77697841726619
"S5","other_clusters","STK3",2085,0.097559256744038,6.61870503597122
"S5","other_clusters","STK4",2085,0.607807909769041,30.1678657074341
"S5","other_clusters","SAV1",2085,0.312912850369353,18.1774580335731
"S5","other_clusters","NF2",2085,0.0236534777352104,1.77458033573141
"S5","other_clusters","AMOTL1",2085,0.0575199815790896,4.36450839328537
"S5","other_clusters","AMOTL2",2085,0.147294247276543,10.5515587529976
"S5","other_clusters","AJUBA",2085,0.0401412337591393,3.26139088729017
"S5","other_clusters","CTGF",2085,0.283036887828569,12.8057553956835
"S5","other_clusters","CYR61",2085,0.476222821817283,22.3980815347722
"S5","other_clusters","AREG",2085,0.359453838195294,17.2182254196643
"S5","other_clusters","RHOA",2085,0.784575666071406,41.7745803357314
"S5","other_clusters","RHOB",2085,0.278809554503221,15.1079136690647
"S5","other_clusters","RAC1",2085,1.58596191094737,70.5515587529976
"S5","other_clusters","CDC42",2085,1.45222183557869,64.652278177458
"S5","other_clusters","ROCK1",2085,0.210530674324591,12.3741007194245
"S5","other_clusters","ROCK2",2085,0.144065590307668,9.06474820143885
"S5","other_clusters","MYLK",2085,0.0939511784554662,5.03597122302158
"S5","other_clusters","MYL9",2085,0.117965664533841,6.13908872901679
"S5","other_clusters","ACTA2",2085,0.068439651622702,3.02158273381295
"S5","other_clusters","TAGLN",2085,0.116745608073705,4.9400479616307
"S5","other_clusters","CNN1",2085,0.0063049315675313,0.383693045563549
"S5","other_clusters","CNN2",2085,0.216133872222399,13.8129496402878
"S5","other_clusters","CFL1",2085,1.72297721099295,73.9568345323741
"S5","other_clusters","PFN1",2085,2.23948208585764,84.5563549160671
"S5","other_clusters","TPM1",2085,0.21114253943213,12.4220623501199
"S5","other_clusters","TPM2",2085,0.0790335165442507,3.83693045563549
"S5","other_clusters","FLNA",2085,0.295759060824698,16.6906474820144
"S5","other_clusters","GSN",2085,0.930404600136081,45.0359712230216
"S5","other_clusters","DIAPH1",2085,0.144101702386062,9.49640287769784
"S5","other_clusters","LIMK1",2085,0.0208319704839632,1.39088729016787
"S5","other_clusters","COL1A1",2085,0.459404230270314,24.6043165467626
"S5","other_clusters","COL1A2",2085,0.474536297227426,24.652278177458
"S5","other_clusters","COL3A1",2085,0.325423025614191,18.1294964028777
"S5","other_clusters","COL5A1",2085,0.032431491911192,2.25419664268585
"S5","other_clusters","COL5A2",2085,0.0818298186938131,5.37170263788969
"S5","other_clusters","COL6A1",2085,0.187281435302562,11.0791366906475
"S5","other_clusters","COL6A2",2085,0.295757056652832,16.21103117506
"S5","other_clusters","COL6A3",2085,0.20332611654694,12.5659472422062
"S5","other_clusters","FN1",2085,0.142599684325069,8.63309352517986
"S5","other_clusters","POSTN",2085,0.103676107462641,6.66666666666667
"S5","other_clusters","TNC",2085,0.0123468483201094,0.719424460431655
"S5","other_clusters","THBS1",2085,0.302861305777655,16.8345323741007
"S5","other_clusters","THBS2",2085,0.216769741137002,13.1414868105516
"S5","other_clusters","LOX",2085,0.0640335265199996,4.12470023980815
"S5","other_clusters","LOXL2",2085,0.0165423433429322,1.1031175059952
"S5","other_clusters","MMP2",2085,0.278983043574929,15.1558752997602
"S5","other_clusters","MMP14",2085,0.080726893237309,5.46762589928058
"S5","other_clusters","TIMP1",2085,1.18712936696349,47.5299760191847
"S5","other_clusters","TIMP2",2085,0.328738783746446,17.6978417266187
"S5","other_clusters","TIMP3",2085,0.291616486871758,15.5395683453237
"S5","other_clusters","FAP",2085,0.00690423708675472,0.575539568345324
"S5","other_clusters","CTHRC1",2085,0.219627847399291,12.4700239808153
"S5","other_clusters","SPARC",2085,0.388986609196772,20.7673860911271
"S5","other_clusters","TGFB1",2085,0.318006002053846,17.1702637889688
"S5","other_clusters","TGFB2",2085,0.0273153423539708,1.8705035971223
"S5","other_clusters","TGFB3",2085,0.0253441903249846,1.63069544364508
"S5","other_clusters","TGFBR1",2085,0.100097692761442,6.28297362110312
"S5","other_clusters","TGFBR2",2085,0.26422600726881,14.7721822541966
"S5","other_clusters","SMAD2",2085,0.140896595277982,9.59232613908873
"S5","other_clusters","SMAD3",2085,0.11403063092216,7.96163069544364
"S5","other_clusters","SMAD4",2085,0.0656729706750955,4.55635491606715
"S5","other_clusters","SMAD7",2085,0.0227927253639819,1.63069544364508
"S5","other_clusters","SERPINE1",2085,0.0830772368352574,4.84412470023981
"S5","other_clusters","PDGFA",2085,0.0757386120630069,4.07673860911271
"S5","other_clusters","PDGFB",2085,0.0276489288199844,1.72661870503597
"S5","other_clusters","PDGFC",2085,0.0670474409609298,4.46043165467626
"S5","other_clusters","PDGFRA",2085,0.0849274155320694,5.65947242206235
"S5","other_clusters","PDGFRB",2085,0.0575138677110657,3.78896882494005
"S5","other_clusters","INHBA",2085,0.058700018637779,3.11750599520384
"S5","other_clusters","FOSL2",2085,0.711140963884562,37.1223021582734
"S5","other_clusters","SNAI1",2085,0.0303553962729427,1.91846522781775
"S5","other_clusters","ZEB1",2085,0.108953640128715,6.23501199040767
"S5","other_clusters","IL6",2085,0.321392874807811,12.4220623501199
"S5","other_clusters","CCL2",2085,0.746631213678048,31.7985611510791
"S5","other_clusters","CXCL1",2085,0.44062929310731,22.3501199040767
"S5","other_clusters","CXCL2",2085,1.10214860126661,43.0695443645084
"S5","other_clusters","CXCL3",2085,0.623610973046884,27.673860911271
"S5","other_clusters","TNF",2085,0.0488833545085187,2.82973621103118
"S5","other_clusters","IL1B",2085,0.54364998140016,22.0623501199041
"S5","other_clusters","PTGS2",2085,0.310847446707697,15.7314148681055
"S5","other_clusters","NFKB1",2085,0.87468634067294,43.4532374100719
"S5","other_clusters","NFKB2",2085,0.183777965532943,11.3189448441247
"S5","other_clusters","RELA",2085,0.104186079860259,6.90647482014388
"S5","other_clusters","RELB",2085,0.130263935177528,8.05755395683453
"S5","other_clusters","JUN",2085,1.10354585776488,48.6810551558753
"S5","other_clusters","JUND",2085,1.23949539963743,57.3141486810552
"S5","other_clusters","FOS",2085,1.69077993127822,63.3573141486811
"S5","other_clusters","FOSB",2085,0.613603057267159,33.2374100719424
"S5","other_clusters","ATF3",2085,0.333106132111836,17.9376498800959
"S5","other_clusters","STAT3",2085,0.410671767799097,24.652278177458
"S5","other_clusters","SOCS3",2085,0.723212821353347,32.6618705035971
"S5","other_clusters","ICAM1",2085,0.546328427329163,25.2278177458034
"S5","other_clusters","HIF1A",2085,0.420945102544143,23.6930455635492
"S5","other_clusters","EPAS1",2085,0.141982602470443,8.3453237410072
"S5","other_clusters","EGLN1",2085,0.127720042317103,8.58513189448441
"S5","other_clusters","EGLN2",2085,0.127049936614522,8.00959232613909
"S5","other_clusters","EGLN3",2085,0.257982410496261,16.3069544364508
"S5","other_clusters","VEGFA",2085,0.342431764054859,19.7122302158273
"S5","other_clusters","SLC2A1",2085,0.209911530352894,13.2853717026379
"S5","other_clusters","LDHA",2085,1.55912956521522,67.4820143884892
"S5","other_clusters","PDK1",2085,0.0794917750824303,5.65947242206235
"S5","other_clusters","BNIP3",2085,0.0478598390046915,3.21342925659472
"S5","other_clusters","CA9",2085,0.00203801536804689,0.191846522781775
"S5","other_clusters","ADM",2085,0.167681700323092,10.599520383693
"S5","other_clusters","NDRG1",2085,0.562889762644493,28.7769784172662
"S5","other_clusters","PGK1",2085,0.27234015452208,16.8345323741007
"S5","other_clusters","ENO1",2085,0.688788347745194,36.8824940047962
"S5","other_clusters","HK2",2085,0.0886270783740807,6.47482014388489
"S5","other_clusters","DDIT4",2085,0.604585694776804,30.6474820143885
"S5","other_clusters","PFKFB3",2085,0.234254602351587,14.8681055155875
"S5","other_clusters","MKI67",2085,0.0150481446957514,1.15107913669065
"S5","other_clusters","TOP2A",2085,0.0166688373374121,1.19904076738609
"S5","other_clusters","PCNA",2085,0.070303447113684,4.79616306954436
"S5","other_clusters","MCM2",2085,0.00228985787266201,0.143884892086331
"S5","other_clusters","MCM3",2085,0.0240820757221661,1.8705035971223
"S5","other_clusters","MCM4",2085,0.0227081852726161,1.8705035971223
"S5","other_clusters","MCM5",2085,0.0298347701420727,1.8705035971223
"S5","other_clusters","MCM6",2085,0.0077538151657451,0.479616306954436
"S5","other_clusters","MCM7",2085,0.0587522335056909,4.31654676258993
"S5","other_clusters","CDK1",2085,0.0393198478621442,2.6378896882494
"S5","other_clusters","CDK2",2085,0.103132150532466,6.76258992805755
"S5","other_clusters","CCNB1",2085,0.00860699425108695,0.671462829736211
"S5","other_clusters","CCNB2",2085,0.00873007025101297,0.52757793764988
"S5","other_clusters","CCNA2",2085,0.00957937268075452,0.623501199040767
"S5","other_clusters","CDC20",2085,0.0124342708764573,0.863309352517986
"S5","other_clusters","BIRC5",2085,0.021602004684159,1.39088729016787
"S5","other_clusters","UBE2C",2085,0.0246563222659032,1.5347721822542
"S5","other_clusters","CENPF",2085,0.0160876148129823,1.15107913669065
