"sample_id","gene","comparison_group_candidate","cells_candidate","mean_expression_candidate","percent_cells_expressing_candidate","comparison_group_other","cells_other","mean_expression_other","percent_cells_expressing_other","mean_difference","prevalence_difference"
"S1","ACTA2","candidate_fibroblast_state",1042,0.390349755522288,20.6333973128599,"other_clusters",1742,0.578693535819354,22.3880597014925,-0.188343780297066,-1.75466238863265
"S1","ADM","candidate_fibroblast_state",1042,0.571980811722714,30.1343570057582,"other_clusters",1742,0.206747039767921,14.7531572904707,0.365233771954793,15.3811997152874
"S1","AJUBA","candidate_fibroblast_state",1042,0.0358937019276448,2.49520153550864,"other_clusters",1742,0.045035963017088,5.22388059701492,-0.00914226108944328,-2.72867906150629
"S1","AMOTL1","candidate_fibroblast_state",1042,0.172845045934998,12.5719769673704,"other_clusters",1742,0.0703524628606778,7.00344431687715,0.102492583074321,5.56853265049329
"S1","AMOTL2","candidate_fibroblast_state",1042,0.191333907767723,13.147792706334,"other_clusters",1742,0.0653327490993439,6.48679678530425,0.126001158668379,6.66099592102973
"S1","AREG","candidate_fibroblast_state",1042,0.00372677197235385,0.287907869481766,"other_clusters",1742,0.163410464662475,10.9070034443169,-0.159683692690121,-10.6190955748351
"S1","ASIC1","candidate_fibroblast_state",1042,0.00544094232355412,0.383877159309021,"other_clusters",1742,0,0,0.00544094232355412,0.383877159309021
"S1","ASIC2","candidate_fibroblast_state",1042,0.00376005275744664,0.287907869481766,"other_clusters",1742,0.000779085418386725,0.0574052812858783,0.00298096733905992,0.230502588195888
"S1","ASIC3","candidate_fibroblast_state",1042,0.00233837309328002,0.191938579654511,"other_clusters",1742,0.00263693463662601,0.34443168771527,-0.000298561543345989,-0.152493108060759
"S1","ATF3","candidate_fibroblast_state",1042,0.693473853872831,38.7715930902111,"other_clusters",1742,0.656376104358864,37.4282433983927,0.0370977495139669,1.34334969181848
"S1","BCAR1","candidate_fibroblast_state",1042,0.125862703174277,9.021113243762,"other_clusters",1742,0.090286843671745,7.69230769230769,0.0355758595025316,1.3288055514543
"S1","BIRC5","candidate_fibroblast_state",1042,0.00237455786223402,0.191938579654511,"other_clusters",1742,0.0234907174114329,2.29621125143513,-0.0211161595491989,-2.10427267178062
"S1","BNIP3","candidate_fibroblast_state",1042,0.10626169265079,7.86948176583493,"other_clusters",1742,0.0568347685918226,5.16647531572905,0.0494269240589677,2.70300645010589
"S1","CA9","candidate_fibroblast_state",1042,0,0,"other_clusters",1742,0.0090967376185416,1.14810562571757,-0.0090967376185416,-1.14810562571757
"S1","CAV1","candidate_fibroblast_state",1042,1.21415293290801,61.4203454894434,"other_clusters",1742,0.826387795690999,39.2078071182549,0.387765137217013,22.2125383711885
"S1","CCL2","candidate_fibroblast_state",1042,1.79995231571618,65.4510556621881,"other_clusters",1742,0.986115067469114,47.3019517795637,0.813837248247064,18.1491038826244
"S1","CCNA2","candidate_fibroblast_state",1042,0.0048317713641214,0.287907869481766,"other_clusters",1742,0.0103413707333235,1.20551090700344,-0.00550959936920208,-0.917603037521678
"S1","CCNB1","candidate_fibroblast_state",1042,0.0075728205813229,0.575815738963532,"other_clusters",1742,0.0178197139961816,1.77956371986223,-0.0102468934148587,-1.2037479808987
"S1","CCNB2","candidate_fibroblast_state",1042,0.00342370428454231,0.287907869481766,"other_clusters",1742,0.0110204708489574,1.14810562571757,-0.0075967665644151,-0.8601977562358
"S1","CDC20","candidate_fibroblast_state",1042,0.00289046594857995,0.191938579654511,"other_clusters",1742,0.0178193079250752,1.60734787600459,-0.0149288419764953,-1.41540929635008
"S1","CDC42","candidate_fibroblast_state",1042,0.963936132729162,56.4299424184261,"other_clusters",1742,1.26613749365395,71.5269804822044,-0.302201360924786,-15.0970380637783
"S1","CDK1","candidate_fibroblast_state",1042,0.00267418904768479,0.287907869481766,"other_clusters",1742,0.0419360610072534,3.90355912743972,-0.0392618719595686,-3.61565125795796
"S1","CDK2","candidate_fibroblast_state",1042,0.0839878424842722,6.33397312859885,"other_clusters",1742,0.0977393766854068,9.29965556831228,-0.0137515342011346,-2.96568243971344
"S1","CENPF","candidate_fibroblast_state",1042,0.0105954467675067,0.767754318618042,"other_clusters",1742,0.0201538787089763,1.60734787600459,-0.00955843194146957,-0.83959355738655
"S1","CFL1","candidate_fibroblast_state",1042,1.77434240563516,85.0287907869482,"other_clusters",1742,2.15804282844604,92.1928817451205,-0.383700422810877,-7.16409095817237
"S1","CNN1","candidate_fibroblast_state",1042,0.0416954778548311,2.97504798464491,"other_clusters",1742,0.133128118853066,7.23306544202067,-0.0914326409982351,-4.25801745737575
"S1","CNN2","candidate_fibroblast_state",1042,0.243951637526582,17.7543186180422,"other_clusters",1742,0.32382846015338,25.0861079219288,-0.079876822626798,-7.33178930388659
"S1","COL1A1","candidate_fibroblast_state",1042,2.76227978608145,90.21113243762,"other_clusters",1742,0.536782189772842,36.5671641791045,2.22549759630861,53.6439682585155
"S1","COL1A2","candidate_fibroblast_state",1042,2.99677124520884,93.6660268714012,"other_clusters",1742,0.617464617898402,41.2169919632606,2.37930662731043,52.4490349081405
"S1","COL3A1","candidate_fibroblast_state",1042,2.47916533632826,86.1804222648752,"other_clusters",1742,0.402014073786169,27.5545350172216,2.07715126254209,58.6258872476537
"S1","COL5A1","candidate_fibroblast_state",1042,0.514235730232168,32.6295585412668,"other_clusters",1742,0.0447626581416958,3.9609644087256,0.469473072090472,28.6685941325412
"S1","COL5A2","candidate_fibroblast_state",1042,0.615662515681713,36.6602687140115,"other_clusters",1742,0.0596015389064971,5.05166475315729,0.556060976775216,31.6086039608542
"S1","COL6A1","candidate_fibroblast_state",1042,2.04150659575357,85.1247600767754,"other_clusters",1742,0.29424577190868,21.2973593570608,1.74726082384489,63.8274007197146
"S1","COL6A2","candidate_fibroblast_state",1042,2.68971853112243,93.8579654510557,"other_clusters",1742,0.482811564178617,31.9173363949483,2.20690696694381,61.9406290561073
"S1","COL6A3","candidate_fibroblast_state",1042,1.37873438196095,69.3857965451056,"other_clusters",1742,0.154248081389198,12.2273249138921,1.22448630057175,57.1584716312135
"S1","CTGF","candidate_fibroblast_state",1042,0.760819285442182,39.9232245681382,"other_clusters",1742,0.320210280848933,17.3938002296211,0.440609004593249,22.5294243385171
"S1","CTHRC1","candidate_fibroblast_state",1042,0.625586038510443,30.5182341650672,"other_clusters",1742,0.0983586981513179,7.29047072330654,0.527227340359125,23.2277634417606
"S1","CXCL1","candidate_fibroblast_state",1042,0.818495647923486,33.5892514395393,"other_clusters",1742,0.247873601606468,17.5086107921929,0.570622046317018,16.0806406473465
"S1","CXCL2","candidate_fibroblast_state",1042,1.5368259725005,55.4702495201535,"other_clusters",1742,0.851941715401006,42.1928817451206,0.684884257099498,13.277367775033
"S1","CXCL3","candidate_fibroblast_state",1042,0.850157556624096,36.852207293666,"other_clusters",1742,0.491803568321173,26.1194029850746,0.358353988302923,10.7328043085914
"S1","CYR61","candidate_fibroblast_state",1042,1.53182355675891,64.2034548944338,"other_clusters",1742,0.521999051606243,28.5304247990815,1.00982450515267,35.6730300953523
"S1","DAG1","candidate_fibroblast_state",1042,0.0985805954506593,7.2936660268714,"other_clusters",1742,0.0452350766051343,4.53501722158439,0.053345518845525,2.75864880528702
"S1","DDIT4","candidate_fibroblast_state",1042,0.671750259150768,37.4280230326296,"other_clusters",1742,0.974608411801972,52.4110218140069,-0.302858152651204,-14.9829987813773
"S1","DIAPH1","candidate_fibroblast_state",1042,0.148012299236545,11.0364683301344,"other_clusters",1742,0.239558856257362,18.9437428243398,-0.0915465570208171,-7.90727449420548
"S1","EGLN1","candidate_fibroblast_state",1042,0.146714532102448,10.5566218809981,"other_clusters",1742,0.135013011221567,12.3421354764638,0.011701520880881,-1.78551359546575
"S1","EGLN2","candidate_fibroblast_state",1042,0.239023937828499,17.5623800383877,"other_clusters",1742,0.217543865968581,17.1641791044776,0.0214800718599172,0.398200933910104
"S1","EGLN3","candidate_fibroblast_state",1042,0.0469839866420546,3.26295585412668,"other_clusters",1742,0.19815548800153,15.7864523536165,-0.151171501359475,-12.5234964994899
"S1","ENO1","candidate_fibroblast_state",1042,0.84549245406498,51.3435700575816,"other_clusters",1742,0.9814288406246,60.2755453501722,-0.13593638655962,-8.93197529259063
"S1","EPAS1","candidate_fibroblast_state",1042,0.173307803383892,11.2284069097889,"other_clusters",1742,0.259625251261711,17.6234213547646,-0.0863174478778192,-6.39501444497577
"S1","FAP","candidate_fibroblast_state",1042,0.111064460375971,8.1573896353167,"other_clusters",1742,0.00797969509457649,0.803673938002296,0.103084765281395,7.3537156973144
"S1","FERMT2","candidate_fibroblast_state",1042,0.411108856821219,28.1190019193858,"other_clusters",1742,0.116327871991555,8.95522388059701,0.294780984829664,19.1637780387888
"S1","FLNA","candidate_fibroblast_state",1042,0.697247703375226,43.9539347408829,"other_clusters",1742,0.776992811808843,48.7944890929966,-0.0797451084336169,-4.84055435211364
"S1","FN1","candidate_fibroblast_state",1042,1.25871197262972,63.0518234165067,"other_clusters",1742,0.202505012498298,13.662456946039,1.05620696013142,49.3893664704677
"S1","FOS","candidate_fibroblast_state",1042,2.11685142183953,78.0230326295585,"other_clusters",1742,1.86302795386954,78.3582089552239,0.253823467969994,-0.335176325665344
"S1","FOSB","candidate_fibroblast_state",1042,0.683025518854166,40.3071017274472,"other_clusters",1742,0.649845157148253,40.8151549942595,0.0331803617059133,-0.508053266812261
"S1","FOSL2","candidate_fibroblast_state",1042,0.57442147448771,35.4126679462572,"other_clusters",1742,0.608021794032787,39.2078071182549,-0.0336003195450763,-3.79513917199768
"S1","FYN","candidate_fibroblast_state",1042,0.32240665632877,21.7850287907869,"other_clusters",1742,0.312123214660411,21.3547646383467,0.0102834416683586,0.430264152440223
"S1","GSN","candidate_fibroblast_state",1042,3.3349832271977,96.7370441458733,"other_clusters",1742,1.13856415630486,64.1216991963261,2.19641907089283,32.6153449495473
"S1","HIF1A","candidate_fibroblast_state",1042,0.308912237224181,21.2092130518234,"other_clusters",1742,0.311120992511337,24.3398392652124,-0.00220875528715642,-3.13062621338898
"S1","HK2","candidate_fibroblast_state",1042,0.0290755083704243,2.20729366602687,"other_clusters",1742,0.0551799017836035,5.33869115958668,-0.0261043934131792,-3.13139749355981
"S1","ICAM1","candidate_fibroblast_state",1042,1.02852443574306,52.1113243761996,"other_clusters",1742,0.44707151443499,27.7267508610792,0.581452921308073,24.3845735151204
"S1","IL1B","candidate_fibroblast_state",1042,0.0577987705668122,4.22264875239923,"other_clusters",1742,0.403674696022517,18.886337543054,-0.345875925455705,-14.6636887906547
"S1","IL6","candidate_fibroblast_state",1042,0.542039402527198,27.6391554702495,"other_clusters",1742,0.511083342206546,22.5028702640643,0.030956060320652,5.13628520618522
"S1","ILK","candidate_fibroblast_state",1042,0.402366542134666,27.7351247600768,"other_clusters",1742,0.31050230297518,23.9380022962113,0.0918642391594861,3.79712246386552
"S1","INHBA","candidate_fibroblast_state",1042,0.146079484820001,9.40499040307102,"other_clusters",1742,0.0673052219687462,4.24799081515499,0.0787742628512546,5.15699958791602
"S1","ITGA1","candidate_fibroblast_state",1042,0.0896887398293501,6.33397312859885,"other_clusters",1742,0.024633286843149,2.1239954075775,0.0650554529862011,4.20997772102135
"S1","ITGA11","candidate_fibroblast_state",1042,0.0618900234557954,4.22264875239923,"other_clusters",1742,0.000577426592090417,0.0574052812858783,0.061312596863705,4.16524347111335
"S1","ITGA2","candidate_fibroblast_state",1042,0.00857932681269213,0.671785028790787,"other_clusters",1742,0.0678138878845806,6.65901262916188,-0.0592345610718885,-5.9872276003711
"S1","ITGA5","candidate_fibroblast_state",1042,0.295272249771068,20.6333973128599,"other_clusters",1742,0.132919832013934,10.5625717566016,0.162352417757134,10.0708255562583
"S1","ITGA6","candidate_fibroblast_state",1042,0.0284423743034224,2.20729366602687,"other_clusters",1742,0.17101205645845,13.8920780711825,-0.142569682155028,-11.6847844051557
"S1","ITGA8","candidate_fibroblast_state",1042,0.0301366497192711,2.11132437619962,"other_clusters",1742,0.0466267033629484,3.04247990815155,-0.0164900536436773,-0.931155531951934
"S1","ITGAV","candidate_fibroblast_state",1042,0.268208131977517,18.7140115163148,"other_clusters",1742,0.124472201828175,11.5384615384615,0.143735930149342,7.17554997785324
"S1","ITGB1","candidate_fibroblast_state",1042,1.02549961231815,60.4606525911708,"other_clusters",1742,0.858720398197428,52.7554535017222,0.166779214120724,7.70519908944867
"S1","ITGB3","candidate_fibroblast_state",1042,0.00828052366802648,0.671785028790787,"other_clusters",1742,0.00151068417004813,0.229621125143513,0.00676983949797835,0.442163903647274
"S1","ITGB5","candidate_fibroblast_state",1042,0.307127027285082,21.2092130518234,"other_clusters",1742,0.049995188382265,4.93685419058553,0.257131838902817,16.2723588612379
"S1","JUN","candidate_fibroblast_state",1042,1.81148954407966,74.4721689059501,"other_clusters",1742,1.47911143658485,65.1549942594719,0.332378107494803,9.31717464647822
"S1","JUND","candidate_fibroblast_state",1042,1.05626323226944,59.6928982725528,"other_clusters",1742,1.04504636425147,61.8254879448909,0.0112168680179769,-2.13258967233814
"S1","KCNK2","candidate_fibroblast_state",1042,0.0603329931986986,4.31861804222649,"other_clusters",1742,0.00327556304563009,0.229621125143513,0.0570574301530686,4.08899691708297
"S1","KCNK4","candidate_fibroblast_state",1042,0.0111827889389235,0.863723608445297,"other_clusters",1742,0.00083432569084435,0.0574052812858783,0.0103484632480791,0.806318327159419
"S1","LATS1","candidate_fibroblast_state",1042,0.037661633698204,2.87907869481766,"other_clusters",1742,0.0484693777535377,4.59242250287026,-0.0108077440553338,-1.71334380805261
"S1","LATS2","candidate_fibroblast_state",1042,0.201116276430363,14.3953934740883,"other_clusters",1742,0.0752259928190162,7.23306544202067,0.125890283611347,7.16232803206763
"S1","LDHA","candidate_fibroblast_state",1042,1.89401414206935,85.700575815739,"other_clusters",1742,1.75083514689658,79.8507462686567,0.143178995172773,5.84982954708227
"S1","LIMK1","candidate_fibroblast_state",1042,0.0327561148380519,2.49520153550864,"other_clusters",1742,0.0182024968780188,1.83696900114811,0.0145536179600332,0.658232534360532
"S1","LOX","candidate_fibroblast_state",1042,0.585930216953904,35.4126679462572,"other_clusters",1742,0.0351209113355545,3.04247990815155,0.55080930561835,32.3701880381057
"S1","LOXL2","candidate_fibroblast_state",1042,0.114602369705602,8.25335892514395,"other_clusters",1742,0.0313718300739562,2.58323765786452,0.083230539631646,5.67012126727943
"S1","MCM2","candidate_fibroblast_state",1042,0.0137017021840593,1.05566218809981,"other_clusters",1742,0.0157720717699745,1.83696900114811,-0.00207036958591518,-0.781306813048298
"S1","MCM3","candidate_fibroblast_state",1042,0.0620206089379127,4.41458733205374,"other_clusters",1742,0.0534624605825429,5.16647531572905,0.0085581483553698,-0.751887983675305
"S1","MCM4","candidate_fibroblast_state",1042,0.022490727888491,1.53550863723608,"other_clusters",1742,0.0346079507803988,4.01836969001148,-0.0121172228919078,-2.4828610527754
"S1","MCM5","candidate_fibroblast_state",1042,0.0378770916565465,2.97504798464491,"other_clusters",1742,0.0594112384462292,5.5683122847302,-0.0215341467896827,-2.59326430008528
"S1","MCM6","candidate_fibroblast_state",1042,0.0199268471177376,1.53550863723608,"other_clusters",1742,0.0256420344684958,2.52583237657865,-0.0057151873507582,-0.990323739342561
"S1","MCM7","candidate_fibroblast_state",1042,0.0976712878963458,7.10172744721689,"other_clusters",1742,0.0968449151955858,8.84041331802526,0.000826372700759997,-1.73868587080837
"S1","MKI67","candidate_fibroblast_state",1042,0.00282065125825322,0.287907869481766,"other_clusters",1742,0.0286237146688142,2.41102181400689,-0.025803063410561,-2.12311394452512
"S1","MMP14","candidate_fibroblast_state",1042,0.73162861906175,43.0902111324376,"other_clusters",1742,0.103295797972126,9.29965556831228,0.628332821089624,33.7905555641253
"S1","MMP2","candidate_fibroblast_state",1042,1.84048933594541,72.552783109405,"other_clusters",1742,0.267041468024468,19.6900114810563,1.57344786792094,52.8627716283487
"S1","MYL9","candidate_fibroblast_state",1042,0.919726309096274,48.2725527831094,"other_clusters",1742,0.678817294594057,30.654420206659,0.240909014502217,17.6181325764504
"S1","MYLK","candidate_fibroblast_state",1042,0.258994138907652,16.7946257197697,"other_clusters",1742,0.325043590626946,19.0011481056257,-0.0660494517192935,-2.20652238585604
"S1","NDRG1","candidate_fibroblast_state",1042,0.363128366874651,25.2399232245681,"other_clusters",1742,0.43952907221118,27.0952927669346,-0.0764007053365287,-1.85536954236642
"S1","NF2","candidate_fibroblast_state",1042,0.0547600974704869,4.12667946257198,"other_clusters",1742,0.0425009877156755,4.42020665901263,0.0122591097548114,-0.293527196440652
"S1","NFKB1","candidate_fibroblast_state",1042,0.445249608959214,27.2552783109405,"other_clusters",1742,0.455495349665903,30.9988518943743,-0.0102457407066899,-3.74357358343378
"S1","NFKB2","candidate_fibroblast_state",1042,0.293281368727164,19.8656429942418,"other_clusters",1742,0.298283014255207,24.1102181400689,-0.00500164552804294,-4.24457514582705
"S1","P2RX4","candidate_fibroblast_state",1042,0.0513936276585356,3.83877159309021,"other_clusters",1742,0.0626888338494687,5.2812858783008,-0.0112952061909332,-1.44251428521059
"S1","P2RX7","candidate_fibroblast_state",1042,0.00752722943452604,0.575815738963532,"other_clusters",1742,0.0512707572845108,4.47761194029851,-0.0437435278499847,-3.90179620133498
"S1","PANX1","candidate_fibroblast_state",1042,0.126808751146111,9.11708253358925,"other_clusters",1742,0.0806707103802754,8.43857634902411,0.0461380407658355,0.678506184565142
"S1","PARVA","candidate_fibroblast_state",1042,0.218204885882865,15.7389635316699,"other_clusters",1742,0.0448811165654238,4.36280137772675,0.173323769317441,11.3761621539431
"S1","PCNA","candidate_fibroblast_state",1042,0.152096718278831,10.8445297504798,"other_clusters",1742,0.129104256135572,11.308840413318,0.0229924621432584,-0.464310662838178
"S1","PDGFA","candidate_fibroblast_state",1042,0.120817809525872,7.00575815738964,"other_clusters",1742,0.14029877971775,9.81630309988519,-0.0194809701918783,-2.81054494249555
"S1","PDGFB","candidate_fibroblast_state",1042,0.00980137006766458,0.863723608445297,"other_clusters",1742,0.0818757244364469,7.06084959816303,-0.0720743543687824,-6.19712598971773
"S1","PDGFC","candidate_fibroblast_state",1042,0.049334245063234,3.74280230326296,"other_clusters",1742,0.051019885391308,5.10907003444317,-0.00168564032807409,-1.36626773118021
"S1","PDGFRA","candidate_fibroblast_state",1042,0.618911311610997,38.0038387715931,"other_clusters",1742,0.0390028667483414,3.21469575200919,0.579908444862656,34.7891430195839
"S1","PDGFRB","candidate_fibroblast_state",1042,0.862602870942494,50.1919385796545,"other_clusters",1742,0.1673016605638,11.2514351320321,0.695301210378694,38.9405034476224
"S1","PDK1","candidate_fibroblast_state",1042,0.0646121016819138,4.70249520153551,"other_clusters",1742,0.0674250437025418,6.71641791044776,-0.002812942020628,-2.01392270891225
"S1","PFKFB3","candidate_fibroblast_state",1042,0.235542647009341,15.4510556621881,"other_clusters",1742,0.287943351684022,22.2158438576349,-0.0524007046746807,-6.76478819544681
"S1","PFN1","candidate_fibroblast_state",1042,1.78331161015491,83.9731285988484,"other_clusters",1742,2.46510166448868,94.6039035591274,-0.681790054333769,-10.6307749602791
"S1","PGK1","candidate_fibroblast_state",1042,0.42177651268773,28.6948176583493,"other_clusters",1742,0.584201369192196,41.3892078071183,-0.162424856504466,-12.6943901487689
"S1","PIEZO1","candidate_fibroblast_state",1042,0.0766772825515097,5.56621880998081,"other_clusters",1742,0.074611424070436,6.601607347876,0.00206585848107377,-1.0353885378952
"S1","PIEZO2","candidate_fibroblast_state",1042,0.046153140112866,3.55086372360845,"other_clusters",1742,0.00575847515848024,0.516647531572905,0.0403946649543858,3.03421619203554
"S1","PKD1","candidate_fibroblast_state",1042,0.212972588270491,15.0671785028791,"other_clusters",1742,0.0642594027689617,6.0849598163031,0.148713185501529,8.98221868657598
"S1","PKD2","candidate_fibroblast_state",1042,0.100029535122155,7.38963531669866,"other_clusters",1742,0.0217856339733381,2.23880597014925,0.0782439011488172,5.1508293465494
"S1","POSTN","candidate_fibroblast_state",1042,0.469456712751324,24.0882917466411,"other_clusters",1742,0.151581586803138,10.9644087256028,0.317875125948185,13.1238830210383
"S1","PTGS2","candidate_fibroblast_state",1042,0.301516592814418,16.8905950095969,"other_clusters",1742,0.183582363531215,12.6865671641791,0.117934229283202,4.20402784541782
"S1","PTK2","candidate_fibroblast_state",1042,0.207858834787591,13.6276391554703,"other_clusters",1742,0.137663821096814,10.849598163031,0.0701950136907778,2.77804099243925
"S1","PXN","candidate_fibroblast_state",1042,0.0925807555173245,6.81381957773513,"other_clusters",1742,0.11162015411427,9.81630309988519,-0.0190393985969454,-3.00248352215006
"S1","RAC1","candidate_fibroblast_state",1042,1.22734167276473,68.809980806142,"other_clusters",1742,1.17943137549219,65.1549942594719,0.0479102972725416,3.65498654667016
"S1","RELA","candidate_fibroblast_state",1042,0.173934781103271,12.763915547025,"other_clusters",1742,0.145028674289097,12.9735935706085,0.0289061068141741,-0.209678023583546
"S1","RELB","candidate_fibroblast_state",1042,0.20881342781256,14.9712092130518,"other_clusters",1742,0.207080895976446,16.99196326062,0.00173253183611463,-2.02075404756815
"S1","RHOA","candidate_fibroblast_state",1042,1.07802040069729,62.2840690978887,"other_clusters",1742,0.952873162212952,59.9885189437428,0.125147238484337,2.29555015414586
"S1","RHOB","candidate_fibroblast_state",1042,0.634092201500329,38.6756238003839,"other_clusters",1742,0.411947187194522,25.3157290470723,0.222145014305807,13.3598947533116
"S1","ROCK1","candidate_fibroblast_state",1042,0.299214673797393,20.9213051823417,"other_clusters",1742,0.314406431046563,24.2250287026406,-0.0151917572491698,-3.30372352029899
"S1","ROCK2","candidate_fibroblast_state",1042,0.179634689128805,13.531669865643,"other_clusters",1742,0.13482289246115,11.7680826636051,0.044811796667655,1.76358720203794
"S1","SAV1","candidate_fibroblast_state",1042,0.343637282473248,23.1285988483685,"other_clusters",1742,0.147627601774316,12.8013777267509,0.196009680698932,10.3272211216177
"S1","SERPINE1","candidate_fibroblast_state",1042,0.0698392520594618,4.70249520153551,"other_clusters",1742,0.0433262384039662,3.78874856486797,0.0265130136554956,0.913746636667541
"S1","SLC2A1","candidate_fibroblast_state",1042,0.0605182535671774,4.03071017274472,"other_clusters",1742,0.138578845921574,10.7921928817451,-0.0780605923543964,-6.7614827090004
"S1","SMAD2","candidate_fibroblast_state",1042,0.163778669043485,11.8042226487524,"other_clusters",1742,0.138664047547377,12.6865671641791,0.0251146214961077,-0.882344515426706
"S1","SMAD3","candidate_fibroblast_state",1042,0.18853116709986,14.0115163147793,"other_clusters",1742,0.104477277848804,10.2755453501722,0.0840538892510562,3.73597096460706
"S1","SMAD4","candidate_fibroblast_state",1042,0.109662855827249,8.06142034548944,"other_clusters",1742,0.0882172861962505,8.43857634902411,0.0214455696309985,-0.377156003534667
"S1","SMAD7","candidate_fibroblast_state",1042,0.0521214341941033,3.93474088291747,"other_clusters",1742,0.0311407245003327,3.27210103329506,0.0209807096937706,0.662639849622404
"S1","SNAI1","candidate_fibroblast_state",1042,0.165958424466983,10.9404990403071,"other_clusters",1742,0.066447239827654,5.5683122847302,0.0995111846393293,5.37218675557691
"S1","SOCS3","candidate_fibroblast_state",1042,1.02347225231306,48.6564299424184,"other_clusters",1742,0.746059310563212,43.0539609644087,0.277412941749849,5.6024689780097
"S1","SPARC","candidate_fibroblast_state",1042,2.10473118741313,83.9731285988484,"other_clusters",1742,0.533162091456242,34.5579793340987,1.57156909595688,49.4151492647496
"S1","SRC","candidate_fibroblast_state",1042,0.058957343055588,4.510556621881,"other_clusters",1742,0.0612308949716029,5.97014925373134,-0.00227355191601497,-1.45959263185034
"S1","STAT3","candidate_fibroblast_state",1042,0.728498566696458,44.9136276391555,"other_clusters",1742,0.447372248955537,32.1469575200919,0.281126317740921,12.7666701190636
"S1","STK3","candidate_fibroblast_state",1042,0.174785737774349,12.6679462571977,"other_clusters",1742,0.0772593891243666,7.69230769230769,0.0975263486499826,4.97563856489
"S1","STK4","candidate_fibroblast_state",1042,0.14326645449222,10.3646833013436,"other_clusters",1742,0.802168759843458,46.9575200918485,-0.658902305351237,-36.5928367905049
"S1","TAGLN","candidate_fibroblast_state",1042,0.679500328655175,31.573896353167,"other_clusters",1742,0.700594961307349,28.1285878300804,-0.021094632652174,3.44530852308662
"S1","TEAD1","candidate_fibroblast_state",1042,0.208379869624298,15.0671785028791,"other_clusters",1742,0.0854364484319226,8.15154994259472,0.122943421192375,6.91562856028436
"S1","TEAD2","candidate_fibroblast_state",1042,0.086540828859762,6.62188099808061,"other_clusters",1742,0.038404841269421,3.27210103329506,0.048135987590341,3.34977996478555
"S1","TEAD3","candidate_fibroblast_state",1042,0.0733768291797308,5.08637236084453,"other_clusters",1742,0.0369366775274334,3.9609644087256,0.0364401516522974,1.12540795211893
"S1","TEAD4","candidate_fibroblast_state",1042,0.026002228198364,2.11132437619962,"other_clusters",1742,0.0296973660412258,3.32950631458094,-0.00369513784286184,-1.21818193838133
"S1","TGFB1","candidate_fibroblast_state",1042,0.204527834080797,14.5873320537428,"other_clusters",1742,0.380533093316409,27.0378874856487,-0.176005259235612,-12.4505554319059
"S1","TGFB2","candidate_fibroblast_state",1042,0.0651777674302258,4.60652591170825,"other_clusters",1742,0.020486697272168,1.95177956371986,0.0446910701580578,2.65474634798839
"S1","TGFB3","candidate_fibroblast_state",1042,0.125182963998135,9.021113243762,"other_clusters",1742,0.0453683640923307,3.38691159586682,0.0798145999058046,5.63420164789518
"S1","TGFBR1","candidate_fibroblast_state",1042,0.157978163892123,11.7082533589251,"other_clusters",1742,0.0991726248682581,8.55338691159587,0.0588055390238649,3.15486644732928
"S1","TGFBR2","candidate_fibroblast_state",1042,0.214418292782041,14.9712092130518,"other_clusters",1742,0.197791838469269,15.0401836969001,0.0166264543127716,-0.0689744838482902
"S1","THBS1","candidate_fibroblast_state",1042,0.820465438695805,42.8982725527831,"other_clusters",1742,0.234436787285267,16.3605051664753,0.586028651410538,26.5377673863078
"S1","THBS2","candidate_fibroblast_state",1042,0.78475425234351,44.8176583493282,"other_clusters",1742,0.0801053179531172,7.29047072330654,0.704648934390393,37.5271876260217
"S1","TIMP1","candidate_fibroblast_state",1042,1.83612884938629,82.1497120921305,"other_clusters",1742,1.14966015057565,61.8254879448909,0.686468698810647,20.3242241472396
"S1","TIMP2","candidate_fibroblast_state",1042,1.68337471238399,77.3512476007678,"other_clusters",1742,0.336852018635664,24.4546498277842,1.34652269374833,52.8965977729836
"S1","TIMP3","candidate_fibroblast_state",1042,1.15774712486965,60.3646833013436,"other_clusters",1742,0.378903598508961,23.1917336394948,0.778843526360684,37.1729496618487
"S1","TLN1","candidate_fibroblast_state",1042,0.262859894261916,18.5220729366603,"other_clusters",1742,0.243182020408106,19.0585533869116,0.0196778738538102,-0.536480450251325
"S1","TLN2","candidate_fibroblast_state",1042,0.0610069953383678,4.510556621881,"other_clusters",1742,0.0129790146279633,1.26291618828932,0.0480279807104046,3.24764043359168
"S1","TMEM150C","candidate_fibroblast_state",1042,0.0391134044216419,2.68714011516315,"other_clusters",1742,0.00984949444746478,0.918484500574053,0.0292639099741771,1.7686556145891
"S1","TMEM63A","candidate_fibroblast_state",1042,0.0404410822249738,2.97504798464491,"other_clusters",1742,0.0315543860466517,2.46842709529277,0.00888669617832211,0.506620889352147
"S1","TMEM63B","candidate_fibroblast_state",1042,0.0443653810969228,3.35892514395394,"other_clusters",1742,0.040198116138682,4.07577497129736,0.00416726495824078,-0.716849827343424
"S1","TNC","candidate_fibroblast_state",1042,0.173529550189411,10.3646833013436,"other_clusters",1742,0.0416414503986738,3.4443168771527,0.131888099790737,6.92036642419087
"S1","TNF","candidate_fibroblast_state",1042,0.0284857783907497,2.11132437619962,"other_clusters",1742,0.186150379553826,11.308840413318,-0.157664601163076,-9.19751603711841
"S1","TOP2A","candidate_fibroblast_state",1042,0.00895427591857544,0.671785028790787,"other_clusters",1742,0.0212327472850666,1.72215843857635,-0.0122784713664912,-1.05037340978556
"S1","TPM1","candidate_fibroblast_state",1042,0.965499915726637,54.2226487523992,"other_clusters",1742,0.431753430317549,24.6842709529277,0.533746485409088,29.5383777994716
"S1","TPM2","candidate_fibroblast_state",1042,0.604701865071027,35.2207293666027,"other_clusters",1742,0.615160003161983,27.841561423651,-0.0104581380909562,7.37916794295172
"S1","TRPA1","candidate_fibroblast_state",1042,0,0,"other_clusters",1742,0.000705508379914619,0.0574052812858783,-0.000705508379914619,-0.0574052812858783
"S1","TRPC1","candidate_fibroblast_state",1042,0.0218669472396626,1.53550863723608,"other_clusters",1742,0.0148848595372138,1.20551090700344,0.0069820877024488,0.32999773023264
"S1","TRPC3","candidate_fibroblast_state",1042,0.00164107902699352,0.0959692898272553,"other_clusters",1742,0.00313142056652778,0.229621125143513,-0.00149034153953425,-0.133651835316258
"S1","TRPC6","candidate_fibroblast_state",1042,0.03327622207563,2.20729366602687,"other_clusters",1742,0.0160084994388317,1.54994259471871,0.0172677226367983,0.657351071308157
"S1","TRPV4","candidate_fibroblast_state",1042,0.00707734771329397,0.479846449136276,"other_clusters",1742,0.0068406290050435,0.803673938002296,0.000236718708250466,-0.32382748886602
"S1","UBE2C","candidate_fibroblast_state",1042,0.00707572700575016,0.575815738963532,"other_clusters",1742,0.0287187161215455,2.18140068886338,-0.0216429891157954,-1.60558494989984
"S1","VCL","candidate_fibroblast_state",1042,0.327548559811447,22.6487523992322,"other_clusters",1742,0.198815492238696,16.6475315729047,0.128733067572751,6.00122082632754
"S1","VEGFA","candidate_fibroblast_state",1042,0.198625808398752,13.531669865643,"other_clusters",1742,0.18069990909584,14.0068886337543,0.0179258993029117,-0.475218768111311
"S1","WWTR1","candidate_fibroblast_state",1042,0.447382418864871,29.8464491362764,"other_clusters",1742,0.147365339203637,11.5958668197474,0.300017079661234,18.250582316529
"S1","YAP1","candidate_fibroblast_state",1042,0.281685951428813,19.6737044145873,"other_clusters",1742,0.123482040449201,11.1366245694604,0.158203910979612,8.53707984512694
"S1","ZEB1","candidate_fibroblast_state",1042,0.157472658735357,11.6122840690979,"other_clusters",1742,0.101598996869974,8.03673938002296,0.0558736618653824,3.57554468907493
"S2","ACTA2","candidate_fibroblast_state",1060,0.453324581619521,22.8301886792453,"other_clusters",1610,0.639132202118381,22.7950310559006,-0.18580762049886,0.0351576233446593
"S2","ADM","candidate_fibroblast_state",1060,0.40487621426458,23.5849056603774,"other_clusters",1610,0.114068798827319,8.07453416149068,0.290807415437261,15.5103714988867
"S2","AJUBA","candidate_fibroblast_state",1060,0.026510980951313,1.69811320754717,"other_clusters",1610,0.0182470104797398,1.80124223602484,0.0082639704715732,-0.103129028477675
"S2","AMOTL1","candidate_fibroblast_state",1060,0.151690244409075,10.188679245283,"other_clusters",1610,0.0474585289796033,4.47204968944099,0.104231715429471,5.71662955584203
"S2","AMOTL2","candidate_fibroblast_state",1060,0.166304624345266,10.9433962264151,"other_clusters",1610,0.0409766427816133,3.85093167701863,0.125327981563653,7.09246454939646
"S2","AREG","candidate_fibroblast_state",1060,0.00500541828864503,0.377358490566038,"other_clusters",1610,0.0948193999338503,5.65217391304348,-0.0898139816452053,-5.27481542247744
"S2","ASIC1","candidate_fibroblast_state",1060,0.00168368967448782,0.0943396226415094,"other_clusters",1610,0.000346301308409524,0.062111801242236,0.00133738836607829,0.0322278213992734
"S2","ASIC2","candidate_fibroblast_state",1060,0.00120001904275536,0.0943396226415094,"other_clusters",1610,0,0,0.00120001904275536,0.0943396226415094
"S2","ASIC3","candidate_fibroblast_state",1060,0.000748635456962748,0.0943396226415094,"other_clusters",1610,0.00108300470336857,0.124223602484472,-0.000334369246405827,-0.0298839798429626
"S2","ATF3","candidate_fibroblast_state",1060,0.663042679956264,35.5660377358491,"other_clusters",1610,0.469997973438455,26.8944099378882,0.193044706517809,8.67162779796085
"S2","BCAR1","candidate_fibroblast_state",1060,0.136431994218443,9.15094339622642,"other_clusters",1610,0.102210586472096,8.4472049689441,0.0342214077463463,0.703738427282316
"S2","BIRC5","candidate_fibroblast_state",1060,0.0076784394137603,0.566037735849057,"other_clusters",1610,0.0109541771884139,1.05590062111801,-0.00327573777465361,-0.489862885268956
"S2","BNIP3","candidate_fibroblast_state",1060,0.120863562129367,8.58490566037736,"other_clusters",1610,0.0778467535962789,5.96273291925466,0.0430168085330877,2.6221727411227
"S2","CA9","candidate_fibroblast_state",1060,0,0,"other_clusters",1610,0.000436800012539512,0.062111801242236,-0.000436800012539512,-0.062111801242236
"S2","CAV1","candidate_fibroblast_state",1060,1.43419908626613,66.5094339622642,"other_clusters",1610,0.881187129554401,39.4409937888199,0.553011956711725,27.0684401734443
"S2","CCL2","candidate_fibroblast_state",1060,1.47487918454833,55.5660377358491,"other_clusters",1610,0.9482784679237,37.7639751552795,0.526600716624634,17.8020625805696
"S2","CCNA2","candidate_fibroblast_state",1060,0.0031527171130468,0.188679245283019,"other_clusters",1610,0.00241664132085832,0.31055900621118,0.000736075792188476,-0.121879760928161
"S2","CCNB1","candidate_fibroblast_state",1060,0.0174753031319987,1.22641509433962,"other_clusters",1610,0.0122412714295958,1.05590062111801,0.00523403170240294,0.17051447322161
"S2","CCNB2","candidate_fibroblast_state",1060,0,0,"other_clusters",1610,0.00183075115011684,0.31055900621118,-0.00183075115011684,-0.31055900621118
"S2","CDC20","candidate_fibroblast_state",1060,0.00649617884684362,0.377358490566038,"other_clusters",1610,0.00964219237182447,0.683229813664596,-0.00314601352498085,-0.305871323098558
"S2","CDC42","candidate_fibroblast_state",1060,1.16834885214858,62.1698113207547,"other_clusters",1610,1.13197119061896,58.6335403726708,0.0363776615296165,3.53627094808391
"S2","CDK1","candidate_fibroblast_state",1060,0.00504441335193911,0.377358490566038,"other_clusters",1610,0.01623334066138,1.36645962732919,-0.0111889273094409,-0.989101136763155
"S2","CDK2","candidate_fibroblast_state",1060,0.0612281675687619,4.15094339622642,"other_clusters",1610,0.0665551825550755,5.40372670807453,-0.00532701498631354,-1.25278331184812
"S2","CENPF","candidate_fibroblast_state",1060,0,0,"other_clusters",1610,0.00831003754312753,0.807453416149068,-0.00831003754312753,-0.807453416149068
"S2","CFL1","candidate_fibroblast_state",1060,1.84504453205832,83.6792452830189,"other_clusters",1610,1.87531920286344,77.8260869565217,-0.0302746708051198,5.85315832649714
"S2","CNN1","candidate_fibroblast_state",1060,0.0371349014918036,2.45283018867925,"other_clusters",1610,0.196827923212821,10.8695652173913,-0.159693021721017,-8.41673502871206
"S2","CNN2","candidate_fibroblast_state",1060,0.219832758287351,14.811320754717,"other_clusters",1610,0.236977988457704,16.3354037267081,-0.0171452301703536,-1.5240829719911
"S2","COL1A1","candidate_fibroblast_state",1060,2.49975457138659,83.4905660377358,"other_clusters",1610,0.301707534753025,20.3105590062112,2.19804703663357,63.1800070315247
"S2","COL1A2","candidate_fibroblast_state",1060,2.77501986939805,90.188679245283,"other_clusters",1610,0.253670921769524,17.639751552795,2.52134894762853,72.548927692488
"S2","COL3A1","candidate_fibroblast_state",1060,2.35279684717197,83.1132075471698,"other_clusters",1610,0.178058249487511,12.6086956521739,2.17473859768446,70.5045118949959
"S2","COL5A1","candidate_fibroblast_state",1060,0.438360055000311,26.7924528301887,"other_clusters",1610,0.026280925175393,1.98757763975155,0.412079129824918,24.8048751904371
"S2","COL5A2","candidate_fibroblast_state",1060,0.482588170096514,29.622641509434,"other_clusters",1610,0.0277127719365224,2.2360248447205,0.454875398159991,27.3866166647135
"S2","COL6A1","candidate_fibroblast_state",1060,1.97086398627338,81.9811320754717,"other_clusters",1610,0.145689304455377,10.5590062111801,1.825174681818,71.4221258642916
"S2","COL6A2","candidate_fibroblast_state",1060,2.38564015124542,89.622641509434,"other_clusters",1610,0.242945741965228,16.4596273291925,2.1426944092802,73.1630141802414
"S2","COL6A3","candidate_fibroblast_state",1060,1.3133212090476,66.2264150943396,"other_clusters",1610,0.099260490922845,7.32919254658385,1.21406071812475,58.8972225477558
"S2","CTGF","candidate_fibroblast_state",1060,0.763778472857082,39.7169811320755,"other_clusters",1610,0.443389113019866,19.5031055900621,0.320389359837217,20.2138755420134
"S2","CTHRC1","candidate_fibroblast_state",1060,0.30807982467726,14.811320754717,"other_clusters",1610,0.142692271700702,10.3726708074534,0.165387552976558,4.43864994726357
"S2","CXCL1","candidate_fibroblast_state",1060,0.522201877182626,23.2075471698113,"other_clusters",1610,0.131716307614487,8.81987577639751,0.390485569568139,14.3876713934138
"S2","CXCL2","candidate_fibroblast_state",1060,1.36822289826077,47.5471698113208,"other_clusters",1610,0.691730510582919,30.5590062111801,0.676492387677849,16.9881636001406
"S2","CXCL3","candidate_fibroblast_state",1060,0.784776352522231,33.3018867924528,"other_clusters",1610,0.338512592692826,17.2049689440994,0.446263759829405,16.0969178483534
"S2","CYR61","candidate_fibroblast_state",1060,1.10246833680905,52.2641509433962,"other_clusters",1610,0.290950237242826,16.832298136646,0.811518099566224,35.4318528067503
"S2","DAG1","candidate_fibroblast_state",1060,0.113549319069926,7.92452830188679,"other_clusters",1610,0.0339643777039917,2.98136645962733,0.0795849413659343,4.94316184225946
"S2","DDIT4","candidate_fibroblast_state",1060,0.895189205370238,43.3962264150943,"other_clusters",1610,0.813949525547557,39.6273291925466,0.0812396798226811,3.76889722254776
"S2","DIAPH1","candidate_fibroblast_state",1060,0.090649646023418,6.32075471698113,"other_clusters",1610,0.15362858195279,11.4906832298137,-0.0629789359293725,-5.16992851283253
"S2","EGLN1","candidate_fibroblast_state",1060,0.143056052494742,10.2830188679245,"other_clusters",1610,0.137121194426748,10.5590062111801,0.00593485806799365,-0.275987343255595
"S2","EGLN2","candidate_fibroblast_state",1060,0.157439194014249,11.5094339622642,"other_clusters",1610,0.161658277400875,12.5465838509317,-0.00421908338662597,-1.03714988866753
"S2","EGLN3","candidate_fibroblast_state",1060,0.0225036401620748,1.60377358490566,"other_clusters",1610,0.110547787268131,8.63354037267081,-0.088044147106056,-7.02976678776515
"S2","ENO1","candidate_fibroblast_state",1060,0.71978652430063,44.4339622641509,"other_clusters",1610,0.766321009040862,44.7204968944099,-0.0465344847402323,-0.286534630258998
"S2","EPAS1","candidate_fibroblast_state",1060,0.218617121689478,13.7735849056604,"other_clusters",1610,0.369458836005733,23.7888198757764,-0.150841714316255,-10.015234970116
"S2","FAP","candidate_fibroblast_state",1060,0.0827050675553565,5.94339622641509,"other_clusters",1610,0.00579272999458149,0.559006211180124,0.076912337560775,5.38439001523497
"S2","FERMT2","candidate_fibroblast_state",1060,0.351197787990261,23.2075471698113,"other_clusters",1610,0.129299596914711,9.75155279503106,0.22189819107555,13.4559943747803
"S2","FLNA","candidate_fibroblast_state",1060,0.506954252260957,31.6037735849057,"other_clusters",1610,0.50839604587938,30.8074534161491,-0.00144179361842334,0.796320168756594
"S2","FN1","candidate_fibroblast_state",1060,0.952174172260669,49.811320754717,"other_clusters",1610,0.103915897688769,6.70807453416149,0.848258274571899,43.1032462205555
"S2","FOS","candidate_fibroblast_state",1060,2.43737710929976,80.377358490566,"other_clusters",1610,1.74943175938429,65.7763975155279,0.687945349915467,14.6009609750381
"S2","FOSB","candidate_fibroblast_state",1060,0.942372901491774,50.377358490566,"other_clusters",1610,0.544563086478682,32.360248447205,0.397809815013092,18.0171100433611
"S2","FOSL2","candidate_fibroblast_state",1060,0.497703316565127,29.622641509434,"other_clusters",1610,0.58738867289935,35.5900621118012,-0.0896853563342238,-5.96742060236728
"S2","FYN","candidate_fibroblast_state",1060,0.239533886727553,16.7924528301887,"other_clusters",1610,0.218535744381303,13.6645962732919,0.02099814234625,3.12785655689675
"S2","GSN","candidate_fibroblast_state",1060,2.80736344822154,90.9433962264151,"other_clusters",1610,0.795053388160614,43.3540372670807,2.01231006006093,47.5893589593344
"S2","HIF1A","candidate_fibroblast_state",1060,0.21117164050257,14.3396226415094,"other_clusters",1610,0.261401439872959,18.5093167701863,-0.0502297993703889,-4.1696941286769
"S2","HK2","candidate_fibroblast_state",1060,0.0171482992077561,1.22641509433962,"other_clusters",1610,0.0283332186348019,2.2360248447205,-0.0111849194270458,-1.00960975038087
"S2","ICAM1","candidate_fibroblast_state",1060,0.741114852408774,38.6792452830189,"other_clusters",1610,0.435970489611574,22.6086956521739,0.305144362797199,16.070549630845
"S2","IL1B","candidate_fibroblast_state",1060,0.0246040490916353,1.79245283018868,"other_clusters",1610,0.224726019906361,9.06832298136646,-0.200121970814726,-7.27587015117778
"S2","IL6","candidate_fibroblast_state",1060,0.434697698385833,23.1132075471698,"other_clusters",1610,0.7191955046743,26.3975155279503,-0.284497806288466,-3.2843079807805
"S2","ILK","candidate_fibroblast_state",1060,0.383702073135289,25.0943396226415,"other_clusters",1610,0.26092116335698,17.9503105590062,0.122780909778309,7.1440290636353
"S2","INHBA","candidate_fibroblast_state",1060,0.0890215676198082,5.84905660377358,"other_clusters",1610,0.178457904882144,7.95031055900621,-0.0894363372623361,-2.10125395523263
"S2","ITGA1","candidate_fibroblast_state",1060,0.0907904034275134,6.22641509433962,"other_clusters",1610,0.0375443778029019,2.85714285714286,0.0532460256246115,3.36927223719677
"S2","ITGA11","candidate_fibroblast_state",1060,0.100184014365869,6.41509433962264,"other_clusters",1610,0.00189892566544056,0.186335403726708,0.098285088700428,6.22875893589593
"S2","ITGA2","candidate_fibroblast_state",1060,0.00706749422367866,0.754716981132076,"other_clusters",1610,0.0163768642604579,2.11180124223602,-0.00930937003677922,-1.35708426110395
"S2","ITGA5","candidate_fibroblast_state",1060,0.177980787049326,12.3584905660377,"other_clusters",1610,0.106557123823122,8.63354037267081,0.0714236632262041,3.72495019336693
"S2","ITGA6","candidate_fibroblast_state",1060,0.0313574106751774,2.16981132075472,"other_clusters",1610,0.178343180279279,12.8571428571429,-0.146985769604102,-10.6873315363881
"S2","ITGA8","candidate_fibroblast_state",1060,0.0218021786462042,1.50943396226415,"other_clusters",1610,0.0528839916863856,3.72670807453416,-0.0310818130401814,-2.21727411227001
"S2","ITGAV","candidate_fibroblast_state",1060,0.195743405279694,13.3962264150943,"other_clusters",1610,0.0934759534971496,8.38509316770186,0.102267451782545,5.01113324739248
"S2","ITGB1","candidate_fibroblast_state",1060,0.853606325629683,50.0943396226415,"other_clusters",1610,0.601392638589599,36.7080745341615,0.252213687040085,13.38626508848
"S2","ITGB3","candidate_fibroblast_state",1060,0.00305596707964515,0.283018867924528,"other_clusters",1610,0.006477071544837,0.559006211180124,-0.00342110446519184,-0.275987343255596
"S2","ITGB5","candidate_fibroblast_state",1060,0.235493833175209,15.5660377358491,"other_clusters",1610,0.0204881830791102,1.67701863354037,0.215005650096099,13.8890191023087
"S2","JUN","candidate_fibroblast_state",1060,2.01098197454054,74.811320754717,"other_clusters",1610,1.13718755776526,48.4472049689441,0.873794416775278,26.3641157857729
"S2","JUND","candidate_fibroblast_state",1060,1.14845829358817,60.377358490566,"other_clusters",1610,0.914208045523454,49.6273291925466,0.234250248064713,10.7500292980195
"S2","KCNK2","candidate_fibroblast_state",1060,0.047018137102746,3.77358490566038,"other_clusters",1610,0,0,0.047018137102746,3.77358490566038
"S2","KCNK4","candidate_fibroblast_state",1060,0.0153709364983762,1.13207547169811,"other_clusters",1610,0.00072165211321947,0.062111801242236,0.0146492843851568,1.06996367045588
"S2","LATS1","candidate_fibroblast_state",1060,0.075256650507344,5.28301886792453,"other_clusters",1610,0.0341808090813445,3.1055900621118,0.0410758414259994,2.17742880581273
"S2","LATS2","candidate_fibroblast_state",1060,0.122672837804634,8.49056603773585,"other_clusters",1610,0.0462382769443721,4.03726708074534,0.0764345608602615,4.45329895699051
"S2","LDHA","candidate_fibroblast_state",1060,1.7563208853446,78.6792452830189,"other_clusters",1610,1.55408485940432,67.639751552795,0.202236025940277,11.0394937302238
"S2","LIMK1","candidate_fibroblast_state",1060,0.0335634588674628,2.35849056603774,"other_clusters",1610,0.0157623108526868,1.36645962732919,0.017801148014776,0.992030938708544
"S2","LOX","candidate_fibroblast_state",1060,0.373516349900587,22.4528301886792,"other_clusters",1610,0.0161332093378463,1.24223602484472,0.357383140562741,21.2105941638345
"S2","LOXL2","candidate_fibroblast_state",1060,0.122670319558406,8.49056603773585,"other_clusters",1610,0.0291941585843488,2.60869565217391,0.0934761609740573,5.88187038556194
"S2","MCM2","candidate_fibroblast_state",1060,0.0135078579475353,1.0377358490566,"other_clusters",1610,0.00601074391928004,0.62111801242236,0.0074971140282553,0.416617836634244
"S2","MCM3","candidate_fibroblast_state",1060,0.0493778216135412,3.49056603773585,"other_clusters",1610,0.0527513481637759,4.28571428571429,-0.00337352655023474,-0.795148247978437
"S2","MCM4","candidate_fibroblast_state",1060,0.0241636342555532,1.69811320754717,"other_clusters",1610,0.0217854139954134,2.2360248447205,0.00237822026013981,-0.537911637173327
"S2","MCM5","candidate_fibroblast_state",1060,0.0313769677794208,2.07547169811321,"other_clusters",1610,0.0341922356931127,2.98136645962733,-0.00281526791369199,-0.905894761514122
"S2","MCM6","candidate_fibroblast_state",1060,0.0278562592754447,2.16981132075472,"other_clusters",1610,0.0217881672571124,1.49068322981366,0.00606809201833236,0.679128090941052
"S2","MCM7","candidate_fibroblast_state",1060,0.0915667602224427,6.0377358490566,"other_clusters",1610,0.0575050849059792,4.72049689440994,0.0340616753164635,1.31723895464667
"S2","MKI67","candidate_fibroblast_state",1060,0.00117966639519179,0.0943396226415094,"other_clusters",1610,0.00661258928895999,0.683229813664596,-0.0054329228937682,-0.588890191023087
"S2","MMP14","candidate_fibroblast_state",1060,0.445268613640037,27.1698113207547,"other_clusters",1610,0.0556650142532374,4.6583850931677,0.389603599386799,22.511426227587
"S2","MMP2","candidate_fibroblast_state",1060,1.55466436591222,64.811320754717,"other_clusters",1610,0.110709711109746,8.4472049689441,1.44395465480248,56.3641157857729
"S2","MYL9","candidate_fibroblast_state",1060,0.981038945727845,51.3207547169811,"other_clusters",1610,0.714887660479283,28.2608695652174,0.266151285248562,23.0598851517637
"S2","MYLK","candidate_fibroblast_state",1060,0.227538427184626,13.9622641509434,"other_clusters",1610,0.312966253696113,18.7577639751553,-0.0854278265114863,-4.79549982421188
"S2","NDRG1","candidate_fibroblast_state",1060,0.246886493734187,16.4150943396226,"other_clusters",1610,0.229106547580439,15.4658385093168,0.0177799461537473,0.949255830305871
"S2","NF2","candidate_fibroblast_state",1060,0.0529433269023355,3.86792452830189,"other_clusters",1610,0.0293992834964888,2.4223602484472,0.0235440434058467,1.44556427985468
"S2","NFKB1","candidate_fibroblast_state",1060,0.372096637461436,22.9245283018868,"other_clusters",1610,0.359255650033395,23.167701863354,0.0128409874280415,-0.243173561467245
"S2","NFKB2","candidate_fibroblast_state",1060,0.204160407882442,13.7735849056604,"other_clusters",1610,0.152635333708359,11.8012422360248,0.0515250741740826,1.97234266963553
"S2","P2RX4","candidate_fibroblast_state",1060,0.0404759881830299,3.0188679245283,"other_clusters",1610,0.0266969753322203,2.17391304347826,0.0137790128508096,0.844954881050041
"S2","P2RX7","candidate_fibroblast_state",1060,0.0105837333792558,0.754716981132076,"other_clusters",1610,0.0199968103236468,1.67701863354037,-0.00941307694439097,-0.922301652408297
"S2","PANX1","candidate_fibroblast_state",1060,0.0822286774179276,5.84905660377358,"other_clusters",1610,0.0348019233567094,2.91925465838509,0.0474267540612181,2.92980194538849
"S2","PARVA","candidate_fibroblast_state",1060,0.240813439203492,16.5094339622642,"other_clusters",1610,0.0430689977366575,3.85093167701863,0.197744441466835,12.6585022852455
"S2","PCNA","candidate_fibroblast_state",1060,0.162190792671899,10.9433962264151,"other_clusters",1610,0.120407963650015,9.25465838509317,0.0417828290218838,1.68873784132193
"S2","PDGFA","candidate_fibroblast_state",1060,0.137278418845396,6.79245283018868,"other_clusters",1610,0.194118772391699,12.0496894409938,-0.0568403535463035,-5.25723661080511
"S2","PDGFB","candidate_fibroblast_state",1060,0.00649838453309843,0.566037735849057,"other_clusters",1610,0.0326874719245588,3.1055900621118,-0.0261890873914604,-2.53955232626274
"S2","PDGFC","candidate_fibroblast_state",1060,0.0561307269031138,3.67924528301887,"other_clusters",1610,0.0461883116760144,3.54037267080745,0.00994241522709939,0.138872612211415
"S2","PDGFRA","candidate_fibroblast_state",1060,0.628696195229016,36.6981132075472,"other_clusters",1610,0.0206063316135059,1.73913043478261,0.60808986361551,34.9589827727646
"S2","PDGFRB","candidate_fibroblast_state",1060,0.811300534270368,45.9433962264151,"other_clusters",1610,0.144233811638044,9.62732919254658,0.667066722632324,36.3160670338685
"S2","PDK1","candidate_fibroblast_state",1060,0.0326772211225171,2.45283018867925,"other_clusters",1610,0.0462898107287909,3.85093167701863,-0.0136125896062738,-1.39810148833939
"S2","PFKFB3","candidate_fibroblast_state",1060,0.122103004421236,8.20754716981132,"other_clusters",1610,0.158080430917649,11.5527950310559,-0.0359774264964131,-3.34524786124458
"S2","PFN1","candidate_fibroblast_state",1060,1.74238420440991,80.4716981132076,"other_clusters",1610,1.94171350136892,77.0807453416149,-0.199329296959006,3.39095277159264
"S2","PGK1","candidate_fibroblast_state",1060,0.409891970240238,26.6981132075472,"other_clusters",1610,0.431182308069464,29.2546583850932,-0.0212903378292257,-2.556545177546
"S2","PIEZO1","candidate_fibroblast_state",1060,0.0642252657104421,4.71698113207547,"other_clusters",1610,0.0589681474228098,4.59627329192547,0.00525711828763228,0.120707840150006
"S2","PIEZO2","candidate_fibroblast_state",1060,0.043200961784498,2.92452830188679,"other_clusters",1610,0.0047593600850884,0.496894409937888,0.0384416016994096,2.4276338919489
"S2","PKD1","candidate_fibroblast_state",1060,0.172826629075662,11.5094339622642,"other_clusters",1610,0.0377610069911041,3.54037267080745,0.135065622084558,7.9690612914567
"S2","PKD2","candidate_fibroblast_state",1060,0.0937561659632664,6.41509433962264,"other_clusters",1610,0.0224612571318747,1.61490683229814,0.0712949088313917,4.80018750732451
"S2","POSTN","candidate_fibroblast_state",1060,0.456239879075369,21.5094339622642,"other_clusters",1610,0.0627483013178796,4.59627329192547,0.393491577757489,16.9131606703387
"S2","PTGS2","candidate_fibroblast_state",1060,0.197752940993794,11.3207547169811,"other_clusters",1610,0.0992009986252392,6.39751552795031,0.0985519423685546,4.92323918903082
"S2","PTK2","candidate_fibroblast_state",1060,0.217987244519118,13.9622641509434,"other_clusters",1610,0.112192063545903,8.88198757763975,0.105795180973216,5.08027657330364
"S2","PXN","candidate_fibroblast_state",1060,0.042960966548239,3.30188679245283,"other_clusters",1610,0.0636285326977751,5.40372670807453,-0.0206675661495361,-2.1018399156217
"S2","RAC1","candidate_fibroblast_state",1060,1.46701957035709,75.2830188679245,"other_clusters",1610,1.06273442015846,53.1055900621118,0.40428515019863,22.1774288058127
"S2","RELA","candidate_fibroblast_state",1060,0.121771318870285,8.67924528301887,"other_clusters",1610,0.100329136657356,8.50931677018634,0.0214421822129295,0.169928512832531
"S2","RELB","candidate_fibroblast_state",1060,0.126155756970375,8.67924528301887,"other_clusters",1610,0.139494179314192,10.2484472049689,-0.0133384223438175,-1.56920192195008
"S2","RHOA","candidate_fibroblast_state",1060,1.07371657739992,58.9622641509434,"other_clusters",1610,0.810871774500811,48.0745341614907,0.262844802899108,10.8877299894527
"S2","RHOB","candidate_fibroblast_state",1060,0.636627024795668,36.8867924528302,"other_clusters",1610,0.536100370696516,27.639751552795,0.100526654099153,9.24704090003515
"S2","ROCK1","candidate_fibroblast_state",1060,0.234855843428508,16.2264150943396,"other_clusters",1610,0.265366828695273,19.1304347826087,-0.0305109852667645,-2.90401968826907
"S2","ROCK2","candidate_fibroblast_state",1060,0.20745427924914,14.1509433962264,"other_clusters",1610,0.135295273517308,10.6832298136646,0.0721590057318321,3.46771358256182
"S2","SAV1","candidate_fibroblast_state",1060,0.341045925189197,22.7358490566038,"other_clusters",1610,0.188098430852871,14.223602484472,0.152947494336326,8.51224657213173
"S2","SERPINE1","candidate_fibroblast_state",1060,0.0659086169065041,4.62264150943396,"other_clusters",1610,0.0273226852948534,1.98757763975155,0.0385859316116507,2.63506386968241
"S2","SLC2A1","candidate_fibroblast_state",1060,0.0181412503492397,1.32075471698113,"other_clusters",1610,0.0482787623353908,4.09937888198758,-0.0301375119861511,-2.77862416500645
"S2","SMAD2","candidate_fibroblast_state",1060,0.185116456453055,13.4905660377358,"other_clusters",1610,0.109933626399566,8.63354037267081,0.0751828300534895,4.85702566506504
"S2","SMAD3","candidate_fibroblast_state",1060,0.112880165316473,8.11320754716981,"other_clusters",1610,0.0625116813665453,5.3416149068323,0.0503684839499276,2.77159264033751
"S2","SMAD4","candidate_fibroblast_state",1060,0.110098778673226,7.64150943396226,"other_clusters",1610,0.0609113841797868,4.96894409937888,0.0491873944934397,2.67256533458338
"S2","SMAD7","candidate_fibroblast_state",1060,0.0434241528410227,3.11320754716981,"other_clusters",1610,0.0228662328007131,1.98757763975155,0.0205579200403096,1.12562990741826
"S2","SNAI1","candidate_fibroblast_state",1060,0.189041373817205,11.6981132075472,"other_clusters",1610,0.047226940535125,3.7888198757764,0.14181443328208,7.90929333177077
"S2","SOCS3","candidate_fibroblast_state",1060,1.13660522623842,50.9433962264151,"other_clusters",1610,0.70554548987315,35.0931677018634,0.431059736365272,15.8502285245517
"S2","SPARC","candidate_fibroblast_state",1060,1.95462390913968,80.377358490566,"other_clusters",1610,0.505003388716306,30.0621118012422,1.44962052042338,50.3152466893238
"S2","SRC","candidate_fibroblast_state",1060,0.0281439387301475,2.16981132075472,"other_clusters",1610,0.0187070109121632,1.61490683229814,0.00943692781798429,0.55490448845658
"S2","STAT3","candidate_fibroblast_state",1060,0.614837006071786,37.3584905660377,"other_clusters",1610,0.408839718387296,27.3913043478261,0.20599728768449,9.96718621821164
"S2","STK3","candidate_fibroblast_state",1060,0.184212581943853,12.7358490566038,"other_clusters",1610,0.08439355801406,6.8944099378882,0.0998190239297933,5.84143911871558
"S2","STK4","candidate_fibroblast_state",1060,0.090413553135584,6.32075471698113,"other_clusters",1610,0.474846151114332,24.9689440993789,-0.384432597978748,-18.6481893823977
"S2","TAGLN","candidate_fibroblast_state",1060,0.67518335405806,29.811320754717,"other_clusters",1610,0.814729345369286,28.5714285714286,-0.139545991311227,1.23989218328841
"S2","TEAD1","candidate_fibroblast_state",1060,0.173666607645351,12.3584905660377,"other_clusters",1610,0.071199846065395,6.2111801242236,0.102466761579956,6.14731044181413
"S2","TEAD2","candidate_fibroblast_state",1060,0.0821349582258438,6.0377358490566,"other_clusters",1610,0.03614329907326,3.16770186335404,0.0459916591525837,2.87003398570257
"S2","TEAD3","candidate_fibroblast_state",1060,0.0475009944705269,3.30188679245283,"other_clusters",1610,0.0287163611545961,2.36024844720497,0.0187846333159307,0.941638345247861
"S2","TEAD4","candidate_fibroblast_state",1060,0.0113006185480256,0.943396226415094,"other_clusters",1610,0.0297201784048395,2.60869565217391,-0.0184195598568139,-1.66529942575882
"S2","TGFB1","candidate_fibroblast_state",1060,0.206123749956649,14.2452830188679,"other_clusters",1610,0.25999064007515,16.832298136646,-0.053866890118501,-2.58701511777804
"S2","TGFB2","candidate_fibroblast_state",1060,0.0831275927120654,5.75471698113208,"other_clusters",1610,0.0360371998432814,2.36024844720497,0.0470903928687841,3.39446853392711
"S2","TGFB3","candidate_fibroblast_state",1060,0.0805911219259882,5.94339622641509,"other_clusters",1610,0.0374108530593383,3.04347826086957,0.0431802688666499,2.89991796554553
"S2","TGFBR1","candidate_fibroblast_state",1060,0.124085799838545,8.30188679245283,"other_clusters",1610,0.0578465002840695,4.59627329192547,0.0662392995544755,3.70561350052736
"S2","TGFBR2","candidate_fibroblast_state",1060,0.203372436286072,14.3396226415094,"other_clusters",1610,0.263970721061945,17.8260869565217,-0.0605982847758724,-3.4864643150123
"S2","THBS1","candidate_fibroblast_state",1060,0.37939614866276,21.6981132075472,"other_clusters",1610,0.280266027803316,15.7142857142857,0.0991301208594444,5.98382749326146
"S2","THBS2","candidate_fibroblast_state",1060,0.554169108932413,31.9811320754717,"other_clusters",1610,0.0207302306257597,1.86335403726708,0.533438878306654,30.1177780382046
"S2","TIMP1","candidate_fibroblast_state",1060,1.73675014836739,78.7735849056604,"other_clusters",1610,0.69924251295698,39.1304347826087,1.03750763541041,39.6431501230517
"S2","TIMP2","candidate_fibroblast_state",1060,1.39895088444646,68.8679245283019,"other_clusters",1610,0.214469301291663,15.5900621118012,1.18448158315479,53.2778624165006
"S2","TIMP3","candidate_fibroblast_state",1060,1.2645387985374,60,"other_clusters",1610,0.516978144835153,29.6273291925466,0.747560653702246,30.3726708074534
"S2","TLN1","candidate_fibroblast_state",1060,0.263227116063293,17.7358490566038,"other_clusters",1610,0.228054630624174,16.1490683229814,0.0351724854391185,1.5867807336224
"S2","TLN2","candidate_fibroblast_state",1060,0.0508509707956874,3.67924528301887,"other_clusters",1610,0.0109118460957922,0.93167701863354,0.0399391246998952,2.74756826438533
"S2","TMEM150C","candidate_fibroblast_state",1060,0.0544174228071459,3.67924528301887,"other_clusters",1610,0.0187932046303576,1.86335403726708,0.0356242181767883,1.81589124575179
"S2","TMEM63A","candidate_fibroblast_state",1060,0.0514042219943995,3.67924528301887,"other_clusters",1610,0.0161035488504467,1.18012422360248,0.0353006731439528,2.49912105941638
"S2","TMEM63B","candidate_fibroblast_state",1060,0.0276731835207868,1.9811320754717,"other_clusters",1610,0.0278033793988005,2.4223602484472,-0.000130195878013693,-0.441228172975507
"S2","TNC","candidate_fibroblast_state",1060,0.198918749348637,11.3207547169811,"other_clusters",1610,0.106862364635981,6.58385093167702,0.0920563847126561,4.73690378530411
"S2","TNF","candidate_fibroblast_state",1060,0.0184998211807396,1.41509433962264,"other_clusters",1610,0.131126848052187,7.01863354037267,-0.112627026871447,-5.60353920075003
"S2","TOP2A","candidate_fibroblast_state",1060,0.00280898136873613,0.283018867924528,"other_clusters",1610,0.00744700972715573,0.683229813664596,-0.00463802835841959,-0.400210945740068
"S2","TPM1","candidate_fibroblast_state",1060,0.814477483732424,45.8490566037736,"other_clusters",1610,0.472444787153139,25.6521739130435,0.342032696579285,20.1968826907301
"S2","TPM2","candidate_fibroblast_state",1060,0.654333769389069,37.1698113207547,"other_clusters",1610,0.693576264166788,25.2173913043478,-0.0392424947777189,11.9524200164069
"S2","TRPA1","candidate_fibroblast_state",1060,0.000639081606921844,0.0943396226415094,"other_clusters",1610,0,0,0.000639081606921844,0.0943396226415094
"S2","TRPC1","candidate_fibroblast_state",1060,0.0279844464870121,1.88679245283019,"other_clusters",1610,0.00751685531831728,0.62111801242236,0.0204675911686948,1.26567444040783
"S2","TRPC3","candidate_fibroblast_state",1060,0.00117250196659992,0.0943396226415094,"other_clusters",1610,0.00299467801853486,0.248447204968944,-0.00182217605193494,-0.154107582327435
"S2","TRPC6","candidate_fibroblast_state",1060,0.0198195504643233,1.41509433962264,"other_clusters",1610,0.0129569062659755,0.93167701863354,0.00686264419834779,0.483417320989101
"S2","TRPV4","candidate_fibroblast_state",1060,0.00218001726847324,0.188679245283019,"other_clusters",1610,0.00133422827739004,0.124223602484472,0.000845788991083202,0.0644556427985468
"S2","UBE2C","candidate_fibroblast_state",1060,0.00296483341799172,0.188679245283019,"other_clusters",1610,0.00588015413925921,0.559006211180124,-0.00291532072126749,-0.370326965897105
"S2","VCL","candidate_fibroblast_state",1060,0.232306894039812,16.2264150943396,"other_clusters",1610,0.160295171148828,12.2981366459627,0.0720117228909835,3.92827844837689
"S2","VEGFA","candidate_fibroblast_state",1060,0.18422658218335,11.9811320754717,"other_clusters",1610,0.101289861019769,7.57763975155279,0.0829367211635819,4.4034923239189
"S2","WWTR1","candidate_fibroblast_state",1060,0.399893334770945,26.1320754716981,"other_clusters",1610,0.175982359963571,12.7329192546584,0.223910974807373,13.3991562170397
"S2","YAP1","candidate_fibroblast_state",1060,0.276553027606429,18.5849056603774,"other_clusters",1610,0.0999478958189865,8.26086956521739,0.176605131787442,10.32403609516
"S2","ZEB1","candidate_fibroblast_state",1060,0.187761121460233,12.8301886792453,"other_clusters",1610,0.116100068207809,9.00621118012422,0.0716610532524241,3.82397749912106
"S3","ACTA2","candidate_fibroblast_state",1253,0.417452346344669,27.853152434158,"other_clusters",2071,0.491848741036882,33.6069531627233,-0.0743963946922127,-5.7538007285653
"S3","ADM","candidate_fibroblast_state",1253,0.445945768799531,31.8435754189944,"other_clusters",2071,0.301220357463612,26.5089328826654,0.14472541133592,5.33464253632903
"S3","AJUBA","candidate_fibroblast_state",1253,0.0335740141782762,2.71348762968875,"other_clusters",2071,0.0913212139761925,9.94688556253018,-0.0577471997979163,-7.23339793284143
"S3","AMOTL1","candidate_fibroblast_state",1253,0.184420494247654,14.8443735035914,"other_clusters",2071,0.109592048580309,11.6368903911154,0.0748284456673453,3.20748311247598
"S3","AMOTL2","candidate_fibroblast_state",1253,0.184722804316994,14.6847565841979,"other_clusters",2071,0.16843479486725,17.0931916948334,0.0162880094497441,-2.40843511063549
"S3","AREG","candidate_fibroblast_state",1253,0.0322506533957807,3.03272146847566,"other_clusters",2071,0.408349640391967,26.8469338483824,-0.376098986996186,-23.8142123799068
"S3","ASIC1","candidate_fibroblast_state",1253,0.00112567681142206,0.0798084596967279,"other_clusters",2071,0.000647083086194407,0.0965717044905842,0.000478593725227655,-0.0167632447938564
"S3","ASIC2","candidate_fibroblast_state",1253,0.0062222596342794,0.558659217877095,"other_clusters",2071,0.00179368062032896,0.144857556735876,0.00442857901395044,0.413801661141219
"S3","ASIC3","candidate_fibroblast_state",1253,0.00213297950663236,0.159616919393456,"other_clusters",2071,0.00173350721499254,0.289715113471753,0.000399472291639811,-0.130098194078297
"S3","ATF3","candidate_fibroblast_state",1253,0.832186759097287,51.6360734237829,"other_clusters",2071,0.730109451896079,50.6518590053114,0.102077307201208,0.984214418471488
"S3","BCAR1","candidate_fibroblast_state",1253,0.130736574506771,10.853950518755,"other_clusters",2071,0.13687576254355,13.3751810719459,-0.00613918803677982,-2.52123055319093
"S3","BIRC5","candidate_fibroblast_state",1253,0.0107888346512336,1.03750997605746,"other_clusters",2071,0.0184975324198342,2.22114920328344,-0.0077086977686006,-1.18363922722598
"S3","BNIP3","candidate_fibroblast_state",1253,0.17092496331474,13.5674381484437,"other_clusters",2071,0.127588640489075,13.1820376629648,0.043336322825665,0.385400485478984
"S3","CA9","candidate_fibroblast_state",1253,0.00201224593358672,0.159616919393456,"other_clusters",2071,0.00343401126146256,0.434572670207629,-0.00142176532787584,-0.274955750814173
"S3","CAV1","candidate_fibroblast_state",1253,2.08989602687491,90.8220271348763,"other_clusters",2071,1.62696415024282,81.8928054080155,0.462931876632091,8.92922172686083
"S3","CCL2","candidate_fibroblast_state",1253,1.7413360118477,80.047885075818,"other_clusters",2071,1.34271647112874,73.8290680830517,0.398619540718956,6.21881699276638
"S3","CCNA2","candidate_fibroblast_state",1253,0.00352992476796203,0.319233838786911,"other_clusters",2071,0.00636010537681422,0.67600193143409,-0.00283018060885219,-0.356768092647178
"S3","CCNB1","candidate_fibroblast_state",1253,0.0288033645441118,2.39425379090184,"other_clusters",2071,0.037524235383398,3.71801062288749,-0.00872087083928617,-1.32375683198566
"S3","CCNB2","candidate_fibroblast_state",1253,0.0031868105309892,0.319233838786911,"other_clusters",2071,0.00487599366302378,0.531144374698213,-0.00168918313203457,-0.211910535911302
"S3","CDC20","candidate_fibroblast_state",1253,0.0141748143106371,1.19712689545092,"other_clusters",2071,0.026100845068383,2.94543698696282,-0.0119260307577459,-1.7483100915119
"S3","CDC42","candidate_fibroblast_state",1253,1.19591096071956,71.1093375897845,"other_clusters",2071,1.31275802941563,79.7682279092226,-0.116847068696069,-8.65889031943809
"S3","CDK1","candidate_fibroblast_state",1253,0.021706966286932,1.91540303272147,"other_clusters",2071,0.059920042722698,6.08401738290681,-0.0382130764357661,-4.16861435018534
"S3","CDK2","candidate_fibroblast_state",1253,0.0594402274632059,4.94812450119713,"other_clusters",2071,0.119299388674617,11.9748913568324,-0.059859161211411,-7.02676685563532
"S3","CENPF","candidate_fibroblast_state",1253,0.00334187893078709,0.319233838786911,"other_clusters",2071,0.0217719937636741,2.17286335103815,-0.018430114832887,-1.85362951225123
"S3","CFL1","candidate_fibroblast_state",1253,2.02483674644147,93.6951316839585,"other_clusters",2071,2.16255915047171,95.5094157411878,-0.137722404030246,-1.81428405722934
"S3","CNN1","candidate_fibroblast_state",1253,0.0293259109907477,2.15482841181165,"other_clusters",2071,0.0837605651656403,6.42201834862385,-0.0544346541748926,-4.2671899368122
"S3","CNN2","candidate_fibroblast_state",1253,0.215658082251287,17.4780526735834,"other_clusters",2071,0.241475452444028,23.2254949299855,-0.0258173701927415,-5.74744225640211
"S3","COL1A1","candidate_fibroblast_state",1253,2.40635847019336,89.3854748603352,"other_clusters",2071,0.849094270930837,61.5161757605022,1.55726419926252,27.869299099833
"S3","COL1A2","candidate_fibroblast_state",1253,2.77281591569355,95.2913008778931,"other_clusters",2071,0.961167470577783,66.6827619507484,1.81164844511577,28.6085389271446
"S3","COL3A1","candidate_fibroblast_state",1253,2.41154805399795,90.4229848363927,"other_clusters",2071,0.909244771906553,65.0410429744085,1.5023032820914,25.3819418619842
"S3","COL5A1","candidate_fibroblast_state",1253,0.360431904341941,26.09736632083,"other_clusters",2071,0.0766852242935804,8.11202317720908,0.283746680048361,17.9853431436209
"S3","COL5A2","candidate_fibroblast_state",1253,0.55710664150944,38.3878691141261,"other_clusters",2071,0.119119939041695,12.2163206180589,0.437986702467745,26.1715484960672
"S3","COL6A1","candidate_fibroblast_state",1253,1.98430555374541,88.4277733439745,"other_clusters",2071,0.63471435545514,49.6861419604056,1.34959119829027,38.7416313835689
"S3","COL6A2","candidate_fibroblast_state",1253,2.50189126390503,95.61053471668,"other_clusters",2071,0.842490870240336,61.0816030902945,1.65940039366469,34.5289316263854
"S3","COL6A3","candidate_fibroblast_state",1253,1.39684553393878,74.7007182761373,"other_clusters",2071,0.289696139491204,27.0883631096089,1.10714939444758,47.6123551665284
"S3","CTGF","candidate_fibroblast_state",1253,0.937126732507619,58.5794094173982,"other_clusters",2071,0.801253231971953,50.2655721873491,0.135873500535666,8.31383723004914
"S3","CTHRC1","candidate_fibroblast_state",1253,1.05779119751862,55.0678371907422,"other_clusters",2071,0.390629346859594,32.2549492998551,0.66716185065903,22.8128878908871
"S3","CXCL1","candidate_fibroblast_state",1253,1.35702964628905,64.4054269752594,"other_clusters",2071,0.769651975599375,55.3355866731048,0.587377670689672,9.0698403021546
"S3","CXCL2","candidate_fibroblast_state",1253,2.12908683396106,85.9537110933759,"other_clusters",2071,1.65880638599545,81.989377112506,0.470280447965615,3.96433398086987
"S3","CXCL3","candidate_fibroblast_state",1253,1.5652909969106,75.7382282521947,"other_clusters",2071,1.42738414154266,76.533075808788,0.137906855367934,-0.794847556593297
"S3","CYR61","candidate_fibroblast_state",1253,1.31545297373905,68.5554668794892,"other_clusters",2071,0.741862477774865,50.5552873008209,0.573590495964183,18.0001795786684
"S3","DAG1","candidate_fibroblast_state",1253,0.104166335090067,9.25778132482043,"other_clusters",2071,0.0560540405511553,6.37373249637856,0.0481122945389118,2.88404882844187
"S3","DDIT4","candidate_fibroblast_state",1253,0.737200394748814,46.1292897047087,"other_clusters",2071,0.869522225890841,59.005311443747,-0.132321831142027,-12.8760217390383
"S3","DIAPH1","candidate_fibroblast_state",1253,0.122966996150515,10.1356743814844,"other_clusters",2071,0.174777729148845,17.7691936262675,-0.05181073299833,-7.63351924478307
"S3","EGLN1","candidate_fibroblast_state",1253,0.206700436461786,16.999201915403,"other_clusters",2071,0.215872122202902,21.487204249155,-0.00917168574111607,-4.48800233375196
"S3","EGLN2","candidate_fibroblast_state",1253,0.230407319923142,17.7972865123703,"other_clusters",2071,0.217639890437791,21.0043457267021,0.0127674294853507,-3.20705921433177
"S3","EGLN3","candidate_fibroblast_state",1253,0.144901082512103,11.731843575419,"other_clusters",2071,0.406682242583511,34.5243843553839,-0.261781160071409,-22.7925407799649
"S3","ENO1","candidate_fibroblast_state",1253,1.07161278917001,67.5179569034318,"other_clusters",2071,1.12091639993247,73.1530661516176,-0.0493036107624638,-5.63510924818581
"S3","EPAS1","candidate_fibroblast_state",1253,0.261036221803723,19.952114924182,"other_clusters",2071,0.504493094285536,37.518107194592,-0.243456872481812,-17.56599227041
"S3","FAP","candidate_fibroblast_state",1253,0.175928382725029,14.2059058260176,"other_clusters",2071,0.0267648457071244,3.13858039594399,0.149163537017904,11.0673254300736
"S3","FERMT2","candidate_fibroblast_state",1253,0.433878184325415,32.4022346368715,"other_clusters",2071,0.165034414895593,15.4997585707388,0.268843769429822,16.9024760661327
"S3","FLNA","candidate_fibroblast_state",1253,0.5535463825297,40.2234636871508,"other_clusters",2071,0.514046108430011,41.4292612264606,0.0395002740996887,-1.20579753930981
"S3","FN1","candidate_fibroblast_state",1253,1.23864443639075,68.7150837988827,"other_clusters",2071,0.393818055305282,33.2689521970063,0.84482638108547,35.4461316018764
"S3","FOS","candidate_fibroblast_state",1253,2.20809833795551,89.0662410215483,"other_clusters",2071,1.90743671054095,89.3771125060357,0.300661627414554,-0.310871484487436
"S3","FOSB","candidate_fibroblast_state",1253,0.785254802183786,51.1572226656026,"other_clusters",2071,0.762201532137025,55.4321583775954,0.0230532700467613,-4.27493571199281
"S3","FOSL2","candidate_fibroblast_state",1253,0.634994407245,43.5754189944134,"other_clusters",2071,0.739901506753284,54.3215837759536,-0.104907099508283,-10.7461647815402
"S3","FYN","candidate_fibroblast_state",1253,0.326767855791092,25.219473264166,"other_clusters",2071,0.203826717905679,19.4109126026074,0.122941137885413,5.80856066155857
"S3","GSN","candidate_fibroblast_state",1253,3.06233193595207,98.6432561851556,"other_clusters",2071,1.47073848626819,83.4379526798648,1.59159344968388,15.2053035052908
"S3","HIF1A","candidate_fibroblast_state",1253,0.466022790159123,34.2378292098962,"other_clusters",2071,0.485126923747532,40.4635441815548,-0.0191041335884094,-6.22571497165856
"S3","HK2","candidate_fibroblast_state",1253,0.0699994241254628,6.14525139664804,"other_clusters",2071,0.0889851978682132,9.51231289232255,-0.0189857737427504,-3.36706149567451
"S3","ICAM1","candidate_fibroblast_state",1253,0.896548180661416,56.4245810055866,"other_clusters",2071,0.807543165335352,53.6938676967649,0.0890050153260646,2.73071330882174
"S3","IL1B","candidate_fibroblast_state",1253,0.166644414724693,13.1683958499601,"other_clusters",2071,0.442680237994343,28.2472235634959,-0.27603582326965,-15.0788277135358
"S3","IL6","candidate_fibroblast_state",1253,0.50521210098531,32.4022346368715,"other_clusters",2071,0.685482425645591,38.5803959439884,-0.180270324660281,-6.1781613071169
"S3","ILK","candidate_fibroblast_state",1253,0.369041799739004,28.4118116520351,"other_clusters",2071,0.273691102688438,25.2052148720425,0.0953506970505654,3.20659677999263
"S3","INHBA","candidate_fibroblast_state",1253,0.0710341703855745,5.66640063846768,"other_clusters",2071,0.113340912488426,7.91887976822791,-0.0423067421028516,-2.25247912976023
"S3","ITGA1","candidate_fibroblast_state",1253,0.113953277049995,9.25778132482043,"other_clusters",2071,0.040693284419494,4.297440849831,0.0732599926305013,4.96034047498943
"S3","ITGA11","candidate_fibroblast_state",1253,0.0512463213640004,4.62889066241022,"other_clusters",2071,0.00627025657389908,0.67600193143409,0.0449760647901013,3.95288873097613
"S3","ITGA2","candidate_fibroblast_state",1253,0.0412754643974696,3.75099760574621,"other_clusters",2071,0.153234013758128,14.7754707870594,-0.111958549360659,-11.0244731813132
"S3","ITGA5","candidate_fibroblast_state",1253,0.246149076755479,19.952114924182,"other_clusters",2071,0.18261897801091,17.4311926605505,0.0635300987445694,2.5209222636315
"S3","ITGA6","candidate_fibroblast_state",1253,0.136328303065563,11.2529928172386,"other_clusters",2071,0.496629140464434,39.0632544664413,-0.360300837398871,-27.8102616492027
"S3","ITGA8","candidate_fibroblast_state",1253,0.00973028763773321,0.718276137270551,"other_clusters",2071,0.0253869085787441,1.88314823756639,-0.0156566209410109,-1.16487210029584
"S3","ITGAV","candidate_fibroblast_state",1253,0.404143149665046,30.806065442937,"other_clusters",2071,0.340143133621852,30.902945436987,0.0640000160431937,-0.0968799940500098
"S3","ITGB1","candidate_fibroblast_state",1253,1.03782425289896,66.4006384676776,"other_clusters",2071,0.909915351335896,62.0473201352004,0.127908901563065,4.35331833247719
"S3","ITGB3","candidate_fibroblast_state",1253,0.0087565222059861,0.798084596967279,"other_clusters",2071,0.0071982023196095,0.724287783679382,0.0015583198863766,0.0737968132878966
"S3","ITGB5","candidate_fibroblast_state",1253,0.236703314790683,19.1540303272147,"other_clusters",2071,0.0631478746280358,7.14630613230323,0.173555440162647,12.0077241949115
"S3","JUN","candidate_fibroblast_state",1253,1.47359807578259,74.3814844373504,"other_clusters",2071,1.5403674845386,77.5470787059392,-0.0667694087560184,-3.16559426858882
"S3","JUND","candidate_fibroblast_state",1253,0.929161983700433,59.537110933759,"other_clusters",2071,0.898221757076291,62.0956059874457,0.0309402266241412,-2.55849505368671
"S3","KCNK2","candidate_fibroblast_state",1253,0.0755202681963569,6.3048683160415,"other_clusters",2071,0.00910667334827733,1.06228874939643,0.0664135948480795,5.24257956664507
"S3","KCNK4","candidate_fibroblast_state",1253,0.0142043750921971,1.19712689545092,"other_clusters",2071,0.00229701374920814,0.338000965717045,0.0119073613429889,0.859125929733873
"S3","LATS1","candidate_fibroblast_state",1253,0.0676749680998521,5.7462090981644,"other_clusters",2071,0.0513727612638351,6.18058908739739,0.016302206836017,-0.434379989232987
"S3","LATS2","candidate_fibroblast_state",1253,0.256940665110199,20.1915403032721,"other_clusters",2071,0.159862357912193,16.5137614678899,0.0970783071980052,3.67777883538223
"S3","LDHA","candidate_fibroblast_state",1253,2.32406723802056,96.2490023942538,"other_clusters",2071,2.3203228299688,96.4751327860937,0.00374440805176146,-0.226130391839888
"S3","LIMK1","candidate_fibroblast_state",1253,0.037274226512447,3.19233838786911,"other_clusters",2071,0.013838039107515,1.59343312409464,0.0234361874049321,1.59890526377447
"S3","LOX","candidate_fibroblast_state",1253,0.436362469898583,30.7262569832402,"other_clusters",2071,0.0816975124527181,8.06373732496379,0.354664957445865,22.6625196582764
"S3","LOXL2","candidate_fibroblast_state",1253,0.0800270980210231,6.70391061452514,"other_clusters",2071,0.0507233419540007,5.26315789473684,0.0293037560670224,1.4407527197883
"S3","MCM2","candidate_fibroblast_state",1253,0.0135177588758511,1.11731843575419,"other_clusters",2071,0.0127742635759643,1.64171897633993,0.000743495299886841,-0.524400540585743
"S3","MCM3","candidate_fibroblast_state",1253,0.0525050431895744,4.54908220271349,"other_clusters",2071,0.056350313624619,6.27716079188798,-0.00384527043504455,-1.72807858917449
"S3","MCM4","candidate_fibroblast_state",1253,0.0171925687632574,1.51636073423783,"other_clusters",2071,0.0427751345814571,4.97344278126509,-0.0255825658181997,-3.45708204702726
"S3","MCM5","candidate_fibroblast_state",1253,0.0283600663230513,2.31444533120511,"other_clusters",2071,0.0346896820216337,3.95943988411395,-0.00632961569858239,-1.64499455290885
"S3","MCM6","candidate_fibroblast_state",1253,0.0193188659768138,1.75578611332801,"other_clusters",2071,0.0206790559142341,2.22114920328344,-0.00136018993742033,-0.465363089955425
"S3","MCM7","candidate_fibroblast_state",1253,0.0883712146887975,7.42218675179569,"other_clusters",2071,0.115725765820589,12.2646064703042,-0.0273545511317912,-4.84241971850851
"S3","MKI67","candidate_fibroblast_state",1253,0.00682509170385364,0.558659217877095,"other_clusters",2071,0.013099952610934,1.40028971511347,-0.00627486090708036,-0.841630497236377
"S3","MMP14","candidate_fibroblast_state",1253,0.313935208533353,23.8627294493216,"other_clusters",2071,0.112094570301071,12.071463061323,0.201840638232282,11.7912663879986
"S3","MMP2","candidate_fibroblast_state",1253,1.88609764550347,81.8834796488428,"other_clusters",2071,0.685015600102597,53.3558667310478,1.20108204540087,28.527612917795
"S3","MYL9","candidate_fibroblast_state",1253,0.648662639598571,44.1340782122905,"other_clusters",2071,0.577043296930825,39.4495412844037,0.0716193426677461,4.68453692788683
"S3","MYLK","candidate_fibroblast_state",1253,0.159291859642084,12.0510774142059,"other_clusters",2071,0.287305924274394,22.6943505552873,-0.12801406463231,-10.6432731410814
"S3","NDRG1","candidate_fibroblast_state",1253,0.688508248006098,48.6033519553073,"other_clusters",2071,0.935564805717186,60.9367455335587,-0.247056557711088,-12.3333935782514
"S3","NF2","candidate_fibroblast_state",1253,0.0548019111452281,4.54908220271349,"other_clusters",2071,0.0428006357689124,4.82858522452921,0.0120012753763157,-0.279503021815725
"S3","NFKB1","candidate_fibroblast_state",1253,0.463763013702443,32.9608938547486,"other_clusters",2071,0.542113944940714,42.7812650893288,-0.0783509312382714,-9.82037123458022
"S3","NFKB2","candidate_fibroblast_state",1253,0.176583958903074,14.365522745411,"other_clusters",2071,0.209854002073171,20.1352003862868,-0.033270043170097,-5.7696776408758
"S3","P2RX4","candidate_fibroblast_state",1253,0.0600985286212638,4.8683160415004,"other_clusters",2071,0.0447030087029404,4.34572670207629,0.0153955199183234,0.522589339424108
"S3","P2RX7","candidate_fibroblast_state",1253,0.0163177658797231,1.27693535514765,"other_clusters",2071,0.03563089492688,3.52486721390633,-0.0193131290471568,-2.24793185875868
"S3","PANX1","candidate_fibroblast_state",1253,0.151337520914577,12.4501197126895,"other_clusters",2071,0.178071230419322,18.1554804442298,-0.0267337095047455,-5.7053607315403
"S3","PARVA","candidate_fibroblast_state",1253,0.220540228109165,17.7972865123703,"other_clusters",2071,0.0828489515293742,8.64316755190729,0.13769127657979,9.15411896046302
"S3","PCNA","candidate_fibroblast_state",1253,0.165591827884557,13.3280127693536,"other_clusters",2071,0.16352206851867,16.4171897633993,0.00206975936588635,-3.08917699404577
"S3","PDGFA","candidate_fibroblast_state",1253,0.0883352826559954,6.54429369513168,"other_clusters",2071,0.162916843963933,13.5683244809271,-0.0745815613079381,-7.02403078579541
"S3","PDGFB","candidate_fibroblast_state",1253,0.0076830897138276,0.718276137270551,"other_clusters",2071,0.0417557279129951,3.86286817962337,-0.0340726381991675,-3.14459204235282
"S3","PDGFC","candidate_fibroblast_state",1253,0.087464669062097,7.66161213088587,"other_clusters",2071,0.0846310845049205,9.27088363109609,0.00283358455717653,-1.60927150021022
"S3","PDGFRA","candidate_fibroblast_state",1253,0.761458166911361,49.6408619313647,"other_clusters",2071,0.0922512623618203,9.85031385803959,0.669206904549541,39.7905480733251
"S3","PDGFRB","candidate_fibroblast_state",1253,0.810958625684211,52.6735833998404,"other_clusters",2071,0.219565556307193,18.9763399323998,0.591393069377018,33.6972434674406
"S3","PDK1","candidate_fibroblast_state",1253,0.0916905445091424,7.34237829209896,"other_clusters",2071,0.122279961591299,12.3128923225495,-0.0305894170821562,-4.97051403045053
"S3","PFKFB3","candidate_fibroblast_state",1253,0.311563201190605,23.7829209896249,"other_clusters",2071,0.326085548973276,29.7440849830999,-0.0145223477826715,-5.96116399347505
"S3","PFN1","candidate_fibroblast_state",1253,2.36850242841218,97.366320830008,"other_clusters",2071,2.52910903126267,98.4065668759054,-0.160606602850486,-1.04024604589738
"S3","PGK1","candidate_fibroblast_state",1253,0.436245737889995,33.1205107741421,"other_clusters",2071,0.446460255561517,38.1458232737808,-0.0102145176715219,-5.02531249963872
"S3","PIEZO1","candidate_fibroblast_state",1253,0.0665616008762322,5.66640063846768,"other_clusters",2071,0.0822196810929915,9.36745533558667,-0.0156580802167594,-3.701054697119
"S3","PIEZO2","candidate_fibroblast_state",1253,0.0248951589640682,2.23463687150838,"other_clusters",2071,0.0149927699972316,1.69000482858522,0.00990238896683661,0.544632042923155
"S3","PKD1","candidate_fibroblast_state",1253,0.14566123876043,11.5722266560255,"other_clusters",2071,0.070214590392808,7.91887976822791,0.0754466483676222,3.65334688779763
"S3","PKD2","candidate_fibroblast_state",1253,0.0743060518319172,6.62410215482841,"other_clusters",2071,0.0350100533742392,3.81458232737808,0.039295998457678,2.80951982745033
"S3","POSTN","candidate_fibroblast_state",1253,0.426637581420381,27.2944932162809,"other_clusters",2071,0.355209719082463,26.7020762916465,0.0714278623379181,0.592416924634374
"S3","PTGS2","candidate_fibroblast_state",1253,0.532223575297957,34.8762968874701,"other_clusters",2071,0.39465251285496,29.6957991308547,0.137571062442997,5.18049775661541
"S3","PTK2","candidate_fibroblast_state",1253,0.12665177226628,10.6943335993615,"other_clusters",2071,0.129631326820905,13.3751810719459,-0.00297955455462512,-2.68084747258439
"S3","PXN","candidate_fibroblast_state",1253,0.0746176783743163,6.54429369513168,"other_clusters",2071,0.122477990513349,12.9888942539836,-0.0478603121390332,-6.4446005588519
"S3","RAC1","candidate_fibroblast_state",1253,1.76742952509112,89.3854748603352,"other_clusters",2071,1.93896421047395,91.9362626750362,-0.171534685382833,-2.55078781470102
"S3","RELA","candidate_fibroblast_state",1253,0.144620104123559,11.731843575419,"other_clusters",2071,0.164407943089663,16.8034765813617,-0.0197878389661044,-5.07163300594267
"S3","RELB","candidate_fibroblast_state",1253,0.168032166595772,13.4078212290503,"other_clusters",2071,0.167976334097941,16.5620473201352,5.58324978310321e-05,-3.15422609108492
"S3","RHOA","candidate_fibroblast_state",1253,1.34124010436435,76.2170790103751,"other_clusters",2071,1.10762413168588,73.1530661516176,0.233615972678473,3.06401285875752
"S3","RHOB","candidate_fibroblast_state",1253,0.632037472199176,42.9369513168396,"other_clusters",2071,0.497283881457899,36.6489618541767,0.134753590741277,6.28798946266286
"S3","ROCK1","candidate_fibroblast_state",1253,0.275990206096803,21.3886671987231,"other_clusters",2071,0.255967485833469,23.6117817479479,0.0200227202633342,-2.22311454922479
"S3","ROCK2","candidate_fibroblast_state",1253,0.220834195249828,17.7972865123703,"other_clusters",2071,0.21771076634941,20.4249154997586,0.00312342890041781,-2.62762898738826
"S3","SAV1","candidate_fibroblast_state",1253,0.49487540854305,36.1532322426177,"other_clusters",2071,0.389980917507694,32.3032351521004,0.104894491035356,3.84999709051728
"S3","SERPINE1","candidate_fibroblast_state",1253,0.0698885214847185,5.66640063846768,"other_clusters",2071,0.101316903827621,10.3331723804925,-0.0314283823429022,-4.66677174202484
"S3","SLC2A1","candidate_fibroblast_state",1253,0.151584483695816,12.2106943335994,"other_clusters",2071,0.314874460086295,27.8609367455336,-0.16328997639048,-15.6502424119342
"S3","SMAD2","candidate_fibroblast_state",1253,0.248278764011686,19.8723064644852,"other_clusters",2071,0.215258624095203,21.8734910671173,0.0330201399164832,-2.0011846026321
"S3","SMAD3","candidate_fibroblast_state",1253,0.216256302309826,17.4780526735834,"other_clusters",2071,0.197110027432984,19.3143408981169,0.0191462748768415,-1.83628822453345
"S3","SMAD4","candidate_fibroblast_state",1253,0.122129545985279,10.0558659217877,"other_clusters",2071,0.0977373328797011,10.574601641719,0.0243922131055775,-0.518735719931266
"S3","SMAD7","candidate_fibroblast_state",1253,0.0824270958631501,7.26256983240224,"other_clusters",2071,0.0316902463237296,3.76629647513279,0.0507368495394206,3.49627335726945
"S3","SNAI1","candidate_fibroblast_state",1253,0.207531160060039,16.0415003990423,"other_clusters",2071,0.0687692000927213,6.90487687107677,0.138761959967318,9.13662352796552
"S3","SOCS3","candidate_fibroblast_state",1253,1.21104000098281,63.926576217079,"other_clusters",2071,1.05215235312124,61.7576050217286,0.158887647861568,2.16897119535037
"S3","SPARC","candidate_fibroblast_state",1253,1.88003059733381,85.1556264964086,"other_clusters",2071,0.911075869948454,62.3370352486721,0.968954727385361,22.8185912477365
"S3","SRC","candidate_fibroblast_state",1253,0.0413436540156104,3.4317637669593,"other_clusters",2071,0.0424019758625661,4.44229840656688,-0.00105832184695563,-1.01053463960758
"S3","STAT3","candidate_fibroblast_state",1253,0.784593738468832,52.6735833998404,"other_clusters",2071,0.613163728247614,48.430709802028,0.171430010221217,4.24287359781238
"S3","STK3","candidate_fibroblast_state",1253,0.218034426078483,16.8395849960096,"other_clusters",2071,0.133052732171299,14.1960405601159,0.0849816939071844,2.64354443589369
"S3","STK4","candidate_fibroblast_state",1253,0.221202761824666,17.5578611332801,"other_clusters",2071,0.559341394545028,39.7392563978754,-0.338138632720362,-22.1813952645953
"S3","TAGLN","candidate_fibroblast_state",1253,0.499671048958163,31.1252992817239,"other_clusters",2071,0.626145292568747,40.0772573635925,-0.126474243610584,-8.9519580818686
"S3","TEAD1","candidate_fibroblast_state",1253,0.270901842769874,21.3088587390263,"other_clusters",2071,0.26230142012653,24.3843553838725,0.00860042264334365,-3.07549664484619
"S3","TEAD2","candidate_fibroblast_state",1253,0.0433322016904881,3.4317637669593,"other_clusters",2071,0.0481535991252994,4.82858522452921,-0.00482139743481129,-1.39682145756992
"S3","TEAD3","candidate_fibroblast_state",1253,0.0446091208023731,3.51157222665603,"other_clusters",2071,0.0388437769799766,4.63544181554804,0.00576534382239651,-1.12386958889202
"S3","TEAD4","candidate_fibroblast_state",1253,0.025909827620715,2.15482841181165,"other_clusters",2071,0.0509075003857738,5.64944471269918,-0.0249976727650588,-3.49461630088753
"S3","TGFB1","candidate_fibroblast_state",1253,0.204362750339157,16.121308858739,"other_clusters",2071,0.202101681297925,19.0729116368904,0.00226106904123247,-2.95160277815137
"S3","TGFB2","candidate_fibroblast_state",1253,0.046292897792899,3.67118914604948,"other_clusters",2071,0.0373209480650461,3.76629647513279,0.00897194972785294,-0.0951073290833047
"S3","TGFB3","candidate_fibroblast_state",1253,0.108239256018557,8.69912210694334,"other_clusters",2071,0.0722455238073295,7.24287783679382,0.0359937322112278,1.45624427014952
"S3","TGFBR1","candidate_fibroblast_state",1253,0.201138394951772,16.0415003990423,"other_clusters",2071,0.122994381773233,12.7474649927571,0.0781440131785391,3.29403540628518
"S3","TGFBR2","candidate_fibroblast_state",1253,0.354566296446806,28.0925778132482,"other_clusters",2071,0.461454578717391,35.0555287300821,-0.106888282270585,-6.96295091683388
"S3","THBS1","candidate_fibroblast_state",1253,0.729346410602088,44.5331205107741,"other_clusters",2071,0.292460445938019,24.2394978271366,0.436885964664068,20.2936226836375
"S3","THBS2","candidate_fibroblast_state",1253,1.01104605958087,59.2178770949721,"other_clusters",2071,0.267495964416599,25.0120714630613,0.743550095164276,34.2058056319107
"S3","TIMP1","candidate_fibroblast_state",1253,2.04030988618401,92.2585794094174,"other_clusters",2071,1.55042754241932,83.631096088846,0.489882343764692,8.62748332057143
"S3","TIMP2","candidate_fibroblast_state",1253,1.71556325548263,81.8036711891461,"other_clusters",2071,0.633359218437204,49.8309995171415,1.08220403704543,31.9726716720046
"S3","TIMP3","candidate_fibroblast_state",1253,1.48056607115641,76.7757382282522,"other_clusters",2071,0.789905750058143,53.9835828102366,0.690660321098269,22.7921554180156
"S3","TLN1","candidate_fibroblast_state",1253,0.277812326754781,22.3463687150838,"other_clusters",2071,0.210248469671309,20.2317720907774,0.067563857083472,2.11459662430639
"S3","TLN2","candidate_fibroblast_state",1253,0.050584627275203,4.22984836392658,"other_clusters",2071,0.0227631924532927,2.75229357798165,0.0278214348219103,1.47755478594492
"S3","TMEM150C","candidate_fibroblast_state",1253,0.0583975760011417,4.54908220271349,"other_clusters",2071,0.0232624273401174,2.4625784645099,0.0351351486610243,2.08650373820359
"S3","TMEM63A","candidate_fibroblast_state",1253,0.0309270343687349,2.55387071029529,"other_clusters",2071,0.0235462065934404,2.26943505552873,0.00738082777529446,0.284435654766561
"S3","TMEM63B","candidate_fibroblast_state",1253,0.0373362872335079,3.19233838786911,"other_clusters",2071,0.0431781153082759,4.8768710767745,-0.00584182807476801,-1.68453268890539
"S3","TNC","candidate_fibroblast_state",1253,0.0808638946973312,6.22505985634477,"other_clusters",2071,0.0391912065032274,3.62143891839691,0.0416726881941037,2.60362093794786
"S3","TNF","candidate_fibroblast_state",1253,0.0140584674165183,1.19712689545092,"other_clusters",2071,0.0373555693222485,3.28343795267986,-0.0232971019057302,-2.08631105722895
"S3","TOP2A","candidate_fibroblast_state",1253,0.00641147339738074,0.558659217877095,"other_clusters",2071,0.0242809407630711,2.36600676001931,-0.0178694673656904,-1.80734754214222
"S3","TPM1","candidate_fibroblast_state",1253,0.882661346237106,54.7486033519553,"other_clusters",2071,0.393985737033853,31.9169483341381,0.488675609203253,22.8316550178172
"S3","TPM2","candidate_fibroblast_state",1253,0.48025179207785,33.7589784517159,"other_clusters",2071,0.557003617041,36.7938194109126,-0.0767518249631502,-3.03484095919672
"S3","TRPA1","candidate_fibroblast_state",1253,0.00095797690510984,0.0798084596967279,"other_clusters",2071,0,0,0.00095797690510984,0.0798084596967279
"S3","TRPC1","candidate_fibroblast_state",1253,0.0342506054348645,2.95291300877893,"other_clusters",2071,0.0113281631821603,1.01400289715113,0.0229224422527042,1.9389101116278
"S3","TRPC3","candidate_fibroblast_state",1253,0.00234643040859865,0.159616919393456,"other_clusters",2071,0.00174279243355754,0.144857556735876,0.000603637975041106,0.0147593626575793
"S3","TRPC6","candidate_fibroblast_state",1253,0.0143088697452791,1.19712689545092,"other_clusters",2071,0.0155205735723153,1.59343312409464,-0.00121170382703618,-0.396306228643722
"S3","TRPV4","candidate_fibroblast_state",1253,0.000648858106938024,0.0798084596967279,"other_clusters",2071,0.00718090785692782,0.917431192660551,-0.0065320497499898,-0.837622732963823
"S3","UBE2C","candidate_fibroblast_state",1253,0.0107137136462451,0.877893056664006,"other_clusters",2071,0.0280015281757415,2.84886528247224,-0.0172878145294964,-1.97097222580823
"S3","VCL","candidate_fibroblast_state",1253,0.312548065868977,24.1819632881085,"other_clusters",2071,0.210085897928187,21.2940608401738,0.10246216794079,2.88790244793471
"S3","VEGFA","candidate_fibroblast_state",1253,0.285021759458804,21.1492418196329,"other_clusters",2071,0.28454439419619,24.5774987928537,0.000477365262613494,-3.42825697322082
"S3","WWTR1","candidate_fibroblast_state",1253,0.428833288193151,31.4445331205108,"other_clusters",2071,0.392518284871514,31.2892322549493,0.0363150033216368,0.155300865561475
"S3","YAP1","candidate_fibroblast_state",1253,0.406681639983131,30.806065442937,"other_clusters",2071,0.250257159829501,24.1912119748914,0.15642448015363,6.61485346804559
"S3","ZEB1","candidate_fibroblast_state",1253,0.230514159925252,18.9944134078212,"other_clusters",2071,0.136555858612587,13.713182037663,0.093958301312665,5.28123137015826
"S4","ACTA2","candidate_fibroblast_state",641,0.1579037543082,9.51638065522621,"other_clusters",1503,0.0756309849468716,5.45575515635396,0.0822727693613285,4.06062549887225
"S4","ADM","candidate_fibroblast_state",641,0.558815938950278,29.7971918876755,"other_clusters",1503,0.440971282457331,31.6034597471723,0.117844656492947,-1.80626785949682
"S4","AJUBA","candidate_fibroblast_state",641,0.013319589076305,0.93603744149766,"other_clusters",1503,0.114537245755544,11.7099135063207,-0.101217656679239,-10.773876064823
"S4","AMOTL1","candidate_fibroblast_state",641,0.124483990963059,8.26833073322933,"other_clusters",1503,0.0958526987381501,9.51430472388556,0.0286312922249091,-1.24597399065623
"S4","AMOTL2","candidate_fibroblast_state",641,0.148446401747131,9.98439937597504,"other_clusters",1503,0.237663407759059,21.0911510312708,-0.0892170060119278,-11.1067516552958
"S4","AREG","candidate_fibroblast_state",641,0.0573483660258811,3.74414976599064,"other_clusters",1503,1.06810268009401,46.1743180306055,-1.01075431406813,-42.4301682646148
"S4","ASIC1","candidate_fibroblast_state",641,0.00285808996801745,0.15600624024961,"other_clusters",1503,0,0,0.00285808996801745,0.15600624024961
"S4","ASIC2","candidate_fibroblast_state",641,0.00610701325618987,0.46801872074883,"other_clusters",1503,0.00100201251966778,0.0665335994677312,0.0051050007365221,0.401485121281099
"S4","ASIC3","candidate_fibroblast_state",641,0.00189570621755181,0.15600624024961,"other_clusters",1503,0.00265204788891655,0.199600798403194,-0.000756341671364739,-0.0435945581535836
"S4","ATF3","candidate_fibroblast_state",641,0.941841897818872,48.3619344773791,"other_clusters",1503,0.600968108298342,39.5209580838323,0.34087378952053,8.84097639354676
"S4","BCAR1","candidate_fibroblast_state",641,0.129854657201009,9.04836193447738,"other_clusters",1503,0.109183669139062,9.71390552228875,0.0206709880619469,-0.665543587811376
"S4","BIRC5","candidate_fibroblast_state",641,0,0,"other_clusters",1503,0.014449224003788,1.39720558882236,-0.014449224003788,-1.39720558882236
"S4","BNIP3","candidate_fibroblast_state",641,0.147774453946893,9.82839313572543,"other_clusters",1503,0.0726270349293644,7.11909514304724,0.0751474190175285,2.70929799267819
"S4","CA9","candidate_fibroblast_state",641,0,0,"other_clusters",1503,0.00697398405242994,0.798403193612774,-0.00697398405242994,-0.798403193612774
"S4","CAV1","candidate_fibroblast_state",641,1.61828196975644,73.1669266770671,"other_clusters",1503,1.62746882004814,72.9208250166334,-0.0091868502916983,0.246101660433681
"S4","CCL2","candidate_fibroblast_state",641,1.38375631438641,57.5663026521061,"other_clusters",1503,0.779076366534765,44.3779108449767,0.604679947851643,13.1883918071294
"S4","CCNA2","candidate_fibroblast_state",641,0,0,"other_clusters",1503,0.00506273597460389,0.332667997338656,-0.00506273597460389,-0.332667997338656
"S4","CCNB1","candidate_fibroblast_state",641,0.0102775631807929,0.62402496099844,"other_clusters",1503,0.0114349523922537,1.39720558882236,-0.00115738921146079,-0.773180627823915
"S4","CCNB2","candidate_fibroblast_state",641,0.00655927439780602,0.46801872074883,"other_clusters",1503,0.00883906596158627,0.931470392548237,-0.00227979156378025,-0.463451671799407
"S4","CDC20","candidate_fibroblast_state",641,0,0,"other_clusters",1503,0.0116563547632619,1.39720558882236,-0.0116563547632619,-1.39720558882236
"S4","CDC42","candidate_fibroblast_state",641,1.19844817963283,60.8424336973479,"other_clusters",1503,1.33354416667608,72.1224218230206,-0.135095987043249,-11.2799881256727
"S4","CDK1","candidate_fibroblast_state",641,0.00736571250614448,0.46801872074883,"other_clusters",1503,0.0573068487917326,5.1230871590153,-0.0499411362855881,-4.65506843826647
"S4","CDK2","candidate_fibroblast_state",641,0.0531283099715676,3.90015600624025,"other_clusters",1503,0.122650611351934,11.7764471057884,-0.0695223013803661,-7.87629109954817
"S4","CENPF","candidate_fibroblast_state",641,0.00698125835723102,0.46801872074883,"other_clusters",1503,0.0148307691179516,1.53027278775782,-0.00784951076072062,-1.06225406700899
"S4","CFL1","candidate_fibroblast_state",641,1.8198262069082,81.4352574102964,"other_clusters",1503,2.20702027786184,93.2801064537591,-0.387194070953643,-11.8448490434627
"S4","CNN1","candidate_fibroblast_state",641,0.00410222047439395,0.31201248049922,"other_clusters",1503,0.0339694310508302,2.46174318030605,-0.0298672105764363,-2.14973069980683
"S4","CNN2","candidate_fibroblast_state",641,0.21439145283971,14.1965678627145,"other_clusters",1503,0.261752558244833,23.3532934131737,-0.047361105405123,-9.15672555045914
"S4","COL1A1","candidate_fibroblast_state",641,2.49162555048183,82.0592823712949,"other_clusters",1503,0.32868475109593,24.750499001996,2.1629407993859,57.3087833692989
"S4","COL1A2","candidate_fibroblast_state",641,2.83720715173675,90.1716068642746,"other_clusters",1503,0.392685606963238,27.8775781769794,2.44452154477352,62.2940286872952
"S4","COL3A1","candidate_fibroblast_state",641,2.13039765471035,78.3151326053042,"other_clusters",1503,0.27371735739494,20.6254158349967,1.85668029731541,57.6897167703075
"S4","COL5A1","candidate_fibroblast_state",641,0.299517367540815,17.9407176287052,"other_clusters",1503,0.0390398863787318,3.39321357285429,0.260477481162084,14.5475040558509
"S4","COL5A2","candidate_fibroblast_state",641,0.511331777356786,29.1731669266771,"other_clusters",1503,0.0680405897796475,6.187624750499,0.443291187577138,22.9855421761781
"S4","COL6A1","candidate_fibroblast_state",641,1.55696278106932,73.4789391575663,"other_clusters",1503,0.242166153725142,18.8290086493679,1.31479662734418,54.6499305081984
"S4","COL6A2","candidate_fibroblast_state",641,2.58320645095919,93.603744149766,"other_clusters",1503,0.408186153836566,30.0066533599468,2.17502029712262,63.5970907898192
"S4","COL6A3","candidate_fibroblast_state",641,1.15474375668832,60.2184087363494,"other_clusters",1503,0.279442626807389,23.1536926147705,0.87530112988093,37.064716121579
"S4","CTGF","candidate_fibroblast_state",641,0.967428982219857,49.1419656786271,"other_clusters",1503,0.392159634616211,23.75249500998,0.575269347603646,25.3894706686471
"S4","CTHRC1","candidate_fibroblast_state",641,0.957556308374451,44.3057722308892,"other_clusters",1503,0.147497065004655,10.7784431137725,0.810059243369796,33.5273291171168
"S4","CXCL1","candidate_fibroblast_state",641,1.03643690603323,40.7176287051482,"other_clusters",1503,0.320532923568945,22.4218230206254,0.715903982464287,18.2958056845228
"S4","CXCL2","candidate_fibroblast_state",641,1.73060954415439,65.990639625585,"other_clusters",1503,0.882405202007262,44.311377245509,0.848204342147129,21.679262380076
"S4","CXCL3","candidate_fibroblast_state",641,1.05114630152018,44.3057722308892,"other_clusters",1503,0.585114984067282,33.1337325349301,0.466031317452899,11.1720396959591
"S4","CYR61","candidate_fibroblast_state",641,0.880289921776829,44.3057722308892,"other_clusters",1503,0.721378302060224,42.6480372588157,0.158911619716605,1.65773497207353
"S4","DAG1","candidate_fibroblast_state",641,0.0823501276432796,5.61622464898596,"other_clusters",1503,0.0418473071137345,4.72388556220892,0.0405028205295452,0.892339086777045
"S4","DDIT4","candidate_fibroblast_state",641,0.520217302339545,29.3291731669267,"other_clusters",1503,0.693093632113736,43.9787092481703,-0.172876329774192,-14.6495360812436
"S4","DIAPH1","candidate_fibroblast_state",641,0.140861166325762,9.3603744149766,"other_clusters",1503,0.169471955317141,16.3007318695941,-0.0286107889913792,-6.94035745461755
"S4","EGLN1","candidate_fibroblast_state",641,0.132366093982654,9.04836193447738,"other_clusters",1503,0.168926742912652,15.6353958749168,-0.0365606489299972,-6.58703394043945
"S4","EGLN2","candidate_fibroblast_state",641,0.247999849911253,16.0686427457098,"other_clusters",1503,0.167082628443812,14.4377910844977,0.0809172214674404,1.63085166121216
"S4","EGLN3","candidate_fibroblast_state",641,0.11596166861627,7.8003120124805,"other_clusters",1503,0.602920538448079,42.2488356620093,-0.486958869831809,-34.4485236495288
"S4","ENO1","candidate_fibroblast_state",641,0.786825577273518,46.0218408736349,"other_clusters",1503,1.0104028871335,63.4065202927478,-0.223577309859981,-17.3846794191129
"S4","EPAS1","candidate_fibroblast_state",641,0.118922974328353,7.95631825273011,"other_clusters",1503,0.177015482544238,13.9720558882236,-0.058092508215885,-6.01573763549344
"S4","FAP","candidate_fibroblast_state",641,0.191929341466626,11.8564742589704,"other_clusters",1503,0.007842098072821,0.798403193612774,0.184087243393805,11.0580710653576
"S4","FERMT2","candidate_fibroblast_state",641,0.479985121530791,29.4851794071763,"other_clusters",1503,0.110848837375057,8.64936793080506,0.369136284155734,20.8358114763712
"S4","FLNA","candidate_fibroblast_state",641,0.346362142462237,22.1528861154446,"other_clusters",1503,0.307514678464372,24.6174318030605,0.0388474639978645,-2.46454568761593
"S4","FN1","candidate_fibroblast_state",641,0.880713001031444,46.4898595943838,"other_clusters",1503,0.131885399381864,9.64737192282102,0.74882760164958,36.8424876715628
"S4","FOS","candidate_fibroblast_state",641,2.17356347892551,79.7191887675507,"other_clusters",1503,1.75318080767674,79.5076513639388,0.420382671248769,0.211537403611899
"S4","FOSB","candidate_fibroblast_state",641,0.855413875977971,45.0858034321373,"other_clusters",1503,0.904199259605081,56.2874251497006,-0.0487853836271098,-11.2016217175633
"S4","FOSL2","candidate_fibroblast_state",641,0.550427715555055,32.2932917316693,"other_clusters",1503,0.528704049122388,39.853626081171,0.0217236664326672,-7.56033434950172
"S4","FYN","candidate_fibroblast_state",641,0.314732849230358,20.5928237129485,"other_clusters",1503,0.0824383915083038,6.78642714570858,0.232294457722054,13.8063965672399
"S4","GSN","candidate_fibroblast_state",641,3.31753400439106,97.3478939157566,"other_clusters",1503,0.939272229176841,57.9507651363939,2.37826177521422,39.3971287793628
"S4","HIF1A","candidate_fibroblast_state",641,0.402108512536666,25.2730109204368,"other_clusters",1503,0.430993469867617,33.1337325349301,-0.0288849573309512,-7.86072161449332
"S4","HK2","candidate_fibroblast_state",641,0.0616201595963853,4.21216848673947,"other_clusters",1503,0.182609777475511,16.4337990685296,-0.120989617879126,-12.2216305817901
"S4","ICAM1","candidate_fibroblast_state",641,1.05810201162452,54.7581903276131,"other_clusters",1503,0.456414953696079,28.8090485695276,0.601687057928437,25.9491417580855
"S4","IL1B","candidate_fibroblast_state",641,0.0352504584513916,2.18408736349454,"other_clusters",1503,0.273556421132725,12.375249500998,-0.238305962681334,-10.1911621375035
"S4","IL6","candidate_fibroblast_state",641,0.25524761453903,14.8205928237129,"other_clusters",1503,0.303346144802815,16.0345974717232,-0.0480985302637843,-1.21400464801027
"S4","ILK","candidate_fibroblast_state",641,0.403702577842324,25.4290171606864,"other_clusters",1503,0.189968274157233,16.6999334664005,0.213734303685091,8.72908369428589
"S4","INHBA","candidate_fibroblast_state",641,0.108515103437602,6.55226209048362,"other_clusters",1503,0.0759738710550085,4.32468396540253,0.0325412323825939,2.22757812508109
"S4","ITGA1","candidate_fibroblast_state",641,0.0945095425759937,6.55226209048362,"other_clusters",1503,0.0187942479742648,1.79640718562874,0.0757152946017289,4.75585490485488
"S4","ITGA11","candidate_fibroblast_state",641,0.0463663226132029,3.1201248049922,"other_clusters",1503,0.00752189090316975,0.665335994677312,0.0388444317100331,2.45478881031489
"S4","ITGA2","candidate_fibroblast_state",641,0.0248276851416744,1.87207488299532,"other_clusters",1503,0.195981578893699,16.101131071191,-0.171153893752024,-14.2290561881956
"S4","ITGA5","candidate_fibroblast_state",641,0.251399307781954,16.2246489859594,"other_clusters",1503,0.112218607335078,9.11510312707918,0.139180700446875,7.10954585888027
"S4","ITGA6","candidate_fibroblast_state",641,0.0964875663696663,7.02028081123245,"other_clusters",1503,0.388219967635646,29.2747837658017,-0.291732401265979,-22.2545029545693
"S4","ITGA8","candidate_fibroblast_state",641,0.00678092237021425,0.46801872074883,"other_clusters",1503,0.00999745082798531,0.731869594145043,-0.00321652845777106,-0.263850873396213
"S4","ITGAV","candidate_fibroblast_state",641,0.272120540722438,17.4726989079563,"other_clusters",1503,0.302735924647581,26.8130405854957,-0.0306153839251432,-9.34034167753936
"S4","ITGB1","candidate_fibroblast_state",641,0.99687872677834,55.2262090483619,"other_clusters",1503,0.873327765059242,53.6260811709913,0.123550961719098,1.60012787737058
"S4","ITGB3","candidate_fibroblast_state",641,0.011632045382675,0.78003120124805,"other_clusters",1503,0.00613116044194314,0.53226879574185,0.00550088494073187,0.2477624055062
"S4","ITGB5","candidate_fibroblast_state",641,0.162559497100752,10.1404056162246,"other_clusters",1503,0.0423695370465807,4.79041916167665,0.120189960054171,5.349986454548
"S4","JUN","candidate_fibroblast_state",641,1.67580091927031,70.3588143525741,"other_clusters",1503,1.6889573714506,76.5136393878909,-0.0131564521802916,-6.15482503531679
"S4","JUND","candidate_fibroblast_state",641,1.16949053324289,61.4664586583463,"other_clusters",1503,0.907142901581539,58.4830339321357,0.262347631661351,2.9834247262106
"S4","KCNK2","candidate_fibroblast_state",641,0.0499725093196056,3.1201248049922,"other_clusters",1503,0.00422858386691755,0.332667997338656,0.045743925452688,2.78745680765354
"S4","KCNK4","candidate_fibroblast_state",641,0.0126651579836114,0.78003120124805,"other_clusters",1503,0.00141094930082686,0.133067198935462,0.0112542086827845,0.646964002312588
"S4","LATS1","candidate_fibroblast_state",641,0.0572514575758931,4.05616224648986,"other_clusters",1503,0.0508968760812344,4.92348636061211,0.00635458149465871,-0.867324114122249
"S4","LATS2","candidate_fibroblast_state",641,0.254435620424776,16.380655226209,"other_clusters",1503,0.107126439023032,9.84697272122422,0.147309181401744,6.53368250498483
"S4","LDHA","candidate_fibroblast_state",641,2.08048582613199,86.4274570982839,"other_clusters",1503,2.38592763740923,93.6127744510978,-0.305441811277242,-7.18531735281387
"S4","LIMK1","candidate_fibroblast_state",641,0.015196883551173,0.93603744149766,"other_clusters",1503,0.00758450251387699,0.864936793080506,0.00761238103729599,0.0711006484171544
"S4","LOX","candidate_fibroblast_state",641,0.557844602004855,31.5132605304212,"other_clusters",1503,0.0298900998619748,2.9940119760479,0.52795450214288,28.5192485543733
"S4","LOXL2","candidate_fibroblast_state",641,0.035728919401899,2.65210608424337,"other_clusters",1503,0.0268152302426077,2.19560878243513,0.00891368915929128,0.45649730180824
"S4","MCM2","candidate_fibroblast_state",641,0.0109415802966884,0.78003120124805,"other_clusters",1503,0.00550654178964597,0.598802395209581,0.00543503850704245,0.181228806038469
"S4","MCM3","candidate_fibroblast_state",641,0.0240513747735194,2.18408736349454,"other_clusters",1503,0.0489748679323062,4.99001996007984,-0.0249234931587868,-2.8059325965853
"S4","MCM4","candidate_fibroblast_state",641,0.0151947947285692,1.09204368174727,"other_clusters",1503,0.0569737246785394,5.78842315369261,-0.0417789299499702,-4.69637947194535
"S4","MCM5","candidate_fibroblast_state",641,0.0112558261385707,0.78003120124805,"other_clusters",1503,0.0265644965298452,2.46174318030605,-0.0153086703912745,-1.681711979058
"S4","MCM6","candidate_fibroblast_state",641,0.0293482197795423,2.02808112324493,"other_clusters",1503,0.0156822259849846,1.72987358616101,0.0136659937945577,0.298207537083919
"S4","MCM7","candidate_fibroblast_state",641,0.0712371721767374,4.99219968798752,"other_clusters",1503,0.123782287630175,11.7764471057884,-0.0525451154534377,-6.7842474178009
"S4","MKI67","candidate_fibroblast_state",641,0,0,"other_clusters",1503,0.0113943222775512,1.19760479041916,-0.0113943222775512,-1.19760479041916
"S4","MMP14","candidate_fibroblast_state",641,0.356674088972781,21.996879875195,"other_clusters",1503,0.114243181429829,10.5788423153693,0.242430907542952,11.4180375598257
"S4","MMP2","candidate_fibroblast_state",641,1.9932190136076,79.0951638065523,"other_clusters",1503,0.265911107604184,21.4903526280772,1.72730790600342,57.6048111784751
"S4","MYL9","candidate_fibroblast_state",641,0.70871323580016,39.7815912636505,"other_clusters",1503,0.225483614730235,16.7664670658683,0.483229621069925,23.0151241977823
"S4","MYLK","candidate_fibroblast_state",641,0.146721364682773,9.3603744149766,"other_clusters",1503,0.0976576424506448,7.65136393878909,0.0490637222321278,1.70901047618751
"S4","NDRG1","candidate_fibroblast_state",641,0.540216046241922,31.201248049922,"other_clusters",1503,1.1854791061946,64.1383898868929,-0.645263059952681,-32.9371418369709
"S4","NF2","candidate_fibroblast_state",641,0.0464150074908928,3.1201248049922,"other_clusters",1503,0.0386705311898263,3.99201596806387,0.00774447630106652,-0.871891163071672
"S4","NFKB1","candidate_fibroblast_state",641,0.480722767292284,28.8611544461778,"other_clusters",1503,0.521717717709386,37.6580172987359,-0.0409949504171028,-8.79686285255802
"S4","NFKB2","candidate_fibroblast_state",641,0.174776388575262,11.7004680187207,"other_clusters",1503,0.178671078127849,15.3027278775782,-0.00389468955258762,-3.60225985885743
"S4","P2RX4","candidate_fibroblast_state",641,0.0489321830915122,3.43213728549142,"other_clusters",1503,0.0253501293851645,2.06254158349967,0.0235820537063477,1.36959570199175
"S4","P2RX7","candidate_fibroblast_state",641,0.00901501500224195,0.62402496099844,"other_clusters",1503,0.0221035851192591,1.99600798403194,-0.0130885701170172,-1.3719830230335
"S4","PANX1","candidate_fibroblast_state",641,0.161333119977729,9.98439937597504,"other_clusters",1503,0.220548575789032,19.6939454424484,-0.0592154558113035,-9.7095460664734
"S4","PARVA","candidate_fibroblast_state",641,0.157108902696633,10.2964118564743,"other_clusters",1503,0.0421628224810827,3.85894876912841,0.114946080215551,6.43746308734585
"S4","PCNA","candidate_fibroblast_state",641,0.0719864097580452,4.99219968798752,"other_clusters",1503,0.139403734319429,12.9740518962076,-0.067417324561384,-7.98185220822006
"S4","PDGFA","candidate_fibroblast_state",641,0.080178187368371,5.46021840873635,"other_clusters",1503,0.0440300857720644,4.0585495675316,0.0361481015963067,1.40166884120475
"S4","PDGFB","candidate_fibroblast_state",641,0.0296097408748364,2.49609984399376,"other_clusters",1503,0.0196852487182346,1.59680638722555,0.00992449215660183,0.899293456768211
"S4","PDGFC","candidate_fibroblast_state",641,0.0647080148999986,4.52418096723869,"other_clusters",1503,0.0830244853628332,8.18363273453094,-0.0183164704628346,-3.65945176729225
"S4","PDGFRA","candidate_fibroblast_state",641,0.547777172108888,31.3572542901716,"other_clusters",1503,0.0540229829097505,4.52428476380572,0.493754189199138,26.8329695263659
"S4","PDGFRB","candidate_fibroblast_state",641,0.549119568184503,33.2293291731669,"other_clusters",1503,0.0616651474199798,4.99001996007984,0.487454420764523,28.2393092130871
"S4","PDK1","candidate_fibroblast_state",641,0.0356737788153597,2.34009360374415,"other_clusters",1503,0.110062950181911,10.7119095143047,-0.0743891713665509,-8.37181591056057
"S4","PFKFB3","candidate_fibroblast_state",641,0.189809451700444,12.6365054602184,"other_clusters",1503,0.233001402963686,20.292747837658,-0.0431919512632427,-7.65624237743961
"S4","PFN1","candidate_fibroblast_state",641,2.17423193906513,90.3276131045242,"other_clusters",1503,2.27372247726668,93.7458416500333,-0.0994905382015476,-3.41822854550908
"S4","PGK1","candidate_fibroblast_state",641,0.333334409625586,20.9048361934477,"other_clusters",1503,0.434661541065196,35.0632069194943,-0.10132713143961,-14.1583707260466
"S4","PIEZO1","candidate_fibroblast_state",641,0.0358852065939788,2.49609984399376,"other_clusters",1503,0.0508756108911776,5.45575515635396,-0.0149904042971987,-2.9596553123602
"S4","PIEZO2","candidate_fibroblast_state",641,0.0248613111342133,1.71606864274571,"other_clusters",1503,0.0134705067310627,1.13107119095143,0.0113908044031506,0.584997451794279
"S4","PKD1","candidate_fibroblast_state",641,0.111590677498706,7.64430577223089,"other_clusters",1503,0.05259778446213,5.78842315369261,0.0589928930365761,1.85588261853827
"S4","PKD2","candidate_fibroblast_state",641,0.108577159493944,7.48829953198128,"other_clusters",1503,0.0314733983254398,3.12707917498337,0.0771037611685038,4.36122035699791
"S4","POSTN","candidate_fibroblast_state",641,0.237499852799299,12.3244929797192,"other_clusters",1503,0.193359987831659,15.5023286759814,0.0441398649676401,-3.17783569626218
"S4","PTGS2","candidate_fibroblast_state",641,0.231751184166292,13.2605304212168,"other_clusters",1503,0.275264832856865,17.7644710578842,-0.0435136486905725,-4.50394063666738
"S4","PTK2","candidate_fibroblast_state",641,0.123491931945617,8.26833073322933,"other_clusters",1503,0.112243925599943,10.9115103127079,0.011248006345674,-2.64317957947859
"S4","PXN","candidate_fibroblast_state",641,0.102426045094508,7.33229329173167,"other_clusters",1503,0.0983155079489269,9.78043912175649,0.00411053714558153,-2.44814583002482
"S4","RAC1","candidate_fibroblast_state",641,1.56726729307235,75.3510140405616,"other_clusters",1503,1.99905892914013,90.8848968729208,-0.431791636067783,-15.5338828323592
"S4","RELA","candidate_fibroblast_state",641,0.129423301776028,8.89235569422777,"other_clusters",1503,0.150559325749776,13.7724550898204,-0.0211360239737481,-4.88009939559259
"S4","RELB","candidate_fibroblast_state",641,0.216399438104953,14.5085803432137,"other_clusters",1503,0.150543594289152,13.0405854956753,0.0658558438158006,1.46799484753841
"S4","RHOA","candidate_fibroblast_state",641,1.28740768235128,65.8346333853354,"other_clusters",1503,0.888721935943658,59.0153027278776,0.398685746407623,6.81933065745784
"S4","RHOB","candidate_fibroblast_state",641,0.456564847298758,27.7691107644306,"other_clusters",1503,0.306476586192694,23.0871590153027,0.150088261106064,4.68195174912785
"S4","ROCK1","candidate_fibroblast_state",641,0.245496839661875,16.0686427457098,"other_clusters",1503,0.180408049137741,15.9680638722555,0.0650887905241334,0.100578873454342
"S4","ROCK2","candidate_fibroblast_state",641,0.20827942646407,13.8845553822153,"other_clusters",1503,0.148009731103763,12.5083166999335,0.0602696953603072,1.37623868228182
"S4","SAV1","candidate_fibroblast_state",641,0.414629742185277,25.7410296411856,"other_clusters",1503,0.256741906530871,20.6919494344644,0.157887835654406,5.04908020672124
"S4","SERPINE1","candidate_fibroblast_state",641,0.110765443151581,7.33229329173167,"other_clusters",1503,0.18320932712642,13.5063206919494,-0.0724438839748397,-6.17402740021776
"S4","SLC2A1","candidate_fibroblast_state",641,0.120771698931301,8.11232449297972,"other_clusters",1503,0.626115075669866,41.9161676646707,-0.505343376738565,-33.8038431716909
"S4","SMAD2","candidate_fibroblast_state",641,0.228363011165105,14.6645865834633,"other_clusters",1503,0.199332317005655,17.9640718562874,0.0290306941594499,-3.29948527282409
"S4","SMAD3","candidate_fibroblast_state",641,0.158717301376343,10.6084243369735,"other_clusters",1503,0.152788290975516,14.4377910844977,0.00592901040082669,-3.82936674752419
"S4","SMAD4","candidate_fibroblast_state",641,0.0818024896834215,5.77223088923557,"other_clusters",1503,0.0762557880594842,8.05056553559548,0.00554670162393733,-2.27833464635991
"S4","SMAD7","candidate_fibroblast_state",641,0.0313983989362418,2.18408736349454,"other_clusters",1503,0.0311361243751933,3.32667997338656,0.000262274561048523,-1.14259260989202
"S4","SNAI1","candidate_fibroblast_state",641,0.133729515092918,8.42433697347894,"other_clusters",1503,0.0419233867405443,3.32667997338656,0.0918061283523738,5.09765700009238
"S4","SOCS3","candidate_fibroblast_state",641,1.11143021651459,53.198127925117,"other_clusters",1503,0.713996774435878,42.3819028609448,0.397433442078711,10.8162250641722
"S4","SPARC","candidate_fibroblast_state",641,1.92259867309511,76.5990639625585,"other_clusters",1503,0.357632555921175,26.8130405854957,1.56496611717393,49.7860233770628
"S4","SRC","candidate_fibroblast_state",641,0.0475177903238102,3.27613104524181,"other_clusters",1503,0.0350912178421365,3.32667997338656,0.0124265724816736,-0.0505489281447504
"S4","STAT3","candidate_fibroblast_state",641,0.584585839843984,34.4773790951638,"other_clusters",1503,0.50952022471975,38.855622089155,0.0750656151242339,-4.37824299399121
"S4","STK3","candidate_fibroblast_state",641,0.208942256894029,13.8845553822153,"other_clusters",1503,0.153631627278755,14.3712574850299,0.0553106296152743,-0.486702102814652
"S4","STK4","candidate_fibroblast_state",641,0.129512699016197,8.11232449297972,"other_clusters",1503,0.318273167924181,21.7564870259481,-0.188760468907985,-13.6441625329684
"S4","TAGLN","candidate_fibroblast_state",641,0.250026056490406,13.5725429017161,"other_clusters",1503,0.173743550999681,11.377245508982,0.0762825054907247,2.19529739273403
"S4","TEAD1","candidate_fibroblast_state",641,0.17166502049988,11.5444617784711,"other_clusters",1503,0.223199223530661,20.292747837658,-0.0515342030307819,-8.74828605918688
"S4","TEAD2","candidate_fibroblast_state",641,0.0637818900075847,4.52418096723869,"other_clusters",1503,0.0232211300102659,2.06254158349967,0.0405607599973188,2.46163938373902
"S4","TEAD3","candidate_fibroblast_state",641,0.0340903337585929,2.34009360374415,"other_clusters",1503,0.0528973913081498,5.65535595475715,-0.0188070575495569,-3.315262351013
"S4","TEAD4","candidate_fibroblast_state",641,0.0201318040307749,1.40405616224649,"other_clusters",1503,0.0351478459834411,3.32667997338656,-0.0150160419526662,-1.92262381114007
"S4","TGFB1","candidate_fibroblast_state",641,0.122164348059646,8.11232449297972,"other_clusters",1503,0.133049365668286,11.3107119095143,-0.0108850176086398,-3.19838741653458
"S4","TGFB2","candidate_fibroblast_state",641,0.0411879600530979,2.65210608424337,"other_clusters",1503,0.0296873082853298,2.59481037924152,0.0115006517677681,0.0572957050018532
"S4","TGFB3","candidate_fibroblast_state",641,0.0630895701063776,4.21216848673947,"other_clusters",1503,0.0283885533387898,2.52827677977379,0.0347010167675878,1.68389170696568
"S4","TGFBR1","candidate_fibroblast_state",641,0.140968671281526,8.58034321372855,"other_clusters",1503,0.049950038337063,4.79041916167665,0.0910186329444626,3.7899240520519
"S4","TGFBR2","candidate_fibroblast_state",641,0.319396491087236,20.9048361934477,"other_clusters",1503,0.242108588086485,17.564870259481,0.0772879030007505,3.3399659339667
"S4","THBS1","candidate_fibroblast_state",641,1.19568032179161,56.3182527301092,"other_clusters",1503,0.268152936799851,19.560878243513,0.927527384991756,36.7573744865962
"S4","THBS2","candidate_fibroblast_state",641,1.22994402504445,61.6224648985959,"other_clusters",1503,0.134725211424784,11.9760479041916,1.09521881361967,49.6464169944043
"S4","TIMP1","candidate_fibroblast_state",641,2.05809295066444,86.4274570982839,"other_clusters",1503,0.776152817331219,45.1763140385895,1.28194013333322,41.2511430596944
"S4","TIMP2","candidate_fibroblast_state",641,1.77576969432901,77.0670826833073,"other_clusters",1503,0.308899657669754,23.0871590153027,1.46687003665926,53.9799236680046
"S4","TIMP3","candidate_fibroblast_state",641,1.26831412263823,63.8065522620905,"other_clusters",1503,0.333827635006728,21.8230206254158,0.934486487631498,41.9835316366747
"S4","TLN1","candidate_fibroblast_state",641,0.205230195711069,13.7285491419657,"other_clusters",1503,0.151021229754186,12.6413838988689,0.0542089659568833,1.08716524309675
"S4","TLN2","candidate_fibroblast_state",641,0.0230056147465255,1.5600624024961,"other_clusters",1503,0.0107993793874654,0.998003992015968,0.0122062353590601,0.562058410480132
"S4","TMEM150C","candidate_fibroblast_state",641,0.0446912883388249,3.1201248049922,"other_clusters",1503,0.0118515944957163,1.0645375914837,0.0328396938431086,2.0555872135085
"S4","TMEM63A","candidate_fibroblast_state",641,0.0157554117341102,1.24804992199688,"other_clusters",1503,0.0142309154920462,1.59680638722555,0.00152449624206397,-0.348756465228669
"S4","TMEM63B","candidate_fibroblast_state",641,0.0553896325890994,3.58814352574103,"other_clusters",1503,0.0424457230834723,4.72388556220892,0.0129439095056271,-1.13574203646789
"S4","TNC","candidate_fibroblast_state",641,0.0780393367209371,5.14820592823713,"other_clusters",1503,0.0309572462020962,2.52827677977379,0.0470820905188409,2.61992914846334
"S4","TNF","candidate_fibroblast_state",641,0.00259336796249965,0.15600624024961,"other_clusters",1503,0.0189239517822107,1.79640718562874,-0.016330583819711,-1.64040094537913
"S4","TOP2A","candidate_fibroblast_state",641,0.00228358535688554,0.15600624024961,"other_clusters",1503,0.0171137235150462,1.46373918829009,-0.0148301381581606,-1.30773294804048
"S4","TPM1","candidate_fibroblast_state",641,1.17496791666627,57.8783151326053,"other_clusters",1503,0.238379913628817,18.562874251497,0.936588003037458,39.3154408811083
"S4","TPM2","candidate_fibroblast_state",641,0.271162828657533,17.1606864274571,"other_clusters",1503,0.149035638999881,10.1796407185629,0.122127189657652,6.98104570889422
"S4","TRPA1","candidate_fibroblast_state",641,0,0,"other_clusters",1503,0,0,0,0
"S4","TRPC1","candidate_fibroblast_state",641,0.0387418431784014,2.49609984399376,"other_clusters",1503,0.00666578201702086,0.731869594145043,0.0320760611613805,1.76423024984872
"S4","TRPC3","candidate_fibroblast_state",641,0.00234397027610078,0.15600624024961,"other_clusters",1503,0,0,0.00234397027610078,0.15600624024961
"S4","TRPC6","candidate_fibroblast_state",641,0.00385504909151848,0.31201248049922,"other_clusters",1503,0.010651091900574,0.998003992015968,-0.00679604280905551,-0.685991511516748
"S4","TRPV4","candidate_fibroblast_state",641,0.00494883137097486,0.31201248049922,"other_clusters",1503,0.00936983458313119,1.0645375914837,-0.00442100321215633,-0.752525110984479
"S4","UBE2C","candidate_fibroblast_state",641,0,0,"other_clusters",1503,0.0231226308321971,2.06254158349967,-0.0231226308321971,-2.06254158349967
"S4","VCL","candidate_fibroblast_state",641,0.25697520474892,16.5366614664587,"other_clusters",1503,0.309939761028932,26.480372588157,-0.0529645562800122,-9.94371112169836
"S4","VEGFA","candidate_fibroblast_state",641,0.1910340970508,12.4804992199688,"other_clusters",1503,0.195813405256954,16.5003326679973,-0.00477930820615452,-4.01983344802854
"S4","WWTR1","candidate_fibroblast_state",641,0.436780412585755,26.6770670826833,"other_clusters",1503,0.267398922250204,19.9600798403194,0.169381490335552,6.71698724236395
"S4","YAP1","candidate_fibroblast_state",641,0.254426047019658,16.2246489859594,"other_clusters",1503,0.289574135346309,25.1497005988024,-0.0351480883266511,-8.92505161284295
"S4","ZEB1","candidate_fibroblast_state",641,0.250198457406572,16.5366614664587,"other_clusters",1503,0.132336345044533,10.0465735196274,0.117862112362039,6.49008794683125
"S5","ACTA2","candidate_fibroblast_state",2450,0.103657113899106,5.02040816326531,"other_clusters",2085,0.068439651622702,3.02158273381295,0.0352174622764039,1.99882542945236
"S5","ADM","candidate_fibroblast_state",2450,0.407326122919605,19.7959183673469,"other_clusters",2085,0.167681700323092,10.599520383693,0.239644422596514,9.19639798365389
"S5","AJUBA","candidate_fibroblast_state",2450,0.01012924226143,0.653061224489796,"other_clusters",2085,0.0401412337591393,3.26139088729017,-0.0300119914977093,-2.60832966280037
"S5","AMOTL1","candidate_fibroblast_state",2450,0.100877730140502,5.51020408163265,"other_clusters",2085,0.0575199815790896,4.36450839328537,0.0433577485614127,1.14569568834728
"S5","AMOTL2","candidate_fibroblast_state",2450,0.115748734768107,6.20408163265306,"other_clusters",2085,0.147294247276543,10.5515587529976,-0.0315455125084358,-4.34747712034454
"S5","AREG","candidate_fibroblast_state",2450,0.00452824710827735,0.326530612244898,"other_clusters",2085,0.359453838195294,17.2182254196643,-0.354925591087016,-16.8916948074194
"S5","ASIC1","candidate_fibroblast_state",2450,0.000628902780218881,0.0408163265306122,"other_clusters",2085,0,0,0.000628902780218881,0.0408163265306122
"S5","ASIC2","candidate_fibroblast_state",2450,0.00984099482118721,0.571428571428571,"other_clusters",2085,0,0,0.00984099482118721,0.571428571428571
"S5","ASIC3","candidate_fibroblast_state",2450,0.000662055508388495,0.0408163265306122,"other_clusters",2085,0,0,0.000662055508388495,0.0408163265306122
"S5","ATF3","candidate_fibroblast_state",2450,0.414685695794732,19.7551020408163,"other_clusters",2085,0.333106132111836,17.9376498800959,0.081579563682896,1.8174521607204
"S5","BCAR1","candidate_fibroblast_state",2450,0.0826802267879175,4.6530612244898,"other_clusters",2085,0.0801284220917244,5.41966426858513,0.00255180469619309,-0.766603044095335
"S5","BIRC5","candidate_fibroblast_state",2450,0.0102897682514372,0.571428571428571,"other_clusters",2085,0.021602004684159,1.39088729016787,-0.0113122364327218,-0.819458718739294
"S5","BNIP3","candidate_fibroblast_state",2450,0.108240238577213,5.87755102040816,"other_clusters",2085,0.0478598390046915,3.21342925659472,0.0603803995725213,2.66412176381344
"S5","CA9","candidate_fibroblast_state",2450,0,0,"other_clusters",2085,0.00203801536804689,0.191846522781775,-0.00203801536804689,-0.191846522781775
"S5","CAV1","candidate_fibroblast_state",2450,1.36529768791535,56.9795918367347,"other_clusters",2085,1.0533639844899,45.0359712230216,0.311933703425444,11.9436206137131
"S5","CCL2","candidate_fibroblast_state",2450,1.72951826000114,58.3265306122449,"other_clusters",2085,0.746631213678048,31.7985611510791,0.982887046323089,26.5279694611658
"S5","CCNA2","candidate_fibroblast_state",2450,0.00454885718814356,0.244897959183673,"other_clusters",2085,0.00957937268075452,0.623501199040767,-0.00503051549261096,-0.378603239857094
"S5","CCNB1","candidate_fibroblast_state",2450,0.00920331695966216,0.489795918367347,"other_clusters",2085,0.00860699425108695,0.671462829736211,0.000596322708575207,-0.181666911368864
"S5","CCNB2","candidate_fibroblast_state",2450,0.000835668597906755,0.0408163265306122,"other_clusters",2085,0.00873007025101297,0.52757793764988,-0.00789440165310621,-0.486761611119268
"S5","CDC20","candidate_fibroblast_state",2450,0.00171129071357644,0.0816326530612245,"other_clusters",2085,0.0124342708764573,0.863309352517986,-0.0107229801628809,-0.781676699456761
"S5","CDC42","candidate_fibroblast_state",2450,1.10789787622923,48.8979591836735,"other_clusters",2085,1.45222183557869,64.652278177458,-0.344323959349459,-15.7543189937846
"S5","CDK1","candidate_fibroblast_state",2450,0.00642255249423605,0.36734693877551,"other_clusters",2085,0.0393198478621442,2.6378896882494,-0.0328972953679082,-2.27054274947389
"S5","CDK2","candidate_fibroblast_state",2450,0.0522780693228026,2.89795918367347,"other_clusters",2085,0.103132150532466,6.76258992805755,-0.0508540812096633,-3.86463074438408
"S5","CENPF","candidate_fibroblast_state",2450,0.00781057739617765,0.448979591836735,"other_clusters",2085,0.0160876148129823,1.15107913669065,-0.00827703741680468,-0.702099544853913
"S5","CFL1","candidate_fibroblast_state",2450,1.36323438714661,59.7959183673469,"other_clusters",2085,1.72297721099295,73.9568345323741,-0.359742823846343,-14.1609161650272
"S5","CNN1","candidate_fibroblast_state",2450,0.00308527746633373,0.204081632653061,"other_clusters",2085,0.0063049315675313,0.383693045563549,-0.00321965410119756,-0.179611412910488
"S5","CNN2","candidate_fibroblast_state",2450,0.188254714652162,10.0408163265306,"other_clusters",2085,0.216133872222399,13.8129496402878,-0.0278791575702371,-3.77213331375716
"S5","COL1A1","candidate_fibroblast_state",2450,2.23518612831054,69.1020408163265,"other_clusters",2085,0.459404230270314,24.6043165467626,1.77578189804022,44.4977242695639
"S5","COL1A2","candidate_fibroblast_state",2450,2.73367753437368,80.8979591836735,"other_clusters",2085,0.474536297227426,24.652278177458,2.25914123714625,56.2456810062154
"S5","COL3A1","candidate_fibroblast_state",2450,1.8598470472039,60.9795918367347,"other_clusters",2085,0.325423025614191,18.1294964028777,1.53442402158971,42.850095433857
"S5","COL5A1","candidate_fibroblast_state",2450,0.203311653688004,10.5714285714286,"other_clusters",2085,0.032431491911192,2.25419664268585,0.170880161776812,8.31723192874272
"S5","COL5A2","candidate_fibroblast_state",2450,0.616833274390484,28,"other_clusters",2085,0.0818298186938131,5.37170263788969,0.53500345569667,22.6282973621103
"S5","COL6A1","candidate_fibroblast_state",2450,1.20255729698065,52.2448979591837,"other_clusters",2085,0.187281435302562,11.0791366906475,1.01527586167809,41.1657612685362
"S5","COL6A2","candidate_fibroblast_state",2450,2.42524978057496,86.0408163265306,"other_clusters",2085,0.295757056652832,16.21103117506,2.12949272392212,69.8297851514707
"S5","COL6A3","candidate_fibroblast_state",2450,1.04029411698216,46.2040816326531,"other_clusters",2085,0.20332611654694,12.5659472422062,0.836968000435222,33.6381343904468
"S5","CTGF","candidate_fibroblast_state",2450,0.607202596634417,27.4285714285714,"other_clusters",2085,0.283036887828569,12.8057553956835,0.324165708805848,14.622816032888
"S5","CTHRC1","candidate_fibroblast_state",2450,0.822959419347863,33.9183673469388,"other_clusters",2085,0.219627847399291,12.4700239808153,0.603331571948572,21.4483433661234
"S5","CXCL1","candidate_fibroblast_state",2450,1.50155392035899,48.530612244898,"other_clusters",2085,0.44062929310731,22.3501199040767,1.06092462725168,26.1804923408212
"S5","CXCL2","candidate_fibroblast_state",2450,2.17506316619285,67.8775510204082,"other_clusters",2085,1.10214860126661,43.0695443645084,1.07291456492624,24.8080066558998
"S5","CXCL3","candidate_fibroblast_state",2450,1.11210609147155,41.3061224489796,"other_clusters",2085,0.623610973046884,27.673860911271,0.488495118424664,13.6322615377086
"S5","CYR61","candidate_fibroblast_state",2450,0.780402760967465,33.6734693877551,"other_clusters",2085,0.476222821817283,22.3980815347722,0.304179939150182,11.2753878529829
"S5","DAG1","candidate_fibroblast_state",2450,0.0699989795467973,3.91836734693878,"other_clusters",2085,0.0213938314842195,1.82254196642686,0.0486051480625778,2.09582538051192
"S5","DDIT4","candidate_fibroblast_state",2450,0.499290992829073,21.7959183673469,"other_clusters",2085,0.604585694776804,30.6474820143885,-0.105294701947731,-8.85156364704155
"S5","DIAPH1","candidate_fibroblast_state",2450,0.0879985667159468,4.77551020408163,"other_clusters",2085,0.144101702386062,9.49640287769784,-0.0561031356701156,-4.72089267361621
"S5","EGLN1","candidate_fibroblast_state",2450,0.138427221732947,7.55102040816327,"other_clusters",2085,0.127720042317103,8.58513189448441,0.010707179415844,-1.03411148632115
"S5","EGLN2","candidate_fibroblast_state",2450,0.155424340356072,8.44897959183673,"other_clusters",2085,0.127049936614522,8.00959232613909,0.0283744037415495,0.439387265697645
"S5","EGLN3","candidate_fibroblast_state",2450,0.0303549179388546,1.79591836734694,"other_clusters",2085,0.257982410496261,16.3069544364508,-0.227627492557407,-14.5110360691039
"S5","ENO1","candidate_fibroblast_state",2450,0.437009474933952,22.2857142857143,"other_clusters",2085,0.688788347745194,36.8824940047962,-0.251778872811242,-14.5967797190819
"S5","EPAS1","candidate_fibroblast_state",2450,0.0586402786829903,3.22448979591837,"other_clusters",2085,0.141982602470443,8.3453237410072,-0.0833423237874526,-5.12083394508883
"S5","FAP","candidate_fibroblast_state",2450,0.117317528129518,6.36734693877551,"other_clusters",2085,0.00690423708675472,0.575539568345324,0.110413291042763,5.79180737043019
"S5","FERMT2","candidate_fibroblast_state",2450,0.307893864041711,16.2857142857143,"other_clusters",2085,0.0900904503734466,5.61151079136691,0.217803413668264,10.6742034943474
"S5","FLNA","candidate_fibroblast_state",2450,0.232596321336247,12.2448979591837,"other_clusters",2085,0.295759060824698,16.6906474820144,-0.0631627394884507,-4.44574952283072
"S5","FN1","candidate_fibroblast_state",2450,0.944950492959741,41.5918367346939,"other_clusters",2085,0.142599684325069,8.63309352517986,0.802350808634673,32.958743209514
"S5","FOS","candidate_fibroblast_state",2450,2.04012852302162,67.7551020408163,"other_clusters",2085,1.69077993127822,63.3573141486811,0.349348591743395,4.39778789213527
"S5","FOSB","candidate_fibroblast_state",2450,0.67400676492668,31.8367346938775,"other_clusters",2085,0.613603057267159,33.2374100719424,0.0604037076595214,-1.4006753780649
"S5","FOSL2","candidate_fibroblast_state",2450,0.615093948486618,29.3061224489796,"other_clusters",2085,0.711140963884562,37.1223021582734,-0.0960470153979432,-7.81617970929378
"S5","FYN","candidate_fibroblast_state",2450,0.282771640024765,14.8979591836735,"other_clusters",2085,0.195329887975535,11.3189448441247,0.0874417520492305,3.57901433954877
"S5","GSN","candidate_fibroblast_state",2450,2.98804126758881,88.3673469387755,"other_clusters",2085,0.930404600136081,45.0359712230216,2.05763666745273,43.3313757157539
"S5","HIF1A","candidate_fibroblast_state",2450,0.390331487383562,19.5918367346939,"other_clusters",2085,0.420945102544143,23.6930455635492,-0.0306136151605811,-4.10120882885528
"S5","HK2","candidate_fibroblast_state",2450,0.0214722642032559,1.18367346938776,"other_clusters",2085,0.0886270783740807,6.47482014388489,-0.0671548141708248,-5.29114667449714
"S5","ICAM1","candidate_fibroblast_state",2450,0.937230015405922,42.5714285714286,"other_clusters",2085,0.546328427329163,25.2278177458034,0.390901588076759,17.3436108256252
"S5","IL1B","candidate_fibroblast_state",2450,0.0339025273668307,1.75510204081633,"other_clusters",2085,0.54364998140016,22.0623501199041,-0.509747454033329,-20.3072480790877
"S5","IL6","candidate_fibroblast_state",2450,0.264179326440402,12.2448979591837,"other_clusters",2085,0.321392874807811,12.4220623501199,-0.0572135483674092,-0.177164390936232
"S5","ILK","candidate_fibroblast_state",2450,0.240526568390251,12.8979591836735,"other_clusters",2085,0.174975228159652,10.6954436450839,0.0655513402305988,2.20251553858954
"S5","INHBA","candidate_fibroblast_state",2450,0.0827144813820902,4.3265306122449,"other_clusters",2085,0.058700018637779,3.11750599520384,0.0240144627443112,1.20902461704106
"S5","ITGA1","candidate_fibroblast_state",2450,0.0998356869931203,5.59183673469388,"other_clusters",2085,0.0358896907491908,2.20623501199041,0.0639459962439295,3.38560172270347
"S5","ITGA11","candidate_fibroblast_state",2450,0.0480966784526246,2.69387755102041,"other_clusters",2085,0.00213490648308988,0.143884892086331,0.0459617719695348,2.54999265893408
"S5","ITGA2","candidate_fibroblast_state",2450,0.00445669435370578,0.285714285714286,"other_clusters",2085,0.0875886439331463,6.28297362110312,-0.0831319495794405,-5.99725933538883
"S5","ITGA5","candidate_fibroblast_state",2450,0.174565477885133,9.30612244897959,"other_clusters",2085,0.118723308335265,7.09832134292566,0.055842169549868,2.20780110605393
"S5","ITGA6","candidate_fibroblast_state",2450,0.0276757926641757,1.63265306122449,"other_clusters",2085,0.272353867023144,16.3549160671463,-0.244678074358968,-14.7222630059218
"S5","ITGA8","candidate_fibroblast_state",2450,0.0124818872072513,0.693877551020408,"other_clusters",2085,0.00253381664940048,0.191846522781775,0.00994807055785084,0.502031028238634
"S5","ITGAV","candidate_fibroblast_state",2450,0.344295996758312,18,"other_clusters",2085,0.240168385263731,15.5395683453237,0.104127611494581,2.46043165467626
"S5","ITGB1","candidate_fibroblast_state",2450,1.04355547514398,48.3673469387755,"other_clusters",2085,0.725434752545627,37.0743405275779,0.318120722598356,11.2930064111976
"S5","ITGB3","candidate_fibroblast_state",2450,0.01250466469139,0.73469387755102,"other_clusters",2085,0.00365718169581715,0.191846522781775,0.00884748299557282,0.542847354769246
"S5","ITGB5","candidate_fibroblast_state",2450,0.228020061243789,12.4489795918367,"other_clusters",2085,0.0508596629513734,3.83693045563549,0.177160398292415,8.61204913620124
"S5","JUN","candidate_fibroblast_state",2450,1.20563178253518,49.1020408163265,"other_clusters",2085,1.10354585776488,48.6810551558753,0.102085924770306,0.42098566045123
"S5","JUND","candidate_fibroblast_state",2450,1.4707446316823,61.7551020408163,"other_clusters",2085,1.23949539963743,57.3141486810552,0.231249232044866,4.44095335976117
"S5","KCNK2","candidate_fibroblast_state",2450,0.042563096427483,2.44897959183673,"other_clusters",2085,0.00280666582612841,0.191846522781775,0.0397564306013546,2.25713306905496
"S5","KCNK4","candidate_fibroblast_state",2450,0.00469006213103357,0.244897959183673,"other_clusters",2085,0,0,0.00469006213103357,0.244897959183673
"S5","LATS1","candidate_fibroblast_state",2450,0.0530675651990426,2.85714285714286,"other_clusters",2085,0.0323176393664942,2.39808153477218,0.0207499258325484,0.459061322370675
"S5","LATS2","candidate_fibroblast_state",2450,0.291307668245012,15.0204081632653,"other_clusters",2085,0.137169037295034,8.77697841726619,0.154138630949978,6.24342974599912
"S5","LDHA","candidate_fibroblast_state",2450,1.52590100288642,63.5510204081633,"other_clusters",2085,1.55912956521522,67.4820143884892,-0.0332285623287947,-3.93099398032594
"S5","LIMK1","candidate_fibroblast_state",2450,0.0245376943911026,1.38775510204082,"other_clusters",2085,0.0208319704839632,1.39088729016787,0.00370572390713936,-0.00313218812704941
"S5","LOX","candidate_fibroblast_state",2450,0.629652601205705,30.0408163265306,"other_clusters",2085,0.0640335265199996,4.12470023980815,0.565619074685705,25.9161160867225
"S5","LOXL2","candidate_fibroblast_state",2450,0.0544511378243491,3.06122448979592,"other_clusters",2085,0.0165423433429322,1.1031175059952,0.0379087944814169,1.95810698380071
"S5","MCM2","candidate_fibroblast_state",2450,0.00156658844558152,0.0816326530612245,"other_clusters",2085,0.00228985787266201,0.143884892086331,-0.000723269427080492,-0.0622522390251064
"S5","MCM3","candidate_fibroblast_state",2450,0.0178209326585482,1.02040816326531,"other_clusters",2085,0.0240820757221661,1.8705035971223,-0.00626114306361793,-0.850095433856996
"S5","MCM4","candidate_fibroblast_state",2450,0.013501435069923,0.816326530612245,"other_clusters",2085,0.0227081852726161,1.8705035971223,-0.00920675020269314,-1.05417706651006
"S5","MCM5","candidate_fibroblast_state",2450,0.0087039025567145,0.489795918367347,"other_clusters",2085,0.0298347701420727,1.8705035971223,-0.0211308675853582,-1.38070767875496
"S5","MCM6","candidate_fibroblast_state",2450,0.0132361611605244,0.73469387755102,"other_clusters",2085,0.0077538151657451,0.479616306954436,0.00548234599477927,0.255077570596584
"S5","MCM7","candidate_fibroblast_state",2450,0.0581805096590069,2.93877551020408,"other_clusters",2085,0.0587522335056909,4.31654676258993,-0.000571723846683955,-1.37777125238585
"S5","MKI67","candidate_fibroblast_state",2450,0,0,"other_clusters",2085,0.0150481446957514,1.15107913669065,-0.0150481446957514,-1.15107913669065
"S5","MMP14","candidate_fibroblast_state",2450,0.294606943687004,15.5918367346939,"other_clusters",2085,0.080726893237309,5.46762589928058,0.213880050449695,10.1242108354133
"S5","MMP2","candidate_fibroblast_state",2450,2.01491010525222,72.8979591836735,"other_clusters",2085,0.278983043574929,15.1558752997602,1.73592706167729,57.7420838839133
"S5","MYL9","candidate_fibroblast_state",2450,0.463964649128597,23.0612244897959,"other_clusters",2085,0.117965664533841,6.13908872901679,0.345998984594756,16.9221357607791
"S5","MYLK","candidate_fibroblast_state",2450,0.0748081194935741,4.16326530612245,"other_clusters",2085,0.0939511784554662,5.03597122302158,-0.0191430589618921,-0.872705916899133
"S5","NDRG1","candidate_fibroblast_state",2450,0.338415798716954,16.9795918367347,"other_clusters",2085,0.562889762644493,28.7769784172662,-0.224473963927539,-11.7973865805315
"S5","NF2","candidate_fibroblast_state",2450,0.0304346020254737,1.63265306122449,"other_clusters",2085,0.0236534777352104,1.77458033573141,0.00678112429026322,-0.141927274506925
"S5","NFKB1","candidate_fibroblast_state",2450,0.688395273046666,32.4081632653061,"other_clusters",2085,0.87468634067294,43.4532374100719,-0.186291067626275,-11.0450741447658
"S5","NFKB2","candidate_fibroblast_state",2450,0.139366727414904,7.26530612244898,"other_clusters",2085,0.183777965532943,11.3189448441247,-0.0444112381180384,-4.05363872167572
"S5","P2RX4","candidate_fibroblast_state",2450,0.0351778458178064,1.83673469387755,"other_clusters",2085,0.0208710019558167,1.39088729016787,0.0143068438619897,0.445847403709686
"S5","P2RX7","candidate_fibroblast_state",2450,0.00616494243145686,0.36734693877551,"other_clusters",2085,0.0448987533394914,2.6378896882494,-0.0387338109080346,-2.27054274947389
"S5","PANX1","candidate_fibroblast_state",2450,0.0556601151349092,2.97959183673469,"other_clusters",2085,0.0878096505426632,6.71462829736211,-0.032149535407754,-3.73503646062742
"S5","PARVA","candidate_fibroblast_state",2450,0.109242597027051,5.83673469387755,"other_clusters",2085,0.0430358533330691,3.11750599520384,0.0662067436939823,2.71922869867371
"S5","PCNA","candidate_fibroblast_state",2450,0.0516526586913835,2.77551020408163,"other_clusters",2085,0.070303447113684,4.79616306954436,-0.0186507884223006,-2.02065286546273
"S5","PDGFA","candidate_fibroblast_state",2450,0.0683533540869259,3.59183673469388,"other_clusters",2085,0.0757386120630069,4.07673860911271,-0.00738525797608104,-0.484901874418833
"S5","PDGFB","candidate_fibroblast_state",2450,0.00430970214304763,0.36734693877551,"other_clusters",2085,0.0276489288199844,1.72661870503597,-0.0233392266769367,-1.35927176626046
"S5","PDGFC","candidate_fibroblast_state",2450,0.0946440208222088,5.06122448979592,"other_clusters",2085,0.0670474409609298,4.46043165467626,0.0275965798612789,0.60079283511966
"S5","PDGFRA","candidate_fibroblast_state",2450,0.709951415122458,33.469387755102,"other_clusters",2085,0.0849274155320694,5.65947242206235,0.625023999590389,27.8099153330397
"S5","PDGFRB","candidate_fibroblast_state",2450,0.48812386621411,24.2448979591837,"other_clusters",2085,0.0575138677110657,3.78896882494005,0.430609998503045,20.4559291342436
"S5","PDK1","candidate_fibroblast_state",2450,0.0473224256296856,2.6530612244898,"other_clusters",2085,0.0794917750824303,5.65947242206235,-0.0321693494527447,-3.00641119757255
"S5","PFKFB3","candidate_fibroblast_state",2450,0.166188504759443,8.61224489795918,"other_clusters",2085,0.234254602351587,14.8681055155875,-0.0680660975921444,-6.25586061762835
"S5","PFN1","candidate_fibroblast_state",2450,1.71516231374147,70.0816326530612,"other_clusters",2085,2.23948208585764,84.5563549160671,-0.524319772116163,-14.4747222630059
"S5","PGK1","candidate_fibroblast_state",2450,0.189798987105648,10.2857142857143,"other_clusters",2085,0.27234015452208,16.8345323741007,-0.0825411674164325,-6.54881808838643
"S5","PIEZO1","candidate_fibroblast_state",2450,0.025625143510621,1.51020408163265,"other_clusters",2085,0.0468721939989291,3.21342925659472,-0.021247050488308,-1.70322517496207
"S5","PIEZO2","candidate_fibroblast_state",2450,0.0342160065305674,2,"other_clusters",2085,0.0105018790159905,0.671462829736211,0.0237141275145769,1.32853717026379
"S5","PKD1","candidate_fibroblast_state",2450,0.132933780573156,7.10204081632653,"other_clusters",2085,0.0434148511123579,3.59712230215827,0.0895189294607981,3.50491851416826
"S5","PKD2","candidate_fibroblast_state",2450,0.107362723591353,5.83673469387755,"other_clusters",2085,0.0266730263925485,2.01438848920863,0.0806896971988046,3.82234620466892
"S5","POSTN","candidate_fibroblast_state",2450,0.21185032694267,8.65306122448979,"other_clusters",2085,0.103676107462641,6.66666666666667,0.108174219480029,1.98639455782313
"S5","PTGS2","candidate_fibroblast_state",2450,0.289311121508871,13.265306122449,"other_clusters",2085,0.310847446707697,15.7314148681055,-0.0215363251988258,-2.46610874565653
"S5","PTK2","candidate_fibroblast_state",2450,0.114476540561257,6.16326530612245,"other_clusters",2085,0.0755471016104411,5.08393285371703,0.0389294389508163,1.07933245240542
"S5","PXN","candidate_fibroblast_state",2450,0.056016221312962,3.30612244897959,"other_clusters",2085,0.0650940638735041,4.79616306954436,-0.00907784256054209,-1.49004062056477
"S5","RAC1","candidate_fibroblast_state",2450,1.25561182918223,56.0816326530612,"other_clusters",2085,1.58596191094737,70.5515587529976,-0.330350081765137,-14.4699260999364
"S5","RELA","candidate_fibroblast_state",2450,0.0813300684181996,4.48979591836735,"other_clusters",2085,0.104186079860259,6.90647482014388,-0.0228560114420597,-2.41667890177654
"S5","RELB","candidate_fibroblast_state",2450,0.118380568172196,6.40816326530612,"other_clusters",2085,0.130263935177528,8.05755395683453,-0.0118833670053326,-1.64939069152841
"S5","RHOA","candidate_fibroblast_state",2450,1.06163077232168,48.4489795918367,"other_clusters",2085,0.784575666071406,41.7745803357314,0.277055106250271,6.67439925610532
"S5","RHOB","candidate_fibroblast_state",2450,0.443542862714934,21.7959183673469,"other_clusters",2085,0.278809554503221,15.1079136690647,0.164733308211713,6.68800469828219
"S5","ROCK1","candidate_fibroblast_state",2450,0.189491916425378,10.0816326530612,"other_clusters",2085,0.210530674324591,12.3741007194245,-0.021038757899213,-2.29246806636323
"S5","ROCK2","candidate_fibroblast_state",2450,0.166558318089155,8.97959183673469,"other_clusters",2085,0.144065590307668,9.06474820143885,0.0224927277814866,-0.0851563647041562
"S5","SAV1","candidate_fibroblast_state",2450,0.441134772646223,22.6938775510204,"other_clusters",2085,0.312912850369353,18.1774580335731,0.12822192227687,4.51641951744726
"S5","SERPINE1","candidate_fibroblast_state",2450,0.0486366817404287,2.73469387755102,"other_clusters",2085,0.0830772368352574,4.84412470023981,-0.0344405550948287,-2.10943082268879
"S5","SLC2A1","candidate_fibroblast_state",2450,0.0269229156598221,1.55102040816327,"other_clusters",2085,0.209911530352894,13.2853717026379,-0.182988614693072,-11.7343512944746
"S5","SMAD2","candidate_fibroblast_state",2450,0.169544993487979,9.22448979591837,"other_clusters",2085,0.140896595277982,9.59232613908873,0.0286483982099969,-0.367836343170364
"S5","SMAD3","candidate_fibroblast_state",2450,0.123166160689857,6.69387755102041,"other_clusters",2085,0.11403063092216,7.96163069544364,0.00913552976769766,-1.26775314442324
"S5","SMAD4","candidate_fibroblast_state",2450,0.0969477269251122,5.22448979591837,"other_clusters",2085,0.0656729706750955,4.55635491606715,0.0312747562500166,0.668134879851221
"S5","SMAD7","candidate_fibroblast_state",2450,0.0510151385203824,2.77551020408163,"other_clusters",2085,0.0227927253639819,1.63069544364508,0.0282224131564005,1.14481476043655
"S5","SNAI1","candidate_fibroblast_state",2450,0.14021667216386,6.93877551020408,"other_clusters",2085,0.0303553962729427,1.91846522781775,0.109861275890918,5.02031028238634
"S5","SOCS3","candidate_fibroblast_state",2450,0.872175607027853,36.8163265306122,"other_clusters",2085,0.723212821353347,32.6618705035971,0.148962785674506,4.15445602701512
"S5","SPARC","candidate_fibroblast_state",2450,1.56764711109471,57.2244897959184,"other_clusters",2085,0.388986609196772,20.7673860911271,1.17866050189793,36.4571037047913
"S5","SRC","candidate_fibroblast_state",2450,0.0340319806289386,1.95918367346939,"other_clusters",2085,0.0466345089939304,2.78177458033573,-0.0126025283649918,-0.822590906866344
"S5","STAT3","candidate_fibroblast_state",2450,0.613382843418089,30.1224489795918,"other_clusters",2085,0.410671767799097,24.652278177458,0.202711075618992,5.4701708021338
"S5","STK3","candidate_fibroblast_state",2450,0.172331663066278,9.18367346938776,"other_clusters",2085,0.097559256744038,6.61870503597122,0.0747724063222396,2.56496843341653
"S5","STK4","candidate_fibroblast_state",2450,0.110003996380435,6.16326530612245,"other_clusters",2085,0.607807909769041,30.1678657074341,-0.497803913388606,-24.0046004013116
"S5","TAGLN","candidate_fibroblast_state",2450,0.164559427379569,7.55102040816327,"other_clusters",2085,0.116745608073705,4.9400479616307,0.0478138193058641,2.61097244653257
"S5","TEAD1","candidate_fibroblast_state",2450,0.215088881161942,11.3877551020408,"other_clusters",2085,0.132315974738658,9.35251798561151,0.0827729064232838,2.03523711642931
"S5","TEAD2","candidate_fibroblast_state",2450,0.0316047496970928,1.79591836734694,"other_clusters",2085,0.0175385822225162,1.19904076738609,0.0140661674745766,0.596877599960848
"S5","TEAD3","candidate_fibroblast_state",2450,0.0209712346356939,1.18367346938776,"other_clusters",2085,0.019196774533265,1.67865707434053,0.00177446010242888,-0.494983604952772
"S5","TEAD4","candidate_fibroblast_state",2450,0.0173141162463906,0.897959183673469,"other_clusters",2085,0.0255201381377988,1.91846522781775,-0.00820602189140815,-1.02050604414428
"S5","TGFB1","candidate_fibroblast_state",2450,0.151424322669945,8.12244897959184,"other_clusters",2085,0.318006002053846,17.1702637889688,-0.1665816793839,-9.04781480937699
"S5","TGFB2","candidate_fibroblast_state",2450,0.0265314578332528,1.46938775510204,"other_clusters",2085,0.0273153423539708,1.8705035971223,-0.000783884520717985,-0.401115842020261
"S5","TGFB3","candidate_fibroblast_state",2450,0.0566789990715102,3.10204081632653,"other_clusters",2085,0.0253441903249846,1.63069544364508,0.0313348087465256,1.47134537268145
"S5","TGFBR1","candidate_fibroblast_state",2450,0.215730251705248,11.1428571428571,"other_clusters",2085,0.100097692761442,6.28297362110312,0.115632558943806,4.85988352175402
"S5","TGFBR2","candidate_fibroblast_state",2450,0.343221781495956,17.9591836734694,"other_clusters",2085,0.26422600726881,14.7721822541966,0.0789957742271467,3.18700141927274
"S5","THBS1","candidate_fibroblast_state",2450,1.30939347181507,51.6326530612245,"other_clusters",2085,0.302861305777655,16.8345323741007,1.00653216603742,34.7981206871238
"S5","THBS2","candidate_fibroblast_state",2450,1.33930460217843,55.9183673469388,"other_clusters",2085,0.216769741137002,13.1414868105516,1.12253486104143,42.7768805363872
"S5","TIMP1","candidate_fibroblast_state",2450,1.76561976526545,70.1224489795918,"other_clusters",2085,1.18712936696349,47.5299760191847,0.578490398301955,22.5924729604072
"S5","TIMP2","candidate_fibroblast_state",2450,1.79054369722357,67.9183673469388,"other_clusters",2085,0.328738783746446,17.6978417266187,1.46180491347713,50.2205256203201
"S5","TIMP3","candidate_fibroblast_state",2450,0.958320012740294,43.3061224489796,"other_clusters",2085,0.291616486871758,15.5395683453237,0.666703525868536,27.7665541036558
"S5","TLN1","candidate_fibroblast_state",2450,0.192909607389332,10.5714285714286,"other_clusters",2085,0.155882003819872,9.4484412470024,0.0370276035694599,1.12298732442617
"S5","TLN2","candidate_fibroblast_state",2450,0.027147669640316,1.51020408163265,"other_clusters",2085,0.00698573681642314,0.479616306954436,0.0201619328238928,1.03058777467822
"S5","TMEM150C","candidate_fibroblast_state",2450,0.0186187548437248,0.938775510204082,"other_clusters",2085,0.00728152335267213,0.52757793764988,0.0113372314910527,0.411197572554201
"S5","TMEM63A","candidate_fibroblast_state",2450,0.0282414233532448,1.51020408163265,"other_clusters",2085,0.0114236161953671,0.671462829736211,0.0168178071578776,0.838741251896442
"S5","TMEM63B","candidate_fibroblast_state",2450,0.0254265796036963,1.42857142857143,"other_clusters",2085,0.0336966393629975,2.20623501199041,-0.00827005975930122,-0.777663583418979
"S5","TNC","candidate_fibroblast_state",2450,0.0820852679859849,4.12244897959184,"other_clusters",2085,0.0123468483201094,0.719424460431655,0.0697384196658755,3.40302451916018
"S5","TNF","candidate_fibroblast_state",2450,0.0122794215738734,0.816326530612245,"other_clusters",2085,0.0488833545085187,2.82973621103118,-0.0366039329346454,-2.01340968041893
"S5","TOP2A","candidate_fibroblast_state",2450,0.00409203933675674,0.204081632653061,"other_clusters",2085,0.0166688373374121,1.19904076738609,-0.0125767980006554,-0.99495913473303
"S5","TPM1","candidate_fibroblast_state",2450,1.05876091550708,47.1020408163265,"other_clusters",2085,0.21114253943213,12.4220623501199,0.847618376074951,34.6799784662066
"S5","TPM2","candidate_fibroblast_state",2450,0.178775060688671,9.26530612244898,"other_clusters",2085,0.0790335165442507,3.83693045563549,0.0997415441444203,5.42837566681349
"S5","TRPA1","candidate_fibroblast_state",2450,0,0,"other_clusters",2085,0,0,0,0
"S5","TRPC1","candidate_fibroblast_state",2450,0.0440005353765667,2.36734693877551,"other_clusters",2085,0.00664505922104879,0.431654676258993,0.0373554761555179,1.93569226251652
"S5","TRPC3","candidate_fibroblast_state",2450,0,0,"other_clusters",2085,0,0,0,0
"S5","TRPC6","candidate_fibroblast_state",2450,0.0098399192636277,0.571428571428571,"other_clusters",2085,0.00614623244403087,0.479616306954436,0.00369368681959682,0.091812264474135
"S5","TRPV4","candidate_fibroblast_state",2450,0.000930092622937649,0.0408163265306122,"other_clusters",2085,0.00563530548800851,0.479616306954436,-0.00470521286507087,-0.438799980423824
"S5","UBE2C","candidate_fibroblast_state",2450,0.00187541254965633,0.122448979591837,"other_clusters",2085,0.0246563222659032,1.5347721822542,-0.0227809097162469,-1.41232320266236
"S5","VCL","candidate_fibroblast_state",2450,0.166255649278468,9.10204081632653,"other_clusters",2085,0.144545370219095,10.1678657074341,0.021710279059373,-1.06582489110752
"S5","VEGFA","candidate_fibroblast_state",2450,0.260075966741859,13.5102040816327,"other_clusters",2085,0.342431764054859,19.7122302158273,-0.0823557973129999,-6.20202613419469
"S5","WWTR1","candidate_fibroblast_state",2450,0.426448378148504,21.6326530612245,"other_clusters",2085,0.233573761308229,13.3812949640288,0.192874616840276,8.25135809719571
"S5","YAP1","candidate_fibroblast_state",2450,0.245143811029669,12.7755102040816,"other_clusters",2085,0.18464045756235,12.8537170263789,0.0605033534673188,-0.0782068222972629
"S5","ZEB1","candidate_fibroblast_state",2450,0.174377413391774,9.26530612244898,"other_clusters",2085,0.108953640128715,6.23501199040767,0.0654237732630588,3.03029413204131
