"gene_set_version","random_seed","module","target_gene","target_expression_bin","control_gene","control_expression_bin"
"v1",20260823,"mechanosensor_channels","PIEZO1",16,"SLC9A3R2",16
"v1",20260823,"mechanosensor_channels","PIEZO1",16,"MRPL48",16
"v1",20260823,"mechanosensor_channels","PIEZO1",16,"PRPF18",16
"v1",20260823,"mechanosensor_channels","PIEZO1",16,"FRMD4A",16
"v1",20260823,"mechanosensor_channels","PIEZO1",16,"TBC1D20",16
"v1",20260823,"mechanosensor_channels","PIEZO1",16,"SERGEF",16
"v1",20260823,"mechanosensor_channels","PIEZO1",16,"ASCC2",16
"v1",20260823,"mechanosensor_channels","PIEZO1",16,"GALK1",16
"v1",20260823,"mechanosensor_channels","PIEZO1",16,"ERBIN",16
"v1",20260823,"mechanosensor_channels","PIEZO1",16,"LINC02001",16
"v1",20260823,"mechanosensor_channels","PIEZO1",16,"PART1",16
"v1",20260823,"mechanosensor_channels","PIEZO1",16,"TMEM101",16
"v1",20260823,"mechanosensor_channels","PIEZO1",16,"NOLC1",16
"v1",20260823,"mechanosensor_channels","PIEZO1",16,"UBE2F",16
"v1",20260823,"mechanosensor_channels","PIEZO1",16,"SSBP3",16
"v1",20260823,"mechanosensor_channels","PIEZO1",16,"AKIP1",16
"v1",20260823,"mechanosensor_channels","PIEZO1",16,"STK38L",16
"v1",20260823,"mechanosensor_channels","PIEZO1",16,"ERRFI1",16
"v1",20260823,"mechanosensor_channels","PIEZO1",16,"GON4L",16
"v1",20260823,"mechanosensor_channels","PIEZO1",16,"NCAPH2",16
"v1",20260823,"mechanosensor_channels","PIEZO2",19,"LIX1L",19
"v1",20260823,"mechanosensor_channels","PIEZO2",19,"SAR1B",19
"v1",20260823,"mechanosensor_channels","PIEZO2",19,"PHF5A",19
"v1",20260823,"mechanosensor_channels","PIEZO2",19,"TTC14",19
"v1",20260823,"mechanosensor_channels","PIEZO2",19,"ACKR3",19
"v1",20260823,"mechanosensor_channels","PIEZO2",19,"FAM210B",19
"v1",20260823,"mechanosensor_channels","PIEZO2",19,"HAT1",19
"v1",20260823,"mechanosensor_channels","PIEZO2",19,"PHF1",19
"v1",20260823,"mechanosensor_channels","PIEZO2",19,"WDR46",19
"v1",20260823,"mechanosensor_channels","PIEZO2",19,"ZNF358",19
"v1",20260823,"mechanosensor_channels","PIEZO2",19,"FAT1",19
"v1",20260823,"mechanosensor_channels","PIEZO2",19,"MRPL37",19
"v1",20260823,"mechanosensor_channels","PIEZO2",19,"MALSU1",19
"v1",20260823,"mechanosensor_channels","PIEZO2",19,"ABTB1",19
"v1",20260823,"mechanosensor_channels","PIEZO2",19,"SESN3",19
"v1",20260823,"mechanosensor_channels","PIEZO2",19,"CSNK1D",19
"v1",20260823,"mechanosensor_channels","PIEZO2",19,"FDX1",19
"v1",20260823,"mechanosensor_channels","PIEZO2",19,"PHGDH",19
"v1",20260823,"mechanosensor_channels","PIEZO2",19,"SNHG18",19
"v1",20260823,"mechanosensor_channels","PIEZO2",19,"CYP27A1",19
"v1",20260823,"mechanosensor_channels","TRPV4",11,"TRMT10B",11
"v1",20260823,"mechanosensor_channels","TRPV4",11,"RAPGEF1",11
"v1",20260823,"mechanosensor_channels","TRPV4",11,"SIPA1",11
"v1",20260823,"mechanosensor_channels","TRPV4",11,"DNAJC11",11
"v1",20260823,"mechanosensor_channels","TRPV4",11,"IMPA2",11
"v1",20260823,"mechanosensor_channels","TRPV4",11,"ASB13",11
"v1",20260823,"mechanosensor_channels","TRPV4",11,"JMY",11
"v1",20260823,"mechanosensor_channels","TRPV4",11,"TRMU",11
"v1",20260823,"mechanosensor_channels","TRPV4",11,"NPTX2",11
"v1",20260823,"mechanosensor_channels","TRPV4",11,"USP46",11
"v1",20260823,"mechanosensor_channels","TRPV4",11,"HELZ2",11
"v1",20260823,"mechanosensor_channels","TRPV4",11,"C20orf194",11
"v1",20260823,"mechanosensor_channels","TRPV4",11,"ZNF880",11
"v1",20260823,"mechanosensor_channels","TRPV4",11,"KIAA0319L",11
"v1",20260823,"mechanosensor_channels","TRPV4",11,"POGLUT1",11
"v1",20260823,"mechanosensor_channels","TRPV4",11,"DHX8",11
"v1",20260823,"mechanosensor_channels","TRPV4",11,"LZTR1",11
"v1",20260823,"mechanosensor_channels","TRPV4",11,"AP001160.1",11
"v1",20260823,"mechanosensor_channels","TRPV4",11,"FXN",11
"v1",20260823,"mechanosensor_channels","TRPV4",11,"NARFL",11
"v1",20260823,"mechanosensor_channels","TRPA1",5,"EIF5AL1",5
"v1",20260823,"mechanosensor_channels","TRPA1",5,"C14orf93",5
"v1",20260823,"mechanosensor_channels","TRPA1",5,"C1QTNF5",5
"v1",20260823,"mechanosensor_channels","TRPA1",5,"DDX58",5
"v1",20260823,"mechanosensor_channels","TRPA1",5,"SLC27A4",5
"v1",20260823,"mechanosensor_channels","TRPA1",5,"CARD6",5
"v1",20260823,"mechanosensor_channels","TRPA1",5,"VAT1L",5
"v1",20260823,"mechanosensor_channels","TRPA1",5,"MATN3",5
"v1",20260823,"mechanosensor_channels","TRPA1",5,"LINC00513",5
"v1",20260823,"mechanosensor_channels","TRPA1",5,"LYVE1",5
"v1",20260823,"mechanosensor_channels","TRPA1",5,"AC018797.2",5
"v1",20260823,"mechanosensor_channels","TRPA1",5,"ZW10",5
"v1",20260823,"mechanosensor_channels","TRPA1",5,"GRID1",5
"v1",20260823,"mechanosensor_channels","TRPA1",5,"TADA2A",5
"v1",20260823,"mechanosensor_channels","TRPA1",5,"GIN1",5
"v1",20260823,"mechanosensor_channels","TRPA1",5,"UBOX5",5
"v1",20260823,"mechanosensor_channels","TRPA1",5,"MPHOSPH9",5
"v1",20260823,"mechanosensor_channels","TRPA1",5,"SLC43A2",5
"v1",20260823,"mechanosensor_channels","TRPA1",5,"PIK3CB",5
"v1",20260823,"mechanosensor_channels","TRPA1",5,"CTPS2",5
"v1",20260823,"mechanosensor_channels","TRPC1",15,"EHMT1",15
"v1",20260823,"mechanosensor_channels","TRPC1",15,"DNMT1",15
"v1",20260823,"mechanosensor_channels","TRPC1",15,"IRS1",15
"v1",20260823,"mechanosensor_channels","TRPC1",15,"DUSP12",15
"v1",20260823,"mechanosensor_channels","TRPC1",15,"ELP6",15
"v1",20260823,"mechanosensor_channels","TRPC1",15,"LYST",15
"v1",20260823,"mechanosensor_channels","TRPC1",15,"ZNF667-AS1",15
"v1",20260823,"mechanosensor_channels","TRPC1",15,"SMC6",15
"v1",20260823,"mechanosensor_channels","TRPC1",15,"ARIH1",15
"v1",20260823,"mechanosensor_channels","TRPC1",15,"CLK4",15
"v1",20260823,"mechanosensor_channels","TRPC1",15,"ACADS",15
"v1",20260823,"mechanosensor_channels","TRPC1",15,"SMYD3",15
"v1",20260823,"mechanosensor_channels","TRPC1",15,"BAMBI",15
"v1",20260823,"mechanosensor_channels","TRPC1",15,"CSE1L",15
"v1",20260823,"mechanosensor_channels","TRPC1",15,"H2AFX",15
"v1",20260823,"mechanosensor_channels","TRPC1",15,"FOXS1",15
"v1",20260823,"mechanosensor_channels","TRPC1",15,"KLHL7",15
"v1",20260823,"mechanosensor_channels","TRPC1",15,"ZDHHC6",15
"v1",20260823,"mechanosensor_channels","TRPC1",15,"SLC35A3",15
"v1",20260823,"mechanosensor_channels","TRPC1",15,"KLHL23",15
"v1",20260823,"mechanosensor_channels","TRPC3",9,"TMEM121",9
"v1",20260823,"mechanosensor_channels","TRPC3",9,"ARHGAP22",9
"v1",20260823,"mechanosensor_channels","TRPC3",9,"AMN1",9
"v1",20260823,"mechanosensor_channels","TRPC3",9,"PEX7",9
"v1",20260823,"mechanosensor_channels","TRPC3",9,"BNIP1",9
"v1",20260823,"mechanosensor_channels","TRPC3",9,"TBC1D25",9
"v1",20260823,"mechanosensor_channels","TRPC3",9,"CFB",9
"v1",20260823,"mechanosensor_channels","TRPC3",9,"PHTF1",9
"v1",20260823,"mechanosensor_channels","TRPC3",9,"FMO3",9
"v1",20260823,"mechanosensor_channels","TRPC3",9,"MAP3K4",9
"v1",20260823,"mechanosensor_channels","TRPC3",9,"HES6",9
"v1",20260823,"mechanosensor_channels","TRPC3",9,"CHAD",9
"v1",20260823,"mechanosensor_channels","TRPC3",9,"ACSS2",9
"v1",20260823,"mechanosensor_channels","TRPC3",9,"PCED1A",9
"v1",20260823,"mechanosensor_channels","TRPC3",9,"APBA3",9
"v1",20260823,"mechanosensor_channels","TRPC3",9,"SLC49A3",9
"v1",20260823,"mechanosensor_channels","TRPC3",9,"DIS3L2",9
"v1",20260823,"mechanosensor_channels","TRPC3",9,"WDR3",9
"v1",20260823,"mechanosensor_channels","TRPC3",9,"CPT2",9
"v1",20260823,"mechanosensor_channels","TRPC3",9,"MFN2",9
"v1",20260823,"mechanosensor_channels","TRPC6",14,"ITCH",14
"v1",20260823,"mechanosensor_channels","TRPC6",14,"RAB3GAP2",14
"v1",20260823,"mechanosensor_channels","TRPC6",14,"MTA3",14
"v1",20260823,"mechanosensor_channels","TRPC6",14,"KLHL9",14
"v1",20260823,"mechanosensor_channels","TRPC6",14,"CRLF1",14
"v1",20260823,"mechanosensor_channels","TRPC6",14,"CDK14",14
"v1",20260823,"mechanosensor_channels","TRPC6",14,"PPM1K",14
"v1",20260823,"mechanosensor_channels","TRPC6",14,"GPKOW",14
"v1",20260823,"mechanosensor_channels","TRPC6",14,"LTV1",14
"v1",20260823,"mechanosensor_channels","TRPC6",14,"PPP6R3",14
"v1",20260823,"mechanosensor_channels","TRPC6",14,"WDFY1",14
"v1",20260823,"mechanosensor_channels","TRPC6",14,"FADS1",14
"v1",20260823,"mechanosensor_channels","TRPC6",14,"FMNL2",14
"v1",20260823,"mechanosensor_channels","TRPC6",14,"ELOA",14
"v1",20260823,"mechanosensor_channels","TRPC6",14,"PNO1",14
"v1",20260823,"mechanosensor_channels","TRPC6",14,"ALKBH4",14
"v1",20260823,"mechanosensor_channels","TRPC6",14,"CDIP1",14
"v1",20260823,"mechanosensor_channels","TRPC6",14,"POMGNT1",14
"v1",20260823,"mechanosensor_channels","TRPC6",14,"PHF23",14
"v1",20260823,"mechanosensor_channels","TRPC6",14,"GPATCH2",14
"v1",20260823,"mechanosensor_channels","ASIC1",11,"PSME4",11
"v1",20260823,"mechanosensor_channels","ASIC1",11,"SP2",11
"v1",20260823,"mechanosensor_channels","ASIC1",11,"KIAA1586",11
"v1",20260823,"mechanosensor_channels","ASIC1",11,"IFT88",11
"v1",20260823,"mechanosensor_channels","ASIC1",11,"SCAF8",11
"v1",20260823,"mechanosensor_channels","ASIC1",11,"PDPR",11
"v1",20260823,"mechanosensor_channels","ASIC1",11,"ATRN",11
"v1",20260823,"mechanosensor_channels","ASIC1",11,"LPCAT1",11
"v1",20260823,"mechanosensor_channels","ASIC1",11,"NR2C1",11
"v1",20260823,"mechanosensor_channels","ASIC1",11,"WRNIP1",11
"v1",20260823,"mechanosensor_channels","ASIC1",11,"TRIM65",11
"v1",20260823,"mechanosensor_channels","ASIC1",11,"FBXO34",11
"v1",20260823,"mechanosensor_channels","ASIC1",11,"ATP10A",11
"v1",20260823,"mechanosensor_channels","ASIC1",11,"DZIP3",11
"v1",20260823,"mechanosensor_channels","ASIC1",11,"ADAM19",11
"v1",20260823,"mechanosensor_channels","ASIC1",11,"WDTC1",11
"v1",20260823,"mechanosensor_channels","ASIC1",11,"B3GLCT",11
"v1",20260823,"mechanosensor_channels","ASIC1",11,"TCTEX1D2",11
"v1",20260823,"mechanosensor_channels","ASIC1",11,"KIF20B",11
"v1",20260823,"mechanosensor_channels","ASIC1",11,"CDCA7L",11
"v1",20260823,"mechanosensor_channels","ASIC2",7,"KLF8",7
"v1",20260823,"mechanosensor_channels","ASIC2",7,"ZNF584",7
"v1",20260823,"mechanosensor_channels","ASIC2",7,"LCORL",7
"v1",20260823,"mechanosensor_channels","ASIC2",7,"C18orf25",7
"v1",20260823,"mechanosensor_channels","ASIC2",7,"ANOS1",7
"v1",20260823,"mechanosensor_channels","ASIC2",7,"MPND",7
"v1",20260823,"mechanosensor_channels","ASIC2",7,"KCTD13",7
"v1",20260823,"mechanosensor_channels","ASIC2",7,"F2RL2",7
"v1",20260823,"mechanosensor_channels","ASIC2",7,"ZNF592",7
"v1",20260823,"mechanosensor_channels","ASIC2",7,"ZNF134",7
"v1",20260823,"mechanosensor_channels","ASIC2",7,"PAPOLG",7
"v1",20260823,"mechanosensor_channels","ASIC2",7,"MAP2",7
"v1",20260823,"mechanosensor_channels","ASIC2",7,"EIF2AK3",7
"v1",20260823,"mechanosensor_channels","ASIC2",7,"SETD6",7
"v1",20260823,"mechanosensor_channels","ASIC2",7,"BPNT1",7
"v1",20260823,"mechanosensor_channels","ASIC2",7,"AL121603.2",7
"v1",20260823,"mechanosensor_channels","ASIC2",7,"HSD17B7",7
"v1",20260823,"mechanosensor_channels","ASIC2",7,"USP38",7
"v1",20260823,"mechanosensor_channels","ASIC2",7,"PMM2",7
"v1",20260823,"mechanosensor_channels","ASIC2",7,"MIER2",7
"v1",20260823,"mechanosensor_channels","ASIC3",8,"FMNL1",8
"v1",20260823,"mechanosensor_channels","ASIC3",8,"SLC30A6",8
"v1",20260823,"mechanosensor_channels","ASIC3",8,"SCN4B",8
"v1",20260823,"mechanosensor_channels","ASIC3",8,"RNF19B",8
"v1",20260823,"mechanosensor_channels","ASIC3",8,"PHRF1",8
"v1",20260823,"mechanosensor_channels","ASIC3",8,"DUOX1",8
"v1",20260823,"mechanosensor_channels","ASIC3",8,"GTF2H2C",8
"v1",20260823,"mechanosensor_channels","ASIC3",8,"CCDC86",8
"v1",20260823,"mechanosensor_channels","ASIC3",8,"CCDC152",8
"v1",20260823,"mechanosensor_channels","ASIC3",8,"ZNF26",8
"v1",20260823,"mechanosensor_channels","ASIC3",8,"HDAC4",8
"v1",20260823,"mechanosensor_channels","ASIC3",8,"RIPOR2",8
"v1",20260823,"mechanosensor_channels","ASIC3",8,"FOXK2",8
"v1",20260823,"mechanosensor_channels","ASIC3",8,"HIST2H2AC",8
"v1",20260823,"mechanosensor_channels","ASIC3",8,"TLDC1",8
"v1",20260823,"mechanosensor_channels","ASIC3",8,"NKIRAS1",8
"v1",20260823,"mechanosensor_channels","ASIC3",8,"GCN1",8
"v1",20260823,"mechanosensor_channels","ASIC3",8,"CCL21",8
"v1",20260823,"mechanosensor_channels","ASIC3",8,"PACRGL",8
"v1",20260823,"mechanosensor_channels","ASIC3",8,"SESN2",8
"v1",20260823,"mechanosensor_channels","KCNK2",12,"METTL3",12
"v1",20260823,"mechanosensor_channels","KCNK2",12,"CC2D1A",12
"v1",20260823,"mechanosensor_channels","KCNK2",12,"CPD",12
"v1",20260823,"mechanosensor_channels","KCNK2",12,"KCTD17",12
"v1",20260823,"mechanosensor_channels","KCNK2",12,"RTN2",12
"v1",20260823,"mechanosensor_channels","KCNK2",12,"SLC25A28",12
"v1",20260823,"mechanosensor_channels","KCNK2",12,"ENOX2",12
"v1",20260823,"mechanosensor_channels","KCNK2",12,"CDC42EP2",12
"v1",20260823,"mechanosensor_channels","KCNK2",12,"RGS12",12
"v1",20260823,"mechanosensor_channels","KCNK2",12,"SAP30",12
"v1",20260823,"mechanosensor_channels","KCNK2",12,"SPRTN",12
"v1",20260823,"mechanosensor_channels","KCNK2",12,"ZADH2",12
"v1",20260823,"mechanosensor_channels","KCNK2",12,"ACER3",12
"v1",20260823,"mechanosensor_channels","KCNK2",12,"ERLIN2",12
"v1",20260823,"mechanosensor_channels","KCNK2",12,"FAM114A2",12
"v1",20260823,"mechanosensor_channels","KCNK2",12,"KMT5A",12
"v1",20260823,"mechanosensor_channels","KCNK2",12,"IL6R",12
"v1",20260823,"mechanosensor_channels","KCNK2",12,"TAPBPL",12
"v1",20260823,"mechanosensor_channels","KCNK2",12,"ANGEL2",12
"v1",20260823,"mechanosensor_channels","KCNK2",12,"KDM7A",12
"v1",20260823,"mechanosensor_channels","KCNK4",8,"COL13A1",8
"v1",20260823,"mechanosensor_channels","KCNK4",8,"LRFN4",8
"v1",20260823,"mechanosensor_channels","KCNK4",8,"HDAC4",8
"v1",20260823,"mechanosensor_channels","KCNK4",8,"SAMD1",8
"v1",20260823,"mechanosensor_channels","KCNK4",8,"ACSS3",8
"v1",20260823,"mechanosensor_channels","KCNK4",8,"HIST2H2AC",8
"v1",20260823,"mechanosensor_channels","KCNK4",8,"SAMD9L",8
"v1",20260823,"mechanosensor_channels","KCNK4",8,"IL17RD",8
"v1",20260823,"mechanosensor_channels","KCNK4",8,"FEN1",8
"v1",20260823,"mechanosensor_channels","KCNK4",8,"KCNMB4",8
"v1",20260823,"mechanosensor_channels","KCNK4",8,"SRGAP3",8
"v1",20260823,"mechanosensor_channels","KCNK4",8,"TPCN2",8
"v1",20260823,"mechanosensor_channels","KCNK4",8,"MSH2",8
"v1",20260823,"mechanosensor_channels","KCNK4",8,"EIF4ENIF1",8
"v1",20260823,"mechanosensor_channels","KCNK4",8,"CACFD1",8
"v1",20260823,"mechanosensor_channels","KCNK4",8,"ZNF350",8
"v1",20260823,"mechanosensor_channels","KCNK4",8,"WDR25",8
"v1",20260823,"mechanosensor_channels","KCNK4",8,"FGF2",8
"v1",20260823,"mechanosensor_channels","KCNK4",8,"DDX51",8
"v1",20260823,"mechanosensor_channels","KCNK4",8,"VPS52",8
"v1",20260823,"mechanosensor_channels","PKD1",21,"ILF3",21
"v1",20260823,"mechanosensor_channels","PKD1",21,"CHID1",21
"v1",20260823,"mechanosensor_channels","PKD1",21,"NR1H2",21
"v1",20260823,"mechanosensor_channels","PKD1",21,"RIN2",21
"v1",20260823,"mechanosensor_channels","PKD1",21,"PDHB",21
"v1",20260823,"mechanosensor_channels","PKD1",21,"NASP",21
"v1",20260823,"mechanosensor_channels","PKD1",21,"SVBP",21
"v1",20260823,"mechanosensor_channels","PKD1",21,"SPPL2A",21
"v1",20260823,"mechanosensor_channels","PKD1",21,"MAPK1IP1L",21
"v1",20260823,"mechanosensor_channels","PKD1",21,"PAFAH1B1",21
"v1",20260823,"mechanosensor_channels","PKD1",21,"URM1",21
"v1",20260823,"mechanosensor_channels","PKD1",21,"RCAN2",21
"v1",20260823,"mechanosensor_channels","PKD1",21,"SURF1",21
"v1",20260823,"mechanosensor_channels","PKD1",21,"CCND1",21
"v1",20260823,"mechanosensor_channels","PKD1",21,"NTAN1",21
"v1",20260823,"mechanosensor_channels","PKD1",21,"PTBP1",21
"v1",20260823,"mechanosensor_channels","PKD1",21,"BCAP29",21
"v1",20260823,"mechanosensor_channels","PKD1",21,"NQO2",21
"v1",20260823,"mechanosensor_channels","PKD1",21,"DBNL",21
"v1",20260823,"mechanosensor_channels","PKD1",21,"TM4SF1",21
"v1",20260823,"mechanosensor_channels","PKD2",21,"UBE2V2",21
"v1",20260823,"mechanosensor_channels","PKD2",21,"SLTM",21
"v1",20260823,"mechanosensor_channels","PKD2",21,"ATG12",21
"v1",20260823,"mechanosensor_channels","PKD2",21,"CETN2",21
"v1",20260823,"mechanosensor_channels","PKD2",21,"WDR61",21
"v1",20260823,"mechanosensor_channels","PKD2",21,"PDHB",21
"v1",20260823,"mechanosensor_channels","PKD2",21,"HIGD1A",21
"v1",20260823,"mechanosensor_channels","PKD2",21,"LMOD1",21
"v1",20260823,"mechanosensor_channels","PKD2",21,"UACA",21
"v1",20260823,"mechanosensor_channels","PKD2",21,"NIPSNAP2",21
"v1",20260823,"mechanosensor_channels","PKD2",21,"FBXW5",21
"v1",20260823,"mechanosensor_channels","PKD2",21,"SMIM30",21
"v1",20260823,"mechanosensor_channels","PKD2",21,"RNF130",21
"v1",20260823,"mechanosensor_channels","PKD2",21,"C6orf62",21
"v1",20260823,"mechanosensor_channels","PKD2",21,"RRAD",21
"v1",20260823,"mechanosensor_channels","PKD2",21,"NOSIP",21
"v1",20260823,"mechanosensor_channels","PKD2",21,"SRSF1",21
"v1",20260823,"mechanosensor_channels","PKD2",21,"TWSG1",21
"v1",20260823,"mechanosensor_channels","PKD2",21,"HMG20B",21
"v1",20260823,"mechanosensor_channels","PKD2",21,"MAFF",21
"v1",20260823,"mechanosensor_channels","TMEM63A",16,"COL5A3",16
"v1",20260823,"mechanosensor_channels","TMEM63A",16,"SNAPC5",16
"v1",20260823,"mechanosensor_channels","TMEM63A",16,"KIF13A",16
"v1",20260823,"mechanosensor_channels","TMEM63A",16,"STARD9",16
"v1",20260823,"mechanosensor_channels","TMEM63A",16,"RTL8B",16
"v1",20260823,"mechanosensor_channels","TMEM63A",16,"ILKAP",16
"v1",20260823,"mechanosensor_channels","TMEM63A",16,"AKT3",16
"v1",20260823,"mechanosensor_channels","TMEM63A",16,"ZDHHC9",16
"v1",20260823,"mechanosensor_channels","TMEM63A",16,"FNDC4",16
"v1",20260823,"mechanosensor_channels","TMEM63A",16,"TRAPPC12",16
"v1",20260823,"mechanosensor_channels","TMEM63A",16,"TRNAU1AP",16
"v1",20260823,"mechanosensor_channels","TMEM63A",16,"EXOC5",16
"v1",20260823,"mechanosensor_channels","TMEM63A",16,"ATP6V0A1",16
"v1",20260823,"mechanosensor_channels","TMEM63A",16,"MYO9A",16
"v1",20260823,"mechanosensor_channels","TMEM63A",16,"GOSR2",16
"v1",20260823,"mechanosensor_channels","TMEM63A",16,"IRS2",16
"v1",20260823,"mechanosensor_channels","TMEM63A",16,"SAMD4A",16
"v1",20260823,"mechanosensor_channels","TMEM63A",16,"SNX14",16
"v1",20260823,"mechanosensor_channels","TMEM63A",16,"NUP107",16
"v1",20260823,"mechanosensor_channels","TMEM63A",16,"FUCA1",16
"v1",20260823,"mechanosensor_channels","TMEM63B",17,"MRPS2",17
"v1",20260823,"mechanosensor_channels","TMEM63B",17,"ZMYM2",17
"v1",20260823,"mechanosensor_channels","TMEM63B",17,"GIGYF1",17
"v1",20260823,"mechanosensor_channels","TMEM63B",17,"C3orf14",17
"v1",20260823,"mechanosensor_channels","TMEM63B",17,"MSL1",17
"v1",20260823,"mechanosensor_channels","TMEM63B",17,"BOD1L1",17
"v1",20260823,"mechanosensor_channels","TMEM63B",17,"UBTD1",17
"v1",20260823,"mechanosensor_channels","TMEM63B",17,"RAI14",17
"v1",20260823,"mechanosensor_channels","TMEM63B",17,"BBIP1",17
"v1",20260823,"mechanosensor_channels","TMEM63B",17,"TBX2",17
"v1",20260823,"mechanosensor_channels","TMEM63B",17,"GFPT1",17
"v1",20260823,"mechanosensor_channels","TMEM63B",17,"SEPT1",17
"v1",20260823,"mechanosensor_channels","TMEM63B",17,"ZMAT3",17
"v1",20260823,"mechanosensor_channels","TMEM63B",17,"ZBED5",17
"v1",20260823,"mechanosensor_channels","TMEM63B",17,"DYRK2",17
"v1",20260823,"mechanosensor_channels","TMEM63B",17,"GXYLT2",17
"v1",20260823,"mechanosensor_channels","TMEM63B",17,"GMPPA",17
"v1",20260823,"mechanosensor_channels","TMEM63B",17,"C15orf40",17
"v1",20260823,"mechanosensor_channels","TMEM63B",17,"BRD9",17
"v1",20260823,"mechanosensor_channels","TMEM63B",17,"PCGF2",17
"v1",20260823,"mechanosensor_channels","TMEM150C",14,"SLC9A9",14
"v1",20260823,"mechanosensor_channels","TMEM150C",14,"MTMR6",14
"v1",20260823,"mechanosensor_channels","TMEM150C",14,"EIF2B2",14
"v1",20260823,"mechanosensor_channels","TMEM150C",14,"LPGAT1",14
"v1",20260823,"mechanosensor_channels","TMEM150C",14,"RC3H1",14
"v1",20260823,"mechanosensor_channels","TMEM150C",14,"YTHDF3",14
"v1",20260823,"mechanosensor_channels","TMEM150C",14,"NLRP1",14
"v1",20260823,"mechanosensor_channels","TMEM150C",14,"CPT1A",14
"v1",20260823,"mechanosensor_channels","TMEM150C",14,"SLC35A5",14
"v1",20260823,"mechanosensor_channels","TMEM150C",14,"ATP6V1C1",14
"v1",20260823,"mechanosensor_channels","TMEM150C",14,"CD40",14
"v1",20260823,"mechanosensor_channels","TMEM150C",14,"TNPO3",14
"v1",20260823,"mechanosensor_channels","TMEM150C",14,"MBOAT7",14
"v1",20260823,"mechanosensor_channels","TMEM150C",14,"IMPACT",14
"v1",20260823,"mechanosensor_channels","TMEM150C",14,"MAPKAPK5",14
"v1",20260823,"mechanosensor_channels","TMEM150C",14,"MEIS3",14
"v1",20260823,"mechanosensor_channels","TMEM150C",14,"TMEM41B",14
"v1",20260823,"mechanosensor_channels","TMEM150C",14,"MIIP",14
"v1",20260823,"mechanosensor_channels","TMEM150C",14,"NFATC2IP",14
"v1",20260823,"mechanosensor_channels","TMEM150C",14,"FCF1",14
"v1",20260823,"mechanosensor_channels","PANX1",16,"NFKBIL1",16
"v1",20260823,"mechanosensor_channels","PANX1",16,"PON2",16
"v1",20260823,"mechanosensor_channels","PANX1",16,"SMARCD2",16
"v1",20260823,"mechanosensor_channels","PANX1",16,"IWS1",16
"v1",20260823,"mechanosensor_channels","PANX1",16,"EIF2B4",16
"v1",20260823,"mechanosensor_channels","PANX1",16,"DNM1L",16
"v1",20260823,"mechanosensor_channels","PANX1",16,"KCTD3",16
"v1",20260823,"mechanosensor_channels","PANX1",16,"GPC6",16
"v1",20260823,"mechanosensor_channels","PANX1",16,"ARID4A",16
"v1",20260823,"mechanosensor_channels","PANX1",16,"ERF",16
"v1",20260823,"mechanosensor_channels","PANX1",16,"UBE2F",16
"v1",20260823,"mechanosensor_channels","PANX1",16,"ARL14EP",16
"v1",20260823,"mechanosensor_channels","PANX1",16,"ARHGEF10",16
"v1",20260823,"mechanosensor_channels","PANX1",16,"MAP3K7CL",16
"v1",20260823,"mechanosensor_channels","PANX1",16,"ZNF581",16
"v1",20260823,"mechanosensor_channels","PANX1",16,"RBL2",16
"v1",20260823,"mechanosensor_channels","PANX1",16,"DKC1",16
"v1",20260823,"mechanosensor_channels","PANX1",16,"DCAF10",16
"v1",20260823,"mechanosensor_channels","PANX1",16,"MACROD1",16
"v1",20260823,"mechanosensor_channels","PANX1",16,"TBX18",16
"v1",20260823,"mechanosensor_channels","P2RX4",18,"CRYZL1",18
"v1",20260823,"mechanosensor_channels","P2RX4",18,"CABIN1",18
"v1",20260823,"mechanosensor_channels","P2RX4",18,"CDC42EP5",18
"v1",20260823,"mechanosensor_channels","P2RX4",18,"MEGF6",18
"v1",20260823,"mechanosensor_channels","P2RX4",18,"SF3A3",18
"v1",20260823,"mechanosensor_channels","P2RX4",18,"GPRC5C",18
"v1",20260823,"mechanosensor_channels","P2RX4",18,"NDUFS1",18
"v1",20260823,"mechanosensor_channels","P2RX4",18,"ZCCHC10",18
"v1",20260823,"mechanosensor_channels","P2RX4",18,"TRADD",18
"v1",20260823,"mechanosensor_channels","P2RX4",18,"MLX",18
"v1",20260823,"mechanosensor_channels","P2RX4",18,"ZNF593",18
"v1",20260823,"mechanosensor_channels","P2RX4",18,"GLRX",18
"v1",20260823,"mechanosensor_channels","P2RX4",18,"YIF1B",18
"v1",20260823,"mechanosensor_channels","P2RX4",18,"EPRS",18
"v1",20260823,"mechanosensor_channels","P2RX4",18,"ZNF32",18
"v1",20260823,"mechanosensor_channels","P2RX4",18,"PGM1",18
"v1",20260823,"mechanosensor_channels","P2RX4",18,"UBE2G2",18
"v1",20260823,"mechanosensor_channels","P2RX4",18,"CDC27",18
"v1",20260823,"mechanosensor_channels","P2RX4",18,"SCAMP1",18
"v1",20260823,"mechanosensor_channels","P2RX4",18,"IPO5",18
"v1",20260823,"mechanosensor_channels","P2RX7",13,"RNF169",13
"v1",20260823,"mechanosensor_channels","P2RX7",13,"BANP",13
"v1",20260823,"mechanosensor_channels","P2RX7",13,"ICAM3",13
"v1",20260823,"mechanosensor_channels","P2RX7",13,"NNT",13
"v1",20260823,"mechanosensor_channels","P2RX7",13,"TMEM245",13
"v1",20260823,"mechanosensor_channels","P2RX7",13,"YJU2",13
"v1",20260823,"mechanosensor_channels","P2RX7",13,"PODXL2",13
"v1",20260823,"mechanosensor_channels","P2RX7",13,"EXOSC9",13
"v1",20260823,"mechanosensor_channels","P2RX7",13,"DES",13
"v1",20260823,"mechanosensor_channels","P2RX7",13,"NIT1",13
"v1",20260823,"mechanosensor_channels","P2RX7",13,"CNTN1",13
"v1",20260823,"mechanosensor_channels","P2RX7",13,"TIMM29",13
"v1",20260823,"mechanosensor_channels","P2RX7",13,"GNPTAB",13
"v1",20260823,"mechanosensor_channels","P2RX7",13,"HPS4",13
"v1",20260823,"mechanosensor_channels","P2RX7",13,"MYO1E",13
"v1",20260823,"mechanosensor_channels","P2RX7",13,"PIK3C2A",13
"v1",20260823,"mechanosensor_channels","P2RX7",13,"USP4",13
"v1",20260823,"mechanosensor_channels","P2RX7",13,"ANAPC2",13
"v1",20260823,"mechanosensor_channels","P2RX7",13,"RAB33B",13
"v1",20260823,"mechanosensor_channels","P2RX7",13,"CEP68",13
"v1",20260823,"integrin_focal_adhesion","ITGA1",19,"CAPRIN1",19
"v1",20260823,"integrin_focal_adhesion","ITGA1",19,"MBTPS1",19
"v1",20260823,"integrin_focal_adhesion","ITGA1",19,"ACKR3",19
"v1",20260823,"integrin_focal_adhesion","ITGA1",19,"MTCH2",19
"v1",20260823,"integrin_focal_adhesion","ITGA1",19,"RDH14",19
"v1",20260823,"integrin_focal_adhesion","ITGA1",19,"COPS5",19
"v1",20260823,"integrin_focal_adhesion","ITGA1",19,"MRPL17",19
"v1",20260823,"integrin_focal_adhesion","ITGA1",19,"ARL16",19
"v1",20260823,"integrin_focal_adhesion","ITGA1",19,"EIF4G1",19
"v1",20260823,"integrin_focal_adhesion","ITGA1",19,"TSPYL2",19
"v1",20260823,"integrin_focal_adhesion","ITGA1",19,"WDR46",19
"v1",20260823,"integrin_focal_adhesion","ITGA1",19,"SAMD4B",19
"v1",20260823,"integrin_focal_adhesion","ITGA1",19,"PDS5B",19
"v1",20260823,"integrin_focal_adhesion","ITGA1",19,"FAM180B",19
"v1",20260823,"integrin_focal_adhesion","ITGA1",19,"UBE2L6",19
"v1",20260823,"integrin_focal_adhesion","ITGA1",19,"TOR1AIP2",19
"v1",20260823,"integrin_focal_adhesion","ITGA1",19,"ACTL6A",19
"v1",20260823,"integrin_focal_adhesion","ITGA1",19,"TCEAL1",19
"v1",20260823,"integrin_focal_adhesion","ITGA1",19,"CNOT2",19
"v1",20260823,"integrin_focal_adhesion","ITGA1",19,"RICTOR",19
"v1",20260823,"integrin_focal_adhesion","ITGA2",13,"GOT2",13
"v1",20260823,"integrin_focal_adhesion","ITGA2",13,"GAK",13
"v1",20260823,"integrin_focal_adhesion","ITGA2",13,"ADAMTS4",13
"v1",20260823,"integrin_focal_adhesion","ITGA2",13,"DNAAF2",13
"v1",20260823,"integrin_focal_adhesion","ITGA2",13,"WDR83",13
"v1",20260823,"integrin_focal_adhesion","ITGA2",13,"DCTN4",13
"v1",20260823,"integrin_focal_adhesion","ITGA2",13,"BAG4",13
"v1",20260823,"integrin_focal_adhesion","ITGA2",13,"TMEM107",13
"v1",20260823,"integrin_focal_adhesion","ITGA2",13,"MAFK",13
"v1",20260823,"integrin_focal_adhesion","ITGA2",13,"CA11",13
"v1",20260823,"integrin_focal_adhesion","ITGA2",13,"AP1G1",13
"v1",20260823,"integrin_focal_adhesion","ITGA2",13,"SLC41A2",13
"v1",20260823,"integrin_focal_adhesion","ITGA2",13,"C6orf203",13
"v1",20260823,"integrin_focal_adhesion","ITGA2",13,"RANBP9",13
"v1",20260823,"integrin_focal_adhesion","ITGA2",13,"SIPA1L1",13
"v1",20260823,"integrin_focal_adhesion","ITGA2",13,"CS",13
"v1",20260823,"integrin_focal_adhesion","ITGA2",13,"PTBP2",13
"v1",20260823,"integrin_focal_adhesion","ITGA2",13,"MYO1E",13
"v1",20260823,"integrin_focal_adhesion","ITGA2",13,"SMG6",13
"v1",20260823,"integrin_focal_adhesion","ITGA2",13,"KIF2A",13
"v1",20260823,"integrin_focal_adhesion","ITGA5",21,"MTPN",21
"v1",20260823,"integrin_focal_adhesion","ITGA5",21,"MGMT",21
"v1",20260823,"integrin_focal_adhesion","ITGA5",21,"PLAUR",21
"v1",20260823,"integrin_focal_adhesion","ITGA5",21,"TAF1D",21
"v1",20260823,"integrin_focal_adhesion","ITGA5",21,"TMEM47",21
"v1",20260823,"integrin_focal_adhesion","ITGA5",21,"ISOC2",21
"v1",20260823,"integrin_focal_adhesion","ITGA5",21,"PHACTR2",21
"v1",20260823,"integrin_focal_adhesion","ITGA5",21,"NARS",21
"v1",20260823,"integrin_focal_adhesion","ITGA5",21,"POLE4",21
"v1",20260823,"integrin_focal_adhesion","ITGA5",21,"CERS2",21
"v1",20260823,"integrin_focal_adhesion","ITGA5",21,"FEZ2",21
"v1",20260823,"integrin_focal_adhesion","ITGA5",21,"VPS26A",21
"v1",20260823,"integrin_focal_adhesion","ITGA5",21,"TMEM176A",21
"v1",20260823,"integrin_focal_adhesion","ITGA5",21,"C15orf61",21
"v1",20260823,"integrin_focal_adhesion","ITGA5",21,"MDM4",21
"v1",20260823,"integrin_focal_adhesion","ITGA5",21,"COPB1",21
"v1",20260823,"integrin_focal_adhesion","ITGA5",21,"CCSER2",21
"v1",20260823,"integrin_focal_adhesion","ITGA5",21,"ALKBH5",21
"v1",20260823,"integrin_focal_adhesion","ITGA5",21,"WAC",21
"v1",20260823,"integrin_focal_adhesion","ITGA5",21,"RBM17",21
"v1",20260823,"integrin_focal_adhesion","ITGA6",13,"ACSL1",13
"v1",20260823,"integrin_focal_adhesion","ITGA6",13,"PDE6D",13
"v1",20260823,"integrin_focal_adhesion","ITGA6",13,"CITED4",13
"v1",20260823,"integrin_focal_adhesion","ITGA6",13,"C2orf49",13
"v1",20260823,"integrin_focal_adhesion","ITGA6",13,"PHF10",13
"v1",20260823,"integrin_focal_adhesion","ITGA6",13,"MAN2B2",13
"v1",20260823,"integrin_focal_adhesion","ITGA6",13,"MECR",13
"v1",20260823,"integrin_focal_adhesion","ITGA6",13,"DCUN1D4",13
"v1",20260823,"integrin_focal_adhesion","ITGA6",13,"ST6GALNAC4",13
"v1",20260823,"integrin_focal_adhesion","ITGA6",13,"VPS16",13
"v1",20260823,"integrin_focal_adhesion","ITGA6",13,"AGT",13
"v1",20260823,"integrin_focal_adhesion","ITGA6",13,"DPY19L4",13
"v1",20260823,"integrin_focal_adhesion","ITGA6",13,"SAMD8",13
"v1",20260823,"integrin_focal_adhesion","ITGA6",13,"AP1G1",13
"v1",20260823,"integrin_focal_adhesion","ITGA6",13,"NGLY1",13
"v1",20260823,"integrin_focal_adhesion","ITGA6",13,"PIK3C2A",13
"v1",20260823,"integrin_focal_adhesion","ITGA6",13,"CSPG4",13
"v1",20260823,"integrin_focal_adhesion","ITGA6",13,"HNRNPA1P48",13
"v1",20260823,"integrin_focal_adhesion","ITGA6",13,"ZBTB8A",13
"v1",20260823,"integrin_focal_adhesion","ITGA6",13,"DNAAF2",13
"v1",20260823,"integrin_focal_adhesion","ITGA8",21,"CCNDBP1",21
"v1",20260823,"integrin_focal_adhesion","ITGA8",21,"ERP44",21
"v1",20260823,"integrin_focal_adhesion","ITGA8",21,"CDH11",21
"v1",20260823,"integrin_focal_adhesion","ITGA8",21,"RBBP4",21
"v1",20260823,"integrin_focal_adhesion","ITGA8",21,"MRPL24",21
"v1",20260823,"integrin_focal_adhesion","ITGA8",21,"ISYNA1",21
"v1",20260823,"integrin_focal_adhesion","ITGA8",21,"ATP6AP1",21
"v1",20260823,"integrin_focal_adhesion","ITGA8",21,"CETN2",21
"v1",20260823,"integrin_focal_adhesion","ITGA8",21,"USP53",21
"v1",20260823,"integrin_focal_adhesion","ITGA8",21,"RNF130",21
"v1",20260823,"integrin_focal_adhesion","ITGA8",21,"IFI6",21
"v1",20260823,"integrin_focal_adhesion","ITGA8",21,"SRP19",21
"v1",20260823,"integrin_focal_adhesion","ITGA8",21,"PRKRA",21
"v1",20260823,"integrin_focal_adhesion","ITGA8",21,"BABAM1",21
"v1",20260823,"integrin_focal_adhesion","ITGA8",21,"PPM1G",21
"v1",20260823,"integrin_focal_adhesion","ITGA8",21,"DTWD1",21
"v1",20260823,"integrin_focal_adhesion","ITGA8",21,"SH3GL1",21
"v1",20260823,"integrin_focal_adhesion","ITGA8",21,"SEC22B",21
"v1",20260823,"integrin_focal_adhesion","ITGA8",21,"MRPS7",21
"v1",20260823,"integrin_focal_adhesion","ITGA8",21,"AIG1",21
"v1",20260823,"integrin_focal_adhesion","ITGA11",21,"AAMP",21
"v1",20260823,"integrin_focal_adhesion","ITGA11",21,"EEA1",21
"v1",20260823,"integrin_focal_adhesion","ITGA11",21,"TMOD3",21
"v1",20260823,"integrin_focal_adhesion","ITGA11",21,"FBXW5",21
"v1",20260823,"integrin_focal_adhesion","ITGA11",21,"BCAS2",21
"v1",20260823,"integrin_focal_adhesion","ITGA11",21,"SPSB3",21
"v1",20260823,"integrin_focal_adhesion","ITGA11",21,"RNF145",21
"v1",20260823,"integrin_focal_adhesion","ITGA11",21,"PRAF2",21
"v1",20260823,"integrin_focal_adhesion","ITGA11",21,"ALKBH5",21
"v1",20260823,"integrin_focal_adhesion","ITGA11",21,"MRPL34",21
"v1",20260823,"integrin_focal_adhesion","ITGA11",21,"ARRDC3",21
"v1",20260823,"integrin_focal_adhesion","ITGA11",21,"PRCP",21
"v1",20260823,"integrin_focal_adhesion","ITGA11",21,"TPGS1",21
"v1",20260823,"integrin_focal_adhesion","ITGA11",21,"PHLDB2",21
"v1",20260823,"integrin_focal_adhesion","ITGA11",21,"DTWD1",21
"v1",20260823,"integrin_focal_adhesion","ITGA11",21,"ANK2",21
"v1",20260823,"integrin_focal_adhesion","ITGA11",21,"QSOX1",21
"v1",20260823,"integrin_focal_adhesion","ITGA11",21,"MRPL28",21
"v1",20260823,"integrin_focal_adhesion","ITGA11",21,"TTC1",21
"v1",20260823,"integrin_focal_adhesion","ITGA11",21,"SYNPO2",21
"v1",20260823,"integrin_focal_adhesion","ITGAV",23,"SMIM26",23
"v1",20260823,"integrin_focal_adhesion","ITGAV",23,"AQP1",23
"v1",20260823,"integrin_focal_adhesion","ITGAV",23,"FKBP10",23
"v1",20260823,"integrin_focal_adhesion","ITGAV",23,"RSL1D1",23
"v1",20260823,"integrin_focal_adhesion","ITGAV",23,"TMED3",23
"v1",20260823,"integrin_focal_adhesion","ITGAV",23,"NDUFV2",23
"v1",20260823,"integrin_focal_adhesion","ITGAV",23,"EIF5",23
"v1",20260823,"integrin_focal_adhesion","ITGAV",23,"HP1BP3",23
"v1",20260823,"integrin_focal_adhesion","ITGAV",23,"LRPAP1",23
"v1",20260823,"integrin_focal_adhesion","ITGAV",23,"MRPL51",23
"v1",20260823,"integrin_focal_adhesion","ITGAV",23,"EDIL3",23
"v1",20260823,"integrin_focal_adhesion","ITGAV",23,"IER3",23
"v1",20260823,"integrin_focal_adhesion","ITGAV",23,"MDH2",23
"v1",20260823,"integrin_focal_adhesion","ITGAV",23,"PLTP",23
"v1",20260823,"integrin_focal_adhesion","ITGAV",23,"MPHOSPH8",23
"v1",20260823,"integrin_focal_adhesion","ITGAV",23,"DDX17",23
"v1",20260823,"integrin_focal_adhesion","ITGAV",23,"ARPC1B",23
"v1",20260823,"integrin_focal_adhesion","ITGAV",23,"TRIP6",23
"v1",20260823,"integrin_focal_adhesion","ITGAV",23,"BEX3",23
"v1",20260823,"integrin_focal_adhesion","ITGAV",23,"SOD2",23
"v1",20260823,"integrin_focal_adhesion","ITGB1",24,"RBM3",24
"v1",20260823,"integrin_focal_adhesion","ITGB1",24,"SNX3",24
"v1",20260823,"integrin_focal_adhesion","ITGB1",24,"NDUFA1",24
"v1",20260823,"integrin_focal_adhesion","ITGB1",24,"NAP1L1",24
"v1",20260823,"integrin_focal_adhesion","ITGB1",24,"EMP3",24
"v1",20260823,"integrin_focal_adhesion","ITGB1",24,"TXNIP",24
"v1",20260823,"integrin_focal_adhesion","ITGB1",24,"COX6A1",24
"v1",20260823,"integrin_focal_adhesion","ITGB1",24,"NUPR1",24
"v1",20260823,"integrin_focal_adhesion","ITGB1",24,"IER2",24
"v1",20260823,"integrin_focal_adhesion","ITGB1",24,"HSPB1",24
"v1",20260823,"integrin_focal_adhesion","ITGB1",24,"CLTB",24
"v1",20260823,"integrin_focal_adhesion","ITGB1",24,"NDUFB9",24
"v1",20260823,"integrin_focal_adhesion","ITGB1",24,"PKM",24
"v1",20260823,"integrin_focal_adhesion","ITGB1",24,"MYADM",24
"v1",20260823,"integrin_focal_adhesion","ITGB1",24,"TCEAL4",24
"v1",20260823,"integrin_focal_adhesion","ITGB1",24,"CXCL12",24
"v1",20260823,"integrin_focal_adhesion","ITGB1",24,"EPHX1",24
"v1",20260823,"integrin_focal_adhesion","ITGB1",24,"COX7C",24
"v1",20260823,"integrin_focal_adhesion","ITGB1",24,"TXN",24
"v1",20260823,"integrin_focal_adhesion","ITGB1",24,"MEG3",24
"v1",20260823,"integrin_focal_adhesion","ITGB3",11,"ACVR2A",11
"v1",20260823,"integrin_focal_adhesion","ITGB3",11,"PARD3B",11
"v1",20260823,"integrin_focal_adhesion","ITGB3",11,"IMPA2",11
"v1",20260823,"integrin_focal_adhesion","ITGB3",11,"DGAT1",11
"v1",20260823,"integrin_focal_adhesion","ITGB3",11,"C3orf58",11
"v1",20260823,"integrin_focal_adhesion","ITGB3",11,"ODF2",11
"v1",20260823,"integrin_focal_adhesion","ITGB3",11,"TTC5",11
"v1",20260823,"integrin_focal_adhesion","ITGB3",11,"ENTPD6",11
"v1",20260823,"integrin_focal_adhesion","ITGB3",11,"ELP4",11
"v1",20260823,"integrin_focal_adhesion","ITGB3",11,"AK4",11
"v1",20260823,"integrin_focal_adhesion","ITGB3",11,"SNTB1",11
"v1",20260823,"integrin_focal_adhesion","ITGB3",11,"SGPL1",11
"v1",20260823,"integrin_focal_adhesion","ITGB3",11,"LRRC23",11
"v1",20260823,"integrin_focal_adhesion","ITGB3",11,"HCCS",11
"v1",20260823,"integrin_focal_adhesion","ITGB3",11,"LRRC28",11
"v1",20260823,"integrin_focal_adhesion","ITGB3",11,"TMEM87B",11
"v1",20260823,"integrin_focal_adhesion","ITGB3",11,"PDE12",11
"v1",20260823,"integrin_focal_adhesion","ITGB3",11,"IFI44",11
"v1",20260823,"integrin_focal_adhesion","ITGB3",11,"CD74",11
"v1",20260823,"integrin_focal_adhesion","ITGB3",11,"FOXC2",11
"v1",20260823,"integrin_focal_adhesion","ITGB5",23,"ERP29",23
"v1",20260823,"integrin_focal_adhesion","ITGB5",23,"MYH11",23
"v1",20260823,"integrin_focal_adhesion","ITGB5",23,"NDUFAF3",23
"v1",20260823,"integrin_focal_adhesion","ITGB5",23,"MPHOSPH8",23
"v1",20260823,"integrin_focal_adhesion","ITGB5",23,"CSNK1A1",23
"v1",20260823,"integrin_focal_adhesion","ITGB5",23,"CTSZ",23
"v1",20260823,"integrin_focal_adhesion","ITGB5",23,"PLP2",23
"v1",20260823,"integrin_focal_adhesion","ITGB5",23,"TMEM98",23
"v1",20260823,"integrin_focal_adhesion","ITGB5",23,"RTF1",23
"v1",20260823,"integrin_focal_adhesion","ITGB5",23,"HADHA",23
"v1",20260823,"integrin_focal_adhesion","ITGB5",23,"RTRAF",23
"v1",20260823,"integrin_focal_adhesion","ITGB5",23,"SNRPE",23
"v1",20260823,"integrin_focal_adhesion","ITGB5",23,"PTN",23
"v1",20260823,"integrin_focal_adhesion","ITGB5",23,"AKAP13",23
"v1",20260823,"integrin_focal_adhesion","ITGB5",23,"RTL8C",23
"v1",20260823,"integrin_focal_adhesion","ITGB5",23,"NORAD",23
"v1",20260823,"integrin_focal_adhesion","ITGB5",23,"PIGT",23
"v1",20260823,"integrin_focal_adhesion","ITGB5",23,"MYLIP",23
"v1",20260823,"integrin_focal_adhesion","ITGB5",23,"LRP10",23
"v1",20260823,"integrin_focal_adhesion","ITGB5",23,"TCEAL8",23
"v1",20260823,"integrin_focal_adhesion","PTK2",23,"NDUFS6",23
"v1",20260823,"integrin_focal_adhesion","PTK2",23,"RBM25",23
"v1",20260823,"integrin_focal_adhesion","PTK2",23,"HIGD2A",23
"v1",20260823,"integrin_focal_adhesion","PTK2",23,"EIF4H",23
"v1",20260823,"integrin_focal_adhesion","PTK2",23,"TPM3",23
"v1",20260823,"integrin_focal_adhesion","PTK2",23,"FKBP2",23
"v1",20260823,"integrin_focal_adhesion","PTK2",23,"NDUFA3",23
"v1",20260823,"integrin_focal_adhesion","PTK2",23,"CCT7",23
"v1",20260823,"integrin_focal_adhesion","PTK2",23,"NOVA1",23
"v1",20260823,"integrin_focal_adhesion","PTK2",23,"MRPL20",23
"v1",20260823,"integrin_focal_adhesion","PTK2",23,"CYBA",23
"v1",20260823,"integrin_focal_adhesion","PTK2",23,"GNG11",23
"v1",20260823,"integrin_focal_adhesion","PTK2",23,"FILIP1L",23
"v1",20260823,"integrin_focal_adhesion","PTK2",23,"DNAJB6",23
"v1",20260823,"integrin_focal_adhesion","PTK2",23,"C19orf70",23
"v1",20260823,"integrin_focal_adhesion","PTK2",23,"A2M",23
"v1",20260823,"integrin_focal_adhesion","PTK2",23,"KLF10",23
"v1",20260823,"integrin_focal_adhesion","PTK2",23,"RBMX",23
"v1",20260823,"integrin_focal_adhesion","PTK2",23,"LGALS3BP",23
"v1",20260823,"integrin_focal_adhesion","PTK2",23,"IMPDH2",23
"v1",20260823,"integrin_focal_adhesion","SRC",15,"MTMR2",15
"v1",20260823,"integrin_focal_adhesion","SRC",15,"REPIN1",15
"v1",20260823,"integrin_focal_adhesion","SRC",15,"MOAP1",15
"v1",20260823,"integrin_focal_adhesion","SRC",15,"SLC1A5",15
"v1",20260823,"integrin_focal_adhesion","SRC",15,"SMYD3",15
"v1",20260823,"integrin_focal_adhesion","SRC",15,"MYH10",15
"v1",20260823,"integrin_focal_adhesion","SRC",15,"PURB",15
"v1",20260823,"integrin_focal_adhesion","SRC",15,"DTNBP1",15
"v1",20260823,"integrin_focal_adhesion","SRC",15,"C1QTNF7",15
"v1",20260823,"integrin_focal_adhesion","SRC",15,"COL4A3BP",15
"v1",20260823,"integrin_focal_adhesion","SRC",15,"LONP1",15
"v1",20260823,"integrin_focal_adhesion","SRC",15,"CPSF7",15
"v1",20260823,"integrin_focal_adhesion","SRC",15,"ANKRD29",15
"v1",20260823,"integrin_focal_adhesion","SRC",15,"LDOC1",15
"v1",20260823,"integrin_focal_adhesion","SRC",15,"FAM49A",15
"v1",20260823,"integrin_focal_adhesion","SRC",15,"SH3YL1",15
"v1",20260823,"integrin_focal_adhesion","SRC",15,"TRIM4",15
"v1",20260823,"integrin_focal_adhesion","SRC",15,"RANBP2",15
"v1",20260823,"integrin_focal_adhesion","SRC",15,"ASH2L",15
"v1",20260823,"integrin_focal_adhesion","SRC",15,"TMEM185A",15
"v1",20260823,"integrin_focal_adhesion","FYN",22,"SPOP",22
"v1",20260823,"integrin_focal_adhesion","FYN",22,"MRPL52",22
"v1",20260823,"integrin_focal_adhesion","FYN",22,"MRPL27",22
"v1",20260823,"integrin_focal_adhesion","FYN",22,"PIN1",22
"v1",20260823,"integrin_focal_adhesion","FYN",22,"REEP3",22
"v1",20260823,"integrin_focal_adhesion","FYN",22,"CNPY2",22
"v1",20260823,"integrin_focal_adhesion","FYN",22,"USP16",22
"v1",20260823,"integrin_focal_adhesion","FYN",22,"ATP1B3",22
"v1",20260823,"integrin_focal_adhesion","FYN",22,"MXRA5",22
"v1",20260823,"integrin_focal_adhesion","FYN",22,"TMBIM1",22
"v1",20260823,"integrin_focal_adhesion","FYN",22,"MAP1A",22
"v1",20260823,"integrin_focal_adhesion","FYN",22,"PUF60",22
"v1",20260823,"integrin_focal_adhesion","FYN",22,"C9orf3",22
"v1",20260823,"integrin_focal_adhesion","FYN",22,"CWC15",22
"v1",20260823,"integrin_focal_adhesion","FYN",22,"TYMP",22
"v1",20260823,"integrin_focal_adhesion","FYN",22,"MAGOH",22
"v1",20260823,"integrin_focal_adhesion","FYN",22,"PAPOLA",22
"v1",20260823,"integrin_focal_adhesion","FYN",22,"NDUFB3",22
"v1",20260823,"integrin_focal_adhesion","FYN",22,"HEXIM1",22
"v1",20260823,"integrin_focal_adhesion","FYN",22,"IDS",22
"v1",20260823,"integrin_focal_adhesion","PXN",19,"C16orf72",19
"v1",20260823,"integrin_focal_adhesion","PXN",19,"TSR2",19
"v1",20260823,"integrin_focal_adhesion","PXN",19,"PRKAG1",19
"v1",20260823,"integrin_focal_adhesion","PXN",19,"ETFRF1",19
"v1",20260823,"integrin_focal_adhesion","PXN",19,"TTC14",19
"v1",20260823,"integrin_focal_adhesion","PXN",19,"SH3D19",19
"v1",20260823,"integrin_focal_adhesion","PXN",19,"FAM20C",19
"v1",20260823,"integrin_focal_adhesion","PXN",19,"ST5",19
"v1",20260823,"integrin_focal_adhesion","PXN",19,"NARF",19
"v1",20260823,"integrin_focal_adhesion","PXN",19,"NCOR2",19
"v1",20260823,"integrin_focal_adhesion","PXN",19,"CTSC",19
"v1",20260823,"integrin_focal_adhesion","PXN",19,"B3GAT3",19
"v1",20260823,"integrin_focal_adhesion","PXN",19,"SNAPIN",19
"v1",20260823,"integrin_focal_adhesion","PXN",19,"PNPLA2",19
"v1",20260823,"integrin_focal_adhesion","PXN",19,"EXOSC7",19
"v1",20260823,"integrin_focal_adhesion","PXN",19,"PLEKHJ1",19
"v1",20260823,"integrin_focal_adhesion","PXN",19,"SHOC2",19
"v1",20260823,"integrin_focal_adhesion","PXN",19,"FAM118A",19
"v1",20260823,"integrin_focal_adhesion","PXN",19,"MCTS1",19
"v1",20260823,"integrin_focal_adhesion","PXN",19,"ARHGEF12",19
"v1",20260823,"integrin_focal_adhesion","VCL",23,"POLR2E",23
"v1",20260823,"integrin_focal_adhesion","VCL",23,"IER3IP1",23
"v1",20260823,"integrin_focal_adhesion","VCL",23,"CRISPLD2",23
"v1",20260823,"integrin_focal_adhesion","VCL",23,"OCIAD1",23
"v1",20260823,"integrin_focal_adhesion","VCL",23,"IQGAP1",23
"v1",20260823,"integrin_focal_adhesion","VCL",23,"SH3GLB1",23
"v1",20260823,"integrin_focal_adhesion","VCL",23,"TINAGL1",23
"v1",20260823,"integrin_focal_adhesion","VCL",23,"NUDC",23
"v1",20260823,"integrin_focal_adhesion","VCL",23,"NTRK2",23
"v1",20260823,"integrin_focal_adhesion","VCL",23,"EIF5",23
"v1",20260823,"integrin_focal_adhesion","VCL",23,"PRNP",23
"v1",20260823,"integrin_focal_adhesion","VCL",23,"CTSD",23
"v1",20260823,"integrin_focal_adhesion","VCL",23,"XRCC6",23
"v1",20260823,"integrin_focal_adhesion","VCL",23,"ERGIC3",23
"v1",20260823,"integrin_focal_adhesion","VCL",23,"COPZ2",23
"v1",20260823,"integrin_focal_adhesion","VCL",23,"HNRNPH1",23
"v1",20260823,"integrin_focal_adhesion","VCL",23,"NDUFAF3",23
"v1",20260823,"integrin_focal_adhesion","VCL",23,"PTP4A2",23
"v1",20260823,"integrin_focal_adhesion","VCL",23,"TMED3",23
"v1",20260823,"integrin_focal_adhesion","VCL",23,"POLR2I",23
"v1",20260823,"integrin_focal_adhesion","TLN1",23,"SLC39A1",23
"v1",20260823,"integrin_focal_adhesion","TLN1",23,"LTBP1",23
"v1",20260823,"integrin_focal_adhesion","TLN1",23,"ADD3",23
"v1",20260823,"integrin_focal_adhesion","TLN1",23,"AP2S1",23
"v1",20260823,"integrin_focal_adhesion","TLN1",23,"VAMP5",23
"v1",20260823,"integrin_focal_adhesion","TLN1",23,"PSMB7",23
"v1",20260823,"integrin_focal_adhesion","TLN1",23,"CAPNS1",23
"v1",20260823,"integrin_focal_adhesion","TLN1",23,"CD47",23
"v1",20260823,"integrin_focal_adhesion","TLN1",23,"ACTN1",23
"v1",20260823,"integrin_focal_adhesion","TLN1",23,"SRRM1",23
"v1",20260823,"integrin_focal_adhesion","TLN1",23,"TALDO1",23
"v1",20260823,"integrin_focal_adhesion","TLN1",23,"MYLIP",23
"v1",20260823,"integrin_focal_adhesion","TLN1",23,"SELENOH",23
"v1",20260823,"integrin_focal_adhesion","TLN1",23,"SLC38A2",23
"v1",20260823,"integrin_focal_adhesion","TLN1",23,"STMP1",23
"v1",20260823,"integrin_focal_adhesion","TLN1",23,"ATP6V1F",23
"v1",20260823,"integrin_focal_adhesion","TLN1",23,"CPQ",23
"v1",20260823,"integrin_focal_adhesion","TLN1",23,"TRA2B",23
"v1",20260823,"integrin_focal_adhesion","TLN1",23,"HIGD2A",23
"v1",20260823,"integrin_focal_adhesion","TLN1",23,"SERINC1",23
"v1",20260823,"integrin_focal_adhesion","TLN2",18,"HDAC5",18
"v1",20260823,"integrin_focal_adhesion","TLN2",18,"CBFB",18
"v1",20260823,"integrin_focal_adhesion","TLN2",18,"IFT43",18
"v1",20260823,"integrin_focal_adhesion","TLN2",18,"TMEM222",18
"v1",20260823,"integrin_focal_adhesion","TLN2",18,"SFT2D2",18
"v1",20260823,"integrin_focal_adhesion","TLN2",18,"MTX2",18
"v1",20260823,"integrin_focal_adhesion","TLN2",18,"GNAI1",18
"v1",20260823,"integrin_focal_adhesion","TLN2",18,"RNPEP",18
"v1",20260823,"integrin_focal_adhesion","TLN2",18,"TRIM44",18
"v1",20260823,"integrin_focal_adhesion","TLN2",18,"ASB8",18
"v1",20260823,"integrin_focal_adhesion","TLN2",18,"GALNT11",18
"v1",20260823,"integrin_focal_adhesion","TLN2",18,"ITPRIPL2",18
"v1",20260823,"integrin_focal_adhesion","TLN2",18,"NUFIP2",18
"v1",20260823,"integrin_focal_adhesion","TLN2",18,"CHSY1",18
"v1",20260823,"integrin_focal_adhesion","TLN2",18,"PPL",18
"v1",20260823,"integrin_focal_adhesion","TLN2",18,"CAMK2G",18
"v1",20260823,"integrin_focal_adhesion","TLN2",18,"GLIPR1",18
"v1",20260823,"integrin_focal_adhesion","TLN2",18,"C18orf32",18
"v1",20260823,"integrin_focal_adhesion","TLN2",18,"AMZ2",18
"v1",20260823,"integrin_focal_adhesion","TLN2",18,"GLS",18
"v1",20260823,"integrin_focal_adhesion","FERMT2",23,"ERGIC3",23
"v1",20260823,"integrin_focal_adhesion","FERMT2",23,"SERP1",23
"v1",20260823,"integrin_focal_adhesion","FERMT2",23,"SFPQ",23
"v1",20260823,"integrin_focal_adhesion","FERMT2",23,"CMTM3",23
"v1",20260823,"integrin_focal_adhesion","FERMT2",23,"EMC7",23
"v1",20260823,"integrin_focal_adhesion","FERMT2",23,"IFITM1",23
"v1",20260823,"integrin_focal_adhesion","FERMT2",23,"TCF25",23
"v1",20260823,"integrin_focal_adhesion","FERMT2",23,"NFIX",23
"v1",20260823,"integrin_focal_adhesion","FERMT2",23,"ATP6V0B",23
"v1",20260823,"integrin_focal_adhesion","FERMT2",23,"PSMC5",23
"v1",20260823,"integrin_focal_adhesion","FERMT2",23,"ECH1",23
"v1",20260823,"integrin_focal_adhesion","FERMT2",23,"ARGLU1",23
"v1",20260823,"integrin_focal_adhesion","FERMT2",23,"CALM3",23
"v1",20260823,"integrin_focal_adhesion","FERMT2",23,"COPS6",23
"v1",20260823,"integrin_focal_adhesion","FERMT2",23,"C19orf70",23
"v1",20260823,"integrin_focal_adhesion","FERMT2",23,"ATP5F1C",23
"v1",20260823,"integrin_focal_adhesion","FERMT2",23,"IFI27L2",23
"v1",20260823,"integrin_focal_adhesion","FERMT2",23,"ANXA7",23
"v1",20260823,"integrin_focal_adhesion","FERMT2",23,"LEPROT",23
"v1",20260823,"integrin_focal_adhesion","FERMT2",23,"HNRNPH1",23
"v1",20260823,"integrin_focal_adhesion","ILK",24,"CXCL14",24
"v1",20260823,"integrin_focal_adhesion","ILK",24,"C19orf53",24
"v1",20260823,"integrin_focal_adhesion","ILK",24,"CHCHD2",24
"v1",20260823,"integrin_focal_adhesion","ILK",24,"GDI2",24
"v1",20260823,"integrin_focal_adhesion","ILK",24,"SH3BGRL",24
"v1",20260823,"integrin_focal_adhesion","ILK",24,"MAP1B",24
"v1",20260823,"integrin_focal_adhesion","ILK",24,"RAB2A",24
"v1",20260823,"integrin_focal_adhesion","ILK",24,"HLA-C",24
"v1",20260823,"integrin_focal_adhesion","ILK",24,"LAMP1",24
"v1",20260823,"integrin_focal_adhesion","ILK",24,"SLC25A6",24
"v1",20260823,"integrin_focal_adhesion","ILK",24,"PHPT1",24
"v1",20260823,"integrin_focal_adhesion","ILK",24,"CEBPB",24
"v1",20260823,"integrin_focal_adhesion","ILK",24,"CRYAB",24
"v1",20260823,"integrin_focal_adhesion","ILK",24,"CYB5R3",24
"v1",20260823,"integrin_focal_adhesion","ILK",24,"ACTG1",24
"v1",20260823,"integrin_focal_adhesion","ILK",24,"PLAC9",24
"v1",20260823,"integrin_focal_adhesion","ILK",24,"AP2M1",24
"v1",20260823,"integrin_focal_adhesion","ILK",24,"HSPA5",24
"v1",20260823,"integrin_focal_adhesion","ILK",24,"HINT1",24
"v1",20260823,"integrin_focal_adhesion","ILK",24,"TCEAL9",24
"v1",20260823,"integrin_focal_adhesion","PARVA",23,"SMDT1",23
"v1",20260823,"integrin_focal_adhesion","PARVA",23,"NR3C1",23
"v1",20260823,"integrin_focal_adhesion","PARVA",23,"NFE2L2",23
"v1",20260823,"integrin_focal_adhesion","PARVA",23,"ETFB",23
"v1",20260823,"integrin_focal_adhesion","PARVA",23,"C1orf122",23
"v1",20260823,"integrin_focal_adhesion","PARVA",23,"LTBP1",23
"v1",20260823,"integrin_focal_adhesion","PARVA",23,"FMOD",23
"v1",20260823,"integrin_focal_adhesion","PARVA",23,"RSL1D1",23
"v1",20260823,"integrin_focal_adhesion","PARVA",23,"BZW1",23
"v1",20260823,"integrin_focal_adhesion","PARVA",23,"POLR2I",23
"v1",20260823,"integrin_focal_adhesion","PARVA",23,"MAP1LC3B",23
"v1",20260823,"integrin_focal_adhesion","PARVA",23,"UXT",23
"v1",20260823,"integrin_focal_adhesion","PARVA",23,"PDCD5",23
"v1",20260823,"integrin_focal_adhesion","PARVA",23,"PHLDA3",23
"v1",20260823,"integrin_focal_adhesion","PARVA",23,"CAV2",23
"v1",20260823,"integrin_focal_adhesion","PARVA",23,"SERTAD1",23
"v1",20260823,"integrin_focal_adhesion","PARVA",23,"TMEM147",23
"v1",20260823,"integrin_focal_adhesion","PARVA",23,"POLR2E",23
"v1",20260823,"integrin_focal_adhesion","PARVA",23,"GSTO1",23
"v1",20260823,"integrin_focal_adhesion","PARVA",23,"SLC38A2",23
"v1",20260823,"integrin_focal_adhesion","BCAR1",21,"TEX264",21
"v1",20260823,"integrin_focal_adhesion","BCAR1",21,"GOLGA4",21
"v1",20260823,"integrin_focal_adhesion","BCAR1",21,"PTGFR",21
"v1",20260823,"integrin_focal_adhesion","BCAR1",21,"NDUFA10",21
"v1",20260823,"integrin_focal_adhesion","BCAR1",21,"RAB14",21
"v1",20260823,"integrin_focal_adhesion","BCAR1",21,"PPHLN1",21
"v1",20260823,"integrin_focal_adhesion","BCAR1",21,"TNFAIP2",21
"v1",20260823,"integrin_focal_adhesion","BCAR1",21,"TCEA2",21
"v1",20260823,"integrin_focal_adhesion","BCAR1",21,"MLEC",21
"v1",20260823,"integrin_focal_adhesion","BCAR1",21,"COMMD7",21
"v1",20260823,"integrin_focal_adhesion","BCAR1",21,"TPGS1",21
"v1",20260823,"integrin_focal_adhesion","BCAR1",21,"PFKL",21
"v1",20260823,"integrin_focal_adhesion","BCAR1",21,"CD2BP2",21
"v1",20260823,"integrin_focal_adhesion","BCAR1",21,"SNAI2",21
"v1",20260823,"integrin_focal_adhesion","BCAR1",21,"DTWD1",21
"v1",20260823,"integrin_focal_adhesion","BCAR1",21,"FNTA",21
"v1",20260823,"integrin_focal_adhesion","BCAR1",21,"RNF145",21
"v1",20260823,"integrin_focal_adhesion","BCAR1",21,"ANKRD11",21
"v1",20260823,"integrin_focal_adhesion","BCAR1",21,"C1QTNF2",21
"v1",20260823,"integrin_focal_adhesion","BCAR1",21,"POLR2J3.1",21
"v1",20260823,"integrin_focal_adhesion","CAV1",24,"SELENOS",24
"v1",20260823,"integrin_focal_adhesion","CAV1",24,"GNB2",24
"v1",20260823,"integrin_focal_adhesion","CAV1",24,"NDUFB11",24
"v1",20260823,"integrin_focal_adhesion","CAV1",24,"TPM4",24
"v1",20260823,"integrin_focal_adhesion","CAV1",24,"ID3",24
"v1",20260823,"integrin_focal_adhesion","CAV1",24,"PRDX5",24
"v1",20260823,"integrin_focal_adhesion","CAV1",24,"EIF1",24
"v1",20260823,"integrin_focal_adhesion","CAV1",24,"TXNIP",24
"v1",20260823,"integrin_focal_adhesion","CAV1",24,"NDUFB10",24
"v1",20260823,"integrin_focal_adhesion","CAV1",24,"IFITM3",24
"v1",20260823,"integrin_focal_adhesion","CAV1",24,"PPIA",24
"v1",20260823,"integrin_focal_adhesion","CAV1",24,"BRI3",24
"v1",20260823,"integrin_focal_adhesion","CAV1",24,"SQSTM1",24
"v1",20260823,"integrin_focal_adhesion","CAV1",24,"NDUFC2",24
"v1",20260823,"integrin_focal_adhesion","CAV1",24,"COX5B",24
"v1",20260823,"integrin_focal_adhesion","CAV1",24,"SARAF",24
"v1",20260823,"integrin_focal_adhesion","CAV1",24,"OAZ1",24
"v1",20260823,"integrin_focal_adhesion","CAV1",24,"SFRP2",24
"v1",20260823,"integrin_focal_adhesion","CAV1",24,"ISCU",24
"v1",20260823,"integrin_focal_adhesion","CAV1",24,"MT2A",24
"v1",20260823,"integrin_focal_adhesion","DAG1",20,"ELP5",20
"v1",20260823,"integrin_focal_adhesion","DAG1",20,"OLA1",20
"v1",20260823,"integrin_focal_adhesion","DAG1",20,"PDGFD",20
"v1",20260823,"integrin_focal_adhesion","DAG1",20,"TP53I3",20
"v1",20260823,"integrin_focal_adhesion","DAG1",20,"FNIP1",20
"v1",20260823,"integrin_focal_adhesion","DAG1",20,"SMIM20",20
"v1",20260823,"integrin_focal_adhesion","DAG1",20,"NIFK",20
"v1",20260823,"integrin_focal_adhesion","DAG1",20,"ZBTB16",20
"v1",20260823,"integrin_focal_adhesion","DAG1",20,"ILF3-DT",20
"v1",20260823,"integrin_focal_adhesion","DAG1",20,"PHLDA1",20
"v1",20260823,"integrin_focal_adhesion","DAG1",20,"HOOK3",20
"v1",20260823,"integrin_focal_adhesion","DAG1",20,"IFT57",20
"v1",20260823,"integrin_focal_adhesion","DAG1",20,"DERL1",20
"v1",20260823,"integrin_focal_adhesion","DAG1",20,"PSMD6",20
"v1",20260823,"integrin_focal_adhesion","DAG1",20,"MVB12A",20
"v1",20260823,"integrin_focal_adhesion","DAG1",20,"PCF11",20
"v1",20260823,"integrin_focal_adhesion","DAG1",20,"NXT1",20
"v1",20260823,"integrin_focal_adhesion","DAG1",20,"CALCOCO2",20
"v1",20260823,"integrin_focal_adhesion","DAG1",20,"MOB1A",20
"v1",20260823,"integrin_focal_adhesion","DAG1",20,"TMEM159",20
"v1",20260823,"hippo_yap_taz","YAP1",21,"MAPK1IP1L",21
"v1",20260823,"hippo_yap_taz","YAP1",21,"MRPL24",21
"v1",20260823,"hippo_yap_taz","YAP1",21,"DPM3",21
"v1",20260823,"hippo_yap_taz","YAP1",21,"SYNPO2",21
"v1",20260823,"hippo_yap_taz","YAP1",21,"TWIST1",21
"v1",20260823,"hippo_yap_taz","YAP1",21,"MRPL21",21
"v1",20260823,"hippo_yap_taz","YAP1",21,"SPART",21
"v1",20260823,"hippo_yap_taz","YAP1",21,"RBBP4",21
"v1",20260823,"hippo_yap_taz","YAP1",21,"YME1L1",21
"v1",20260823,"hippo_yap_taz","YAP1",21,"KCNQ1OT1",21
"v1",20260823,"hippo_yap_taz","YAP1",21,"P4HA2",21
"v1",20260823,"hippo_yap_taz","YAP1",21,"WDR45B",21
"v1",20260823,"hippo_yap_taz","YAP1",21,"TM4SF1",21
"v1",20260823,"hippo_yap_taz","YAP1",21,"ZNF22",21
"v1",20260823,"hippo_yap_taz","YAP1",21,"TSG101",21
"v1",20260823,"hippo_yap_taz","YAP1",21,"IFT20",21
"v1",20260823,"hippo_yap_taz","YAP1",21,"PQBP1",21
"v1",20260823,"hippo_yap_taz","YAP1",21,"PRAF2",21
"v1",20260823,"hippo_yap_taz","YAP1",21,"SLC29A1",21
"v1",20260823,"hippo_yap_taz","YAP1",21,"CD109",21
"v1",20260823,"hippo_yap_taz","WWTR1",22,"IK",22
"v1",20260823,"hippo_yap_taz","WWTR1",22,"UBA2",22
"v1",20260823,"hippo_yap_taz","WWTR1",22,"YY1",22
"v1",20260823,"hippo_yap_taz","WWTR1",22,"LAMC1",22
"v1",20260823,"hippo_yap_taz","WWTR1",22,"MAGED1",22
"v1",20260823,"hippo_yap_taz","WWTR1",22,"SURF4",22
"v1",20260823,"hippo_yap_taz","WWTR1",22,"TM9SF3",22
"v1",20260823,"hippo_yap_taz","WWTR1",22,"BTF3L4",22
"v1",20260823,"hippo_yap_taz","WWTR1",22,"TXNL4A",22
"v1",20260823,"hippo_yap_taz","WWTR1",22,"MPC2",22
"v1",20260823,"hippo_yap_taz","WWTR1",22,"BCLAF1",22
"v1",20260823,"hippo_yap_taz","WWTR1",22,"SEC13",22
"v1",20260823,"hippo_yap_taz","WWTR1",22,"PSMD7",22
"v1",20260823,"hippo_yap_taz","WWTR1",22,"SYCE1L",22
"v1",20260823,"hippo_yap_taz","WWTR1",22,"UGDH",22
"v1",20260823,"hippo_yap_taz","WWTR1",22,"NOTCH3",22
"v1",20260823,"hippo_yap_taz","WWTR1",22,"DPY30",22
"v1",20260823,"hippo_yap_taz","WWTR1",22,"UPF3A",22
"v1",20260823,"hippo_yap_taz","WWTR1",22,"PMVK",22
"v1",20260823,"hippo_yap_taz","WWTR1",22,"AKAP9",22
"v1",20260823,"hippo_yap_taz","TEAD1",20,"PSMD11",20
"v1",20260823,"hippo_yap_taz","TEAD1",20,"CAMK1D",20
"v1",20260823,"hippo_yap_taz","TEAD1",20,"SUPT16H",20
"v1",20260823,"hippo_yap_taz","TEAD1",20,"SLBP",20
"v1",20260823,"hippo_yap_taz","TEAD1",20,"FGL2",20
"v1",20260823,"hippo_yap_taz","TEAD1",20,"MIR4458HG",20
"v1",20260823,"hippo_yap_taz","TEAD1",20,"LRRFIP2",20
"v1",20260823,"hippo_yap_taz","TEAD1",20,"RFC1",20
"v1",20260823,"hippo_yap_taz","TEAD1",20,"PAFAH1B2",20
"v1",20260823,"hippo_yap_taz","TEAD1",20,"BIRC2",20
"v1",20260823,"hippo_yap_taz","TEAD1",20,"PIM1",20
"v1",20260823,"hippo_yap_taz","TEAD1",20,"COL15A1",20
"v1",20260823,"hippo_yap_taz","TEAD1",20,"MXD4",20
"v1",20260823,"hippo_yap_taz","TEAD1",20,"EMD",20
"v1",20260823,"hippo_yap_taz","TEAD1",20,"WIPI2",20
"v1",20260823,"hippo_yap_taz","TEAD1",20,"LASP1",20
"v1",20260823,"hippo_yap_taz","TEAD1",20,"ATG101",20
"v1",20260823,"hippo_yap_taz","TEAD1",20,"PRG4",20
"v1",20260823,"hippo_yap_taz","TEAD1",20,"FGFR1OP2",20
"v1",20260823,"hippo_yap_taz","TEAD1",20,"SRPX2",20
"v1",20260823,"hippo_yap_taz","TEAD2",20,"NR1D1",20
"v1",20260823,"hippo_yap_taz","TEAD2",20,"BMP1",20
"v1",20260823,"hippo_yap_taz","TEAD2",20,"FGL2",20
"v1",20260823,"hippo_yap_taz","TEAD2",20,"SDF2L1",20
"v1",20260823,"hippo_yap_taz","TEAD2",20,"STMN3",20
"v1",20260823,"hippo_yap_taz","TEAD2",20,"MXI1",20
"v1",20260823,"hippo_yap_taz","TEAD2",20,"RHOQ",20
"v1",20260823,"hippo_yap_taz","TEAD2",20,"C14orf119",20
"v1",20260823,"hippo_yap_taz","TEAD2",20,"RPA2",20
"v1",20260823,"hippo_yap_taz","TEAD2",20,"CDK5RAP3",20
"v1",20260823,"hippo_yap_taz","TEAD2",20,"G3BP1",20
"v1",20260823,"hippo_yap_taz","TEAD2",20,"TPRKB",20
"v1",20260823,"hippo_yap_taz","TEAD2",20,"MEF2A",20
"v1",20260823,"hippo_yap_taz","TEAD2",20,"KMT2A",20
"v1",20260823,"hippo_yap_taz","TEAD2",20,"PALM",20
"v1",20260823,"hippo_yap_taz","TEAD2",20,"PROS1",20
"v1",20260823,"hippo_yap_taz","TEAD2",20,"UPF2",20
"v1",20260823,"hippo_yap_taz","TEAD2",20,"GABARAPL1",20
"v1",20260823,"hippo_yap_taz","TEAD2",20,"HSPB11",20
"v1",20260823,"hippo_yap_taz","TEAD2",20,"ANP32A",20
"v1",20260823,"hippo_yap_taz","TEAD3",18,"STAT6",18
"v1",20260823,"hippo_yap_taz","TEAD3",18,"ELP2",18
"v1",20260823,"hippo_yap_taz","TEAD3",18,"NT5E",18
"v1",20260823,"hippo_yap_taz","TEAD3",18,"P4HTM",18
"v1",20260823,"hippo_yap_taz","TEAD3",18,"GPRC5A",18
"v1",20260823,"hippo_yap_taz","TEAD3",18,"MIR4435-2HG",18
"v1",20260823,"hippo_yap_taz","TEAD3",18,"AHR",18
"v1",20260823,"hippo_yap_taz","TEAD3",18,"DCAF7",18
"v1",20260823,"hippo_yap_taz","TEAD3",18,"PIK3IP1",18
"v1",20260823,"hippo_yap_taz","TEAD3",18,"ANAPC15",18
"v1",20260823,"hippo_yap_taz","TEAD3",18,"BCL6",18
"v1",20260823,"hippo_yap_taz","TEAD3",18,"KMT2C",18
"v1",20260823,"hippo_yap_taz","TEAD3",18,"MED13L",18
"v1",20260823,"hippo_yap_taz","TEAD3",18,"LRRC58",18
"v1",20260823,"hippo_yap_taz","TEAD3",18,"GSTM5",18
"v1",20260823,"hippo_yap_taz","TEAD3",18,"RUFY3",18
"v1",20260823,"hippo_yap_taz","TEAD3",18,"LAMTOR3",18
"v1",20260823,"hippo_yap_taz","TEAD3",18,"DR1",18
"v1",20260823,"hippo_yap_taz","TEAD3",18,"TNPO1",18
"v1",20260823,"hippo_yap_taz","TEAD3",18,"NUTM2B-AS1",18
"v1",20260823,"hippo_yap_taz","TEAD4",13,"CDC42SE2",13
"v1",20260823,"hippo_yap_taz","TEAD4",13,"USP39",13
"v1",20260823,"hippo_yap_taz","TEAD4",13,"NAGA",13
"v1",20260823,"hippo_yap_taz","TEAD4",13,"NOP16",13
"v1",20260823,"hippo_yap_taz","TEAD4",13,"OCIAD2",13
"v1",20260823,"hippo_yap_taz","TEAD4",13,"PIGU",13
"v1",20260823,"hippo_yap_taz","TEAD4",13,"STMN2",13
"v1",20260823,"hippo_yap_taz","TEAD4",13,"B3GALT4",13
"v1",20260823,"hippo_yap_taz","TEAD4",13,"CHD8",13
"v1",20260823,"hippo_yap_taz","TEAD4",13,"POFUT2",13
"v1",20260823,"hippo_yap_taz","TEAD4",13,"ZNF33A",13
"v1",20260823,"hippo_yap_taz","TEAD4",13,"ASS1",13
"v1",20260823,"hippo_yap_taz","TEAD4",13,"FAM214A",13
"v1",20260823,"hippo_yap_taz","TEAD4",13,"SLC2A8",13
"v1",20260823,"hippo_yap_taz","TEAD4",13,"SNX29",13
"v1",20260823,"hippo_yap_taz","TEAD4",13,"CAPS",13
"v1",20260823,"hippo_yap_taz","TEAD4",13,"PDP1",13
"v1",20260823,"hippo_yap_taz","TEAD4",13,"WWC3",13
"v1",20260823,"hippo_yap_taz","TEAD4",13,"ZNF277",13
"v1",20260823,"hippo_yap_taz","TEAD4",13,"CAVIN2",13
"v1",20260823,"hippo_yap_taz","LATS1",17,"DPCD",17
"v1",20260823,"hippo_yap_taz","LATS1",17,"TM7SF3",17
"v1",20260823,"hippo_yap_taz","LATS1",17,"WDR60",17
"v1",20260823,"hippo_yap_taz","LATS1",17,"POLK",17
"v1",20260823,"hippo_yap_taz","LATS1",17,"PLK2",17
"v1",20260823,"hippo_yap_taz","LATS1",17,"API5",17
"v1",20260823,"hippo_yap_taz","LATS1",17,"MTSS1",17
"v1",20260823,"hippo_yap_taz","LATS1",17,"ZBED5",17
"v1",20260823,"hippo_yap_taz","LATS1",17,"FHL5",17
"v1",20260823,"hippo_yap_taz","LATS1",17,"ANKRD40",17
"v1",20260823,"hippo_yap_taz","LATS1",17,"ABCD4",17
"v1",20260823,"hippo_yap_taz","LATS1",17,"MGAT2",17
"v1",20260823,"hippo_yap_taz","LATS1",17,"COX16",17
"v1",20260823,"hippo_yap_taz","LATS1",17,"POP5",17
"v1",20260823,"hippo_yap_taz","LATS1",17,"RFNG",17
"v1",20260823,"hippo_yap_taz","LATS1",17,"DTX3",17
"v1",20260823,"hippo_yap_taz","LATS1",17,"CDC42SE1",17
"v1",20260823,"hippo_yap_taz","LATS1",17,"DMPK",17
"v1",20260823,"hippo_yap_taz","LATS1",17,"RXRB",17
"v1",20260823,"hippo_yap_taz","LATS1",17,"CDC73",17
"v1",20260823,"hippo_yap_taz","LATS2",20,"ITPA",20
"v1",20260823,"hippo_yap_taz","LATS2",20,"PSMG3",20
"v1",20260823,"hippo_yap_taz","LATS2",20,"LPAR1",20
"v1",20260823,"hippo_yap_taz","LATS2",20,"DCLK1",20
"v1",20260823,"hippo_yap_taz","LATS2",20,"SMIM3",20
"v1",20260823,"hippo_yap_taz","LATS2",20,"ZFHX4",20
"v1",20260823,"hippo_yap_taz","LATS2",20,"C16orf45",20
"v1",20260823,"hippo_yap_taz","LATS2",20,"TSNAX",20
"v1",20260823,"hippo_yap_taz","LATS2",20,"SNRNP27",20
"v1",20260823,"hippo_yap_taz","LATS2",20,"TMED1",20
"v1",20260823,"hippo_yap_taz","LATS2",20,"QTRT1",20
"v1",20260823,"hippo_yap_taz","LATS2",20,"GPATCH8",20
"v1",20260823,"hippo_yap_taz","LATS2",20,"ANKRD28",20
"v1",20260823,"hippo_yap_taz","LATS2",20,"TSEN34",20
"v1",20260823,"hippo_yap_taz","LATS2",20,"CLPP",20
"v1",20260823,"hippo_yap_taz","LATS2",20,"TMX1",20
"v1",20260823,"hippo_yap_taz","LATS2",20,"SLC2A4RG",20
"v1",20260823,"hippo_yap_taz","LATS2",20,"UBE2J2",20
"v1",20260823,"hippo_yap_taz","LATS2",20,"ECI2",20
"v1",20260823,"hippo_yap_taz","LATS2",20,"PPP2CB",20
"v1",20260823,"hippo_yap_taz","STK3",20,"C2orf40",20
"v1",20260823,"hippo_yap_taz","STK3",20,"CDV3",20
"v1",20260823,"hippo_yap_taz","STK3",20,"PAK2",20
"v1",20260823,"hippo_yap_taz","STK3",20,"HMOX2",20
"v1",20260823,"hippo_yap_taz","STK3",20,"ZFAND1",20
"v1",20260823,"hippo_yap_taz","STK3",20,"ACAA2",20
"v1",20260823,"hippo_yap_taz","STK3",20,"VBP1",20
"v1",20260823,"hippo_yap_taz","STK3",20,"PDE4DIP",20
"v1",20260823,"hippo_yap_taz","STK3",20,"RNF146",20
"v1",20260823,"hippo_yap_taz","STK3",20,"ELMSAN1",20
"v1",20260823,"hippo_yap_taz","STK3",20,"SF3A2",20
"v1",20260823,"hippo_yap_taz","STK3",20,"WIPI2",20
"v1",20260823,"hippo_yap_taz","STK3",20,"GDF10",20
"v1",20260823,"hippo_yap_taz","STK3",20,"TMX1",20
"v1",20260823,"hippo_yap_taz","STK3",20,"TSSC4",20
"v1",20260823,"hippo_yap_taz","STK3",20,"MPLKIP",20
"v1",20260823,"hippo_yap_taz","STK3",20,"RGS10",20
"v1",20260823,"hippo_yap_taz","STK3",20,"SUN1",20
"v1",20260823,"hippo_yap_taz","STK3",20,"CEBPZ",20
"v1",20260823,"hippo_yap_taz","STK3",20,"FXR1",20
"v1",20260823,"hippo_yap_taz","STK4",19,"STMN1",19
"v1",20260823,"hippo_yap_taz","STK4",19,"WASHC1",19
"v1",20260823,"hippo_yap_taz","STK4",19,"EVI2A",19
"v1",20260823,"hippo_yap_taz","STK4",19,"PDE5A",19
"v1",20260823,"hippo_yap_taz","STK4",19,"SMIM29",19
"v1",20260823,"hippo_yap_taz","STK4",19,"MCTS1",19
"v1",20260823,"hippo_yap_taz","STK4",19,"ELK3",19
"v1",20260823,"hippo_yap_taz","STK4",19,"BLOC1S2",19
"v1",20260823,"hippo_yap_taz","STK4",19,"PHGDH",19
"v1",20260823,"hippo_yap_taz","STK4",19,"SYTL2",19
"v1",20260823,"hippo_yap_taz","STK4",19,"SESN3",19
"v1",20260823,"hippo_yap_taz","STK4",19,"INTS10",19
"v1",20260823,"hippo_yap_taz","STK4",19,"GTF2F1",19
"v1",20260823,"hippo_yap_taz","STK4",19,"PBRM1",19
"v1",20260823,"hippo_yap_taz","STK4",19,"APOPT1",19
"v1",20260823,"hippo_yap_taz","STK4",19,"PHF5A",19
"v1",20260823,"hippo_yap_taz","STK4",19,"WRB",19
"v1",20260823,"hippo_yap_taz","STK4",19,"FZD1",19
"v1",20260823,"hippo_yap_taz","STK4",19,"MRPL17",19
"v1",20260823,"hippo_yap_taz","STK4",19,"ATP6V1D",19
"v1",20260823,"hippo_yap_taz","SAV1",22,"PRR13",22
"v1",20260823,"hippo_yap_taz","SAV1",22,"ASNA1",22
"v1",20260823,"hippo_yap_taz","SAV1",22,"ARHGAP1",22
"v1",20260823,"hippo_yap_taz","SAV1",22,"LAMB2",22
"v1",20260823,"hippo_yap_taz","SAV1",22,"RSU1",22
"v1",20260823,"hippo_yap_taz","SAV1",22,"UBE2E2",22
"v1",20260823,"hippo_yap_taz","SAV1",22,"KDSR",22
"v1",20260823,"hippo_yap_taz","SAV1",22,"FAM89B",22
"v1",20260823,"hippo_yap_taz","SAV1",22,"IRF2BP2",22
"v1",20260823,"hippo_yap_taz","SAV1",22,"CCT8",22
"v1",20260823,"hippo_yap_taz","SAV1",22,"BAX",22
"v1",20260823,"hippo_yap_taz","SAV1",22,"PLN",22
"v1",20260823,"hippo_yap_taz","SAV1",22,"ZCRB1",22
"v1",20260823,"hippo_yap_taz","SAV1",22,"PJA2",22
"v1",20260823,"hippo_yap_taz","SAV1",22,"MRPL57",22
"v1",20260823,"hippo_yap_taz","SAV1",22,"RDX",22
"v1",20260823,"hippo_yap_taz","SAV1",22,"ALDH1A1",22
"v1",20260823,"hippo_yap_taz","SAV1",22,"CELF2",22
"v1",20260823,"hippo_yap_taz","SAV1",22,"AKR7A2",22
"v1",20260823,"hippo_yap_taz","SAV1",22,"ARL4C",22
"v1",20260823,"hippo_yap_taz","NF2",19,"PPP2R5E",19
"v1",20260823,"hippo_yap_taz","NF2",19,"LTBP2",19
"v1",20260823,"hippo_yap_taz","NF2",19,"RAB5B",19
"v1",20260823,"hippo_yap_taz","NF2",19,"BCL7B",19
"v1",20260823,"hippo_yap_taz","NF2",19,"CCS",19
"v1",20260823,"hippo_yap_taz","NF2",19,"ZKSCAN1",19
"v1",20260823,"hippo_yap_taz","NF2",19,"IP6K2",19
"v1",20260823,"hippo_yap_taz","NF2",19,"RDH14",19
"v1",20260823,"hippo_yap_taz","NF2",19,"PAPSS1",19
"v1",20260823,"hippo_yap_taz","NF2",19,"DNAJC4",19
"v1",20260823,"hippo_yap_taz","NF2",19,"RAMMET",19
"v1",20260823,"hippo_yap_taz","NF2",19,"WRB",19
"v1",20260823,"hippo_yap_taz","NF2",19,"CCNC",19
"v1",20260823,"hippo_yap_taz","NF2",19,"LIX1L",19
"v1",20260823,"hippo_yap_taz","NF2",19,"ST5",19
"v1",20260823,"hippo_yap_taz","NF2",19,"ZNF148",19
"v1",20260823,"hippo_yap_taz","NF2",19,"BFAR",19
"v1",20260823,"hippo_yap_taz","NF2",19,"PPP1R18",19
"v1",20260823,"hippo_yap_taz","NF2",19,"CCNG2",19
"v1",20260823,"hippo_yap_taz","NF2",19,"PSMA3-AS1",19
"v1",20260823,"hippo_yap_taz","AMOTL1",19,"PHAX",19
"v1",20260823,"hippo_yap_taz","AMOTL1",19,"GARS",19
"v1",20260823,"hippo_yap_taz","AMOTL1",19,"RBM5",19
"v1",20260823,"hippo_yap_taz","AMOTL1",19,"ARL16",19
"v1",20260823,"hippo_yap_taz","AMOTL1",19,"COPS5",19
"v1",20260823,"hippo_yap_taz","AMOTL1",19,"PTGDS",19
"v1",20260823,"hippo_yap_taz","AMOTL1",19,"TSR2",19
"v1",20260823,"hippo_yap_taz","AMOTL1",19,"CORO1C",19
"v1",20260823,"hippo_yap_taz","AMOTL1",19,"USP34",19
"v1",20260823,"hippo_yap_taz","AMOTL1",19,"ZNF148",19
"v1",20260823,"hippo_yap_taz","AMOTL1",19,"FBXO21",19
"v1",20260823,"hippo_yap_taz","AMOTL1",19,"TIMM17B",19
"v1",20260823,"hippo_yap_taz","AMOTL1",19,"FAM173A",19
"v1",20260823,"hippo_yap_taz","AMOTL1",19,"SMARCA5",19
"v1",20260823,"hippo_yap_taz","AMOTL1",19,"SNTB2",19
"v1",20260823,"hippo_yap_taz","AMOTL1",19,"ACADM",19
"v1",20260823,"hippo_yap_taz","AMOTL1",19,"CCDC88A",19
"v1",20260823,"hippo_yap_taz","AMOTL1",19,"GULP1",19
"v1",20260823,"hippo_yap_taz","AMOTL1",19,"SIGMAR1",19
"v1",20260823,"hippo_yap_taz","AMOTL1",19,"SSRP1",19
"v1",20260823,"hippo_yap_taz","AMOTL2",21,"VPS26A",21
"v1",20260823,"hippo_yap_taz","AMOTL2",21,"DEPP1",21
"v1",20260823,"hippo_yap_taz","AMOTL2",21,"TTC1",21
"v1",20260823,"hippo_yap_taz","AMOTL2",21,"MRPS26",21
"v1",20260823,"hippo_yap_taz","AMOTL2",21,"SPART",21
"v1",20260823,"hippo_yap_taz","AMOTL2",21,"EMC3",21
"v1",20260823,"hippo_yap_taz","AMOTL2",21,"UBE2J1",21
"v1",20260823,"hippo_yap_taz","AMOTL2",21,"CFAP97",21
"v1",20260823,"hippo_yap_taz","AMOTL2",21,"GOLGA4",21
"v1",20260823,"hippo_yap_taz","AMOTL2",21,"PLEC",21
"v1",20260823,"hippo_yap_taz","AMOTL2",21,"TMEM50B",21
"v1",20260823,"hippo_yap_taz","AMOTL2",21,"SDHB",21
"v1",20260823,"hippo_yap_taz","AMOTL2",21,"PRPF6",21
"v1",20260823,"hippo_yap_taz","AMOTL2",21,"TOB2",21
"v1",20260823,"hippo_yap_taz","AMOTL2",21,"IMP3",21
"v1",20260823,"hippo_yap_taz","AMOTL2",21,"LMF2",21
"v1",20260823,"hippo_yap_taz","AMOTL2",21,"PHIP",21
"v1",20260823,"hippo_yap_taz","AMOTL2",21,"NKTR",21
"v1",20260823,"hippo_yap_taz","AMOTL2",21,"MLEC",21
"v1",20260823,"hippo_yap_taz","AMOTL2",21,"DPM1",21
"v1",20260823,"hippo_yap_taz","AJUBA",13,"KIF2A",13
"v1",20260823,"hippo_yap_taz","AJUBA",13,"GCLM",13
"v1",20260823,"hippo_yap_taz","AJUBA",13,"CXorf40B",13
"v1",20260823,"hippo_yap_taz","AJUBA",13,"STX17",13
"v1",20260823,"hippo_yap_taz","AJUBA",13,"NUP37",13
"v1",20260823,"hippo_yap_taz","AJUBA",13,"MAFK",13
"v1",20260823,"hippo_yap_taz","AJUBA",13,"UBR3",13
"v1",20260823,"hippo_yap_taz","AJUBA",13,"SIN3A",13
"v1",20260823,"hippo_yap_taz","AJUBA",13,"FLYWCH1",13
"v1",20260823,"hippo_yap_taz","AJUBA",13,"MAN2B2",13
"v1",20260823,"hippo_yap_taz","AJUBA",13,"FAM160A2",13
"v1",20260823,"hippo_yap_taz","AJUBA",13,"ADAMTS4",13
"v1",20260823,"hippo_yap_taz","AJUBA",13,"CRY1",13
"v1",20260823,"hippo_yap_taz","AJUBA",13,"CRNKL1",13
"v1",20260823,"hippo_yap_taz","AJUBA",13,"MOB3A",13
"v1",20260823,"hippo_yap_taz","AJUBA",13,"RBM33",13
"v1",20260823,"hippo_yap_taz","AJUBA",13,"DACT3",13
"v1",20260823,"hippo_yap_taz","AJUBA",13,"ZRANB1",13
"v1",20260823,"hippo_yap_taz","AJUBA",13,"CCAR2",13
"v1",20260823,"hippo_yap_taz","AJUBA",13,"STK38",13
"v1",20260823,"hippo_yap_taz","CTGF",24,"NDUFA4",24
"v1",20260823,"hippo_yap_taz","CTGF",24,"TUBA1A",24
"v1",20260823,"hippo_yap_taz","CTGF",24,"CIRBP",24
"v1",20260823,"hippo_yap_taz","CTGF",24,"HNRNPA1",24
"v1",20260823,"hippo_yap_taz","CTGF",24,"THY1",24
"v1",20260823,"hippo_yap_taz","CTGF",24,"FKBP1A",24
"v1",20260823,"hippo_yap_taz","CTGF",24,"COPS9",24
"v1",20260823,"hippo_yap_taz","CTGF",24,"TSC22D1",24
"v1",20260823,"hippo_yap_taz","CTGF",24,"COX7C",24
"v1",20260823,"hippo_yap_taz","CTGF",24,"ID3",24
"v1",20260823,"hippo_yap_taz","CTGF",24,"COX7B",24
"v1",20260823,"hippo_yap_taz","CTGF",24,"CAP1",24
"v1",20260823,"hippo_yap_taz","CTGF",24,"MT1X",24
"v1",20260823,"hippo_yap_taz","CTGF",24,"ELOB",24
"v1",20260823,"hippo_yap_taz","CTGF",24,"SEC61B",24
"v1",20260823,"hippo_yap_taz","CTGF",24,"RSL24D1",24
"v1",20260823,"hippo_yap_taz","CTGF",24,"RAB34",24
"v1",20260823,"hippo_yap_taz","CTGF",24,"WISP2",24
"v1",20260823,"hippo_yap_taz","CTGF",24,"FTH1",24
"v1",20260823,"hippo_yap_taz","CTGF",24,"PRELID1",24
"v1",20260823,"hippo_yap_taz","CYR61",24,"MAP1B",24
"v1",20260823,"hippo_yap_taz","CYR61",24,"PCBP2",24
"v1",20260823,"hippo_yap_taz","CYR61",24,"NFIB",24
"v1",20260823,"hippo_yap_taz","CYR61",24,"C1R",24
"v1",20260823,"hippo_yap_taz","CYR61",24,"NENF",24
"v1",20260823,"hippo_yap_taz","CYR61",24,"LMNA",24
"v1",20260823,"hippo_yap_taz","CYR61",24,"UQCRH",24
"v1",20260823,"hippo_yap_taz","CYR61",24,"OLFML3",24
"v1",20260823,"hippo_yap_taz","CYR61",24,"CYB5R3",24
"v1",20260823,"hippo_yap_taz","CYR61",24,"HLA-A",24
"v1",20260823,"hippo_yap_taz","CYR61",24,"HSPA8",24
"v1",20260823,"hippo_yap_taz","CYR61",24,"NBL1",24
"v1",20260823,"hippo_yap_taz","CYR61",24,"ATP6V0E1",24
"v1",20260823,"hippo_yap_taz","CYR61",24,"MXRA8",24
"v1",20260823,"hippo_yap_taz","CYR61",24,"SERPING1",24
"v1",20260823,"hippo_yap_taz","CYR61",24,"IFI16",24
"v1",20260823,"hippo_yap_taz","CYR61",24,"FXYD1",24
"v1",20260823,"hippo_yap_taz","CYR61",24,"KRT10",24
"v1",20260823,"hippo_yap_taz","CYR61",24,"RABAC1",24
"v1",20260823,"hippo_yap_taz","CYR61",24,"YWHAZ",24
"v1",20260823,"hippo_yap_taz","AREG",9,"PGPEP1",9
"v1",20260823,"hippo_yap_taz","AREG",9,"HDAC11",9
"v1",20260823,"hippo_yap_taz","AREG",9,"SLC9B2",9
"v1",20260823,"hippo_yap_taz","AREG",9,"RBM27",9
"v1",20260823,"hippo_yap_taz","AREG",9,"ARRDC1-AS1",9
"v1",20260823,"hippo_yap_taz","AREG",9,"AL445472.1",9
"v1",20260823,"hippo_yap_taz","AREG",9,"TAOK2",9
"v1",20260823,"hippo_yap_taz","AREG",9,"CD200",9
"v1",20260823,"hippo_yap_taz","AREG",9,"TTC39B",9
"v1",20260823,"hippo_yap_taz","AREG",9,"DNAL1",9
"v1",20260823,"hippo_yap_taz","AREG",9,"GXYLT1",9
"v1",20260823,"hippo_yap_taz","AREG",9,"FMO3",9
"v1",20260823,"hippo_yap_taz","AREG",9,"HMBS",9
"v1",20260823,"hippo_yap_taz","AREG",9,"MFSD8",9
"v1",20260823,"hippo_yap_taz","AREG",9,"JAK2",9
"v1",20260823,"hippo_yap_taz","AREG",9,"PUS3",9
"v1",20260823,"hippo_yap_taz","AREG",9,"KLK4",9
"v1",20260823,"hippo_yap_taz","AREG",9,"TMEM25",9
"v1",20260823,"hippo_yap_taz","AREG",9,"PEX1",9
"v1",20260823,"hippo_yap_taz","AREG",9,"CRTC1",9
"v1",20260823,"actomyosin_rho","RHOA",24,"TRIR",24
"v1",20260823,"actomyosin_rho","RHOA",24,"SFRP4",24
"v1",20260823,"actomyosin_rho","RHOA",24,"TMEM59",24
"v1",20260823,"actomyosin_rho","RHOA",24,"TUBA1B",24
"v1",20260823,"actomyosin_rho","RHOA",24,"CD99",24
"v1",20260823,"actomyosin_rho","RHOA",24,"EEF1B2",24
"v1",20260823,"actomyosin_rho","RHOA",24,"SLC25A3",24
"v1",20260823,"actomyosin_rho","RHOA",24,"EIF3L",24
"v1",20260823,"actomyosin_rho","RHOA",24,"CTSK",24
"v1",20260823,"actomyosin_rho","RHOA",24,"C9orf16",24
"v1",20260823,"actomyosin_rho","RHOA",24,"HSP90AA1",24
"v1",20260823,"actomyosin_rho","RHOA",24,"PHPT1",24
"v1",20260823,"actomyosin_rho","RHOA",24,"ZBTB20",24
"v1",20260823,"actomyosin_rho","RHOA",24,"POLR2L",24
"v1",20260823,"actomyosin_rho","RHOA",24,"CSRP1",24
"v1",20260823,"actomyosin_rho","RHOA",24,"HSP90AB1",24
"v1",20260823,"actomyosin_rho","RHOA",24,"PPIC",24
"v1",20260823,"actomyosin_rho","RHOA",24,"MZT2B",24
"v1",20260823,"actomyosin_rho","RHOA",24,"DDX5",24
"v1",20260823,"actomyosin_rho","RHOA",24,"S100A10",24
"v1",20260823,"actomyosin_rho","RHOB",24,"SQSTM1",24
"v1",20260823,"actomyosin_rho","RHOB",24,"HNRNPA0",24
"v1",20260823,"actomyosin_rho","RHOB",24,"EIF4G2",24
"v1",20260823,"actomyosin_rho","RHOB",24,"ATP5MPL",24
"v1",20260823,"actomyosin_rho","RHOB",24,"ATP5PD",24
"v1",20260823,"actomyosin_rho","RHOB",24,"C19orf53",24
"v1",20260823,"actomyosin_rho","RHOB",24,"SSR2",24
"v1",20260823,"actomyosin_rho","RHOB",24,"PMP22",24
"v1",20260823,"actomyosin_rho","RHOB",24,"CSTB",24
"v1",20260823,"actomyosin_rho","RHOB",24,"THY1",24
"v1",20260823,"actomyosin_rho","RHOB",24,"HLA-B",24
"v1",20260823,"actomyosin_rho","RHOB",24,"GAPDH",24
"v1",20260823,"actomyosin_rho","RHOB",24,"TAGLN2",24
"v1",20260823,"actomyosin_rho","RHOB",24,"DYNLL1",24
"v1",20260823,"actomyosin_rho","RHOB",24,"C12orf57",24
"v1",20260823,"actomyosin_rho","RHOB",24,"ARHGDIA",24
"v1",20260823,"actomyosin_rho","RHOB",24,"PPP1R15A",24
"v1",20260823,"actomyosin_rho","RHOB",24,"TUBA1A",24
"v1",20260823,"actomyosin_rho","RHOB",24,"PCBP1",24
"v1",20260823,"actomyosin_rho","RHOB",24,"NDUFA1",24
"v1",20260823,"actomyosin_rho","RAC1",24,"COX7B",24
"v1",20260823,"actomyosin_rho","RAC1",24,"SERPINF1",24
"v1",20260823,"actomyosin_rho","RAC1",24,"VAPA",24
"v1",20260823,"actomyosin_rho","RAC1",24,"ISLR",24
"v1",20260823,"actomyosin_rho","RAC1",24,"HSP90AB1",24
"v1",20260823,"actomyosin_rho","RAC1",24,"SEC62",24
"v1",20260823,"actomyosin_rho","RAC1",24,"SERPING1",24
"v1",20260823,"actomyosin_rho","RAC1",24,"TCEAL4",24
"v1",20260823,"actomyosin_rho","RAC1",24,"LIMA1",24
"v1",20260823,"actomyosin_rho","RAC1",24,"MARCKS",24
"v1",20260823,"actomyosin_rho","RAC1",24,"NEDD8",24
"v1",20260823,"actomyosin_rho","RAC1",24,"NDUFA4",24
"v1",20260823,"actomyosin_rho","RAC1",24,"SOD1",24
"v1",20260823,"actomyosin_rho","RAC1",24,"ROMO1",24
"v1",20260823,"actomyosin_rho","RAC1",24,"CLU",24
"v1",20260823,"actomyosin_rho","RAC1",24,"GABARAPL2",24
"v1",20260823,"actomyosin_rho","RAC1",24,"CALU",24
"v1",20260823,"actomyosin_rho","RAC1",24,"SRSF2",24
"v1",20260823,"actomyosin_rho","RAC1",24,"NDUFB9",24
"v1",20260823,"actomyosin_rho","RAC1",24,"FTH1",24
"v1",20260823,"actomyosin_rho","CDC42",24,"C6orf48",24
"v1",20260823,"actomyosin_rho","CDC42",24,"TXN",24
"v1",20260823,"actomyosin_rho","CDC42",24,"EEF1D",24
"v1",20260823,"actomyosin_rho","CDC42",24,"SUMO2",24
"v1",20260823,"actomyosin_rho","CDC42",24,"TMA7",24
"v1",20260823,"actomyosin_rho","CDC42",24,"FAU",24
"v1",20260823,"actomyosin_rho","CDC42",24,"TPI1",24
"v1",20260823,"actomyosin_rho","CDC42",24,"PPIA",24
"v1",20260823,"actomyosin_rho","CDC42",24,"CNBP",24
"v1",20260823,"actomyosin_rho","CDC42",24,"ATP5PF",24
"v1",20260823,"actomyosin_rho","CDC42",24,"CST3",24
"v1",20260823,"actomyosin_rho","CDC42",24,"ATP5MC2",24
"v1",20260823,"actomyosin_rho","CDC42",24,"ZFP36",24
"v1",20260823,"actomyosin_rho","CDC42",24,"PHPT1",24
"v1",20260823,"actomyosin_rho","CDC42",24,"SEC61G",24
"v1",20260823,"actomyosin_rho","CDC42",24,"DBI",24
"v1",20260823,"actomyosin_rho","CDC42",24,"NBL1",24
"v1",20260823,"actomyosin_rho","CDC42",24,"CD151",24
"v1",20260823,"actomyosin_rho","CDC42",24,"CHCHD2",24
"v1",20260823,"actomyosin_rho","CDC42",24,"ATP5F1A",24
"v1",20260823,"actomyosin_rho","ROCK1",23,"SSB",23
"v1",20260823,"actomyosin_rho","ROCK1",23,"PSMG2",23
"v1",20260823,"actomyosin_rho","ROCK1",23,"ANGPTL1",23
"v1",20260823,"actomyosin_rho","ROCK1",23,"NR4A1",23
"v1",20260823,"actomyosin_rho","ROCK1",23,"PA2G4",23
"v1",20260823,"actomyosin_rho","ROCK1",23,"UBE2D2",23
"v1",20260823,"actomyosin_rho","ROCK1",23,"LSM3",23
"v1",20260823,"actomyosin_rho","ROCK1",23,"PHB2",23
"v1",20260823,"actomyosin_rho","ROCK1",23,"SPATS2L",23
"v1",20260823,"actomyosin_rho","ROCK1",23,"CD47",23
"v1",20260823,"actomyosin_rho","ROCK1",23,"UFC1",23
"v1",20260823,"actomyosin_rho","ROCK1",23,"SLC38A2",23
"v1",20260823,"actomyosin_rho","ROCK1",23,"SRSF9",23
"v1",20260823,"actomyosin_rho","ROCK1",23,"IQGAP1",23
"v1",20260823,"actomyosin_rho","ROCK1",23,"ARF5",23
"v1",20260823,"actomyosin_rho","ROCK1",23,"TMEM109",23
"v1",20260823,"actomyosin_rho","ROCK1",23,"TFG",23
"v1",20260823,"actomyosin_rho","ROCK1",23,"BANF1",23
"v1",20260823,"actomyosin_rho","ROCK1",23,"MRGPRF",23
"v1",20260823,"actomyosin_rho","ROCK1",23,"PSMD8",23
"v1",20260823,"actomyosin_rho","ROCK2",22,"PTOV1",22
"v1",20260823,"actomyosin_rho","ROCK2",22,"MYO1C",22
"v1",20260823,"actomyosin_rho","ROCK2",22,"ZFYVE21",22
"v1",20260823,"actomyosin_rho","ROCK2",22,"FSCN1",22
"v1",20260823,"actomyosin_rho","ROCK2",22,"LUC7L3",22
"v1",20260823,"actomyosin_rho","ROCK2",22,"TXNL1",22
"v1",20260823,"actomyosin_rho","ROCK2",22,"ATL3",22
"v1",20260823,"actomyosin_rho","ROCK2",22,"MED10",22
"v1",20260823,"actomyosin_rho","ROCK2",22,"TMEM176B",22
"v1",20260823,"actomyosin_rho","ROCK2",22,"MEAF6",22
"v1",20260823,"actomyosin_rho","ROCK2",22,"EIF3J",22
"v1",20260823,"actomyosin_rho","ROCK2",22,"GAS1",22
"v1",20260823,"actomyosin_rho","ROCK2",22,"CARHSP1",22
"v1",20260823,"actomyosin_rho","ROCK2",22,"SCARB2",22
"v1",20260823,"actomyosin_rho","ROCK2",22,"MRPL57",22
"v1",20260823,"actomyosin_rho","ROCK2",22,"AKR7A2",22
"v1",20260823,"actomyosin_rho","ROCK2",22,"PFDN1",22
"v1",20260823,"actomyosin_rho","ROCK2",22,"TXNL4A",22
"v1",20260823,"actomyosin_rho","ROCK2",22,"CLK1",22
"v1",20260823,"actomyosin_rho","ROCK2",22,"ANKRD10",22
"v1",20260823,"actomyosin_rho","MYLK",23,"NDUFV2",23
"v1",20260823,"actomyosin_rho","MYLK",23,"CHD9",23
"v1",20260823,"actomyosin_rho","MYLK",23,"LRRFIP1",23
"v1",20260823,"actomyosin_rho","MYLK",23,"TIMM13",23
"v1",20260823,"actomyosin_rho","MYLK",23,"EI24",23
"v1",20260823,"actomyosin_rho","MYLK",23,"VPS29",23
"v1",20260823,"actomyosin_rho","MYLK",23,"ATP5MC1",23
"v1",20260823,"actomyosin_rho","MYLK",23,"PSMB7",23
"v1",20260823,"actomyosin_rho","MYLK",23,"TFG",23
"v1",20260823,"actomyosin_rho","MYLK",23,"CYC1",23
"v1",20260823,"actomyosin_rho","MYLK",23,"RER1",23
"v1",20260823,"actomyosin_rho","MYLK",23,"CAPZA2",23
"v1",20260823,"actomyosin_rho","MYLK",23,"IFITM1",23
"v1",20260823,"actomyosin_rho","MYLK",23,"PALLD",23
"v1",20260823,"actomyosin_rho","MYLK",23,"NAA38",23
"v1",20260823,"actomyosin_rho","MYLK",23,"OAZ2",23
"v1",20260823,"actomyosin_rho","MYLK",23,"BLVRB",23
"v1",20260823,"actomyosin_rho","MYLK",23,"OS9",23
"v1",20260823,"actomyosin_rho","MYLK",23,"PAM",23
"v1",20260823,"actomyosin_rho","MYLK",23,"ZFAND5",23
"v1",20260823,"actomyosin_rho","MYL9",24,"CAVIN3",24
"v1",20260823,"actomyosin_rho","MYL9",24,"SERPING1",24
"v1",20260823,"actomyosin_rho","MYL9",24,"NBL1",24
"v1",20260823,"actomyosin_rho","MYL9",24,"ATP5MD",24
"v1",20260823,"actomyosin_rho","MYL9",24,"NUPR1",24
"v1",20260823,"actomyosin_rho","MYL9",24,"UBXN1",24
"v1",20260823,"actomyosin_rho","MYL9",24,"N4BP2L2",24
"v1",20260823,"actomyosin_rho","MYL9",24,"CSRP1",24
"v1",20260823,"actomyosin_rho","MYL9",24,"YBX1",24
"v1",20260823,"actomyosin_rho","MYL9",24,"CAST",24
"v1",20260823,"actomyosin_rho","MYL9",24,"COPE",24
"v1",20260823,"actomyosin_rho","MYL9",24,"EPHX1",24
"v1",20260823,"actomyosin_rho","MYL9",24,"RBX1",24
"v1",20260823,"actomyosin_rho","MYL9",24,"ATP5F1A",24
"v1",20260823,"actomyosin_rho","MYL9",24,"UBC",24
"v1",20260823,"actomyosin_rho","MYL9",24,"ATP5MPL",24
"v1",20260823,"actomyosin_rho","MYL9",24,"SAP18",24
"v1",20260823,"actomyosin_rho","MYL9",24,"CXCL12",24
"v1",20260823,"actomyosin_rho","MYL9",24,"PTGES3",24
"v1",20260823,"actomyosin_rho","MYL9",24,"CD151",24
"v1",20260823,"actomyosin_rho","ACTA2",24,"ATP5ME",24
"v1",20260823,"actomyosin_rho","ACTA2",24,"ISLR",24
"v1",20260823,"actomyosin_rho","ACTA2",24,"NOP53",24
"v1",20260823,"actomyosin_rho","ACTA2",24,"ZFP36L1",24
"v1",20260823,"actomyosin_rho","ACTA2",24,"MXRA8",24
"v1",20260823,"actomyosin_rho","ACTA2",24,"DSTN",24
"v1",20260823,"actomyosin_rho","ACTA2",24,"CEBPB",24
"v1",20260823,"actomyosin_rho","ACTA2",24,"CALR",24
"v1",20260823,"actomyosin_rho","ACTA2",24,"COX7A2",24
"v1",20260823,"actomyosin_rho","ACTA2",24,"YWHAZ",24
"v1",20260823,"actomyosin_rho","ACTA2",24,"CFD",24
"v1",20260823,"actomyosin_rho","ACTA2",24,"LSP1",24
"v1",20260823,"actomyosin_rho","ACTA2",24,"MYDGF",24
"v1",20260823,"actomyosin_rho","ACTA2",24,"ID3",24
"v1",20260823,"actomyosin_rho","ACTA2",24,"GNB2",24
"v1",20260823,"actomyosin_rho","ACTA2",24,"HSP90AB1",24
"v1",20260823,"actomyosin_rho","ACTA2",24,"C1R",24
"v1",20260823,"actomyosin_rho","ACTA2",24,"RAB34",24
"v1",20260823,"actomyosin_rho","ACTA2",24,"NNMT",24
"v1",20260823,"actomyosin_rho","ACTA2",24,"ANXA2",24
"v1",20260823,"actomyosin_rho","TAGLN",24,"FHL1",24
"v1",20260823,"actomyosin_rho","TAGLN",24,"NDUFA11",24
"v1",20260823,"actomyosin_rho","TAGLN",24,"ATP5PF",24
"v1",20260823,"actomyosin_rho","TAGLN",24,"SERPINF1",24
"v1",20260823,"actomyosin_rho","TAGLN",24,"PPIC",24
"v1",20260823,"actomyosin_rho","TAGLN",24,"PNISR",24
"v1",20260823,"actomyosin_rho","TAGLN",24,"BTG1",24
"v1",20260823,"actomyosin_rho","TAGLN",24,"NUPR1",24
"v1",20260823,"actomyosin_rho","TAGLN",24,"MAFB",24
"v1",20260823,"actomyosin_rho","TAGLN",24,"CXCL14",24
"v1",20260823,"actomyosin_rho","TAGLN",24,"VKORC1",24
"v1",20260823,"actomyosin_rho","TAGLN",24,"COX6A1",24
"v1",20260823,"actomyosin_rho","TAGLN",24,"OSTC",24
"v1",20260823,"actomyosin_rho","TAGLN",24,"NFKBIA",24
"v1",20260823,"actomyosin_rho","TAGLN",24,"SERPINH1",24
"v1",20260823,"actomyosin_rho","TAGLN",24,"RAB1A",24
"v1",20260823,"actomyosin_rho","TAGLN",24,"UQCRB",24
"v1",20260823,"actomyosin_rho","TAGLN",24,"LAMTOR5",24
"v1",20260823,"actomyosin_rho","TAGLN",24,"LY6E",24
"v1",20260823,"actomyosin_rho","TAGLN",24,"PTMS",24
"v1",20260823,"actomyosin_rho","CNN1",22,"EIF3A",22
"v1",20260823,"actomyosin_rho","CNN1",22,"LAMA4",22
"v1",20260823,"actomyosin_rho","CNN1",22,"ATP6V1E1",22
"v1",20260823,"actomyosin_rho","CNN1",22,"PCOLCE2",22
"v1",20260823,"actomyosin_rho","CNN1",22,"SMOC2",22
"v1",20260823,"actomyosin_rho","CNN1",22,"AHNAK2",22
"v1",20260823,"actomyosin_rho","CNN1",22,"ID1",22
"v1",20260823,"actomyosin_rho","CNN1",22,"THOC7",22
"v1",20260823,"actomyosin_rho","CNN1",22,"DPY30",22
"v1",20260823,"actomyosin_rho","CNN1",22,"IDS",22
"v1",20260823,"actomyosin_rho","CNN1",22,"PRMT2",22
"v1",20260823,"actomyosin_rho","CNN1",22,"UQCRC1",22
"v1",20260823,"actomyosin_rho","CNN1",22,"MCAM",22
"v1",20260823,"actomyosin_rho","CNN1",22,"SRPX",22
"v1",20260823,"actomyosin_rho","CNN1",22,"ERCC1",22
"v1",20260823,"actomyosin_rho","CNN1",22,"NAA10",22
"v1",20260823,"actomyosin_rho","CNN1",22,"C9orf78",22
"v1",20260823,"actomyosin_rho","CNN1",22,"MRPS18C",22
"v1",20260823,"actomyosin_rho","CNN1",22,"CYTOR",22
"v1",20260823,"actomyosin_rho","CNN1",22,"HTRA3",22
"v1",20260823,"actomyosin_rho","CNN2",22,"C5orf15",22
"v1",20260823,"actomyosin_rho","CNN2",22,"GLUD1",22
"v1",20260823,"actomyosin_rho","CNN2",22,"TRAPPC2L",22
"v1",20260823,"actomyosin_rho","CNN2",22,"PFN2",22
"v1",20260823,"actomyosin_rho","CNN2",22,"LAMB2",22
"v1",20260823,"actomyosin_rho","CNN2",22,"GOLGA2",22
"v1",20260823,"actomyosin_rho","CNN2",22,"PUF60",22
"v1",20260823,"actomyosin_rho","CNN2",22,"TM9SF2",22
"v1",20260823,"actomyosin_rho","CNN2",22,"TXNDC17",22
"v1",20260823,"actomyosin_rho","CNN2",22,"ENSA",22
"v1",20260823,"actomyosin_rho","CNN2",22,"SMARCB1",22
"v1",20260823,"actomyosin_rho","CNN2",22,"NCOR1",22
"v1",20260823,"actomyosin_rho","CNN2",22,"CPNE3",22
"v1",20260823,"actomyosin_rho","CNN2",22,"TUBA1C",22
"v1",20260823,"actomyosin_rho","CNN2",22,"SNF8",22
"v1",20260823,"actomyosin_rho","CNN2",22,"CYTOR",22
"v1",20260823,"actomyosin_rho","CNN2",22,"CLIC4",22
"v1",20260823,"actomyosin_rho","CNN2",22,"GPBP1",22
"v1",20260823,"actomyosin_rho","CNN2",22,"NBDY",22
"v1",20260823,"actomyosin_rho","CNN2",22,"ACTR2",22
"v1",20260823,"actomyosin_rho","CFL1",24,"S100A4",24
"v1",20260823,"actomyosin_rho","CFL1",24,"CRYAB",24
"v1",20260823,"actomyosin_rho","CFL1",24,"SCP2",24
"v1",20260823,"actomyosin_rho","CFL1",24,"CEBPD",24
"v1",20260823,"actomyosin_rho","CFL1",24,"HSP90AB1",24
"v1",20260823,"actomyosin_rho","CFL1",24,"RAB34",24
"v1",20260823,"actomyosin_rho","CFL1",24,"TPM4",24
"v1",20260823,"actomyosin_rho","CFL1",24,"PRDX5",24
"v1",20260823,"actomyosin_rho","CFL1",24,"ARHGDIA",24
"v1",20260823,"actomyosin_rho","CFL1",24,"PLA2G2A",24
"v1",20260823,"actomyosin_rho","CFL1",24,"HLA-B",24
"v1",20260823,"actomyosin_rho","CFL1",24,"HNRNPA1",24
"v1",20260823,"actomyosin_rho","CFL1",24,"HTRA1",24
"v1",20260823,"actomyosin_rho","CFL1",24,"NPC2",24
"v1",20260823,"actomyosin_rho","CFL1",24,"FKBP8",24
"v1",20260823,"actomyosin_rho","CFL1",24,"NFKBIA",24
"v1",20260823,"actomyosin_rho","CFL1",24,"LGALS3",24
"v1",20260823,"actomyosin_rho","CFL1",24,"MORF4L2",24
"v1",20260823,"actomyosin_rho","CFL1",24,"ATP5MC3",24
"v1",20260823,"actomyosin_rho","CFL1",24,"SRP14",24
"v1",20260823,"actomyosin_rho","PFN1",24,"MORF4L2",24
"v1",20260823,"actomyosin_rho","PFN1",24,"MT1M",24
"v1",20260823,"actomyosin_rho","PFN1",24,"PRELID1",24
"v1",20260823,"actomyosin_rho","PFN1",24,"PRDX5",24
"v1",20260823,"actomyosin_rho","PFN1",24,"RNH1",24
"v1",20260823,"actomyosin_rho","PFN1",24,"C19orf53",24
"v1",20260823,"actomyosin_rho","PFN1",24,"NDUFB9",24
"v1",20260823,"actomyosin_rho","PFN1",24,"COX5B",24
"v1",20260823,"actomyosin_rho","PFN1",24,"FIS1",24
"v1",20260823,"actomyosin_rho","PFN1",24,"HNRNPA3",24
"v1",20260823,"actomyosin_rho","PFN1",24,"SLIRP",24
"v1",20260823,"actomyosin_rho","PFN1",24,"MYDGF",24
"v1",20260823,"actomyosin_rho","PFN1",24,"UQCRH",24
"v1",20260823,"actomyosin_rho","PFN1",24,"YWHAE",24
"v1",20260823,"actomyosin_rho","PFN1",24,"EIF3H",24
"v1",20260823,"actomyosin_rho","PFN1",24,"HERPUD1",24
"v1",20260823,"actomyosin_rho","PFN1",24,"RGS16",24
"v1",20260823,"actomyosin_rho","PFN1",24,"VKORC1",24
"v1",20260823,"actomyosin_rho","PFN1",24,"LAMTOR4",24
"v1",20260823,"actomyosin_rho","PFN1",24,"LGALS3",24
"v1",20260823,"actomyosin_rho","TPM1",24,"LDHB",24
"v1",20260823,"actomyosin_rho","TPM1",24,"CAPZB",24
"v1",20260823,"actomyosin_rho","TPM1",24,"CD99",24
"v1",20260823,"actomyosin_rho","TPM1",24,"SERPING1",24
"v1",20260823,"actomyosin_rho","TPM1",24,"C1S",24
"v1",20260823,"actomyosin_rho","TPM1",24,"TPT1",24
"v1",20260823,"actomyosin_rho","TPM1",24,"FCGRT",24
"v1",20260823,"actomyosin_rho","TPM1",24,"SLC25A3",24
"v1",20260823,"actomyosin_rho","TPM1",24,"PLAC9",24
"v1",20260823,"actomyosin_rho","TPM1",24,"ADIRF",24
"v1",20260823,"actomyosin_rho","TPM1",24,"FTH1",24
"v1",20260823,"actomyosin_rho","TPM1",24,"PNISR",24
"v1",20260823,"actomyosin_rho","TPM1",24,"EDF1",24
"v1",20260823,"actomyosin_rho","TPM1",24,"CXCL12",24
"v1",20260823,"actomyosin_rho","TPM1",24,"ATP5ME",24
"v1",20260823,"actomyosin_rho","TPM1",24,"NFIC",24
"v1",20260823,"actomyosin_rho","TPM1",24,"ATP6V1G1",24
"v1",20260823,"actomyosin_rho","TPM1",24,"FKBP1A",24
"v1",20260823,"actomyosin_rho","TPM1",24,"S100A10",24
"v1",20260823,"actomyosin_rho","TPM1",24,"PNRC1",24
"v1",20260823,"actomyosin_rho","TPM2",24,"LAMTOR5",24
"v1",20260823,"actomyosin_rho","TPM2",24,"CCNI",24
"v1",20260823,"actomyosin_rho","TPM2",24,"HSPA5",24
"v1",20260823,"actomyosin_rho","TPM2",24,"EEF1B2",24
"v1",20260823,"actomyosin_rho","TPM2",24,"TCEAL9",24
"v1",20260823,"actomyosin_rho","TPM2",24,"HNRNPA1",24
"v1",20260823,"actomyosin_rho","TPM2",24,"ECM1",24
"v1",20260823,"actomyosin_rho","TPM2",24,"P4HB",24
"v1",20260823,"actomyosin_rho","TPM2",24,"ARHGDIA",24
"v1",20260823,"actomyosin_rho","TPM2",24,"SOD3",24
"v1",20260823,"actomyosin_rho","TPM2",24,"TMEM59",24
"v1",20260823,"actomyosin_rho","TPM2",24,"MYL12A",24
"v1",20260823,"actomyosin_rho","TPM2",24,"MORF4L2",24
"v1",20260823,"actomyosin_rho","TPM2",24,"HLA-E",24
"v1",20260823,"actomyosin_rho","TPM2",24,"NFIC",24
"v1",20260823,"actomyosin_rho","TPM2",24,"CST3",24
"v1",20260823,"actomyosin_rho","TPM2",24,"RRBP1",24
"v1",20260823,"actomyosin_rho","TPM2",24,"RAB1A",24
"v1",20260823,"actomyosin_rho","TPM2",24,"SELENOS",24
"v1",20260823,"actomyosin_rho","TPM2",24,"DST",24
"v1",20260823,"actomyosin_rho","FLNA",24,"RACK1",24
"v1",20260823,"actomyosin_rho","FLNA",24,"ANXA1",24
"v1",20260823,"actomyosin_rho","FLNA",24,"ATP5MC2",24
"v1",20260823,"actomyosin_rho","FLNA",24,"PSAP",24
"v1",20260823,"actomyosin_rho","FLNA",24,"PARK7",24
"v1",20260823,"actomyosin_rho","FLNA",24,"SDCBP",24
"v1",20260823,"actomyosin_rho","FLNA",24,"RAB34",24
"v1",20260823,"actomyosin_rho","FLNA",24,"WISP2",24
"v1",20260823,"actomyosin_rho","FLNA",24,"NDUFA13",24
"v1",20260823,"actomyosin_rho","FLNA",24,"VIM",24
"v1",20260823,"actomyosin_rho","FLNA",24,"RABAC1",24
"v1",20260823,"actomyosin_rho","FLNA",24,"PCBP1",24
"v1",20260823,"actomyosin_rho","FLNA",24,"PTGES3",24
"v1",20260823,"actomyosin_rho","FLNA",24,"ATP5MD",24
"v1",20260823,"actomyosin_rho","FLNA",24,"GPNMB",24
"v1",20260823,"actomyosin_rho","FLNA",24,"CAVIN3",24
"v1",20260823,"actomyosin_rho","FLNA",24,"ATP5IF1",24
"v1",20260823,"actomyosin_rho","FLNA",24,"MT1X",24
"v1",20260823,"actomyosin_rho","FLNA",24,"S100A13",24
"v1",20260823,"actomyosin_rho","FLNA",24,"ST13",24
"v1",20260823,"actomyosin_rho","GSN",24,"LMNA",24
"v1",20260823,"actomyosin_rho","GSN",24,"UBXN1",24
"v1",20260823,"actomyosin_rho","GSN",24,"HLA-C",24
"v1",20260823,"actomyosin_rho","GSN",24,"H3F3B",24
"v1",20260823,"actomyosin_rho","GSN",24,"CD9",24
"v1",20260823,"actomyosin_rho","GSN",24,"MT2A",24
"v1",20260823,"actomyosin_rho","GSN",24,"HNRNPA0",24
"v1",20260823,"actomyosin_rho","GSN",24,"BRI3",24
"v1",20260823,"actomyosin_rho","GSN",24,"ARPC3",24
"v1",20260823,"actomyosin_rho","GSN",24,"SERPING1",24
"v1",20260823,"actomyosin_rho","GSN",24,"PRDX1",24
"v1",20260823,"actomyosin_rho","GSN",24,"C4orf3",24
"v1",20260823,"actomyosin_rho","GSN",24,"GNB2",24
"v1",20260823,"actomyosin_rho","GSN",24,"ATP5PO",24
"v1",20260823,"actomyosin_rho","GSN",24,"EEF1A1",24
"v1",20260823,"actomyosin_rho","GSN",24,"RBX1",24
"v1",20260823,"actomyosin_rho","GSN",24,"ATRAID",24
"v1",20260823,"actomyosin_rho","GSN",24,"ANXA1",24
"v1",20260823,"actomyosin_rho","GSN",24,"LIMA1",24
"v1",20260823,"actomyosin_rho","GSN",24,"CRIP2",24
"v1",20260823,"actomyosin_rho","DIAPH1",20,"OSBPL1A",20
"v1",20260823,"actomyosin_rho","DIAPH1",20,"HIBADH",20
"v1",20260823,"actomyosin_rho","DIAPH1",20,"CREB3",20
"v1",20260823,"actomyosin_rho","DIAPH1",20,"SYAP1",20
"v1",20260823,"actomyosin_rho","DIAPH1",20,"ATG101",20
"v1",20260823,"actomyosin_rho","DIAPH1",20,"WBP11",20
"v1",20260823,"actomyosin_rho","DIAPH1",20,"SLC25A4",20
"v1",20260823,"actomyosin_rho","DIAPH1",20,"TSEN34",20
"v1",20260823,"actomyosin_rho","DIAPH1",20,"PCYOX1",20
"v1",20260823,"actomyosin_rho","DIAPH1",20,"DLGAP4",20
"v1",20260823,"actomyosin_rho","DIAPH1",20,"GSPT1",20
"v1",20260823,"actomyosin_rho","DIAPH1",20,"FHL2",20
"v1",20260823,"actomyosin_rho","DIAPH1",20,"VPS25",20
"v1",20260823,"actomyosin_rho","DIAPH1",20,"MUM1",20
"v1",20260823,"actomyosin_rho","DIAPH1",20,"NUDT1",20
"v1",20260823,"actomyosin_rho","DIAPH1",20,"M6PR",20
"v1",20260823,"actomyosin_rho","DIAPH1",20,"PIGC",20
"v1",20260823,"actomyosin_rho","DIAPH1",20,"PHLDB1",20
"v1",20260823,"actomyosin_rho","DIAPH1",20,"MRPL13",20
"v1",20260823,"actomyosin_rho","DIAPH1",20,"MAX",20
"v1",20260823,"actomyosin_rho","LIMK1",17,"SHOX2",17
"v1",20260823,"actomyosin_rho","LIMK1",17,"C15orf40",17
"v1",20260823,"actomyosin_rho","LIMK1",17,"RANGRF",17
"v1",20260823,"actomyosin_rho","LIMK1",17,"CMC1",17
"v1",20260823,"actomyosin_rho","LIMK1",17,"ECHDC1",17
"v1",20260823,"actomyosin_rho","LIMK1",17,"TRAPPC6A",17
"v1",20260823,"actomyosin_rho","LIMK1",17,"COA5",17
"v1",20260823,"actomyosin_rho","LIMK1",17,"ADAMTSL4",17
"v1",20260823,"actomyosin_rho","LIMK1",17,"KIAA1109",17
"v1",20260823,"actomyosin_rho","LIMK1",17,"THAP5",17
"v1",20260823,"actomyosin_rho","LIMK1",17,"API5",17
"v1",20260823,"actomyosin_rho","LIMK1",17,"PRPF19",17
"v1",20260823,"actomyosin_rho","LIMK1",17,"UBE2G1",17
"v1",20260823,"actomyosin_rho","LIMK1",17,"MCUR1",17
"v1",20260823,"actomyosin_rho","LIMK1",17,"DCAF13",17
"v1",20260823,"actomyosin_rho","LIMK1",17,"EHD1",17
"v1",20260823,"actomyosin_rho","LIMK1",17,"WDR60",17
"v1",20260823,"actomyosin_rho","LIMK1",17,"GMPR2",17
"v1",20260823,"actomyosin_rho","LIMK1",17,"CADM3",17
"v1",20260823,"actomyosin_rho","LIMK1",17,"FAM174A",17
"v1",20260823,"ecm_remodeling","COL1A1",24,"SRP14",24
"v1",20260823,"ecm_remodeling","COL1A1",24,"LUM",24
"v1",20260823,"ecm_remodeling","COL1A1",24,"SELENOP",24
"v1",20260823,"ecm_remodeling","COL1A1",24,"TGFBI",24
"v1",20260823,"ecm_remodeling","COL1A1",24,"CALD1",24
"v1",20260823,"ecm_remodeling","COL1A1",24,"PTGES3",24
"v1",20260823,"ecm_remodeling","COL1A1",24,"CHCHD2",24
"v1",20260823,"ecm_remodeling","COL1A1",24,"B2M",24
"v1",20260823,"ecm_remodeling","COL1A1",24,"PSMA7",24
"v1",20260823,"ecm_remodeling","COL1A1",24,"FIS1",24
"v1",20260823,"ecm_remodeling","COL1A1",24,"POLR2L",24
"v1",20260823,"ecm_remodeling","COL1A1",24,"PRELID1",24
"v1",20260823,"ecm_remodeling","COL1A1",24,"TMSB10",24
"v1",20260823,"ecm_remodeling","COL1A1",24,"CSRP1",24
"v1",20260823,"ecm_remodeling","COL1A1",24,"LAMTOR1",24
"v1",20260823,"ecm_remodeling","COL1A1",24,"WISP2",24
"v1",20260823,"ecm_remodeling","COL1A1",24,"SH3BGRL3",24
"v1",20260823,"ecm_remodeling","COL1A1",24,"KRTCAP2",24
"v1",20260823,"ecm_remodeling","COL1A1",24,"COMP",24
"v1",20260823,"ecm_remodeling","COL1A1",24,"ANGPTL2",24
"v1",20260823,"ecm_remodeling","COL1A2",24,"PTMA",24
"v1",20260823,"ecm_remodeling","COL1A2",24,"SPARCL1",24
"v1",20260823,"ecm_remodeling","COL1A2",24,"TPPP3",24
"v1",20260823,"ecm_remodeling","COL1A2",24,"HLA-C",24
"v1",20260823,"ecm_remodeling","COL1A2",24,"SRSF2",24
"v1",20260823,"ecm_remodeling","COL1A2",24,"RBM3",24
"v1",20260823,"ecm_remodeling","COL1A2",24,"NBL1",24
"v1",20260823,"ecm_remodeling","COL1A2",24,"IGFBP7",24
"v1",20260823,"ecm_remodeling","COL1A2",24,"SOD1",24
"v1",20260823,"ecm_remodeling","COL1A2",24,"VAPA",24
"v1",20260823,"ecm_remodeling","COL1A2",24,"EIF1",24
"v1",20260823,"ecm_remodeling","COL1A2",24,"RRBP1",24
"v1",20260823,"ecm_remodeling","COL1A2",24,"YWHAE",24
"v1",20260823,"ecm_remodeling","COL1A2",24,"DYNLL1",24
"v1",20260823,"ecm_remodeling","COL1A2",24,"NENF",24
"v1",20260823,"ecm_remodeling","COL1A2",24,"N4BP2L2",24
"v1",20260823,"ecm_remodeling","COL1A2",24,"MORF4L1",24
"v1",20260823,"ecm_remodeling","COL1A2",24,"MT2A",24
"v1",20260823,"ecm_remodeling","COL1A2",24,"COX7B",24
"v1",20260823,"ecm_remodeling","COL1A2",24,"EMP3",24
"v1",20260823,"ecm_remodeling","COL3A1",24,"YWHAZ",24
"v1",20260823,"ecm_remodeling","COL3A1",24,"DYNLRB1",24
"v1",20260823,"ecm_remodeling","COL3A1",24,"HSP90B1",24
"v1",20260823,"ecm_remodeling","COL3A1",24,"UQCRH",24
"v1",20260823,"ecm_remodeling","COL3A1",24,"NFKBIA",24
"v1",20260823,"ecm_remodeling","COL3A1",24,"COPE",24
"v1",20260823,"ecm_remodeling","COL3A1",24,"LHFPL6",24
"v1",20260823,"ecm_remodeling","COL3A1",24,"SPCS1",24
"v1",20260823,"ecm_remodeling","COL3A1",24,"RACK1",24
"v1",20260823,"ecm_remodeling","COL3A1",24,"EEF1A1",24
"v1",20260823,"ecm_remodeling","COL3A1",24,"CUTA",24
"v1",20260823,"ecm_remodeling","COL3A1",24,"EEF1B2",24
"v1",20260823,"ecm_remodeling","COL3A1",24,"NAP1L1",24
"v1",20260823,"ecm_remodeling","COL3A1",24,"PCBP2",24
"v1",20260823,"ecm_remodeling","COL3A1",24,"CRABP2",24
"v1",20260823,"ecm_remodeling","COL3A1",24,"WDR83OS",24
"v1",20260823,"ecm_remodeling","COL3A1",24,"ATP5PF",24
"v1",20260823,"ecm_remodeling","COL3A1",24,"MGST3",24
"v1",20260823,"ecm_remodeling","COL3A1",24,"HLA-E",24
"v1",20260823,"ecm_remodeling","COL3A1",24,"CEBPB",24
"v1",20260823,"ecm_remodeling","COL5A1",24,"YBX3",24
"v1",20260823,"ecm_remodeling","COL5A1",24,"SLC25A5",24
"v1",20260823,"ecm_remodeling","COL5A1",24,"TXNIP",24
"v1",20260823,"ecm_remodeling","COL5A1",24,"CNBP",24
"v1",20260823,"ecm_remodeling","COL5A1",24,"CD44",24
"v1",20260823,"ecm_remodeling","COL5A1",24,"CD59",24
"v1",20260823,"ecm_remodeling","COL5A1",24,"LAMTOR4",24
"v1",20260823,"ecm_remodeling","COL5A1",24,"LAMTOR5",24
"v1",20260823,"ecm_remodeling","COL5A1",24,"WISP2",24
"v1",20260823,"ecm_remodeling","COL5A1",24,"HSP90AA1",24
"v1",20260823,"ecm_remodeling","COL5A1",24,"RBX1",24
"v1",20260823,"ecm_remodeling","COL5A1",24,"EPHX1",24
"v1",20260823,"ecm_remodeling","COL5A1",24,"LDHB",24
"v1",20260823,"ecm_remodeling","COL5A1",24,"PCBP2",24
"v1",20260823,"ecm_remodeling","COL5A1",24,"TMEM258",24
"v1",20260823,"ecm_remodeling","COL5A1",24,"APLP2",24
"v1",20260823,"ecm_remodeling","COL5A1",24,"TMED9",24
"v1",20260823,"ecm_remodeling","COL5A1",24,"TMEM230",24
"v1",20260823,"ecm_remodeling","COL5A1",24,"CALM2",24
"v1",20260823,"ecm_remodeling","COL5A1",24,"MINOS1",24
"v1",20260823,"ecm_remodeling","COL5A2",24,"FTH1",24
"v1",20260823,"ecm_remodeling","COL5A2",24,"PPIB",24
"v1",20260823,"ecm_remodeling","COL5A2",24,"CNBP",24
"v1",20260823,"ecm_remodeling","COL5A2",24,"LTBP4",24
"v1",20260823,"ecm_remodeling","COL5A2",24,"C12orf57",24
"v1",20260823,"ecm_remodeling","COL5A2",24,"POMP",24
"v1",20260823,"ecm_remodeling","COL5A2",24,"TMEM50A",24
"v1",20260823,"ecm_remodeling","COL5A2",24,"HLA-B",24
"v1",20260823,"ecm_remodeling","COL5A2",24,"MT1M",24
"v1",20260823,"ecm_remodeling","COL5A2",24,"IER2",24
"v1",20260823,"ecm_remodeling","COL5A2",24,"CSDE1",24
"v1",20260823,"ecm_remodeling","COL5A2",24,"SRSF3",24
"v1",20260823,"ecm_remodeling","COL5A2",24,"NDUFB8",24
"v1",20260823,"ecm_remodeling","COL5A2",24,"SSR2",24
"v1",20260823,"ecm_remodeling","COL5A2",24,"BTF3",24
"v1",20260823,"ecm_remodeling","COL5A2",24,"HSP90AA1",24
"v1",20260823,"ecm_remodeling","COL5A2",24,"CLTB",24
"v1",20260823,"ecm_remodeling","COL5A2",24,"ARF1",24
"v1",20260823,"ecm_remodeling","COL5A2",24,"EIF3L",24
"v1",20260823,"ecm_remodeling","COL5A2",24,"ATP5F1A",24
"v1",20260823,"ecm_remodeling","COL6A1",24,"ATP5PO",24
"v1",20260823,"ecm_remodeling","COL6A1",24,"PNISR",24
"v1",20260823,"ecm_remodeling","COL6A1",24,"TNXB",24
"v1",20260823,"ecm_remodeling","COL6A1",24,"LIMA1",24
"v1",20260823,"ecm_remodeling","COL6A1",24,"EIF3K",24
"v1",20260823,"ecm_remodeling","COL6A1",24,"HNRNPA0",24
"v1",20260823,"ecm_remodeling","COL6A1",24,"MZT2B",24
"v1",20260823,"ecm_remodeling","COL6A1",24,"ARPC5",24
"v1",20260823,"ecm_remodeling","COL6A1",24,"NDUFA13",24
"v1",20260823,"ecm_remodeling","COL6A1",24,"SRI",24
"v1",20260823,"ecm_remodeling","COL6A1",24,"ZFP36",24
"v1",20260823,"ecm_remodeling","COL6A1",24,"EIF4G2",24
"v1",20260823,"ecm_remodeling","COL6A1",24,"WISP2",24
"v1",20260823,"ecm_remodeling","COL6A1",24,"PABPC1",24
"v1",20260823,"ecm_remodeling","COL6A1",24,"MYL12B",24
"v1",20260823,"ecm_remodeling","COL6A1",24,"EID1",24
"v1",20260823,"ecm_remodeling","COL6A1",24,"PRELID1",24
"v1",20260823,"ecm_remodeling","COL6A1",24,"ARL6IP5",24
"v1",20260823,"ecm_remodeling","COL6A1",24,"PSAP",24
"v1",20260823,"ecm_remodeling","COL6A1",24,"OAZ1",24
"v1",20260823,"ecm_remodeling","COL6A2",24,"CTSB",24
"v1",20260823,"ecm_remodeling","COL6A2",24,"PMP22",24
"v1",20260823,"ecm_remodeling","COL6A2",24,"SRSF5",24
"v1",20260823,"ecm_remodeling","COL6A2",24,"H3F3B",24
"v1",20260823,"ecm_remodeling","COL6A2",24,"UQCRB",24
"v1",20260823,"ecm_remodeling","COL6A2",24,"C19orf53",24
"v1",20260823,"ecm_remodeling","COL6A2",24,"GADD45B",24
"v1",20260823,"ecm_remodeling","COL6A2",24,"GNB2",24
"v1",20260823,"ecm_remodeling","COL6A2",24,"NDUFA4",24
"v1",20260823,"ecm_remodeling","COL6A2",24,"TMEM50A",24
"v1",20260823,"ecm_remodeling","COL6A2",24,"VIM",24
"v1",20260823,"ecm_remodeling","COL6A2",24,"ASPN",24
"v1",20260823,"ecm_remodeling","COL6A2",24,"ATP5F1D",24
"v1",20260823,"ecm_remodeling","COL6A2",24,"C1R",24
"v1",20260823,"ecm_remodeling","COL6A2",24,"C4orf3",24
"v1",20260823,"ecm_remodeling","COL6A2",24,"TXNIP",24
"v1",20260823,"ecm_remodeling","COL6A2",24,"SELENOK",24
"v1",20260823,"ecm_remodeling","COL6A2",24,"HMGB1",24
"v1",20260823,"ecm_remodeling","COL6A2",24,"SEC61B",24
"v1",20260823,"ecm_remodeling","COL6A2",24,"DSTN",24
"v1",20260823,"ecm_remodeling","COL6A3",24,"MYADM",24
"v1",20260823,"ecm_remodeling","COL6A3",24,"ARPC3",24
"v1",20260823,"ecm_remodeling","COL6A3",24,"SERPINF1",24
"v1",20260823,"ecm_remodeling","COL6A3",24,"EEF1A1",24
"v1",20260823,"ecm_remodeling","COL6A3",24,"SRP9",24
"v1",20260823,"ecm_remodeling","COL6A3",24,"ASPN",24
"v1",20260823,"ecm_remodeling","COL6A3",24,"HSPA1A",24
"v1",20260823,"ecm_remodeling","COL6A3",24,"MAGED2",24
"v1",20260823,"ecm_remodeling","COL6A3",24,"ATP5F1D",24
"v1",20260823,"ecm_remodeling","COL6A3",24,"ATP6V0E1",24
"v1",20260823,"ecm_remodeling","COL6A3",24,"WSB1",24
"v1",20260823,"ecm_remodeling","COL6A3",24,"AXL",24
"v1",20260823,"ecm_remodeling","COL6A3",24,"S100A4",24
"v1",20260823,"ecm_remodeling","COL6A3",24,"CFH",24
"v1",20260823,"ecm_remodeling","COL6A3",24,"THY1",24
"v1",20260823,"ecm_remodeling","COL6A3",24,"OST4",24
"v1",20260823,"ecm_remodeling","COL6A3",24,"SELENOS",24
"v1",20260823,"ecm_remodeling","COL6A3",24,"APLP2",24
"v1",20260823,"ecm_remodeling","COL6A3",24,"CSTB",24
"v1",20260823,"ecm_remodeling","COL6A3",24,"CSRP1",24
"v1",20260823,"ecm_remodeling","FN1",24,"ANAPC11",24
"v1",20260823,"ecm_remodeling","FN1",24,"YBX1",24
"v1",20260823,"ecm_remodeling","FN1",24,"IGFBP4",24
"v1",20260823,"ecm_remodeling","FN1",24,"DYNLL1",24
"v1",20260823,"ecm_remodeling","FN1",24,"MYADM",24
"v1",20260823,"ecm_remodeling","FN1",24,"EIF1",24
"v1",20260823,"ecm_remodeling","FN1",24,"S100A13",24
"v1",20260823,"ecm_remodeling","FN1",24,"ASPN",24
"v1",20260823,"ecm_remodeling","FN1",24,"VKORC1",24
"v1",20260823,"ecm_remodeling","FN1",24,"SDC2",24
"v1",20260823,"ecm_remodeling","FN1",24,"SAT1",24
"v1",20260823,"ecm_remodeling","FN1",24,"RSL24D1",24
"v1",20260823,"ecm_remodeling","FN1",24,"PEBP1",24
"v1",20260823,"ecm_remodeling","FN1",24,"ATP6V1G1",24
"v1",20260823,"ecm_remodeling","FN1",24,"CLTB",24
"v1",20260823,"ecm_remodeling","FN1",24,"HMGN2",24
"v1",20260823,"ecm_remodeling","FN1",24,"HNRNPA0",24
"v1",20260823,"ecm_remodeling","FN1",24,"TXN",24
"v1",20260823,"ecm_remodeling","FN1",24,"MEG3",24
"v1",20260823,"ecm_remodeling","FN1",24,"NDUFB4",24
"v1",20260823,"ecm_remodeling","POSTN",24,"H3F3A",24
"v1",20260823,"ecm_remodeling","POSTN",24,"PRDX6",24
"v1",20260823,"ecm_remodeling","POSTN",24,"PFDN5",24
"v1",20260823,"ecm_remodeling","POSTN",24,"ATP5ME",24
"v1",20260823,"ecm_remodeling","POSTN",24,"ATP5MD",24
"v1",20260823,"ecm_remodeling","POSTN",24,"THY1",24
"v1",20260823,"ecm_remodeling","POSTN",24,"CALR",24
"v1",20260823,"ecm_remodeling","POSTN",24,"MXRA8",24
"v1",20260823,"ecm_remodeling","POSTN",24,"SNX3",24
"v1",20260823,"ecm_remodeling","POSTN",24,"BSG",24
"v1",20260823,"ecm_remodeling","POSTN",24,"ANAPC16",24
"v1",20260823,"ecm_remodeling","POSTN",24,"HERPUD1",24
"v1",20260823,"ecm_remodeling","POSTN",24,"SF3B6",24
"v1",20260823,"ecm_remodeling","POSTN",24,"TMSB4X",24
"v1",20260823,"ecm_remodeling","POSTN",24,"BTG1",24
"v1",20260823,"ecm_remodeling","POSTN",24,"SCP2",24
"v1",20260823,"ecm_remodeling","POSTN",24,"SFRP4",24
"v1",20260823,"ecm_remodeling","POSTN",24,"HSPA5",24
"v1",20260823,"ecm_remodeling","POSTN",24,"RBX1",24
"v1",20260823,"ecm_remodeling","POSTN",24,"COX5B",24
"v1",20260823,"ecm_remodeling","TNC",24,"PEBP1",24
"v1",20260823,"ecm_remodeling","TNC",24,"LHFPL6",24
"v1",20260823,"ecm_remodeling","TNC",24,"TMED2",24
"v1",20260823,"ecm_remodeling","TNC",24,"H2AFZ",24
"v1",20260823,"ecm_remodeling","TNC",24,"ADIRF",24
"v1",20260823,"ecm_remodeling","TNC",24,"RSL24D1",24
"v1",20260823,"ecm_remodeling","TNC",24,"NUPR1",24
"v1",20260823,"ecm_remodeling","TNC",24,"SLIRP",24
"v1",20260823,"ecm_remodeling","TNC",24,"SEC61B",24
"v1",20260823,"ecm_remodeling","TNC",24,"TUBB",24
"v1",20260823,"ecm_remodeling","TNC",24,"GPX4",24
"v1",20260823,"ecm_remodeling","TNC",24,"NDUFB7",24
"v1",20260823,"ecm_remodeling","TNC",24,"SAT1",24
"v1",20260823,"ecm_remodeling","TNC",24,"ATP5PD",24
"v1",20260823,"ecm_remodeling","TNC",24,"ACTG1",24
"v1",20260823,"ecm_remodeling","TNC",24,"PPP1CB",24
"v1",20260823,"ecm_remodeling","TNC",24,"HCFC1R1",24
"v1",20260823,"ecm_remodeling","TNC",24,"MIF",24
"v1",20260823,"ecm_remodeling","TNC",24,"ARL6IP4",24
"v1",20260823,"ecm_remodeling","TNC",24,"HLA-B",24
"v1",20260823,"ecm_remodeling","THBS1",21,"PURA",21
"v1",20260823,"ecm_remodeling","THBS1",21,"C5orf24",21
"v1",20260823,"ecm_remodeling","THBS1",21,"TRIM47",21
"v1",20260823,"ecm_remodeling","THBS1",21,"TCEAL3",21
"v1",20260823,"ecm_remodeling","THBS1",21,"PRKRA",21
"v1",20260823,"ecm_remodeling","THBS1",21,"SHARPIN",21
"v1",20260823,"ecm_remodeling","THBS1",21,"CLTC",21
"v1",20260823,"ecm_remodeling","THBS1",21,"KXD1",21
"v1",20260823,"ecm_remodeling","THBS1",21,"FOXN3",21
"v1",20260823,"ecm_remodeling","THBS1",21,"USP53",21
"v1",20260823,"ecm_remodeling","THBS1",21,"MSRB3",21
"v1",20260823,"ecm_remodeling","THBS1",21,"DAPK3",21
"v1",20260823,"ecm_remodeling","THBS1",21,"CHMP1B",21
"v1",20260823,"ecm_remodeling","THBS1",21,"TWIST2",21
"v1",20260823,"ecm_remodeling","THBS1",21,"TRIP10",21
"v1",20260823,"ecm_remodeling","THBS1",21,"ODF2L",21
"v1",20260823,"ecm_remodeling","THBS1",21,"ILF3",21
"v1",20260823,"ecm_remodeling","THBS1",21,"HEXA",21
"v1",20260823,"ecm_remodeling","THBS1",21,"PPP1R12B",21
"v1",20260823,"ecm_remodeling","THBS1",21,"ADH1B",21
"v1",20260823,"ecm_remodeling","THBS2",24,"FTH1",24
"v1",20260823,"ecm_remodeling","THBS2",24,"TMA7",24
"v1",20260823,"ecm_remodeling","THBS2",24,"RBM3",24
"v1",20260823,"ecm_remodeling","THBS2",24,"CHCHD2",24
"v1",20260823,"ecm_remodeling","THBS2",24,"RAN",24
"v1",20260823,"ecm_remodeling","THBS2",24,"BGN",24
"v1",20260823,"ecm_remodeling","THBS2",24,"MFAP4",24
"v1",20260823,"ecm_remodeling","THBS2",24,"CLU",24
"v1",20260823,"ecm_remodeling","THBS2",24,"SBDS",24
"v1",20260823,"ecm_remodeling","THBS2",24,"TBCA",24
"v1",20260823,"ecm_remodeling","THBS2",24,"ITM2B",24
"v1",20260823,"ecm_remodeling","THBS2",24,"C11orf58",24
"v1",20260823,"ecm_remodeling","THBS2",24,"MYADM",24
"v1",20260823,"ecm_remodeling","THBS2",24,"SRP14",24
"v1",20260823,"ecm_remodeling","THBS2",24,"SAP18",24
"v1",20260823,"ecm_remodeling","THBS2",24,"TSC22D3",24
"v1",20260823,"ecm_remodeling","THBS2",24,"YWHAB",24
"v1",20260823,"ecm_remodeling","THBS2",24,"NPC2",24
"v1",20260823,"ecm_remodeling","THBS2",24,"IER2",24
"v1",20260823,"ecm_remodeling","THBS2",24,"HNRNPA0",24
"v1",20260823,"ecm_remodeling","LOX",23,"EIF3M",23
"v1",20260823,"ecm_remodeling","LOX",23,"HIGD2A",23
"v1",20260823,"ecm_remodeling","LOX",23,"ANXA4",23
"v1",20260823,"ecm_remodeling","LOX",23,"NDUFA3",23
"v1",20260823,"ecm_remodeling","LOX",23,"CBX6",23
"v1",20260823,"ecm_remodeling","LOX",23,"EIF6",23
"v1",20260823,"ecm_remodeling","LOX",23,"INTS6",23
"v1",20260823,"ecm_remodeling","LOX",23,"KTN1",23
"v1",20260823,"ecm_remodeling","LOX",23,"TIMM8B",23
"v1",20260823,"ecm_remodeling","LOX",23,"GADD45GIP1",23
"v1",20260823,"ecm_remodeling","LOX",23,"SNHG8",23
"v1",20260823,"ecm_remodeling","LOX",23,"GSTK1",23
"v1",20260823,"ecm_remodeling","LOX",23,"TPM3",23
"v1",20260823,"ecm_remodeling","LOX",23,"KIF5B",23
"v1",20260823,"ecm_remodeling","LOX",23,"MBNL1",23
"v1",20260823,"ecm_remodeling","LOX",23,"GYPC",23
"v1",20260823,"ecm_remodeling","LOX",23,"EIF4H",23
"v1",20260823,"ecm_remodeling","LOX",23,"TERF2IP",23
"v1",20260823,"ecm_remodeling","LOX",23,"ZEB2",23
"v1",20260823,"ecm_remodeling","LOX",23,"PDLIM2",23
"v1",20260823,"ecm_remodeling","LOXL2",23,"PPP1CC",23
"v1",20260823,"ecm_remodeling","LOXL2",23,"NFIA",23
"v1",20260823,"ecm_remodeling","LOXL2",23,"AURKAIP1",23
"v1",20260823,"ecm_remodeling","LOXL2",23,"FOXP1",23
"v1",20260823,"ecm_remodeling","LOXL2",23,"PALLD",23
"v1",20260823,"ecm_remodeling","LOXL2",23,"CAV2",23
"v1",20260823,"ecm_remodeling","LOXL2",23,"PSMA2",23
"v1",20260823,"ecm_remodeling","LOXL2",23,"PSMB7",23
"v1",20260823,"ecm_remodeling","LOXL2",23,"SERTAD1",23
"v1",20260823,"ecm_remodeling","LOXL2",23,"ELN",23
"v1",20260823,"ecm_remodeling","LOXL2",23,"CAPNS1",23
"v1",20260823,"ecm_remodeling","LOXL2",23,"CBX6",23
"v1",20260823,"ecm_remodeling","LOXL2",23,"VCAN",23
"v1",20260823,"ecm_remodeling","LOXL2",23,"DAZAP2",23
"v1",20260823,"ecm_remodeling","LOXL2",23,"BCAM",23
"v1",20260823,"ecm_remodeling","LOXL2",23,"FKBP2",23
"v1",20260823,"ecm_remodeling","LOXL2",23,"OAF",23
"v1",20260823,"ecm_remodeling","LOXL2",23,"COL18A1",23
"v1",20260823,"ecm_remodeling","LOXL2",23,"AQP1",23
"v1",20260823,"ecm_remodeling","LOXL2",23,"FKBP10",23
"v1",20260823,"ecm_remodeling","MMP2",24,"MFGE8",24
"v1",20260823,"ecm_remodeling","MMP2",24,"ANXA5",24
"v1",20260823,"ecm_remodeling","MMP2",24,"HLA-C",24
"v1",20260823,"ecm_remodeling","MMP2",24,"DPT",24
"v1",20260823,"ecm_remodeling","MMP2",24,"CFD",24
"v1",20260823,"ecm_remodeling","MMP2",24,"SRP9",24
"v1",20260823,"ecm_remodeling","MMP2",24,"SBDS",24
"v1",20260823,"ecm_remodeling","MMP2",24,"S100A13",24
"v1",20260823,"ecm_remodeling","MMP2",24,"SELENOF",24
"v1",20260823,"ecm_remodeling","MMP2",24,"HNRNPDL",24
"v1",20260823,"ecm_remodeling","MMP2",24,"MAGED2",24
"v1",20260823,"ecm_remodeling","MMP2",24,"CALR",24
"v1",20260823,"ecm_remodeling","MMP2",24,"CALM2",24
"v1",20260823,"ecm_remodeling","MMP2",24,"ATRAID",24
"v1",20260823,"ecm_remodeling","MMP2",24,"EMP1",24
"v1",20260823,"ecm_remodeling","MMP2",24,"H2AFZ",24
"v1",20260823,"ecm_remodeling","MMP2",24,"SEC11A",24
"v1",20260823,"ecm_remodeling","MMP2",24,"IGFBP5",24
"v1",20260823,"ecm_remodeling","MMP2",24,"TMEM59",24
"v1",20260823,"ecm_remodeling","MMP2",24,"ANXA2",24
"v1",20260823,"ecm_remodeling","MMP14",24,"FTH1",24
"v1",20260823,"ecm_remodeling","MMP14",24,"CST3",24
"v1",20260823,"ecm_remodeling","MMP14",24,"CLU",24
"v1",20260823,"ecm_remodeling","MMP14",24,"SEC61B",24
"v1",20260823,"ecm_remodeling","MMP14",24,"PPIB",24
"v1",20260823,"ecm_remodeling","MMP14",24,"EIF1",24
"v1",20260823,"ecm_remodeling","MMP14",24,"MINOS1",24
"v1",20260823,"ecm_remodeling","MMP14",24,"RAN",24
"v1",20260823,"ecm_remodeling","MMP14",24,"CFD",24
"v1",20260823,"ecm_remodeling","MMP14",24,"SERF2",24
"v1",20260823,"ecm_remodeling","MMP14",24,"CUTA",24
"v1",20260823,"ecm_remodeling","MMP14",24,"SFRP4",24
"v1",20260823,"ecm_remodeling","MMP14",24,"PRDX2",24
"v1",20260823,"ecm_remodeling","MMP14",24,"SON",24
"v1",20260823,"ecm_remodeling","MMP14",24,"SPCS1",24
"v1",20260823,"ecm_remodeling","MMP14",24,"LUM",24
"v1",20260823,"ecm_remodeling","MMP14",24,"S100A13",24
"v1",20260823,"ecm_remodeling","MMP14",24,"MALAT1",24
"v1",20260823,"ecm_remodeling","MMP14",24,"C4orf3",24
"v1",20260823,"ecm_remodeling","MMP14",24,"H3F3A",24
"v1",20260823,"ecm_remodeling","TIMP1",24,"YBX3",24
"v1",20260823,"ecm_remodeling","TIMP1",24,"MARCKS",24
"v1",20260823,"ecm_remodeling","TIMP1",24,"PLA2G2A",24
"v1",20260823,"ecm_remodeling","TIMP1",24,"CRABP2",24
"v1",20260823,"ecm_remodeling","TIMP1",24,"TMEM258",24
"v1",20260823,"ecm_remodeling","TIMP1",24,"SPCS2",24
"v1",20260823,"ecm_remodeling","TIMP1",24,"SDCBP",24
"v1",20260823,"ecm_remodeling","TIMP1",24,"COX6C",24
"v1",20260823,"ecm_remodeling","TIMP1",24,"TCEAL4",24
"v1",20260823,"ecm_remodeling","TIMP1",24,"LTBP4",24
"v1",20260823,"ecm_remodeling","TIMP1",24,"DKK3",24
"v1",20260823,"ecm_remodeling","TIMP1",24,"TUBA1B",24
"v1",20260823,"ecm_remodeling","TIMP1",24,"RAP1B",24
"v1",20260823,"ecm_remodeling","TIMP1",24,"VKORC1",24
"v1",20260823,"ecm_remodeling","TIMP1",24,"ATP5F1D",24
"v1",20260823,"ecm_remodeling","TIMP1",24,"EDF1",24
"v1",20260823,"ecm_remodeling","TIMP1",24,"COX7A2",24
"v1",20260823,"ecm_remodeling","TIMP1",24,"UBC",24
"v1",20260823,"ecm_remodeling","TIMP1",24,"SNRPD2",24
"v1",20260823,"ecm_remodeling","TIMP1",24,"DSTN",24
"v1",20260823,"ecm_remodeling","TIMP2",24,"UQCRQ",24
"v1",20260823,"ecm_remodeling","TIMP2",24,"TPPP3",24
"v1",20260823,"ecm_remodeling","TIMP2",24,"SERF2",24
"v1",20260823,"ecm_remodeling","TIMP2",24,"FIS1",24
"v1",20260823,"ecm_remodeling","TIMP2",24,"PRRX1",24
"v1",20260823,"ecm_remodeling","TIMP2",24,"RBM3",24
"v1",20260823,"ecm_remodeling","TIMP2",24,"TSPO",24
"v1",20260823,"ecm_remodeling","TIMP2",24,"PLAC9",24
"v1",20260823,"ecm_remodeling","TIMP2",24,"MINOS1",24
"v1",20260823,"ecm_remodeling","TIMP2",24,"CUTA",24
"v1",20260823,"ecm_remodeling","TIMP2",24,"JTB",24
"v1",20260823,"ecm_remodeling","TIMP2",24,"RARRES2",24
"v1",20260823,"ecm_remodeling","TIMP2",24,"NDUFB2",24
"v1",20260823,"ecm_remodeling","TIMP2",24,"HSP90AA1",24
"v1",20260823,"ecm_remodeling","TIMP2",24,"PPIB",24
"v1",20260823,"ecm_remodeling","TIMP2",24,"NDUFB1",24
"v1",20260823,"ecm_remodeling","TIMP2",24,"MYL6",24
"v1",20260823,"ecm_remodeling","TIMP2",24,"CALU",24
"v1",20260823,"ecm_remodeling","TIMP2",24,"NUPR1",24
"v1",20260823,"ecm_remodeling","TIMP2",24,"SCP2",24
"v1",20260823,"ecm_remodeling","TIMP3",24,"CAVIN1",24
"v1",20260823,"ecm_remodeling","TIMP3",24,"SUB1",24
"v1",20260823,"ecm_remodeling","TIMP3",24,"COX8A",24
"v1",20260823,"ecm_remodeling","TIMP3",24,"SLIRP",24
"v1",20260823,"ecm_remodeling","TIMP3",24,"CEBPB",24
"v1",20260823,"ecm_remodeling","TIMP3",24,"ARL6IP5",24
"v1",20260823,"ecm_remodeling","TIMP3",24,"ARPC5",24
"v1",20260823,"ecm_remodeling","TIMP3",24,"CLIC1",24
"v1",20260823,"ecm_remodeling","TIMP3",24,"MRFAP1",24
"v1",20260823,"ecm_remodeling","TIMP3",24,"SCP2",24
"v1",20260823,"ecm_remodeling","TIMP3",24,"REEP5",24
"v1",20260823,"ecm_remodeling","TIMP3",24,"SF3B6",24
"v1",20260823,"ecm_remodeling","TIMP3",24,"DYNLL1",24
"v1",20260823,"ecm_remodeling","TIMP3",24,"MZT2B",24
"v1",20260823,"ecm_remodeling","TIMP3",24,"EEF2",24
"v1",20260823,"ecm_remodeling","TIMP3",24,"NBL1",24
"v1",20260823,"ecm_remodeling","TIMP3",24,"CAVIN3",24
"v1",20260823,"ecm_remodeling","TIMP3",24,"RBM39",24
"v1",20260823,"ecm_remodeling","TIMP3",24,"SPARCL1",24
"v1",20260823,"ecm_remodeling","TIMP3",24,"UQCR10",24
"v1",20260823,"ecm_remodeling","FAP",23,"SYPL1",23
"v1",20260823,"ecm_remodeling","FAP",23,"ARF5",23
"v1",20260823,"ecm_remodeling","FAP",23,"FKBP9",23
"v1",20260823,"ecm_remodeling","FAP",23,"TNFRSF1A",23
"v1",20260823,"ecm_remodeling","FAP",23,"CYC1",23
"v1",20260823,"ecm_remodeling","FAP",23,"TOMM20",23
"v1",20260823,"ecm_remodeling","FAP",23,"FILIP1L",23
"v1",20260823,"ecm_remodeling","FAP",23,"TGFB1I1",23
"v1",20260823,"ecm_remodeling","FAP",23,"LGALS3BP",23
"v1",20260823,"ecm_remodeling","FAP",23,"PALLD",23
"v1",20260823,"ecm_remodeling","FAP",23,"TMEM165",23
"v1",20260823,"ecm_remodeling","FAP",23,"TMEM109",23
"v1",20260823,"ecm_remodeling","FAP",23,"BCAP31",23
"v1",20260823,"ecm_remodeling","FAP",23,"TCF25",23
"v1",20260823,"ecm_remodeling","FAP",23,"ATP6V1F",23
"v1",20260823,"ecm_remodeling","FAP",23,"PLD3",23
"v1",20260823,"ecm_remodeling","FAP",23,"BUD31",23
"v1",20260823,"ecm_remodeling","FAP",23,"RNPS1",23
"v1",20260823,"ecm_remodeling","FAP",23,"CRTAP",23
"v1",20260823,"ecm_remodeling","FAP",23,"FAM96B",23
"v1",20260823,"ecm_remodeling","CTHRC1",24,"CAST",24
"v1",20260823,"ecm_remodeling","CTHRC1",24,"LIMA1",24
"v1",20260823,"ecm_remodeling","CTHRC1",24,"SF3B5",24
"v1",20260823,"ecm_remodeling","CTHRC1",24,"TBCA",24
"v1",20260823,"ecm_remodeling","CTHRC1",24,"ARPC3",24
"v1",20260823,"ecm_remodeling","CTHRC1",24,"SON",24
"v1",20260823,"ecm_remodeling","CTHRC1",24,"ECM1",24
"v1",20260823,"ecm_remodeling","CTHRC1",24,"TCEAL9",24
"v1",20260823,"ecm_remodeling","CTHRC1",24,"HMGN2",24
"v1",20260823,"ecm_remodeling","CTHRC1",24,"RAB7A",24
"v1",20260823,"ecm_remodeling","CTHRC1",24,"C9orf16",24
"v1",20260823,"ecm_remodeling","CTHRC1",24,"YWHAE",24
"v1",20260823,"ecm_remodeling","CTHRC1",24,"SEC61B",24
"v1",20260823,"ecm_remodeling","CTHRC1",24,"RBM39",24
"v1",20260823,"ecm_remodeling","CTHRC1",24,"UQCR11",24
"v1",20260823,"ecm_remodeling","CTHRC1",24,"S100A13",24
"v1",20260823,"ecm_remodeling","CTHRC1",24,"SFRP2",24
"v1",20260823,"ecm_remodeling","CTHRC1",24,"P4HB",24
"v1",20260823,"ecm_remodeling","CTHRC1",24,"NAP1L1",24
"v1",20260823,"ecm_remodeling","CTHRC1",24,"VAPA",24
"v1",20260823,"ecm_remodeling","SPARC",24,"NNMT",24
"v1",20260823,"ecm_remodeling","SPARC",24,"PABPC1",24
"v1",20260823,"ecm_remodeling","SPARC",24,"CRIP1",24
"v1",20260823,"ecm_remodeling","SPARC",24,"TMED9",24
"v1",20260823,"ecm_remodeling","SPARC",24,"TMBIM4",24
"v1",20260823,"ecm_remodeling","SPARC",24,"NACA",24
"v1",20260823,"ecm_remodeling","SPARC",24,"ATP5F1B",24
"v1",20260823,"ecm_remodeling","SPARC",24,"WDR83OS",24
"v1",20260823,"ecm_remodeling","SPARC",24,"TMEM258",24
"v1",20260823,"ecm_remodeling","SPARC",24,"N4BP2L2",24
"v1",20260823,"ecm_remodeling","SPARC",24,"COX7C",24
"v1",20260823,"ecm_remodeling","SPARC",24,"GABARAPL2",24
"v1",20260823,"ecm_remodeling","SPARC",24,"CST3",24
"v1",20260823,"ecm_remodeling","SPARC",24,"CLU",24
"v1",20260823,"ecm_remodeling","SPARC",24,"EMP3",24
"v1",20260823,"ecm_remodeling","SPARC",24,"RAN",24
"v1",20260823,"ecm_remodeling","SPARC",24,"H3F3A",24
"v1",20260823,"ecm_remodeling","SPARC",24,"ATP6V0E1",24
"v1",20260823,"ecm_remodeling","SPARC",24,"CIRBP",24
"v1",20260823,"ecm_remodeling","SPARC",24,"SH3BGRL3",24
"v1",20260823,"tgf_fibrosis","TGFB1",22,"PTTG1IP",22
"v1",20260823,"tgf_fibrosis","TGFB1",22,"FLOT1",22
"v1",20260823,"tgf_fibrosis","TGFB1",22,"MEAF6",22
"v1",20260823,"tgf_fibrosis","TGFB1",22,"MAP1A",22
"v1",20260823,"tgf_fibrosis","TGFB1",22,"CCT6A",22
"v1",20260823,"tgf_fibrosis","TGFB1",22,"CADM1",22
"v1",20260823,"tgf_fibrosis","TGFB1",22,"CCDC124",22
"v1",20260823,"tgf_fibrosis","TGFB1",22,"CCT8",22
"v1",20260823,"tgf_fibrosis","TGFB1",22,"AKR1C3",22
"v1",20260823,"tgf_fibrosis","TGFB1",22,"EPS8",22
"v1",20260823,"tgf_fibrosis","TGFB1",22,"ANTXR1",22
"v1",20260823,"tgf_fibrosis","TGFB1",22,"OSR2",22
"v1",20260823,"tgf_fibrosis","TGFB1",22,"CKAP4",22
"v1",20260823,"tgf_fibrosis","TGFB1",22,"NSA2",22
"v1",20260823,"tgf_fibrosis","TGFB1",22,"APH1A",22
"v1",20260823,"tgf_fibrosis","TGFB1",22,"MGLL",22
"v1",20260823,"tgf_fibrosis","TGFB1",22,"HTRA3",22
"v1",20260823,"tgf_fibrosis","TGFB1",22,"CBX3",22
"v1",20260823,"tgf_fibrosis","TGFB1",22,"PLXDC1",22
"v1",20260823,"tgf_fibrosis","TGFB1",22,"PMVK",22
"v1",20260823,"tgf_fibrosis","TGFB2",21,"MLEC",21
"v1",20260823,"tgf_fibrosis","TGFB2",21,"GLT8D2",21
"v1",20260823,"tgf_fibrosis","TGFB2",21,"CCDC115",21
"v1",20260823,"tgf_fibrosis","TGFB2",21,"ARID1B",21
"v1",20260823,"tgf_fibrosis","TGFB2",21,"RNF130",21
"v1",20260823,"tgf_fibrosis","TGFB2",21,"MEST",21
"v1",20260823,"tgf_fibrosis","TGFB2",21,"MFSD10",21
"v1",20260823,"tgf_fibrosis","TGFB2",21,"TSHZ2",21
"v1",20260823,"tgf_fibrosis","TGFB2",21,"WDR45B",21
"v1",20260823,"tgf_fibrosis","TGFB2",21,"MARCH6",21
"v1",20260823,"tgf_fibrosis","TGFB2",21,"DPM1",21
"v1",20260823,"tgf_fibrosis","TGFB2",21,"TMEM176A",21
"v1",20260823,"tgf_fibrosis","TGFB2",21,"CTDNEP1",21
"v1",20260823,"tgf_fibrosis","TGFB2",21,"CLTC",21
"v1",20260823,"tgf_fibrosis","TGFB2",21,"C1D",21
"v1",20260823,"tgf_fibrosis","TGFB2",21,"NT5C",21
"v1",20260823,"tgf_fibrosis","TGFB2",21,"MRPL2",21
"v1",20260823,"tgf_fibrosis","TGFB2",21,"SEC61A1",21
"v1",20260823,"tgf_fibrosis","TGFB2",21,"TMEM173",21
"v1",20260823,"tgf_fibrosis","TGFB2",21,"MARCKSL1",21
"v1",20260823,"tgf_fibrosis","TGFB3",22,"ERLEC1",22
"v1",20260823,"tgf_fibrosis","TGFB3",22,"PRKCSH",22
"v1",20260823,"tgf_fibrosis","TGFB3",22,"EMC10",22
"v1",20260823,"tgf_fibrosis","TGFB3",22,"EIF4E2",22
"v1",20260823,"tgf_fibrosis","TGFB3",22,"MDH1",22
"v1",20260823,"tgf_fibrosis","TGFB3",22,"FRG1",22
"v1",20260823,"tgf_fibrosis","TGFB3",22,"TXNDC17",22
"v1",20260823,"tgf_fibrosis","TGFB3",22,"COPS8",22
"v1",20260823,"tgf_fibrosis","TGFB3",22,"UBL3",22
"v1",20260823,"tgf_fibrosis","TGFB3",22,"C1orf43",22
"v1",20260823,"tgf_fibrosis","TGFB3",22,"TMEM256",22
"v1",20260823,"tgf_fibrosis","TGFB3",22,"PEA15",22
"v1",20260823,"tgf_fibrosis","TGFB3",22,"HSPA9",22
"v1",20260823,"tgf_fibrosis","TGFB3",22,"ERCC1",22
"v1",20260823,"tgf_fibrosis","TGFB3",22,"MED10",22
"v1",20260823,"tgf_fibrosis","TGFB3",22,"ANP32B",22
"v1",20260823,"tgf_fibrosis","TGFB3",22,"DDOST",22
"v1",20260823,"tgf_fibrosis","TGFB3",22,"C1orf123",22
"v1",20260823,"tgf_fibrosis","TGFB3",22,"SH3BP5",22
"v1",20260823,"tgf_fibrosis","TGFB3",22,"BAX",22
"v1",20260823,"tgf_fibrosis","TGFBR1",18,"PTS",18
"v1",20260823,"tgf_fibrosis","TGFBR1",18,"R3HDM2",18
"v1",20260823,"tgf_fibrosis","TGFBR1",18,"DDX50",18
"v1",20260823,"tgf_fibrosis","TGFBR1",18,"GGPS1",18
"v1",20260823,"tgf_fibrosis","TGFBR1",18,"RPF1",18
"v1",20260823,"tgf_fibrosis","TGFBR1",18,"ASAP2",18
"v1",20260823,"tgf_fibrosis","TGFBR1",18,"KDM5A",18
"v1",20260823,"tgf_fibrosis","TGFBR1",18,"MARCH7",18
"v1",20260823,"tgf_fibrosis","TGFBR1",18,"LAMTOR3",18
"v1",20260823,"tgf_fibrosis","TGFBR1",18,"ZMYND11",18
"v1",20260823,"tgf_fibrosis","TGFBR1",18,"GPRC5A",18
"v1",20260823,"tgf_fibrosis","TGFBR1",18,"TTC37",18
"v1",20260823,"tgf_fibrosis","TGFBR1",18,"CDC27",18
"v1",20260823,"tgf_fibrosis","TGFBR1",18,"CHSY1",18
"v1",20260823,"tgf_fibrosis","TGFBR1",18,"CABIN1",18
"v1",20260823,"tgf_fibrosis","TGFBR1",18,"DCAF7",18
"v1",20260823,"tgf_fibrosis","TGFBR1",18,"POGZ",18
"v1",20260823,"tgf_fibrosis","TGFBR1",18,"HRH2",18
"v1",20260823,"tgf_fibrosis","TGFBR1",18,"LSM12",18
"v1",20260823,"tgf_fibrosis","TGFBR1",18,"TMEM120A",18
"v1",20260823,"tgf_fibrosis","TGFBR2",22,"EWSR1",22
"v1",20260823,"tgf_fibrosis","TGFBR2",22,"MRPS34",22
"v1",20260823,"tgf_fibrosis","TGFBR2",22,"PJA2",22
"v1",20260823,"tgf_fibrosis","TGFBR2",22,"ADI1",22
"v1",20260823,"tgf_fibrosis","TGFBR2",22,"EPB41L2",22
"v1",20260823,"tgf_fibrosis","TGFBR2",22,"PPP1CA",22
"v1",20260823,"tgf_fibrosis","TGFBR2",22,"DDX46",22
"v1",20260823,"tgf_fibrosis","TGFBR2",22,"PCM1",22
"v1",20260823,"tgf_fibrosis","TGFBR2",22,"HNRNPH3",22
"v1",20260823,"tgf_fibrosis","TGFBR2",22,"NOTCH3",22
"v1",20260823,"tgf_fibrosis","TGFBR2",22,"C8orf59",22
"v1",20260823,"tgf_fibrosis","TGFBR2",22,"TMEM14A",22
"v1",20260823,"tgf_fibrosis","TGFBR2",22,"SSR1",22
"v1",20260823,"tgf_fibrosis","TGFBR2",22,"CCPG1",22
"v1",20260823,"tgf_fibrosis","TGFBR2",22,"BAX",22
"v1",20260823,"tgf_fibrosis","TGFBR2",22,"SPTSSA",22
"v1",20260823,"tgf_fibrosis","TGFBR2",22,"BICC1",22
"v1",20260823,"tgf_fibrosis","TGFBR2",22,"CELF2",22
"v1",20260823,"tgf_fibrosis","TGFBR2",22,"AUP1",22
"v1",20260823,"tgf_fibrosis","TGFBR2",22,"ASNA1",22
"v1",20260823,"tgf_fibrosis","SMAD2",21,"DNAJC7",21
"v1",20260823,"tgf_fibrosis","SMAD2",21,"BTG3",21
"v1",20260823,"tgf_fibrosis","SMAD2",21,"TOB2",21
"v1",20260823,"tgf_fibrosis","SMAD2",21,"ZNF22",21
"v1",20260823,"tgf_fibrosis","SMAD2",21,"AP2B1",21
"v1",20260823,"tgf_fibrosis","SMAD2",21,"WDR61",21
"v1",20260823,"tgf_fibrosis","SMAD2",21,"RAD23B",21
"v1",20260823,"tgf_fibrosis","SMAD2",21,"ASH1L",21
"v1",20260823,"tgf_fibrosis","SMAD2",21,"MAGEH1",21
"v1",20260823,"tgf_fibrosis","SMAD2",21,"C1QTNF2",21
"v1",20260823,"tgf_fibrosis","SMAD2",21,"SURF1",21
"v1",20260823,"tgf_fibrosis","SMAD2",21,"ATXN10",21
"v1",20260823,"tgf_fibrosis","SMAD2",21,"GLT8D2",21
"v1",20260823,"tgf_fibrosis","SMAD2",21,"SGCB",21
"v1",20260823,"tgf_fibrosis","SMAD2",21,"DAP",21
"v1",20260823,"tgf_fibrosis","SMAD2",21,"MYO1B",21
"v1",20260823,"tgf_fibrosis","SMAD2",21,"PABPN1",21
"v1",20260823,"tgf_fibrosis","SMAD2",21,"YTHDF2",21
"v1",20260823,"tgf_fibrosis","SMAD2",21,"POLE4",21
"v1",20260823,"tgf_fibrosis","SMAD2",21,"CLEC3B",21
"v1",20260823,"tgf_fibrosis","SMAD3",20,"RSBN1L",20
"v1",20260823,"tgf_fibrosis","SMAD3",20,"PINK1",20
"v1",20260823,"tgf_fibrosis","SMAD3",20,"SUCLA2",20
"v1",20260823,"tgf_fibrosis","SMAD3",20,"LPAR1",20
"v1",20260823,"tgf_fibrosis","SMAD3",20,"GYG1",20
"v1",20260823,"tgf_fibrosis","SMAD3",20,"FTX",20
"v1",20260823,"tgf_fibrosis","SMAD3",20,"SPNS1",20
"v1",20260823,"tgf_fibrosis","SMAD3",20,"TRIOBP",20
"v1",20260823,"tgf_fibrosis","SMAD3",20,"RRAGC",20
"v1",20260823,"tgf_fibrosis","SMAD3",20,"C16orf45",20
"v1",20260823,"tgf_fibrosis","SMAD3",20,"DERL2",20
"v1",20260823,"tgf_fibrosis","SMAD3",20,"NFE2L1",20
"v1",20260823,"tgf_fibrosis","SMAD3",20,"MMP11",20
"v1",20260823,"tgf_fibrosis","SMAD3",20,"NRBF2",20
"v1",20260823,"tgf_fibrosis","SMAD3",20,"OGA",20
"v1",20260823,"tgf_fibrosis","SMAD3",20,"BUD23",20
"v1",20260823,"tgf_fibrosis","SMAD3",20,"TATDN1",20
"v1",20260823,"tgf_fibrosis","SMAD3",20,"RB1CC1",20
"v1",20260823,"tgf_fibrosis","SMAD3",20,"CTSO",20
"v1",20260823,"tgf_fibrosis","SMAD3",20,"FKBP11",20
"v1",20260823,"tgf_fibrosis","SMAD4",20,"UROS",20
"v1",20260823,"tgf_fibrosis","SMAD4",20,"PTGIS",20
"v1",20260823,"tgf_fibrosis","SMAD4",20,"TMED1",20
"v1",20260823,"tgf_fibrosis","SMAD4",20,"ZMPSTE24",20
"v1",20260823,"tgf_fibrosis","SMAD4",20,"SKI",20
"v1",20260823,"tgf_fibrosis","SMAD4",20,"HIBADH",20
"v1",20260823,"tgf_fibrosis","SMAD4",20,"TKT",20
"v1",20260823,"tgf_fibrosis","SMAD4",20,"ARFGAP3",20
"v1",20260823,"tgf_fibrosis","SMAD4",20,"JAG1",20
"v1",20260823,"tgf_fibrosis","SMAD4",20,"USP8",20
"v1",20260823,"tgf_fibrosis","SMAD4",20,"FMC1",20
"v1",20260823,"tgf_fibrosis","SMAD4",20,"SPNS1",20
"v1",20260823,"tgf_fibrosis","SMAD4",20,"THUMPD3-AS1",20
"v1",20260823,"tgf_fibrosis","SMAD4",20,"PSD3",20
"v1",20260823,"tgf_fibrosis","SMAD4",20,"PCYOX1",20
"v1",20260823,"tgf_fibrosis","SMAD4",20,"PDK4",20
"v1",20260823,"tgf_fibrosis","SMAD4",20,"CLSTN1",20
"v1",20260823,"tgf_fibrosis","SMAD4",20,"WIPI2",20
"v1",20260823,"tgf_fibrosis","SMAD4",20,"TMF1",20
"v1",20260823,"tgf_fibrosis","SMAD4",20,"PTP4A3",20
"v1",20260823,"tgf_fibrosis","SMAD7",16,"JDP2",16
"v1",20260823,"tgf_fibrosis","SMAD7",16,"KCTD3",16
"v1",20260823,"tgf_fibrosis","SMAD7",16,"VPS37A",16
"v1",20260823,"tgf_fibrosis","SMAD7",16,"FBLN7",16
"v1",20260823,"tgf_fibrosis","SMAD7",16,"CHD2",16
"v1",20260823,"tgf_fibrosis","SMAD7",16,"TCTN1",16
"v1",20260823,"tgf_fibrosis","SMAD7",16,"RAB28",16
"v1",20260823,"tgf_fibrosis","SMAD7",16,"UCK1",16
"v1",20260823,"tgf_fibrosis","SMAD7",16,"PIGH",16
"v1",20260823,"tgf_fibrosis","SMAD7",16,"ZSWIM7",16
"v1",20260823,"tgf_fibrosis","SMAD7",16,"ARMCX2",16
"v1",20260823,"tgf_fibrosis","SMAD7",16,"TCF7",16
"v1",20260823,"tgf_fibrosis","SMAD7",16,"PGD",16
"v1",20260823,"tgf_fibrosis","SMAD7",16,"MKNK1",16
"v1",20260823,"tgf_fibrosis","SMAD7",16,"MYO1D",16
"v1",20260823,"tgf_fibrosis","SMAD7",16,"SGCD",16
"v1",20260823,"tgf_fibrosis","SMAD7",16,"SLC30A7",16
"v1",20260823,"tgf_fibrosis","SMAD7",16,"DCAF10",16
"v1",20260823,"tgf_fibrosis","SMAD7",16,"BMPR1A",16
"v1",20260823,"tgf_fibrosis","SMAD7",16,"MRVI1",16
"v1",20260823,"tgf_fibrosis","SERPINE1",19,"DNAJC4",19
"v1",20260823,"tgf_fibrosis","SERPINE1",19,"CFLAR",19
"v1",20260823,"tgf_fibrosis","SERPINE1",19,"DNAJC10",19
"v1",20260823,"tgf_fibrosis","SERPINE1",19,"FAT1",19
"v1",20260823,"tgf_fibrosis","SERPINE1",19,"C22orf39",19
"v1",20260823,"tgf_fibrosis","SERPINE1",19,"TNIP1",19
"v1",20260823,"tgf_fibrosis","SERPINE1",19,"PHAX",19
"v1",20260823,"tgf_fibrosis","SERPINE1",19,"IGFBP3",19
"v1",20260823,"tgf_fibrosis","SERPINE1",19,"EVI2A",19
"v1",20260823,"tgf_fibrosis","SERPINE1",19,"HTATSF1",19
"v1",20260823,"tgf_fibrosis","SERPINE1",19,"MRPL12",19
"v1",20260823,"tgf_fibrosis","SERPINE1",19,"POLDIP2",19
"v1",20260823,"tgf_fibrosis","SERPINE1",19,"TIPRL",19
"v1",20260823,"tgf_fibrosis","SERPINE1",19,"FRMD6",19
"v1",20260823,"tgf_fibrosis","SERPINE1",19,"FDX1",19
"v1",20260823,"tgf_fibrosis","SERPINE1",19,"CREB3L2",19
"v1",20260823,"tgf_fibrosis","SERPINE1",19,"PPP6C",19
"v1",20260823,"tgf_fibrosis","SERPINE1",19,"SNTB2",19
"v1",20260823,"tgf_fibrosis","SERPINE1",19,"PGF",19
"v1",20260823,"tgf_fibrosis","SERPINE1",19,"C6orf89",19
"v1",20260823,"tgf_fibrosis","PDGFA",21,"NME1",21
"v1",20260823,"tgf_fibrosis","PDGFA",21,"MRPS15",21
"v1",20260823,"tgf_fibrosis","PDGFA",21,"MACF1",21
"v1",20260823,"tgf_fibrosis","PDGFA",21,"TXN2",21
"v1",20260823,"tgf_fibrosis","PDGFA",21,"PSMA5",21
"v1",20260823,"tgf_fibrosis","PDGFA",21,"RSRC1",21
"v1",20260823,"tgf_fibrosis","PDGFA",21,"FKBP3",21
"v1",20260823,"tgf_fibrosis","PDGFA",21,"RASD1",21
"v1",20260823,"tgf_fibrosis","PDGFA",21,"PTGFR",21
"v1",20260823,"tgf_fibrosis","PDGFA",21,"SYNCRIP",21
"v1",20260823,"tgf_fibrosis","PDGFA",21,"SLTM",21
"v1",20260823,"tgf_fibrosis","PDGFA",21,"SMC3",21
"v1",20260823,"tgf_fibrosis","PDGFA",21,"LGMN",21
"v1",20260823,"tgf_fibrosis","PDGFA",21,"UBE2V2",21
"v1",20260823,"tgf_fibrosis","PDGFA",21,"ITFG1",21
"v1",20260823,"tgf_fibrosis","PDGFA",21,"CTDSP2",21
"v1",20260823,"tgf_fibrosis","PDGFA",21,"GOLGA4",21
"v1",20260823,"tgf_fibrosis","PDGFA",21,"NRP1",21
"v1",20260823,"tgf_fibrosis","PDGFA",21,"C5orf24",21
"v1",20260823,"tgf_fibrosis","PDGFA",21,"TRIP10",21
"v1",20260823,"tgf_fibrosis","PDGFB",12,"OSBPL5",12
"v1",20260823,"tgf_fibrosis","PDGFB",12,"CIART",12
"v1",20260823,"tgf_fibrosis","PDGFB",12,"SCMH1",12
"v1",20260823,"tgf_fibrosis","PDGFB",12,"IRF7",12
"v1",20260823,"tgf_fibrosis","PDGFB",12,"RAP1GDS1",12
"v1",20260823,"tgf_fibrosis","PDGFB",12,"TMEM250",12
"v1",20260823,"tgf_fibrosis","PDGFB",12,"GGT7",12
"v1",20260823,"tgf_fibrosis","PDGFB",12,"DPH7",12
"v1",20260823,"tgf_fibrosis","PDGFB",12,"PBX2",12
"v1",20260823,"tgf_fibrosis","PDGFB",12,"KDM7A",12
"v1",20260823,"tgf_fibrosis","PDGFB",12,"SNRK",12
"v1",20260823,"tgf_fibrosis","PDGFB",12,"ARHGAP18",12
"v1",20260823,"tgf_fibrosis","PDGFB",12,"DYRK4",12
"v1",20260823,"tgf_fibrosis","PDGFB",12,"PHKG2",12
"v1",20260823,"tgf_fibrosis","PDGFB",12,"RALGDS",12
"v1",20260823,"tgf_fibrosis","PDGFB",12,"SUSD6",12
"v1",20260823,"tgf_fibrosis","PDGFB",12,"SIDT2",12
"v1",20260823,"tgf_fibrosis","PDGFB",12,"APOLD1",12
"v1",20260823,"tgf_fibrosis","PDGFB",12,"TAF1B",12
"v1",20260823,"tgf_fibrosis","PDGFB",12,"GNPNAT1",12
"v1",20260823,"tgf_fibrosis","PDGFC",19,"MBNL2",19
"v1",20260823,"tgf_fibrosis","PDGFC",19,"PLEKHA1",19
"v1",20260823,"tgf_fibrosis","PDGFC",19,"PITPNB",19
"v1",20260823,"tgf_fibrosis","PDGFC",19,"USF2",19
"v1",20260823,"tgf_fibrosis","PDGFC",19,"EDNRA",19
"v1",20260823,"tgf_fibrosis","PDGFC",19,"GALNT15",19
"v1",20260823,"tgf_fibrosis","PDGFC",19,"RHOG",19
"v1",20260823,"tgf_fibrosis","PDGFC",19,"ARL4D",19
"v1",20260823,"tgf_fibrosis","PDGFC",19,"CREB3L2",19
"v1",20260823,"tgf_fibrosis","PDGFC",19,"PDS5B",19
"v1",20260823,"tgf_fibrosis","PDGFC",19,"HNMT",19
"v1",20260823,"tgf_fibrosis","PDGFC",19,"ABI2",19
"v1",20260823,"tgf_fibrosis","PDGFC",19,"KANSL1",19
"v1",20260823,"tgf_fibrosis","PDGFC",19,"CPXM1",19
"v1",20260823,"tgf_fibrosis","PDGFC",19,"PSMA3-AS1",19
"v1",20260823,"tgf_fibrosis","PDGFC",19,"ABHD17A",19
"v1",20260823,"tgf_fibrosis","PDGFC",19,"SLC25A37",19
"v1",20260823,"tgf_fibrosis","PDGFC",19,"LYPLA1",19
"v1",20260823,"tgf_fibrosis","PDGFC",19,"BRD3",19
"v1",20260823,"tgf_fibrosis","PDGFC",19,"MAPK3",19
"v1",20260823,"tgf_fibrosis","PDGFRA",23,"NDUFS6",23
"v1",20260823,"tgf_fibrosis","PDGFRA",23,"TERF2IP",23
"v1",20260823,"tgf_fibrosis","PDGFRA",23,"CAPG",23
"v1",20260823,"tgf_fibrosis","PDGFRA",23,"ATP5PB",23
"v1",20260823,"tgf_fibrosis","PDGFRA",23,"TAF7",23
"v1",20260823,"tgf_fibrosis","PDGFRA",23,"PDGFRL",23
"v1",20260823,"tgf_fibrosis","PDGFRA",23,"ZFAND5",23
"v1",20260823,"tgf_fibrosis","PDGFRA",23,"EMC7",23
"v1",20260823,"tgf_fibrosis","PDGFRA",23,"RAB13",23
"v1",20260823,"tgf_fibrosis","PDGFRA",23,"NDUFS4",23
"v1",20260823,"tgf_fibrosis","PDGFRA",23,"RSL1D1",23
"v1",20260823,"tgf_fibrosis","PDGFRA",23,"SIVA1",23
"v1",20260823,"tgf_fibrosis","PDGFRA",23,"DPP7",23
"v1",20260823,"tgf_fibrosis","PDGFRA",23,"CYBRD1",23
"v1",20260823,"tgf_fibrosis","PDGFRA",23,"HNRNPM",23
"v1",20260823,"tgf_fibrosis","PDGFRA",23,"CAMLG",23
"v1",20260823,"tgf_fibrosis","PDGFRA",23,"TUBB6",23
"v1",20260823,"tgf_fibrosis","PDGFRA",23,"NDUFA12",23
"v1",20260823,"tgf_fibrosis","PDGFRA",23,"MYH11",23
"v1",20260823,"tgf_fibrosis","PDGFRA",23,"HNRNPD",23
"v1",20260823,"tgf_fibrosis","PDGFRB",24,"GSTP1",24
"v1",20260823,"tgf_fibrosis","PDGFRB",24,"PKM",24
"v1",20260823,"tgf_fibrosis","PDGFRB",24,"ATP5MC3",24
"v1",20260823,"tgf_fibrosis","PDGFRB",24,"NFIB",24
"v1",20260823,"tgf_fibrosis","PDGFRB",24,"CAVIN3",24
"v1",20260823,"tgf_fibrosis","PDGFRB",24,"TCEAL9",24
"v1",20260823,"tgf_fibrosis","PDGFRB",24,"NDUFA4",24
"v1",20260823,"tgf_fibrosis","PDGFRB",24,"BTF3",24
"v1",20260823,"tgf_fibrosis","PDGFRB",24,"SBDS",24
"v1",20260823,"tgf_fibrosis","PDGFRB",24,"SNX3",24
"v1",20260823,"tgf_fibrosis","PDGFRB",24,"SUMO2",24
"v1",20260823,"tgf_fibrosis","PDGFRB",24,"ANXA1",24
"v1",20260823,"tgf_fibrosis","PDGFRB",24,"RRBP1",24
"v1",20260823,"tgf_fibrosis","PDGFRB",24,"RTN4",24
"v1",20260823,"tgf_fibrosis","PDGFRB",24,"EIF4G2",24
"v1",20260823,"tgf_fibrosis","PDGFRB",24,"ZFAS1",24
"v1",20260823,"tgf_fibrosis","PDGFRB",24,"DRAP1",24
"v1",20260823,"tgf_fibrosis","PDGFRB",24,"SQSTM1",24
"v1",20260823,"tgf_fibrosis","PDGFRB",24,"COMP",24
"v1",20260823,"tgf_fibrosis","PDGFRB",24,"CFH",24
"v1",20260823,"tgf_fibrosis","INHBA",20,"SREK1IP1",20
"v1",20260823,"tgf_fibrosis","INHBA",20,"PHF20L1",20
"v1",20260823,"tgf_fibrosis","INHBA",20,"PGM2L1",20
"v1",20260823,"tgf_fibrosis","INHBA",20,"DNAJA2",20
"v1",20260823,"tgf_fibrosis","INHBA",20,"CHD3",20
"v1",20260823,"tgf_fibrosis","INHBA",20,"PPIL4",20
"v1",20260823,"tgf_fibrosis","INHBA",20,"MECP2",20
"v1",20260823,"tgf_fibrosis","INHBA",20,"FHL3",20
"v1",20260823,"tgf_fibrosis","INHBA",20,"DSE",20
"v1",20260823,"tgf_fibrosis","INHBA",20,"MAGEF1",20
"v1",20260823,"tgf_fibrosis","INHBA",20,"GBP2",20
"v1",20260823,"tgf_fibrosis","INHBA",20,"TIAL1",20
"v1",20260823,"tgf_fibrosis","INHBA",20,"ZBTB16",20
"v1",20260823,"tgf_fibrosis","INHBA",20,"MEDAG",20
"v1",20260823,"tgf_fibrosis","INHBA",20,"SF3B4",20
"v1",20260823,"tgf_fibrosis","INHBA",20,"SH3PXD2A",20
"v1",20260823,"tgf_fibrosis","INHBA",20,"CDV3",20
"v1",20260823,"tgf_fibrosis","INHBA",20,"TSSC4",20
"v1",20260823,"tgf_fibrosis","INHBA",20,"VPS4A",20
"v1",20260823,"tgf_fibrosis","INHBA",20,"ANTXR2",20
"v1",20260823,"tgf_fibrosis","FOSL2",22,"GNG12",22
"v1",20260823,"tgf_fibrosis","FOSL2",22,"PRMT1",22
"v1",20260823,"tgf_fibrosis","FOSL2",22,"LUC7L3",22
"v1",20260823,"tgf_fibrosis","FOSL2",22,"AKAP9",22
"v1",20260823,"tgf_fibrosis","FOSL2",22,"GLO1",22
"v1",20260823,"tgf_fibrosis","FOSL2",22,"HDAC2",22
"v1",20260823,"tgf_fibrosis","FOSL2",22,"PNN",22
"v1",20260823,"tgf_fibrosis","FOSL2",22,"PPP1R14A",22
"v1",20260823,"tgf_fibrosis","FOSL2",22,"H2AFY",22
"v1",20260823,"tgf_fibrosis","FOSL2",22,"DYNC1LI2",22
"v1",20260823,"tgf_fibrosis","FOSL2",22,"MAP2K2",22
"v1",20260823,"tgf_fibrosis","FOSL2",22,"MMADHC",22
"v1",20260823,"tgf_fibrosis","FOSL2",22,"FIBP",22
"v1",20260823,"tgf_fibrosis","FOSL2",22,"PSMD2",22
"v1",20260823,"tgf_fibrosis","FOSL2",22,"SSNA1",22
"v1",20260823,"tgf_fibrosis","FOSL2",22,"TMEM176B",22
"v1",20260823,"tgf_fibrosis","FOSL2",22,"NUCB2",22
"v1",20260823,"tgf_fibrosis","FOSL2",22,"MYH9",22
"v1",20260823,"tgf_fibrosis","FOSL2",22,"YPEL5",22
"v1",20260823,"tgf_fibrosis","FOSL2",22,"TMEM256",22
"v1",20260823,"tgf_fibrosis","SNAI1",16,"ZNF326",16
"v1",20260823,"tgf_fibrosis","SNAI1",16,"EEF1AKMT2",16
"v1",20260823,"tgf_fibrosis","SNAI1",16,"PLPPR2",16
"v1",20260823,"tgf_fibrosis","SNAI1",16,"RIOK3",16
"v1",20260823,"tgf_fibrosis","SNAI1",16,"MAFG",16
"v1",20260823,"tgf_fibrosis","SNAI1",16,"TRAF7",16
"v1",20260823,"tgf_fibrosis","SNAI1",16,"ACOT13",16
"v1",20260823,"tgf_fibrosis","SNAI1",16,"PCNX4",16
"v1",20260823,"tgf_fibrosis","SNAI1",16,"NBN",16
"v1",20260823,"tgf_fibrosis","SNAI1",16,"UBAP2L",16
"v1",20260823,"tgf_fibrosis","SNAI1",16,"IFIT1",16
"v1",20260823,"tgf_fibrosis","SNAI1",16,"NELFB",16
"v1",20260823,"tgf_fibrosis","SNAI1",16,"AIMP2",16
"v1",20260823,"tgf_fibrosis","SNAI1",16,"ATP6V0A1",16
"v1",20260823,"tgf_fibrosis","SNAI1",16,"TCEAL7",16
"v1",20260823,"tgf_fibrosis","SNAI1",16,"PEX16",16
"v1",20260823,"tgf_fibrosis","SNAI1",16,"MRVI1",16
"v1",20260823,"tgf_fibrosis","SNAI1",16,"SURF2",16
"v1",20260823,"tgf_fibrosis","SNAI1",16,"E2F4",16
"v1",20260823,"tgf_fibrosis","SNAI1",16,"ARID4A",16
"v1",20260823,"tgf_fibrosis","ZEB1",22,"ERLEC1",22
"v1",20260823,"tgf_fibrosis","ZEB1",22,"SCX",22
"v1",20260823,"tgf_fibrosis","ZEB1",22,"SRP72",22
"v1",20260823,"tgf_fibrosis","ZEB1",22,"GPBP1",22
"v1",20260823,"tgf_fibrosis","ZEB1",22,"MYH9",22
"v1",20260823,"tgf_fibrosis","ZEB1",22,"CRNDE",22
"v1",20260823,"tgf_fibrosis","ZEB1",22,"LMAN1",22
"v1",20260823,"tgf_fibrosis","ZEB1",22,"COPS8",22
"v1",20260823,"tgf_fibrosis","ZEB1",22,"LAMA4",22
"v1",20260823,"tgf_fibrosis","ZEB1",22,"DYNLT3",22
"v1",20260823,"tgf_fibrosis","ZEB1",22,"FAM177A1",22
"v1",20260823,"tgf_fibrosis","ZEB1",22,"TRAPPC2L",22
"v1",20260823,"tgf_fibrosis","ZEB1",22,"SARS",22
"v1",20260823,"tgf_fibrosis","ZEB1",22,"SUN2",22
"v1",20260823,"tgf_fibrosis","ZEB1",22,"CDK4",22
"v1",20260823,"tgf_fibrosis","ZEB1",22,"FRZB",22
"v1",20260823,"tgf_fibrosis","ZEB1",22,"NET1",22
"v1",20260823,"tgf_fibrosis","ZEB1",22,"SRM",22
"v1",20260823,"tgf_fibrosis","ZEB1",22,"SNCG",22
"v1",20260823,"tgf_fibrosis","ZEB1",22,"GPAA1",22
"v1",20260823,"tgf_fibrosis","CTGF",24,"HCFC1R1",24
"v1",20260823,"tgf_fibrosis","CTGF",24,"LGALS3",24
"v1",20260823,"tgf_fibrosis","CTGF",24,"BGN",24
"v1",20260823,"tgf_fibrosis","CTGF",24,"SNRPD2",24
"v1",20260823,"tgf_fibrosis","CTGF",24,"CLTA",24
"v1",20260823,"tgf_fibrosis","CTGF",24,"GRN",24
"v1",20260823,"tgf_fibrosis","CTGF",24,"ADIRF",24
"v1",20260823,"tgf_fibrosis","CTGF",24,"RTN4",24
"v1",20260823,"tgf_fibrosis","CTGF",24,"ATP5PF",24
"v1",20260823,"tgf_fibrosis","CTGF",24,"FKBP8",24
"v1",20260823,"tgf_fibrosis","CTGF",24,"ATP5F1A",24
"v1",20260823,"tgf_fibrosis","CTGF",24,"EIF3K",24
"v1",20260823,"tgf_fibrosis","CTGF",24,"GAPDH",24
"v1",20260823,"tgf_fibrosis","CTGF",24,"NDUFA1",24
"v1",20260823,"tgf_fibrosis","CTGF",24,"EPHX1",24
"v1",20260823,"tgf_fibrosis","CTGF",24,"FSTL1",24
"v1",20260823,"tgf_fibrosis","CTGF",24,"CALM1",24
"v1",20260823,"tgf_fibrosis","CTGF",24,"SEC61B",24
"v1",20260823,"tgf_fibrosis","CTGF",24,"COX6C",24
"v1",20260823,"tgf_fibrosis","CTGF",24,"CSDE1",24
"v1",20260823,"inflammation_ap1_nfkb","IL6",21,"TMOD3",21
"v1",20260823,"inflammation_ap1_nfkb","IL6",21,"SAP30BP",21
"v1",20260823,"inflammation_ap1_nfkb","IL6",21,"PRPF31",21
"v1",20260823,"inflammation_ap1_nfkb","IL6",21,"KLHDC3",21
"v1",20260823,"inflammation_ap1_nfkb","IL6",21,"CD109",21
"v1",20260823,"inflammation_ap1_nfkb","IL6",21,"PLAGL1",21
"v1",20260823,"inflammation_ap1_nfkb","IL6",21,"RSRC1",21
"v1",20260823,"inflammation_ap1_nfkb","IL6",21,"TMEM248",21
"v1",20260823,"inflammation_ap1_nfkb","IL6",21,"ITFG1",21
"v1",20260823,"inflammation_ap1_nfkb","IL6",21,"BPTF",21
"v1",20260823,"inflammation_ap1_nfkb","IL6",21,"POLR2J3.1",21
"v1",20260823,"inflammation_ap1_nfkb","IL6",21,"HEXA",21
"v1",20260823,"inflammation_ap1_nfkb","IL6",21,"TMEM259",21
"v1",20260823,"inflammation_ap1_nfkb","IL6",21,"SEMA3C",21
"v1",20260823,"inflammation_ap1_nfkb","IL6",21,"HIKESHI",21
"v1",20260823,"inflammation_ap1_nfkb","IL6",21,"AFF4",21
"v1",20260823,"inflammation_ap1_nfkb","IL6",21,"GNL3",21
"v1",20260823,"inflammation_ap1_nfkb","IL6",21,"ARID1B",21
"v1",20260823,"inflammation_ap1_nfkb","IL6",21,"ATXN10",21
"v1",20260823,"inflammation_ap1_nfkb","IL6",21,"NKTR",21
"v1",20260823,"inflammation_ap1_nfkb","CXCL8",12,"TBC1D22A",12
"v1",20260823,"inflammation_ap1_nfkb","CXCL8",12,"TBC1D12",12
"v1",20260823,"inflammation_ap1_nfkb","CXCL8",12,"PTDSS2",12
"v1",20260823,"inflammation_ap1_nfkb","CXCL8",12,"S100A3",12
"v1",20260823,"inflammation_ap1_nfkb","CXCL8",12,"SIRT6",12
"v1",20260823,"inflammation_ap1_nfkb","CXCL8",12,"MTR",12
"v1",20260823,"inflammation_ap1_nfkb","CXCL8",12,"WDFY3",12
"v1",20260823,"inflammation_ap1_nfkb","CXCL8",12,"ZNF426",12
"v1",20260823,"inflammation_ap1_nfkb","CXCL8",12,"LDB3",12
"v1",20260823,"inflammation_ap1_nfkb","CXCL8",12,"OGG1",12
"v1",20260823,"inflammation_ap1_nfkb","CXCL8",12,"WDR75",12
"v1",20260823,"inflammation_ap1_nfkb","CXCL8",12,"ZNF720",12
"v1",20260823,"inflammation_ap1_nfkb","CXCL8",12,"MINDY3",12
"v1",20260823,"inflammation_ap1_nfkb","CXCL8",12,"HACD2",12
"v1",20260823,"inflammation_ap1_nfkb","CXCL8",12,"LAMC3",12
"v1",20260823,"inflammation_ap1_nfkb","CXCL8",12,"MIRLET7BHG",12
"v1",20260823,"inflammation_ap1_nfkb","CXCL8",12,"TRMT6",12
"v1",20260823,"inflammation_ap1_nfkb","CXCL8",12,"SOS2",12
"v1",20260823,"inflammation_ap1_nfkb","CXCL8",12,"ESS2",12
"v1",20260823,"inflammation_ap1_nfkb","CXCL8",12,"SRGAP2",12
"v1",20260823,"inflammation_ap1_nfkb","CCL2",24,"EIF3K",24
"v1",20260823,"inflammation_ap1_nfkb","CCL2",24,"VAPA",24
"v1",20260823,"inflammation_ap1_nfkb","CCL2",24,"SNRPD2",24
"v1",20260823,"inflammation_ap1_nfkb","CCL2",24,"PPP1R15A",24
"v1",20260823,"inflammation_ap1_nfkb","CCL2",24,"PCNP",24
"v1",20260823,"inflammation_ap1_nfkb","CCL2",24,"SELENOK",24
"v1",20260823,"inflammation_ap1_nfkb","CCL2",24,"ST13",24
"v1",20260823,"inflammation_ap1_nfkb","CCL2",24,"PPP1CB",24
"v1",20260823,"inflammation_ap1_nfkb","CCL2",24,"DDX5",24
"v1",20260823,"inflammation_ap1_nfkb","CCL2",24,"HLA-B",24
"v1",20260823,"inflammation_ap1_nfkb","CCL2",24,"NDUFA11",24
"v1",20260823,"inflammation_ap1_nfkb","CCL2",24,"VKORC1",24
"v1",20260823,"inflammation_ap1_nfkb","CCL2",24,"CALU",24
"v1",20260823,"inflammation_ap1_nfkb","CCL2",24,"KRTCAP2",24
"v1",20260823,"inflammation_ap1_nfkb","CCL2",24,"LY6E",24
"v1",20260823,"inflammation_ap1_nfkb","CCL2",24,"YWHAQ",24
"v1",20260823,"inflammation_ap1_nfkb","CCL2",24,"PCOLCE",24
"v1",20260823,"inflammation_ap1_nfkb","CCL2",24,"SERF2",24
"v1",20260823,"inflammation_ap1_nfkb","CCL2",24,"TXN",24
"v1",20260823,"inflammation_ap1_nfkb","CCL2",24,"COPE",24
"v1",20260823,"inflammation_ap1_nfkb","CXCL1",14,"NCOA3",14
"v1",20260823,"inflammation_ap1_nfkb","CXCL1",14,"CARS2",14
"v1",20260823,"inflammation_ap1_nfkb","CXCL1",14,"ATF2",14
"v1",20260823,"inflammation_ap1_nfkb","CXCL1",14,"AGA",14
"v1",20260823,"inflammation_ap1_nfkb","CXCL1",14,"THAP3",14
"v1",20260823,"inflammation_ap1_nfkb","CXCL1",14,"ACOX1",14
"v1",20260823,"inflammation_ap1_nfkb","CXCL1",14,"HOXD-AS2",14
"v1",20260823,"inflammation_ap1_nfkb","CXCL1",14,"SCRG1",14
"v1",20260823,"inflammation_ap1_nfkb","CXCL1",14,"FTSJ3",14
"v1",20260823,"inflammation_ap1_nfkb","CXCL1",14,"MED16",14
"v1",20260823,"inflammation_ap1_nfkb","CXCL1",14,"TIMM23",14
"v1",20260823,"inflammation_ap1_nfkb","CXCL1",14,"IDH3A",14
"v1",20260823,"inflammation_ap1_nfkb","CXCL1",14,"SLC7A8",14
"v1",20260823,"inflammation_ap1_nfkb","CXCL1",14,"CARMIL1",14
"v1",20260823,"inflammation_ap1_nfkb","CXCL1",14,"SEPHS1",14
"v1",20260823,"inflammation_ap1_nfkb","CXCL1",14,"MAN2C1",14
"v1",20260823,"inflammation_ap1_nfkb","CXCL1",14,"CWC22",14
"v1",20260823,"inflammation_ap1_nfkb","CXCL1",14,"CCNK",14
"v1",20260823,"inflammation_ap1_nfkb","CXCL1",14,"SLC39A14",14
"v1",20260823,"inflammation_ap1_nfkb","CXCL1",14,"EIF4G3",14
"v1",20260823,"inflammation_ap1_nfkb","CXCL2",21,"PRPF31",21
"v1",20260823,"inflammation_ap1_nfkb","CXCL2",21,"MRPL24",21
"v1",20260823,"inflammation_ap1_nfkb","CXCL2",21,"TMEM205",21
"v1",20260823,"inflammation_ap1_nfkb","CXCL2",21,"SYNPO2",21
"v1",20260823,"inflammation_ap1_nfkb","CXCL2",21,"ANK2",21
"v1",20260823,"inflammation_ap1_nfkb","CXCL2",21,"SEC61A1",21
"v1",20260823,"inflammation_ap1_nfkb","CXCL2",21,"CD34",21
"v1",20260823,"inflammation_ap1_nfkb","CXCL2",21,"MANBAL",21
"v1",20260823,"inflammation_ap1_nfkb","CXCL2",21,"PSMC2",21
"v1",20260823,"inflammation_ap1_nfkb","CXCL2",21,"RNF145",21
"v1",20260823,"inflammation_ap1_nfkb","CXCL2",21,"CTDNEP1",21
"v1",20260823,"inflammation_ap1_nfkb","CXCL2",21,"OXA1L",21
"v1",20260823,"inflammation_ap1_nfkb","CXCL2",21,"TBL1XR1",21
"v1",20260823,"inflammation_ap1_nfkb","CXCL2",21,"AIG1",21
"v1",20260823,"inflammation_ap1_nfkb","CXCL2",21,"SPSB3",21
"v1",20260823,"inflammation_ap1_nfkb","CXCL2",21,"ODF2L",21
"v1",20260823,"inflammation_ap1_nfkb","CXCL2",21,"MID1IP1",21
"v1",20260823,"inflammation_ap1_nfkb","CXCL2",21,"PPM1G",21
"v1",20260823,"inflammation_ap1_nfkb","CXCL2",21,"CBX1",21
"v1",20260823,"inflammation_ap1_nfkb","CXCL2",21,"ARID1B",21
"v1",20260823,"inflammation_ap1_nfkb","CXCL3",17,"ROBO1",17
"v1",20260823,"inflammation_ap1_nfkb","CXCL3",17,"NKIRAS2",17
"v1",20260823,"inflammation_ap1_nfkb","CXCL3",17,"STK19",17
"v1",20260823,"inflammation_ap1_nfkb","CXCL3",17,"SLC25A26",17
"v1",20260823,"inflammation_ap1_nfkb","CXCL3",17,"PEAK1",17
"v1",20260823,"inflammation_ap1_nfkb","CXCL3",17,"TBX2",17
"v1",20260823,"inflammation_ap1_nfkb","CXCL3",17,"MCRS1",17
"v1",20260823,"inflammation_ap1_nfkb","CXCL3",17,"B3GNT2",17
"v1",20260823,"inflammation_ap1_nfkb","CXCL3",17,"U2AF2",17
"v1",20260823,"inflammation_ap1_nfkb","CXCL3",17,"RGL2",17
"v1",20260823,"inflammation_ap1_nfkb","CXCL3",17,"HPS1",17
"v1",20260823,"inflammation_ap1_nfkb","CXCL3",17,"SLC4A7",17
"v1",20260823,"inflammation_ap1_nfkb","CXCL3",17,"ZNF451",17
"v1",20260823,"inflammation_ap1_nfkb","CXCL3",17,"TUBGCP2",17
"v1",20260823,"inflammation_ap1_nfkb","CXCL3",17,"KMT5B",17
"v1",20260823,"inflammation_ap1_nfkb","CXCL3",17,"SNHG15",17
"v1",20260823,"inflammation_ap1_nfkb","CXCL3",17,"APPL2",17
"v1",20260823,"inflammation_ap1_nfkb","CXCL3",17,"NEDD9",17
"v1",20260823,"inflammation_ap1_nfkb","CXCL3",17,"NID1",17
"v1",20260823,"inflammation_ap1_nfkb","CXCL3",17,"UBQLN1",17
"v1",20260823,"inflammation_ap1_nfkb","TNF",10,"RTKN",10
"v1",20260823,"inflammation_ap1_nfkb","TNF",10,"MIS18BP1",10
"v1",20260823,"inflammation_ap1_nfkb","TNF",10,"DPP3",10
"v1",20260823,"inflammation_ap1_nfkb","TNF",10,"XYLT2",10
"v1",20260823,"inflammation_ap1_nfkb","TNF",10,"PPP2R5B",10
"v1",20260823,"inflammation_ap1_nfkb","TNF",10,"KCTD5",10
"v1",20260823,"inflammation_ap1_nfkb","TNF",10,"PHF13",10
"v1",20260823,"inflammation_ap1_nfkb","TNF",10,"FAM69A",10
"v1",20260823,"inflammation_ap1_nfkb","TNF",10,"KBTBD4",10
"v1",20260823,"inflammation_ap1_nfkb","TNF",10,"TPD52L1",10
"v1",20260823,"inflammation_ap1_nfkb","TNF",10,"CD36",10
"v1",20260823,"inflammation_ap1_nfkb","TNF",10,"C4orf46",10
"v1",20260823,"inflammation_ap1_nfkb","TNF",10,"TSTD2",10
"v1",20260823,"inflammation_ap1_nfkb","TNF",10,"CSRNP2",10
"v1",20260823,"inflammation_ap1_nfkb","TNF",10,"FOXJ2",10
"v1",20260823,"inflammation_ap1_nfkb","TNF",10,"PIGM",10
"v1",20260823,"inflammation_ap1_nfkb","TNF",10,"KTI12",10
"v1",20260823,"inflammation_ap1_nfkb","TNF",10,"DCLRE1C",10
"v1",20260823,"inflammation_ap1_nfkb","TNF",10,"LPCAT4",10
"v1",20260823,"inflammation_ap1_nfkb","TNF",10,"BRD1",10
"v1",20260823,"inflammation_ap1_nfkb","IL1B",8,"ERCC2",8
"v1",20260823,"inflammation_ap1_nfkb","IL1B",8,"AC092807.3",8
"v1",20260823,"inflammation_ap1_nfkb","IL1B",8,"KRBOX4",8
"v1",20260823,"inflammation_ap1_nfkb","IL1B",8,"IGKC",8
"v1",20260823,"inflammation_ap1_nfkb","IL1B",8,"CDK5",8
"v1",20260823,"inflammation_ap1_nfkb","IL1B",8,"ATP8B1",8
"v1",20260823,"inflammation_ap1_nfkb","IL1B",8,"SAMD1",8
"v1",20260823,"inflammation_ap1_nfkb","IL1B",8,"MPP6",8
"v1",20260823,"inflammation_ap1_nfkb","IL1B",8,"NBPF15",8
"v1",20260823,"inflammation_ap1_nfkb","IL1B",8,"SPIRE1",8
"v1",20260823,"inflammation_ap1_nfkb","IL1B",8,"NGF",8
"v1",20260823,"inflammation_ap1_nfkb","IL1B",8,"SGIP1",8
"v1",20260823,"inflammation_ap1_nfkb","IL1B",8,"VTI1A",8
"v1",20260823,"inflammation_ap1_nfkb","IL1B",8,"DYRK1B",8
"v1",20260823,"inflammation_ap1_nfkb","IL1B",8,"USP32",8
"v1",20260823,"inflammation_ap1_nfkb","IL1B",8,"ARHGAP28",8
"v1",20260823,"inflammation_ap1_nfkb","IL1B",8,"TAF6L",8
"v1",20260823,"inflammation_ap1_nfkb","IL1B",8,"PGAP2",8
"v1",20260823,"inflammation_ap1_nfkb","IL1B",8,"AC092164.1",8
"v1",20260823,"inflammation_ap1_nfkb","IL1B",8,"SLC16A2",8
"v1",20260823,"inflammation_ap1_nfkb","PTGS2",15,"PNKP",15
"v1",20260823,"inflammation_ap1_nfkb","PTGS2",15,"CYS1",15
"v1",20260823,"inflammation_ap1_nfkb","PTGS2",15,"POLDIP3",15
"v1",20260823,"inflammation_ap1_nfkb","PTGS2",15,"PTPRD",15
"v1",20260823,"inflammation_ap1_nfkb","PTGS2",15,"PQLC1",15
"v1",20260823,"inflammation_ap1_nfkb","PTGS2",15,"ANGPT2",15
"v1",20260823,"inflammation_ap1_nfkb","PTGS2",15,"TMEM185A",15
"v1",20260823,"inflammation_ap1_nfkb","PTGS2",15,"TMEM223",15
"v1",20260823,"inflammation_ap1_nfkb","PTGS2",15,"STX16",15
"v1",20260823,"inflammation_ap1_nfkb","PTGS2",15,"TRAPPC6B",15
"v1",20260823,"inflammation_ap1_nfkb","PTGS2",15,"APEH",15
"v1",20260823,"inflammation_ap1_nfkb","PTGS2",15,"CAP2",15
"v1",20260823,"inflammation_ap1_nfkb","PTGS2",15,"AKAP11",15
"v1",20260823,"inflammation_ap1_nfkb","PTGS2",15,"MRPL44",15
"v1",20260823,"inflammation_ap1_nfkb","PTGS2",15,"FST",15
"v1",20260823,"inflammation_ap1_nfkb","PTGS2",15,"PURB",15
"v1",20260823,"inflammation_ap1_nfkb","PTGS2",15,"FBXL12",15
"v1",20260823,"inflammation_ap1_nfkb","PTGS2",15,"ANKRD29",15
"v1",20260823,"inflammation_ap1_nfkb","PTGS2",15,"LRP6",15
"v1",20260823,"inflammation_ap1_nfkb","PTGS2",15,"PSPC1",15
"v1",20260823,"inflammation_ap1_nfkb","NFKB1",19,"BSDC1",19
"v1",20260823,"inflammation_ap1_nfkb","NFKB1",19,"CREBRF",19
"v1",20260823,"inflammation_ap1_nfkb","NFKB1",19,"TOMM5",19
"v1",20260823,"inflammation_ap1_nfkb","NFKB1",19,"MRPS23",19
"v1",20260823,"inflammation_ap1_nfkb","NFKB1",19,"ACAP2",19
"v1",20260823,"inflammation_ap1_nfkb","NFKB1",19,"STEAP4",19
"v1",20260823,"inflammation_ap1_nfkb","NFKB1",19,"EIF4EBP1",19
"v1",20260823,"inflammation_ap1_nfkb","NFKB1",19,"USP34",19
"v1",20260823,"inflammation_ap1_nfkb","NFKB1",19,"FBXO3",19
"v1",20260823,"inflammation_ap1_nfkb","NFKB1",19,"ABI2",19
"v1",20260823,"inflammation_ap1_nfkb","NFKB1",19,"ZNF644",19
"v1",20260823,"inflammation_ap1_nfkb","NFKB1",19,"TAOK3",19
"v1",20260823,"inflammation_ap1_nfkb","NFKB1",19,"PBRM1",19
"v1",20260823,"inflammation_ap1_nfkb","NFKB1",19,"TIPRL",19
"v1",20260823,"inflammation_ap1_nfkb","NFKB1",19,"COPS5",19
"v1",20260823,"inflammation_ap1_nfkb","NFKB1",19,"CAPRIN1",19
"v1",20260823,"inflammation_ap1_nfkb","NFKB1",19,"CHMP1A",19
"v1",20260823,"inflammation_ap1_nfkb","NFKB1",19,"IMPAD1",19
"v1",20260823,"inflammation_ap1_nfkb","NFKB1",19,"ACTL6A",19
"v1",20260823,"inflammation_ap1_nfkb","NFKB1",19,"ZFR",19
"v1",20260823,"inflammation_ap1_nfkb","NFKB2",18,"NSMCE4A",18
"v1",20260823,"inflammation_ap1_nfkb","NFKB2",18,"ARHGAP12",18
"v1",20260823,"inflammation_ap1_nfkb","NFKB2",18,"GTF2B",18
"v1",20260823,"inflammation_ap1_nfkb","NFKB2",18,"TRIM56",18
"v1",20260823,"inflammation_ap1_nfkb","NFKB2",18,"SULF2",18
"v1",20260823,"inflammation_ap1_nfkb","NFKB2",18,"TRMT10C",18
"v1",20260823,"inflammation_ap1_nfkb","NFKB2",18,"DRG1",18
"v1",20260823,"inflammation_ap1_nfkb","NFKB2",18,"PID1",18
"v1",20260823,"inflammation_ap1_nfkb","NFKB2",18,"VPS72",18
"v1",20260823,"inflammation_ap1_nfkb","NFKB2",18,"CASC3",18
"v1",20260823,"inflammation_ap1_nfkb","NFKB2",18,"CREB3L1",18
"v1",20260823,"inflammation_ap1_nfkb","NFKB2",18,"ALDH7A1",18
"v1",20260823,"inflammation_ap1_nfkb","NFKB2",18,"ANPEP",18
"v1",20260823,"inflammation_ap1_nfkb","NFKB2",18,"UBA3",18
"v1",20260823,"inflammation_ap1_nfkb","NFKB2",18,"CCDC167",18
"v1",20260823,"inflammation_ap1_nfkb","NFKB2",18,"FIP1L1",18
"v1",20260823,"inflammation_ap1_nfkb","NFKB2",18,"SPAG16",18
"v1",20260823,"inflammation_ap1_nfkb","NFKB2",18,"GPSM2",18
"v1",20260823,"inflammation_ap1_nfkb","NFKB2",18,"PCDH7",18
"v1",20260823,"inflammation_ap1_nfkb","NFKB2",18,"ASB8",18
"v1",20260823,"inflammation_ap1_nfkb","RELA",21,"SESTD1",21
"v1",20260823,"inflammation_ap1_nfkb","RELA",21,"GCSH",21
"v1",20260823,"inflammation_ap1_nfkb","RELA",21,"BPTF",21
"v1",20260823,"inflammation_ap1_nfkb","RELA",21,"DTWD1",21
"v1",20260823,"inflammation_ap1_nfkb","RELA",21,"P3H3",21
"v1",20260823,"inflammation_ap1_nfkb","RELA",21,"DPM1",21
"v1",20260823,"inflammation_ap1_nfkb","RELA",21,"RRAD",21
"v1",20260823,"inflammation_ap1_nfkb","RELA",21,"CHPT1",21
"v1",20260823,"inflammation_ap1_nfkb","RELA",21,"SPG21",21
"v1",20260823,"inflammation_ap1_nfkb","RELA",21,"POLE4",21
"v1",20260823,"inflammation_ap1_nfkb","RELA",21,"PTEN",21
"v1",20260823,"inflammation_ap1_nfkb","RELA",21,"CREB5",21
"v1",20260823,"inflammation_ap1_nfkb","RELA",21,"SYNPO2",21
"v1",20260823,"inflammation_ap1_nfkb","RELA",21,"CCND1",21
"v1",20260823,"inflammation_ap1_nfkb","RELA",21,"MOB2",21
"v1",20260823,"inflammation_ap1_nfkb","RELA",21,"RASD1",21
"v1",20260823,"inflammation_ap1_nfkb","RELA",21,"SEMA3C",21
"v1",20260823,"inflammation_ap1_nfkb","RELA",21,"MRPL34",21
"v1",20260823,"inflammation_ap1_nfkb","RELA",21,"MLEC",21
"v1",20260823,"inflammation_ap1_nfkb","RELA",21,"LRRC59",21
"v1",20260823,"inflammation_ap1_nfkb","RELB",17,"RBFA",17
"v1",20260823,"inflammation_ap1_nfkb","RELB",17,"OSMR",17
"v1",20260823,"inflammation_ap1_nfkb","RELB",17,"G6PD",17
"v1",20260823,"inflammation_ap1_nfkb","RELB",17,"WAPL",17
"v1",20260823,"inflammation_ap1_nfkb","RELB",17,"HMCES",17
"v1",20260823,"inflammation_ap1_nfkb","RELB",17,"AKIRIN1",17
"v1",20260823,"inflammation_ap1_nfkb","RELB",17,"UBTD2",17
"v1",20260823,"inflammation_ap1_nfkb","RELB",17,"KCTD20",17
"v1",20260823,"inflammation_ap1_nfkb","RELB",17,"DNAJB12",17
"v1",20260823,"inflammation_ap1_nfkb","RELB",17,"RAI14",17
"v1",20260823,"inflammation_ap1_nfkb","RELB",17,"SLC41A3",17
"v1",20260823,"inflammation_ap1_nfkb","RELB",17,"COX16",17
"v1",20260823,"inflammation_ap1_nfkb","RELB",17,"JAM3",17
"v1",20260823,"inflammation_ap1_nfkb","RELB",17,"NRGN",17
"v1",20260823,"inflammation_ap1_nfkb","RELB",17,"G6PC3",17
"v1",20260823,"inflammation_ap1_nfkb","RELB",17,"ARIH2",17
"v1",20260823,"inflammation_ap1_nfkb","RELB",17,"GMPPA",17
"v1",20260823,"inflammation_ap1_nfkb","RELB",17,"HS2ST1",17
"v1",20260823,"inflammation_ap1_nfkb","RELB",17,"CTCF",17
"v1",20260823,"inflammation_ap1_nfkb","RELB",17,"WDR43",17
"v1",20260823,"inflammation_ap1_nfkb","JUN",24,"CAVIN3",24
"v1",20260823,"inflammation_ap1_nfkb","JUN",24,"POMP",24
"v1",20260823,"inflammation_ap1_nfkb","JUN",24,"NEDD8",24
"v1",20260823,"inflammation_ap1_nfkb","JUN",24,"MFGE8",24
"v1",20260823,"inflammation_ap1_nfkb","JUN",24,"HNRNPK",24
"v1",20260823,"inflammation_ap1_nfkb","JUN",24,"NFKBIA",24
"v1",20260823,"inflammation_ap1_nfkb","JUN",24,"MAFB",24
"v1",20260823,"inflammation_ap1_nfkb","JUN",24,"NNMT",24
"v1",20260823,"inflammation_ap1_nfkb","JUN",24,"NUPR1",24
"v1",20260823,"inflammation_ap1_nfkb","JUN",24,"NCL",24
"v1",20260823,"inflammation_ap1_nfkb","JUN",24,"H3F3B",24
"v1",20260823,"inflammation_ap1_nfkb","JUN",24,"TMSB4X",24
"v1",20260823,"inflammation_ap1_nfkb","JUN",24,"ADIRF",24
"v1",20260823,"inflammation_ap1_nfkb","JUN",24,"EPHX1",24
"v1",20260823,"inflammation_ap1_nfkb","JUN",24,"ERH",24
"v1",20260823,"inflammation_ap1_nfkb","JUN",24,"SELENOF",24
"v1",20260823,"inflammation_ap1_nfkb","JUN",24,"HINT1",24
"v1",20260823,"inflammation_ap1_nfkb","JUN",24,"UBC",24
"v1",20260823,"inflammation_ap1_nfkb","JUN",24,"CST3",24
"v1",20260823,"inflammation_ap1_nfkb","JUN",24,"EID1",24
"v1",20260823,"inflammation_ap1_nfkb","JUND",24,"SRSF5",24
"v1",20260823,"inflammation_ap1_nfkb","JUND",24,"ATF4",24
"v1",20260823,"inflammation_ap1_nfkb","JUND",24,"CD63",24
"v1",20260823,"inflammation_ap1_nfkb","JUND",24,"CEBPD",24
"v1",20260823,"inflammation_ap1_nfkb","JUND",24,"TPM4",24
"v1",20260823,"inflammation_ap1_nfkb","JUND",24,"ARID5B",24
"v1",20260823,"inflammation_ap1_nfkb","JUND",24,"CD9",24
"v1",20260823,"inflammation_ap1_nfkb","JUND",24,"ATP5MG",24
"v1",20260823,"inflammation_ap1_nfkb","JUND",24,"CD81",24
"v1",20260823,"inflammation_ap1_nfkb","JUND",24,"PRDX6",24
"v1",20260823,"inflammation_ap1_nfkb","JUND",24,"EIF4G2",24
"v1",20260823,"inflammation_ap1_nfkb","JUND",24,"LGALS3",24
"v1",20260823,"inflammation_ap1_nfkb","JUND",24,"ZFP36L2",24
"v1",20260823,"inflammation_ap1_nfkb","JUND",24,"FHL1",24
"v1",20260823,"inflammation_ap1_nfkb","JUND",24,"OAZ1",24
"v1",20260823,"inflammation_ap1_nfkb","JUND",24,"ISLR",24
"v1",20260823,"inflammation_ap1_nfkb","JUND",24,"SERPINF1",24
"v1",20260823,"inflammation_ap1_nfkb","JUND",24,"TRMT112",24
"v1",20260823,"inflammation_ap1_nfkb","JUND",24,"SLIRP",24
"v1",20260823,"inflammation_ap1_nfkb","JUND",24,"EIF3F",24
"v1",20260823,"inflammation_ap1_nfkb","FOS",24,"AP2M1",24
"v1",20260823,"inflammation_ap1_nfkb","FOS",24,"TUBB",24
"v1",20260823,"inflammation_ap1_nfkb","FOS",24,"TRMT112",24
"v1",20260823,"inflammation_ap1_nfkb","FOS",24,"LGALS3",24
"v1",20260823,"inflammation_ap1_nfkb","FOS",24,"SEC61G",24
"v1",20260823,"inflammation_ap1_nfkb","FOS",24,"REEP5",24
"v1",20260823,"inflammation_ap1_nfkb","FOS",24,"SSR2",24
"v1",20260823,"inflammation_ap1_nfkb","FOS",24,"BRI3",24
"v1",20260823,"inflammation_ap1_nfkb","FOS",24,"DDAH2",24
"v1",20260823,"inflammation_ap1_nfkb","FOS",24,"ATP5MD",24
"v1",20260823,"inflammation_ap1_nfkb","FOS",24,"VPS28",24
"v1",20260823,"inflammation_ap1_nfkb","FOS",24,"ATP5MC3",24
"v1",20260823,"inflammation_ap1_nfkb","FOS",24,"LUM",24
"v1",20260823,"inflammation_ap1_nfkb","FOS",24,"COX6A1",24
"v1",20260823,"inflammation_ap1_nfkb","FOS",24,"EEF2",24
"v1",20260823,"inflammation_ap1_nfkb","FOS",24,"EIF4A1",24
"v1",20260823,"inflammation_ap1_nfkb","FOS",24,"HNRNPA2B1",24
"v1",20260823,"inflammation_ap1_nfkb","FOS",24,"RBX1",24
"v1",20260823,"inflammation_ap1_nfkb","FOS",24,"COPS9",24
"v1",20260823,"inflammation_ap1_nfkb","FOS",24,"UBE2D3",24
"v1",20260823,"inflammation_ap1_nfkb","FOSB",24,"CD99",24
"v1",20260823,"inflammation_ap1_nfkb","FOSB",24,"CRYAB",24
"v1",20260823,"inflammation_ap1_nfkb","FOSB",24,"S100A13",24
"v1",20260823,"inflammation_ap1_nfkb","FOSB",24,"ATP5F1D",24
"v1",20260823,"inflammation_ap1_nfkb","FOSB",24,"C11orf96",24
"v1",20260823,"inflammation_ap1_nfkb","FOSB",24,"COMP",24
"v1",20260823,"inflammation_ap1_nfkb","FOSB",24,"SPON2",24
"v1",20260823,"inflammation_ap1_nfkb","FOSB",24,"CALU",24
"v1",20260823,"inflammation_ap1_nfkb","FOSB",24,"IER2",24
"v1",20260823,"inflammation_ap1_nfkb","FOSB",24,"NAP1L1",24
"v1",20260823,"inflammation_ap1_nfkb","FOSB",24,"TMSB10",24
"v1",20260823,"inflammation_ap1_nfkb","FOSB",24,"COMMD6",24
"v1",20260823,"inflammation_ap1_nfkb","FOSB",24,"ARF4",24
"v1",20260823,"inflammation_ap1_nfkb","FOSB",24,"TUBA1B",24
"v1",20260823,"inflammation_ap1_nfkb","FOSB",24,"SLC25A6",24
"v1",20260823,"inflammation_ap1_nfkb","FOSB",24,"ST13",24
"v1",20260823,"inflammation_ap1_nfkb","FOSB",24,"SERBP1",24
"v1",20260823,"inflammation_ap1_nfkb","FOSB",24,"PRDX5",24
"v1",20260823,"inflammation_ap1_nfkb","FOSB",24,"HNRNPU",24
"v1",20260823,"inflammation_ap1_nfkb","FOSB",24,"FCGRT",24
"v1",20260823,"inflammation_ap1_nfkb","ATF3",23,"PPIG",23
"v1",20260823,"inflammation_ap1_nfkb","ATF3",23,"SNRPB2",23
"v1",20260823,"inflammation_ap1_nfkb","ATF3",23,"MRPL41",23
"v1",20260823,"inflammation_ap1_nfkb","ATF3",23,"MXRA7",23
"v1",20260823,"inflammation_ap1_nfkb","ATF3",23,"PAIP2",23
"v1",20260823,"inflammation_ap1_nfkb","ATF3",23,"FOXP1",23
"v1",20260823,"inflammation_ap1_nfkb","ATF3",23,"NDN",23
"v1",20260823,"inflammation_ap1_nfkb","ATF3",23,"LRRFIP1",23
"v1",20260823,"inflammation_ap1_nfkb","ATF3",23,"CHD9",23
"v1",20260823,"inflammation_ap1_nfkb","ATF3",23,"BZW1",23
"v1",20260823,"inflammation_ap1_nfkb","ATF3",23,"OS9",23
"v1",20260823,"inflammation_ap1_nfkb","ATF3",23,"SRSF11",23
"v1",20260823,"inflammation_ap1_nfkb","ATF3",23,"LAMP2",23
"v1",20260823,"inflammation_ap1_nfkb","ATF3",23,"EIF1AX",23
"v1",20260823,"inflammation_ap1_nfkb","ATF3",23,"ACADVL",23
"v1",20260823,"inflammation_ap1_nfkb","ATF3",23,"LGALS3BP",23
"v1",20260823,"inflammation_ap1_nfkb","ATF3",23,"MYH11",23
"v1",20260823,"inflammation_ap1_nfkb","ATF3",23,"HNRNPF",23
"v1",20260823,"inflammation_ap1_nfkb","ATF3",23,"LMAN2",23
"v1",20260823,"inflammation_ap1_nfkb","ATF3",23,"DNAJB1",23
"v1",20260823,"inflammation_ap1_nfkb","STAT3",23,"CAV2",23
"v1",20260823,"inflammation_ap1_nfkb","STAT3",23,"ZNF706",23
"v1",20260823,"inflammation_ap1_nfkb","STAT3",23,"CCT7",23
"v1",20260823,"inflammation_ap1_nfkb","STAT3",23,"FAM3C",23
"v1",20260823,"inflammation_ap1_nfkb","STAT3",23,"IRF1",23
"v1",20260823,"inflammation_ap1_nfkb","STAT3",23,"RANBP1",23
"v1",20260823,"inflammation_ap1_nfkb","STAT3",23,"CHMP5",23
"v1",20260823,"inflammation_ap1_nfkb","STAT3",23,"PFDN2",23
"v1",20260823,"inflammation_ap1_nfkb","STAT3",23,"CTSL",23
"v1",20260823,"inflammation_ap1_nfkb","STAT3",23,"HSPA1B",23
"v1",20260823,"inflammation_ap1_nfkb","STAT3",23,"TMEM14B",23
"v1",20260823,"inflammation_ap1_nfkb","STAT3",23,"DCTN2",23
"v1",20260823,"inflammation_ap1_nfkb","STAT3",23,"TMEM165",23
"v1",20260823,"inflammation_ap1_nfkb","STAT3",23,"SSBP1",23
"v1",20260823,"inflammation_ap1_nfkb","STAT3",23,"RALY",23
"v1",20260823,"inflammation_ap1_nfkb","STAT3",23,"MAP1LC3B",23
"v1",20260823,"inflammation_ap1_nfkb","STAT3",23,"CCT4",23
"v1",20260823,"inflammation_ap1_nfkb","STAT3",23,"SAT2",23
"v1",20260823,"inflammation_ap1_nfkb","STAT3",23,"BASP1",23
"v1",20260823,"inflammation_ap1_nfkb","STAT3",23,"TAX1BP3",23
"v1",20260823,"inflammation_ap1_nfkb","SOCS3",24,"S100A10",24
"v1",20260823,"inflammation_ap1_nfkb","SOCS3",24,"SOD3",24
"v1",20260823,"inflammation_ap1_nfkb","SOCS3",24,"RAB2A",24
"v1",20260823,"inflammation_ap1_nfkb","SOCS3",24,"ARPC2",24
"v1",20260823,"inflammation_ap1_nfkb","SOCS3",24,"CALM1",24
"v1",20260823,"inflammation_ap1_nfkb","SOCS3",24,"RAN",24
"v1",20260823,"inflammation_ap1_nfkb","SOCS3",24,"ANXA11",24
"v1",20260823,"inflammation_ap1_nfkb","SOCS3",24,"PTMS",24
"v1",20260823,"inflammation_ap1_nfkb","SOCS3",24,"HSPA5",24
"v1",20260823,"inflammation_ap1_nfkb","SOCS3",24,"CUTA",24
"v1",20260823,"inflammation_ap1_nfkb","SOCS3",24,"NOP53",24
"v1",20260823,"inflammation_ap1_nfkb","SOCS3",24,"SF3B6",24
"v1",20260823,"inflammation_ap1_nfkb","SOCS3",24,"TPPP3",24
"v1",20260823,"inflammation_ap1_nfkb","SOCS3",24,"GABARAPL2",24
"v1",20260823,"inflammation_ap1_nfkb","SOCS3",24,"CD59",24
"v1",20260823,"inflammation_ap1_nfkb","SOCS3",24,"CLTB",24
"v1",20260823,"inflammation_ap1_nfkb","SOCS3",24,"RBM39",24
"v1",20260823,"inflammation_ap1_nfkb","SOCS3",24,"PABPC1",24
"v1",20260823,"inflammation_ap1_nfkb","SOCS3",24,"LBH",24
"v1",20260823,"inflammation_ap1_nfkb","SOCS3",24,"APOD",24
"v1",20260823,"inflammation_ap1_nfkb","ICAM1",21,"KLHDC3",21
"v1",20260823,"inflammation_ap1_nfkb","ICAM1",21,"POLE4",21
"v1",20260823,"inflammation_ap1_nfkb","ICAM1",21,"CARD19",21
"v1",20260823,"inflammation_ap1_nfkb","ICAM1",21,"MOB2",21
"v1",20260823,"inflammation_ap1_nfkb","ICAM1",21,"IMP3",21
"v1",20260823,"inflammation_ap1_nfkb","ICAM1",21,"SPPL2A",21
"v1",20260823,"inflammation_ap1_nfkb","ICAM1",21,"ISYNA1",21
"v1",20260823,"inflammation_ap1_nfkb","ICAM1",21,"CHCHD5",21
"v1",20260823,"inflammation_ap1_nfkb","ICAM1",21,"YIPF5",21
"v1",20260823,"inflammation_ap1_nfkb","ICAM1",21,"GTF2I",21
"v1",20260823,"inflammation_ap1_nfkb","ICAM1",21,"MRPS36",21
"v1",20260823,"inflammation_ap1_nfkb","ICAM1",21,"SUCLG1",21
"v1",20260823,"inflammation_ap1_nfkb","ICAM1",21,"SYNE1",21
"v1",20260823,"inflammation_ap1_nfkb","ICAM1",21,"ERI3",21
"v1",20260823,"inflammation_ap1_nfkb","ICAM1",21,"RSRC1",21
"v1",20260823,"inflammation_ap1_nfkb","ICAM1",21,"TMEM176A",21
"v1",20260823,"inflammation_ap1_nfkb","ICAM1",21,"ALG5",21
"v1",20260823,"inflammation_ap1_nfkb","ICAM1",21,"NDUFAF2",21
"v1",20260823,"inflammation_ap1_nfkb","ICAM1",21,"UBE2A",21
"v1",20260823,"inflammation_ap1_nfkb","ICAM1",21,"PRPF40A",21
"v1",20260823,"hypoxia","HIF1A",22,"PNKD",22
"v1",20260823,"hypoxia","HIF1A",22,"RRAS",22
"v1",20260823,"hypoxia","HIF1A",22,"ATP6V0D1",22
"v1",20260823,"hypoxia","HIF1A",22,"RGS3",22
"v1",20260823,"hypoxia","HIF1A",22,"PRR13",22
"v1",20260823,"hypoxia","HIF1A",22,"CARHSP1",22
"v1",20260823,"hypoxia","HIF1A",22,"FAM89B",22
"v1",20260823,"hypoxia","HIF1A",22,"PSME2",22
"v1",20260823,"hypoxia","HIF1A",22,"FAAP20",22
"v1",20260823,"hypoxia","HIF1A",22,"GGNBP2",22
"v1",20260823,"hypoxia","HIF1A",22,"WDR13",22
"v1",20260823,"hypoxia","HIF1A",22,"EIF4A3",22
"v1",20260823,"hypoxia","HIF1A",22,"AUP1",22
"v1",20260823,"hypoxia","HIF1A",22,"PSMC6",22
"v1",20260823,"hypoxia","HIF1A",22,"ZFYVE21",22
"v1",20260823,"hypoxia","HIF1A",22,"CD55",22
"v1",20260823,"hypoxia","HIF1A",22,"BTF3L4",22
"v1",20260823,"hypoxia","HIF1A",22,"MFAP2",22
"v1",20260823,"hypoxia","HIF1A",22,"SORBS3",22
"v1",20260823,"hypoxia","HIF1A",22,"RAB11A",22
"v1",20260823,"hypoxia","EPAS1",22,"ATP6V0D1",22
"v1",20260823,"hypoxia","EPAS1",22,"SNRNP70",22
"v1",20260823,"hypoxia","EPAS1",22,"TRAPPC3",22
"v1",20260823,"hypoxia","EPAS1",22,"HSD17B10",22
"v1",20260823,"hypoxia","EPAS1",22,"CDKN1C",22
"v1",20260823,"hypoxia","EPAS1",22,"IRF2BP2",22
"v1",20260823,"hypoxia","EPAS1",22,"TSPAN3",22
"v1",20260823,"hypoxia","EPAS1",22,"ZFHX3",22
"v1",20260823,"hypoxia","EPAS1",22,"ERGIC2",22
"v1",20260823,"hypoxia","EPAS1",22,"AUP1",22
"v1",20260823,"hypoxia","EPAS1",22,"SPAG7",22
"v1",20260823,"hypoxia","EPAS1",22,"SCAF11",22
"v1",20260823,"hypoxia","EPAS1",22,"MYH9",22
"v1",20260823,"hypoxia","EPAS1",22,"SLC44A1",22
"v1",20260823,"hypoxia","EPAS1",22,"SSU72",22
"v1",20260823,"hypoxia","EPAS1",22,"RND3",22
"v1",20260823,"hypoxia","EPAS1",22,"SARS",22
"v1",20260823,"hypoxia","EPAS1",22,"H2AFV",22
"v1",20260823,"hypoxia","EPAS1",22,"YPEL3",22
"v1",20260823,"hypoxia","EPAS1",22,"MARVELD1",22
"v1",20260823,"hypoxia","EGLN1",19,"WLS",19
"v1",20260823,"hypoxia","EGLN1",19,"TOR1AIP1",19
"v1",20260823,"hypoxia","EGLN1",19,"MPRIP",19
"v1",20260823,"hypoxia","EGLN1",19,"JAGN1",19
"v1",20260823,"hypoxia","EGLN1",19,"PHF3",19
"v1",20260823,"hypoxia","EGLN1",19,"GTF2F1",19
"v1",20260823,"hypoxia","EGLN1",19,"ZC2HC1A",19
"v1",20260823,"hypoxia","EGLN1",19,"PDHA1",19
"v1",20260823,"hypoxia","EGLN1",19,"DDB1",19
"v1",20260823,"hypoxia","EGLN1",19,"HARS",19
"v1",20260823,"hypoxia","EGLN1",19,"COTL1",19
"v1",20260823,"hypoxia","EGLN1",19,"BRD3",19
"v1",20260823,"hypoxia","EGLN1",19,"LRRC41",19
"v1",20260823,"hypoxia","EGLN1",19,"ADAM17",19
"v1",20260823,"hypoxia","EGLN1",19,"ATP2A2",19
"v1",20260823,"hypoxia","EGLN1",19,"PNPLA2",19
"v1",20260823,"hypoxia","EGLN1",19,"FAM173A",19
"v1",20260823,"hypoxia","EGLN1",19,"ABHD17A",19
"v1",20260823,"hypoxia","EGLN1",19,"RNASEH2B",19
"v1",20260823,"hypoxia","EGLN1",19,"PLEKHJ1",19
"v1",20260823,"hypoxia","EGLN2",14,"KLHL9",14
"v1",20260823,"hypoxia","EGLN2",14,"ACOT2",14
"v1",20260823,"hypoxia","EGLN2",14,"AGPS",14
"v1",20260823,"hypoxia","EGLN2",14,"FADS1",14
"v1",20260823,"hypoxia","EGLN2",14,"CDIP1",14
"v1",20260823,"hypoxia","EGLN2",14,"USP10",14
"v1",20260823,"hypoxia","EGLN2",14,"ACP2",14
"v1",20260823,"hypoxia","EGLN2",14,"ZDHHC12",14
"v1",20260823,"hypoxia","EGLN2",14,"DAAM2",14
"v1",20260823,"hypoxia","EGLN2",14,"C2orf74",14
"v1",20260823,"hypoxia","EGLN2",14,"MBD1",14
"v1",20260823,"hypoxia","EGLN2",14,"MICAL1",14
"v1",20260823,"hypoxia","EGLN2",14,"GLIS2",14
"v1",20260823,"hypoxia","EGLN2",14,"ANKRD37",14
"v1",20260823,"hypoxia","EGLN2",14,"SERPINA5",14
"v1",20260823,"hypoxia","EGLN2",14,"NAPG",14
"v1",20260823,"hypoxia","EGLN2",14,"PODNL1",14
"v1",20260823,"hypoxia","EGLN2",14,"SEPHS1",14
"v1",20260823,"hypoxia","EGLN2",14,"Z97200.1",14
"v1",20260823,"hypoxia","EGLN2",14,"TCTA",14
"v1",20260823,"hypoxia","EGLN3",12,"RC3H2",12
"v1",20260823,"hypoxia","EGLN3",12,"CPLANE1",12
"v1",20260823,"hypoxia","EGLN3",12,"MINDY3",12
"v1",20260823,"hypoxia","EGLN3",12,"MED1",12
"v1",20260823,"hypoxia","EGLN3",12,"RALGDS",12
"v1",20260823,"hypoxia","EGLN3",12,"OSBPL2",12
"v1",20260823,"hypoxia","EGLN3",12,"ZNF721",12
"v1",20260823,"hypoxia","EGLN3",12,"TMEM216",12
"v1",20260823,"hypoxia","EGLN3",12,"BTN2A1",12
"v1",20260823,"hypoxia","EGLN3",12,"MINPP1",12
"v1",20260823,"hypoxia","EGLN3",12,"GMDS",12
"v1",20260823,"hypoxia","EGLN3",12,"METTL3",12
"v1",20260823,"hypoxia","EGLN3",12,"MIA2",12
"v1",20260823,"hypoxia","EGLN3",12,"CPSF4",12
"v1",20260823,"hypoxia","EGLN3",12,"KDM7A",12
"v1",20260823,"hypoxia","EGLN3",12,"BLMH",12
"v1",20260823,"hypoxia","EGLN3",12,"B3GAT2",12
"v1",20260823,"hypoxia","EGLN3",12,"GNPNAT1",12
"v1",20260823,"hypoxia","EGLN3",12,"NRBP2",12
"v1",20260823,"hypoxia","EGLN3",12,"LACTB2",12
"v1",20260823,"hypoxia","VEGFA",19,"UBE2D1",19
"v1",20260823,"hypoxia","VEGFA",19,"RAB5B",19
"v1",20260823,"hypoxia","VEGFA",19,"SBNO1",19
"v1",20260823,"hypoxia","VEGFA",19,"PLK3",19
"v1",20260823,"hypoxia","VEGFA",19,"PDS5B",19
"v1",20260823,"hypoxia","VEGFA",19,"CCS",19
"v1",20260823,"hypoxia","VEGFA",19,"TMEM134",19
"v1",20260823,"hypoxia","VEGFA",19,"CREBRF",19
"v1",20260823,"hypoxia","VEGFA",19,"FEZ1",19
"v1",20260823,"hypoxia","VEGFA",19,"EMX2",19
"v1",20260823,"hypoxia","VEGFA",19,"REST",19
"v1",20260823,"hypoxia","VEGFA",19,"NPEPPS",19
"v1",20260823,"hypoxia","VEGFA",19,"MRPS23",19
"v1",20260823,"hypoxia","VEGFA",19,"RETREG1",19
"v1",20260823,"hypoxia","VEGFA",19,"USE1",19
"v1",20260823,"hypoxia","VEGFA",19,"ABHD12",19
"v1",20260823,"hypoxia","VEGFA",19,"PHF20",19
"v1",20260823,"hypoxia","VEGFA",19,"MAP3K2",19
"v1",20260823,"hypoxia","VEGFA",19,"FYTTD1",19
"v1",20260823,"hypoxia","VEGFA",19,"CIZ1",19
"v1",20260823,"hypoxia","SLC2A1",15,"RASAL2",15
"v1",20260823,"hypoxia","SLC2A1",15,"CYS1",15
"v1",20260823,"hypoxia","SLC2A1",15,"USP7",15
"v1",20260823,"hypoxia","SLC2A1",15,"IKBKG",15
"v1",20260823,"hypoxia","SLC2A1",15,"ISG20L2",15
"v1",20260823,"hypoxia","SLC2A1",15,"KLHL7",15
"v1",20260823,"hypoxia","SLC2A1",15,"CCDC127",15
"v1",20260823,"hypoxia","SLC2A1",15,"DNMT1",15
"v1",20260823,"hypoxia","SLC2A1",15,"GPN1",15
"v1",20260823,"hypoxia","SLC2A1",15,"PQLC1",15
"v1",20260823,"hypoxia","SLC2A1",15,"PLXNB2",15
"v1",20260823,"hypoxia","SLC2A1",15,"NFIL3",15
"v1",20260823,"hypoxia","SLC2A1",15,"GALNS",15
"v1",20260823,"hypoxia","SLC2A1",15,"NRM",15
"v1",20260823,"hypoxia","SLC2A1",15,"CYB561",15
"v1",20260823,"hypoxia","SLC2A1",15,"IARS",15
"v1",20260823,"hypoxia","SLC2A1",15,"NPEPL1",15
"v1",20260823,"hypoxia","SLC2A1",15,"NME7",15
"v1",20260823,"hypoxia","SLC2A1",15,"JOSD1",15
"v1",20260823,"hypoxia","SLC2A1",15,"GPATCH4",15
"v1",20260823,"hypoxia","LDHA",24,"SH3BGRL3",24
"v1",20260823,"hypoxia","LDHA",24,"MORF4L2",24
"v1",20260823,"hypoxia","LDHA",24,"VPS28",24
"v1",20260823,"hypoxia","LDHA",24,"ATP5F1D",24
"v1",20260823,"hypoxia","LDHA",24,"SEC61G",24
"v1",20260823,"hypoxia","LDHA",24,"CFH",24
"v1",20260823,"hypoxia","LDHA",24,"HSPA1A",24
"v1",20260823,"hypoxia","LDHA",24,"SUB1",24
"v1",20260823,"hypoxia","LDHA",24,"CEBPD",24
"v1",20260823,"hypoxia","LDHA",24,"TMSB4X",24
"v1",20260823,"hypoxia","LDHA",24,"PPIC",24
"v1",20260823,"hypoxia","LDHA",24,"NDUFA11",24
"v1",20260823,"hypoxia","LDHA",24,"RAP1B",24
"v1",20260823,"hypoxia","LDHA",24,"MRFAP1",24
"v1",20260823,"hypoxia","LDHA",24,"H3F3B",24
"v1",20260823,"hypoxia","LDHA",24,"HNRNPDL",24
"v1",20260823,"hypoxia","LDHA",24,"IFITM2",24
"v1",20260823,"hypoxia","LDHA",24,"CSTB",24
"v1",20260823,"hypoxia","LDHA",24,"TMSB10",24
"v1",20260823,"hypoxia","LDHA",24,"TPT1",24
"v1",20260823,"hypoxia","PDK1",14,"FHOD3",14
"v1",20260823,"hypoxia","PDK1",14,"UHMK1",14
"v1",20260823,"hypoxia","PDK1",14,"CHORDC1",14
"v1",20260823,"hypoxia","PDK1",14,"MBOAT7",14
"v1",20260823,"hypoxia","PDK1",14,"MCOLN3",14
"v1",20260823,"hypoxia","PDK1",14,"RIOK2",14
"v1",20260823,"hypoxia","PDK1",14,"DHRS4-AS1",14
"v1",20260823,"hypoxia","PDK1",14,"COA6",14
"v1",20260823,"hypoxia","PDK1",14,"SMURF2",14
"v1",20260823,"hypoxia","PDK1",14,"SH2B1",14
"v1",20260823,"hypoxia","PDK1",14,"NUAK1",14
"v1",20260823,"hypoxia","PDK1",14,"C16orf87",14
"v1",20260823,"hypoxia","PDK1",14,"PTPRK",14
"v1",20260823,"hypoxia","PDK1",14,"SLC8B1",14
"v1",20260823,"hypoxia","PDK1",14,"SRRT",14
"v1",20260823,"hypoxia","PDK1",14,"SLC26A2",14
"v1",20260823,"hypoxia","PDK1",14,"EIF2B2",14
"v1",20260823,"hypoxia","PDK1",14,"PRICKLE1",14
"v1",20260823,"hypoxia","PDK1",14,"SRFBP1",14
"v1",20260823,"hypoxia","PDK1",14,"GGA2",14
"v1",20260823,"hypoxia","BNIP3",22,"NDUFS2",22
"v1",20260823,"hypoxia","BNIP3",22,"CIR1",22
"v1",20260823,"hypoxia","BNIP3",22,"MFAP2",22
"v1",20260823,"hypoxia","BNIP3",22,"PRDX3",22
"v1",20260823,"hypoxia","BNIP3",22,"EIF4A3",22
"v1",20260823,"hypoxia","BNIP3",22,"HSPB2",22
"v1",20260823,"hypoxia","BNIP3",22,"CYGB",22
"v1",20260823,"hypoxia","BNIP3",22,"FAM50A",22
"v1",20260823,"hypoxia","BNIP3",22,"DDX18",22
"v1",20260823,"hypoxia","BNIP3",22,"DDX46",22
"v1",20260823,"hypoxia","BNIP3",22,"WDR45",22
"v1",20260823,"hypoxia","BNIP3",22,"H2AFY",22
"v1",20260823,"hypoxia","BNIP3",22,"EPB41L4A-AS1",22
"v1",20260823,"hypoxia","BNIP3",22,"VAT1",22
"v1",20260823,"hypoxia","BNIP3",22,"RAB11A",22
"v1",20260823,"hypoxia","BNIP3",22,"LRRC17",22
"v1",20260823,"hypoxia","BNIP3",22,"PMEPA1",22
"v1",20260823,"hypoxia","BNIP3",22,"BAG1",22
"v1",20260823,"hypoxia","BNIP3",22,"PSMD13",22
"v1",20260823,"hypoxia","BNIP3",22,"SNHG7",22
"v1",20260823,"hypoxia","CA9",6,"DROSHA",6
"v1",20260823,"hypoxia","CA9",6,"PREX2",6
"v1",20260823,"hypoxia","CA9",6,"ASTE1",6
"v1",20260823,"hypoxia","CA9",6,"AXIN1",6
"v1",20260823,"hypoxia","CA9",6,"AC067852.2",6
"v1",20260823,"hypoxia","CA9",6,"DNMBP",6
"v1",20260823,"hypoxia","CA9",6,"GPATCH1",6
"v1",20260823,"hypoxia","CA9",6,"CLUH",6
"v1",20260823,"hypoxia","CA9",6,"MDGA1",6
"v1",20260823,"hypoxia","CA9",6,"RIOX1",6
"v1",20260823,"hypoxia","CA9",6,"CHST3",6
"v1",20260823,"hypoxia","CA9",6,"TCTN2",6
"v1",20260823,"hypoxia","CA9",6,"GAS8",6
"v1",20260823,"hypoxia","CA9",6,"ATG16L1",6
"v1",20260823,"hypoxia","CA9",6,"MCCC1",6
"v1",20260823,"hypoxia","CA9",6,"FASTKD5",6
"v1",20260823,"hypoxia","CA9",6,"ZMYND19",6
"v1",20260823,"hypoxia","CA9",6,"CAD",6
"v1",20260823,"hypoxia","CA9",6,"AC015922.4",6
"v1",20260823,"hypoxia","CA9",6,"PTPDC1",6
"v1",20260823,"hypoxia","ADM",23,"TRAM1",23
"v1",20260823,"hypoxia","ADM",23,"ENY2",23
"v1",20260823,"hypoxia","ADM",23,"ATP5F1C",23
"v1",20260823,"hypoxia","ADM",23,"THBS4",23
"v1",20260823,"hypoxia","ADM",23,"XRCC6",23
"v1",20260823,"hypoxia","ADM",23,"CERCAM",23
"v1",20260823,"hypoxia","ADM",23,"FAM3C",23
"v1",20260823,"hypoxia","ADM",23,"AKAP13",23
"v1",20260823,"hypoxia","ADM",23,"CBX6",23
"v1",20260823,"hypoxia","ADM",23,"SNHG8",23
"v1",20260823,"hypoxia","ADM",23,"UGP2",23
"v1",20260823,"hypoxia","ADM",23,"SRSF7",23
"v1",20260823,"hypoxia","ADM",23,"RANBP1",23
"v1",20260823,"hypoxia","ADM",23,"HSBP1",23
"v1",20260823,"hypoxia","ADM",23,"PDCD5",23
"v1",20260823,"hypoxia","ADM",23,"PLS3",23
"v1",20260823,"hypoxia","ADM",23,"CYC1",23
"v1",20260823,"hypoxia","ADM",23,"COX7A2L",23
"v1",20260823,"hypoxia","ADM",23,"GADD45A",23
"v1",20260823,"hypoxia","ADM",23,"PPA1",23
"v1",20260823,"hypoxia","NDRG1",22,"CCPG1",22
"v1",20260823,"hypoxia","NDRG1",22,"RNASEH2C",22
"v1",20260823,"hypoxia","NDRG1",22,"PSMD7",22
"v1",20260823,"hypoxia","NDRG1",22,"SNRNP70",22
"v1",20260823,"hypoxia","NDRG1",22,"AKAP9",22
"v1",20260823,"hypoxia","NDRG1",22,"SCX",22
"v1",20260823,"hypoxia","NDRG1",22,"MPC2",22
"v1",20260823,"hypoxia","NDRG1",22,"AKR7A2",22
"v1",20260823,"hypoxia","NDRG1",22,"PPP4C",22
"v1",20260823,"hypoxia","NDRG1",22,"MGAT1",22
"v1",20260823,"hypoxia","NDRG1",22,"CILP",22
"v1",20260823,"hypoxia","NDRG1",22,"C1orf43",22
"v1",20260823,"hypoxia","NDRG1",22,"ANTXR1",22
"v1",20260823,"hypoxia","NDRG1",22,"SEC13",22
"v1",20260823,"hypoxia","NDRG1",22,"HM13",22
"v1",20260823,"hypoxia","NDRG1",22,"EIF4E2",22
"v1",20260823,"hypoxia","NDRG1",22,"PPP1R14A",22
"v1",20260823,"hypoxia","NDRG1",22,"NCOR1",22
"v1",20260823,"hypoxia","NDRG1",22,"FRG1",22
"v1",20260823,"hypoxia","NDRG1",22,"CYB5A",22
"v1",20260823,"hypoxia","PGK1",24,"LY6E",24
"v1",20260823,"hypoxia","PGK1",24,"COX7B",24
"v1",20260823,"hypoxia","PGK1",24,"NDUFB8",24
"v1",20260823,"hypoxia","PGK1",24,"TMSB4X",24
"v1",20260823,"hypoxia","PGK1",24,"S100A11",24
"v1",20260823,"hypoxia","PGK1",24,"HSPB1",24
"v1",20260823,"hypoxia","PGK1",24,"H3F3A",24
"v1",20260823,"hypoxia","PGK1",24,"HSPA5",24
"v1",20260823,"hypoxia","PGK1",24,"ANGPTL2",24
"v1",20260823,"hypoxia","PGK1",24,"CCNL1",24
"v1",20260823,"hypoxia","PGK1",24,"WDR83OS",24
"v1",20260823,"hypoxia","PGK1",24,"C1S",24
"v1",20260823,"hypoxia","PGK1",24,"KRT10",24
"v1",20260823,"hypoxia","PGK1",24,"CNN3",24
"v1",20260823,"hypoxia","PGK1",24,"SELENOW",24
"v1",20260823,"hypoxia","PGK1",24,"C9orf16",24
"v1",20260823,"hypoxia","PGK1",24,"HSP90AB1",24
"v1",20260823,"hypoxia","PGK1",24,"RAB1A",24
"v1",20260823,"hypoxia","PGK1",24,"HNRNPK",24
"v1",20260823,"hypoxia","PGK1",24,"TMED2",24
"v1",20260823,"hypoxia","ENO1",24,"RAP1B",24
"v1",20260823,"hypoxia","ENO1",24,"NDUFS5",24
"v1",20260823,"hypoxia","ENO1",24,"SERF2",24
"v1",20260823,"hypoxia","ENO1",24,"EID1",24
"v1",20260823,"hypoxia","ENO1",24,"TCEAL9",24
"v1",20260823,"hypoxia","ENO1",24,"CSDE1",24
"v1",20260823,"hypoxia","ENO1",24,"EIF5A",24
"v1",20260823,"hypoxia","ENO1",24,"NDUFA1",24
"v1",20260823,"hypoxia","ENO1",24,"GAS6",24
"v1",20260823,"hypoxia","ENO1",24,"IFI16",24
"v1",20260823,"hypoxia","ENO1",24,"ELOB",24
"v1",20260823,"hypoxia","ENO1",24,"TTC3",24
"v1",20260823,"hypoxia","ENO1",24,"FXYD1",24
"v1",20260823,"hypoxia","ENO1",24,"HNRNPA1",24
"v1",20260823,"hypoxia","ENO1",24,"ARID5B",24
"v1",20260823,"hypoxia","ENO1",24,"KRT10",24
"v1",20260823,"hypoxia","ENO1",24,"TXNIP",24
"v1",20260823,"hypoxia","ENO1",24,"SEPT7",24
"v1",20260823,"hypoxia","ENO1",24,"ECM1",24
"v1",20260823,"hypoxia","ENO1",24,"MALAT1",24
"v1",20260823,"hypoxia","HK2",9,"PUSL1",9
"v1",20260823,"hypoxia","HK2",9,"PLCE1",9
"v1",20260823,"hypoxia","HK2",9,"ZNF609",9
"v1",20260823,"hypoxia","HK2",9,"RUSC2",9
"v1",20260823,"hypoxia","HK2",9,"TMEM53",9
"v1",20260823,"hypoxia","HK2",9,"SYNGAP1",9
"v1",20260823,"hypoxia","HK2",9,"BOK",9
"v1",20260823,"hypoxia","HK2",9,"ANKHD1",9
"v1",20260823,"hypoxia","HK2",9,"ANKRD44",9
"v1",20260823,"hypoxia","HK2",9,"HES6",9
"v1",20260823,"hypoxia","HK2",9,"UTP14C",9
"v1",20260823,"hypoxia","HK2",9,"CHFR",9
"v1",20260823,"hypoxia","HK2",9,"PPFIBP2",9
"v1",20260823,"hypoxia","HK2",9,"LRRC4C",9
"v1",20260823,"hypoxia","HK2",9,"USP42",9
"v1",20260823,"hypoxia","HK2",9,"DOCK8",9
"v1",20260823,"hypoxia","HK2",9,"FZD6",9
"v1",20260823,"hypoxia","HK2",9,"PGS1",9
"v1",20260823,"hypoxia","HK2",9,"USP19",9
"v1",20260823,"hypoxia","HK2",9,"BCL2",9
"v1",20260823,"hypoxia","DDIT4",23,"ARF5",23
"v1",20260823,"hypoxia","DDIT4",23,"CTSA",23
"v1",20260823,"hypoxia","DDIT4",23,"SRSF10",23
"v1",20260823,"hypoxia","DDIT4",23,"ERP29",23
"v1",20260823,"hypoxia","DDIT4",23,"SNU13",23
"v1",20260823,"hypoxia","DDIT4",23,"CHMP4B",23
"v1",20260823,"hypoxia","DDIT4",23,"NDUFV2",23
"v1",20260823,"hypoxia","DDIT4",23,"CHMP3",23
"v1",20260823,"hypoxia","DDIT4",23,"INTS6",23
"v1",20260823,"hypoxia","DDIT4",23,"BTG2",23
"v1",20260823,"hypoxia","DDIT4",23,"EIF6",23
"v1",20260823,"hypoxia","DDIT4",23,"UBE2I",23
"v1",20260823,"hypoxia","DDIT4",23,"SPTBN1",23
"v1",20260823,"hypoxia","DDIT4",23,"CMTM3",23
"v1",20260823,"hypoxia","DDIT4",23,"UBXN4",23
"v1",20260823,"hypoxia","DDIT4",23,"PPA1",23
"v1",20260823,"hypoxia","DDIT4",23,"NDUFA12",23
"v1",20260823,"hypoxia","DDIT4",23,"LOXL1",23
"v1",20260823,"hypoxia","DDIT4",23,"FKBP10",23
"v1",20260823,"hypoxia","DDIT4",23,"FAM96B",23
"v1",20260823,"hypoxia","PFKFB3",16,"FTO",16
"v1",20260823,"hypoxia","PFKFB3",16,"HSD17B4",16
"v1",20260823,"hypoxia","PFKFB3",16,"PAF1",16
"v1",20260823,"hypoxia","PFKFB3",16,"FN3KRP",16
"v1",20260823,"hypoxia","PFKFB3",16,"MLXIP",16
"v1",20260823,"hypoxia","PFKFB3",16,"UBA5",16
"v1",20260823,"hypoxia","PFKFB3",16,"PSMG1",16
"v1",20260823,"hypoxia","PFKFB3",16,"STK38L",16
"v1",20260823,"hypoxia","PFKFB3",16,"SBF2",16
"v1",20260823,"hypoxia","PFKFB3",16,"REL",16
"v1",20260823,"hypoxia","PFKFB3",16,"SSBP3",16
"v1",20260823,"hypoxia","PFKFB3",16,"NAGLU",16
"v1",20260823,"hypoxia","PFKFB3",16,"SP110",16
"v1",20260823,"hypoxia","PFKFB3",16,"FZD7",16
"v1",20260823,"hypoxia","PFKFB3",16,"GALK1",16
"v1",20260823,"hypoxia","PFKFB3",16,"IFIT1",16
"v1",20260823,"hypoxia","PFKFB3",16,"EIF2B3",16
"v1",20260823,"hypoxia","PFKFB3",16,"TRAPPC12",16
"v1",20260823,"hypoxia","PFKFB3",16,"MACROD1",16
"v1",20260823,"hypoxia","PFKFB3",16,"E2F4",16
"v1",20260823,"cell_cycle","MKI67",10,"MKL1",10
"v1",20260823,"cell_cycle","MKI67",10,"GTF3C2",10
"v1",20260823,"cell_cycle","MKI67",10,"AL157938.3",10
"v1",20260823,"cell_cycle","MKI67",10,"PCCA",10
"v1",20260823,"cell_cycle","MKI67",10,"ZNF821",10
"v1",20260823,"cell_cycle","MKI67",10,"HYPK",10
"v1",20260823,"cell_cycle","MKI67",10,"SACS",10
"v1",20260823,"cell_cycle","MKI67",10,"CHD1L",10
"v1",20260823,"cell_cycle","MKI67",10,"NCOA6",10
"v1",20260823,"cell_cycle","MKI67",10,"LRRK2",10
"v1",20260823,"cell_cycle","MKI67",10,"METTL8",10
"v1",20260823,"cell_cycle","MKI67",10,"SMOX",10
"v1",20260823,"cell_cycle","MKI67",10,"CAAP1",10
"v1",20260823,"cell_cycle","MKI67",10,"RASA1",10
"v1",20260823,"cell_cycle","MKI67",10,"NAA16",10
"v1",20260823,"cell_cycle","MKI67",10,"DNAJB5",10
"v1",20260823,"cell_cycle","MKI67",10,"GLE1",10
"v1",20260823,"cell_cycle","MKI67",10,"PHF2",10
"v1",20260823,"cell_cycle","MKI67",10,"LRCH1",10
"v1",20260823,"cell_cycle","MKI67",10,"TTLL3",10
"v1",20260823,"cell_cycle","TOP2A",10,"RGMB",10
"v1",20260823,"cell_cycle","TOP2A",10,"TMEM37",10
"v1",20260823,"cell_cycle","TOP2A",10,"PMS1",10
"v1",20260823,"cell_cycle","TOP2A",10,"FAM13C",10
"v1",20260823,"cell_cycle","TOP2A",10,"FAM20B",10
"v1",20260823,"cell_cycle","TOP2A",10,"ST7L",10
"v1",20260823,"cell_cycle","TOP2A",10,"AFF3",10
"v1",20260823,"cell_cycle","TOP2A",10,"LINC00685",10
"v1",20260823,"cell_cycle","TOP2A",10,"HSD11B1",10
"v1",20260823,"cell_cycle","TOP2A",10,"AC244090.1",10
"v1",20260823,"cell_cycle","TOP2A",10,"WDR77",10
"v1",20260823,"cell_cycle","TOP2A",10,"TYSND1",10
"v1",20260823,"cell_cycle","TOP2A",10,"OTUD4",10
"v1",20260823,"cell_cycle","TOP2A",10,"RASSF3",10
"v1",20260823,"cell_cycle","TOP2A",10,"TTPAL",10
"v1",20260823,"cell_cycle","TOP2A",10,"KIF3B",10
"v1",20260823,"cell_cycle","TOP2A",10,"TSTD2",10
"v1",20260823,"cell_cycle","TOP2A",10,"PHF2",10
"v1",20260823,"cell_cycle","TOP2A",10,"ADCY7",10
"v1",20260823,"cell_cycle","TOP2A",10,"CCDC106",10
"v1",20260823,"cell_cycle","PCNA",21,"TPGS1",21
"v1",20260823,"cell_cycle","PCNA",21,"TCF7L2",21
"v1",20260823,"cell_cycle","PCNA",21,"TRIP10",21
"v1",20260823,"cell_cycle","PCNA",21,"FASTK",21
"v1",20260823,"cell_cycle","PCNA",21,"SAP30BP",21
"v1",20260823,"cell_cycle","PCNA",21,"SDF2",21
"v1",20260823,"cell_cycle","PCNA",21,"CRBN",21
"v1",20260823,"cell_cycle","PCNA",21,"COPB1",21
"v1",20260823,"cell_cycle","PCNA",21,"AMD1",21
"v1",20260823,"cell_cycle","PCNA",21,"ELAVL1",21
"v1",20260823,"cell_cycle","PCNA",21,"FILIP1",21
"v1",20260823,"cell_cycle","PCNA",21,"TOB2",21
"v1",20260823,"cell_cycle","PCNA",21,"C1QTNF2",21
"v1",20260823,"cell_cycle","PCNA",21,"NDUFA8",21
"v1",20260823,"cell_cycle","PCNA",21,"MAP7D1",21
"v1",20260823,"cell_cycle","PCNA",21,"CLEC2B",21
"v1",20260823,"cell_cycle","PCNA",21,"PPCS",21
"v1",20260823,"cell_cycle","PCNA",21,"WDR61",21
"v1",20260823,"cell_cycle","PCNA",21,"ODF2L",21
"v1",20260823,"cell_cycle","PCNA",21,"ELOF1",21
"v1",20260823,"cell_cycle","MCM2",12,"CCDC97",12
"v1",20260823,"cell_cycle","MCM2",12,"DPH6",12
"v1",20260823,"cell_cycle","MCM2",12,"FRS2",12
"v1",20260823,"cell_cycle","MCM2",12,"MED1",12
"v1",20260823,"cell_cycle","MCM2",12,"KDM7A",12
"v1",20260823,"cell_cycle","MCM2",12,"VARS",12
"v1",20260823,"cell_cycle","MCM2",12,"RREB1",12
"v1",20260823,"cell_cycle","MCM2",12,"TNFSF13B",12
"v1",20260823,"cell_cycle","MCM2",12,"AK5",12
"v1",20260823,"cell_cycle","MCM2",12,"SPG11",12
"v1",20260823,"cell_cycle","MCM2",12,"FAM214B",12
"v1",20260823,"cell_cycle","MCM2",12,"SOCS2",12
"v1",20260823,"cell_cycle","MCM2",12,"GCA",12
"v1",20260823,"cell_cycle","MCM2",12,"MTPAP",12
"v1",20260823,"cell_cycle","MCM2",12,"HIST1H1C",12
"v1",20260823,"cell_cycle","MCM2",12,"C11orf54",12
"v1",20260823,"cell_cycle","MCM2",12,"CSTF1",12
"v1",20260823,"cell_cycle","MCM2",12,"TSPAN17",12
"v1",20260823,"cell_cycle","MCM2",12,"ARMC9",12
"v1",20260823,"cell_cycle","MCM2",12,"SCAF4",12
"v1",20260823,"cell_cycle","MCM3",19,"SNRNP25",19
"v1",20260823,"cell_cycle","MCM3",19,"PLEKHA5",19
"v1",20260823,"cell_cycle","MCM3",19,"ZFPL1",19
"v1",20260823,"cell_cycle","MCM3",19,"LINC00667",19
"v1",20260823,"cell_cycle","MCM3",19,"NCOR2",19
"v1",20260823,"cell_cycle","MCM3",19,"INSR",19
"v1",20260823,"cell_cycle","MCM3",19,"SNRPA",19
"v1",20260823,"cell_cycle","MCM3",19,"GRB2",19
"v1",20260823,"cell_cycle","MCM3",19,"TOMM5",19
"v1",20260823,"cell_cycle","MCM3",19,"INTS10",19
"v1",20260823,"cell_cycle","MCM3",19,"DRAM2",19
"v1",20260823,"cell_cycle","MCM3",19,"SEC24D",19
"v1",20260823,"cell_cycle","MCM3",19,"CCNG2",19
"v1",20260823,"cell_cycle","MCM3",19,"FEZ1",19
"v1",20260823,"cell_cycle","MCM3",19,"GALNT1",19
"v1",20260823,"cell_cycle","MCM3",19,"AC068888.1",19
"v1",20260823,"cell_cycle","MCM3",19,"RDH11",19
"v1",20260823,"cell_cycle","MCM3",19,"TIMM17B",19
"v1",20260823,"cell_cycle","MCM3",19,"CDKN1B",19
"v1",20260823,"cell_cycle","MCM3",19,"CSNK1D",19
"v1",20260823,"cell_cycle","MCM4",14,"PPP6R2",14
"v1",20260823,"cell_cycle","MCM4",14,"RPRD2",14
"v1",20260823,"cell_cycle","MCM4",14,"KAT6A",14
"v1",20260823,"cell_cycle","MCM4",14,"WISP1",14
"v1",20260823,"cell_cycle","MCM4",14,"SCML1",14
"v1",20260823,"cell_cycle","MCM4",14,"SARNP",14
"v1",20260823,"cell_cycle","MCM4",14,"TMEM65",14
"v1",20260823,"cell_cycle","MCM4",14,"ALG12",14
"v1",20260823,"cell_cycle","MCM4",14,"SYNM",14
"v1",20260823,"cell_cycle","MCM4",14,"FLNC",14
"v1",20260823,"cell_cycle","MCM4",14,"PPP6R3",14
"v1",20260823,"cell_cycle","MCM4",14,"FMNL2",14
"v1",20260823,"cell_cycle","MCM4",14,"STK11",14
"v1",20260823,"cell_cycle","MCM4",14,"ERC1",14
"v1",20260823,"cell_cycle","MCM4",14,"CPNE2",14
"v1",20260823,"cell_cycle","MCM4",14,"COMTD1",14
"v1",20260823,"cell_cycle","MCM4",14,"BAP1",14
"v1",20260823,"cell_cycle","MCM4",14,"MIIP",14
"v1",20260823,"cell_cycle","MCM4",14,"TP53BP1",14
"v1",20260823,"cell_cycle","MCM4",14,"PYGB",14
"v1",20260823,"cell_cycle","MCM5",17,"CRTC3",17
"v1",20260823,"cell_cycle","MCM5",17,"CGRRF1",17
"v1",20260823,"cell_cycle","MCM5",17,"TIMM50",17
"v1",20260823,"cell_cycle","MCM5",17,"UBQLN1",17
"v1",20260823,"cell_cycle","MCM5",17,"PTGES2",17
"v1",20260823,"cell_cycle","MCM5",17,"STXBP6",17
"v1",20260823,"cell_cycle","MCM5",17,"CYP20A1",17
"v1",20260823,"cell_cycle","MCM5",17,"DPF2",17
"v1",20260823,"cell_cycle","MCM5",17,"INSIG1",17
"v1",20260823,"cell_cycle","MCM5",17,"NECAP2",17
"v1",20260823,"cell_cycle","MCM5",17,"GLB1",17
"v1",20260823,"cell_cycle","MCM5",17,"EPN2",17
"v1",20260823,"cell_cycle","MCM5",17,"CUX1",17
"v1",20260823,"cell_cycle","MCM5",17,"TBX2",17
"v1",20260823,"cell_cycle","MCM5",17,"SLK",17
"v1",20260823,"cell_cycle","MCM5",17,"SLAIN2",17
"v1",20260823,"cell_cycle","MCM5",17,"HYAL2",17
"v1",20260823,"cell_cycle","MCM5",17,"RRP7A",17
"v1",20260823,"cell_cycle","MCM5",17,"APOC1",17
"v1",20260823,"cell_cycle","MCM5",17,"SETD7",17
"v1",20260823,"cell_cycle","MCM6",16,"HBS1L",16
"v1",20260823,"cell_cycle","MCM6",16,"NUDT9",16
"v1",20260823,"cell_cycle","MCM6",16,"NOL3",16
"v1",20260823,"cell_cycle","MCM6",16,"UBL4A",16
"v1",20260823,"cell_cycle","MCM6",16,"FBXO32",16
"v1",20260823,"cell_cycle","MCM6",16,"TFDP1",16
"v1",20260823,"cell_cycle","MCM6",16,"ACYP1",16
"v1",20260823,"cell_cycle","MCM6",16,"ZDHHC9",16
"v1",20260823,"cell_cycle","MCM6",16,"CAMKK2",16
"v1",20260823,"cell_cycle","MCM6",16,"DALRD3",16
"v1",20260823,"cell_cycle","MCM6",16,"RABEP1",16
"v1",20260823,"cell_cycle","MCM6",16,"IGSF8",16
"v1",20260823,"cell_cycle","MCM6",16,"ZC3H14",16
"v1",20260823,"cell_cycle","MCM6",16,"ADCY3",16
"v1",20260823,"cell_cycle","MCM6",16,"KHSRP",16
"v1",20260823,"cell_cycle","MCM6",16,"TCF7L1",16
"v1",20260823,"cell_cycle","MCM6",16,"ZNF330",16
"v1",20260823,"cell_cycle","MCM6",16,"CINP",16
"v1",20260823,"cell_cycle","MCM6",16,"EIF2AK4",16
"v1",20260823,"cell_cycle","MCM6",16,"ALG13",16
"v1",20260823,"cell_cycle","MCM7",18,"RNPEP",18
"v1",20260823,"cell_cycle","MCM7",18,"BCL3",18
"v1",20260823,"cell_cycle","MCM7",18,"PAXX",18
"v1",20260823,"cell_cycle","MCM7",18,"MARCH7",18
"v1",20260823,"cell_cycle","MCM7",18,"KCNMA1",18
"v1",20260823,"cell_cycle","MCM7",18,"COMMD8",18
"v1",20260823,"cell_cycle","MCM7",18,"R3HDM2",18
"v1",20260823,"cell_cycle","MCM7",18,"PPP4R3B",18
"v1",20260823,"cell_cycle","MCM7",18,"BAZ1B",18
"v1",20260823,"cell_cycle","MCM7",18,"HMGXB4",18
"v1",20260823,"cell_cycle","MCM7",18,"SASH1",18
"v1",20260823,"cell_cycle","MCM7",18,"CHD1",18
"v1",20260823,"cell_cycle","MCM7",18,"ZNF32",18
"v1",20260823,"cell_cycle","MCM7",18,"SIAH2",18
"v1",20260823,"cell_cycle","MCM7",18,"MLX",18
"v1",20260823,"cell_cycle","MCM7",18,"MCFD2",18
"v1",20260823,"cell_cycle","MCM7",18,"TMEM54",18
"v1",20260823,"cell_cycle","MCM7",18,"PKN1",18
"v1",20260823,"cell_cycle","MCM7",18,"FRA10AC1",18
"v1",20260823,"cell_cycle","MCM7",18,"RIF1",18
"v1",20260823,"cell_cycle","CDK1",10,"IL17RE",10
"v1",20260823,"cell_cycle","CDK1",10,"ANKZF1",10
"v1",20260823,"cell_cycle","CDK1",10,"THTPA",10
"v1",20260823,"cell_cycle","CDK1",10,"MKL1",10
"v1",20260823,"cell_cycle","CDK1",10,"TMEM37",10
"v1",20260823,"cell_cycle","CDK1",10,"NIPSNAP1",10
"v1",20260823,"cell_cycle","CDK1",10,"SUSD5",10
"v1",20260823,"cell_cycle","CDK1",10,"PLEKHG4",10
"v1",20260823,"cell_cycle","CDK1",10,"GHR",10
"v1",20260823,"cell_cycle","CDK1",10,"FZD4",10
"v1",20260823,"cell_cycle","CDK1",10,"FAM13C",10
"v1",20260823,"cell_cycle","CDK1",10,"IFT46",10
"v1",20260823,"cell_cycle","CDK1",10,"RFTN2",10
"v1",20260823,"cell_cycle","CDK1",10,"ADCY7",10
"v1",20260823,"cell_cycle","CDK1",10,"FAM102A",10
"v1",20260823,"cell_cycle","CDK1",10,"SSH1",10
"v1",20260823,"cell_cycle","CDK1",10,"FEM1A",10
"v1",20260823,"cell_cycle","CDK1",10,"DPAGT1",10
"v1",20260823,"cell_cycle","CDK1",10,"PTPN4",10
"v1",20260823,"cell_cycle","CDK1",10,"RRNAD1",10
"v1",20260823,"cell_cycle","CDK2",16,"R3HDM4",16
"v1",20260823,"cell_cycle","CDK2",16,"BTBD7",16
"v1",20260823,"cell_cycle","CDK2",16,"ASCC2",16
"v1",20260823,"cell_cycle","CDK2",16,"TRNAU1AP",16
"v1",20260823,"cell_cycle","CDK2",16,"TPRG1L",16
"v1",20260823,"cell_cycle","CDK2",16,"CASP7",16
"v1",20260823,"cell_cycle","CDK2",16,"PLBD1",16
"v1",20260823,"cell_cycle","CDK2",16,"PGD",16
"v1",20260823,"cell_cycle","CDK2",16,"ORC4",16
"v1",20260823,"cell_cycle","CDK2",16,"ALG13",16
"v1",20260823,"cell_cycle","CDK2",16,"SLC30A7",16
"v1",20260823,"cell_cycle","CDK2",16,"PGP",16
"v1",20260823,"cell_cycle","CDK2",16,"MFSD11",16
"v1",20260823,"cell_cycle","CDK2",16,"GSTM4",16
"v1",20260823,"cell_cycle","CDK2",16,"SF3A1",16
"v1",20260823,"cell_cycle","CDK2",16,"MTRNR2L12",16
"v1",20260823,"cell_cycle","CDK2",16,"HOXD11",16
"v1",20260823,"cell_cycle","CDK2",16,"TNKS2",16
"v1",20260823,"cell_cycle","CDK2",16,"EEF1AKMT2",16
"v1",20260823,"cell_cycle","CDK2",16,"PAF1",16
"v1",20260823,"cell_cycle","CCNB1",13,"YAE1D1",13
"v1",20260823,"cell_cycle","CCNB1",13,"DPYD",13
"v1",20260823,"cell_cycle","CCNB1",13,"GMCL1",13
"v1",20260823,"cell_cycle","CCNB1",13,"SDC1",13
"v1",20260823,"cell_cycle","CCNB1",13,"HACD1",13
"v1",20260823,"cell_cycle","CCNB1",13,"EXOSC3",13
"v1",20260823,"cell_cycle","CCNB1",13,"MFSD14C",13
"v1",20260823,"cell_cycle","CCNB1",13,"TBC1D16",13
"v1",20260823,"cell_cycle","CCNB1",13,"SOS1",13
"v1",20260823,"cell_cycle","CCNB1",13,"CSNK2A2",13
"v1",20260823,"cell_cycle","CCNB1",13,"TAF13",13
"v1",20260823,"cell_cycle","CCNB1",13,"LURAP1L",13
"v1",20260823,"cell_cycle","CCNB1",13,"ACSL1",13
"v1",20260823,"cell_cycle","CCNB1",13,"TMEM245",13
"v1",20260823,"cell_cycle","CCNB1",13,"ZBTB43",13
"v1",20260823,"cell_cycle","CCNB1",13,"FAM208B",13
"v1",20260823,"cell_cycle","CCNB1",13,"HPS4",13
"v1",20260823,"cell_cycle","CCNB1",13,"SYT11",13
"v1",20260823,"cell_cycle","CCNB1",13,"GART",13
"v1",20260823,"cell_cycle","CCNB1",13,"RIPOR1",13
"v1",20260823,"cell_cycle","CCNB2",10,"EPHA3",10
"v1",20260823,"cell_cycle","CCNB2",10,"INKA1",10
"v1",20260823,"cell_cycle","CCNB2",10,"SPR",10
"v1",20260823,"cell_cycle","CCNB2",10,"PRKAR2B",10
"v1",20260823,"cell_cycle","CCNB2",10,"NHSL2",10
"v1",20260823,"cell_cycle","CCNB2",10,"MIEF1",10
"v1",20260823,"cell_cycle","CCNB2",10,"PCCA",10
"v1",20260823,"cell_cycle","CCNB2",10,"ZBTB17",10
"v1",20260823,"cell_cycle","CCNB2",10,"BRD3OS",10
"v1",20260823,"cell_cycle","CCNB2",10,"CASP2",10
"v1",20260823,"cell_cycle","CCNB2",10,"PEX26",10
"v1",20260823,"cell_cycle","CCNB2",10,"C8orf76",10
"v1",20260823,"cell_cycle","CCNB2",10,"GPR89A",10
"v1",20260823,"cell_cycle","CCNB2",10,"DLAT",10
"v1",20260823,"cell_cycle","CCNB2",10,"SUSD5",10
"v1",20260823,"cell_cycle","CCNB2",10,"GHR",10
"v1",20260823,"cell_cycle","CCNB2",10,"CEBPA",10
"v1",20260823,"cell_cycle","CCNB2",10,"BTBD3",10
"v1",20260823,"cell_cycle","CCNB2",10,"DMD",10
"v1",20260823,"cell_cycle","CCNB2",10,"BRAP",10
"v1",20260823,"cell_cycle","CCNA2",10,"CSPP1",10
"v1",20260823,"cell_cycle","CCNA2",10,"CCP110",10
"v1",20260823,"cell_cycle","CCNA2",10,"MTIF2",10
"v1",20260823,"cell_cycle","CCNA2",10,"GMEB1",10
"v1",20260823,"cell_cycle","CCNA2",10,"PM20D2",10
"v1",20260823,"cell_cycle","CCNA2",10,"PLXNA1",10
"v1",20260823,"cell_cycle","CCNA2",10,"RASA2",10
"v1",20260823,"cell_cycle","CCNA2",10,"SEH1L",10
"v1",20260823,"cell_cycle","CCNA2",10,"GSPT2",10
"v1",20260823,"cell_cycle","CCNA2",10,"STAT5A",10
"v1",20260823,"cell_cycle","CCNA2",10,"PRR3",10
"v1",20260823,"cell_cycle","CCNA2",10,"FRMD6-AS1",10
"v1",20260823,"cell_cycle","CCNA2",10,"RAB7B",10
"v1",20260823,"cell_cycle","CCNA2",10,"POFUT1",10
"v1",20260823,"cell_cycle","CCNA2",10,"CD36",10
"v1",20260823,"cell_cycle","CCNA2",10,"AP1B1",10
"v1",20260823,"cell_cycle","CCNA2",10,"IL17RE",10
"v1",20260823,"cell_cycle","CCNA2",10,"PCCB",10
"v1",20260823,"cell_cycle","CCNA2",10,"PPP2R5B",10
"v1",20260823,"cell_cycle","CCNA2",10,"WDR5",10
"v1",20260823,"cell_cycle","CDC20",11,"NGFR",11
"v1",20260823,"cell_cycle","CDC20",11,"INO80C",11
"v1",20260823,"cell_cycle","CDC20",11,"PDE3A",11
"v1",20260823,"cell_cycle","CDC20",11,"YRDC",11
"v1",20260823,"cell_cycle","CDC20",11,"KIAA0319L",11
"v1",20260823,"cell_cycle","CDC20",11,"ERLIN1",11
"v1",20260823,"cell_cycle","CDC20",11,"FAM111A",11
"v1",20260823,"cell_cycle","CDC20",11,"TTC8",11
"v1",20260823,"cell_cycle","CDC20",11,"TNKS",11
"v1",20260823,"cell_cycle","CDC20",11,"TRMT10B",11
"v1",20260823,"cell_cycle","CDC20",11,"ZNF267",11
"v1",20260823,"cell_cycle","CDC20",11,"HACL1",11
"v1",20260823,"cell_cycle","CDC20",11,"TRIM7",11
"v1",20260823,"cell_cycle","CDC20",11,"USP25",11
"v1",20260823,"cell_cycle","CDC20",11,"SIRT1",11
"v1",20260823,"cell_cycle","CDC20",11,"DOLK",11
"v1",20260823,"cell_cycle","CDC20",11,"STRADA",11
"v1",20260823,"cell_cycle","CDC20",11,"PARP4",11
"v1",20260823,"cell_cycle","CDC20",11,"SPATA6",11
"v1",20260823,"cell_cycle","CDC20",11,"CHERP",11
"v1",20260823,"cell_cycle","BIRC5",12,"ACSL4",12
"v1",20260823,"cell_cycle","BIRC5",12,"CCDC137",12
"v1",20260823,"cell_cycle","BIRC5",12,"METTL3",12
"v1",20260823,"cell_cycle","BIRC5",12,"HRC",12
"v1",20260823,"cell_cycle","BIRC5",12,"RITA1",12
"v1",20260823,"cell_cycle","BIRC5",12,"ZNF720",12
"v1",20260823,"cell_cycle","BIRC5",12,"SLF2",12
"v1",20260823,"cell_cycle","BIRC5",12,"S100A3",12
"v1",20260823,"cell_cycle","BIRC5",12,"ARMT1",12
"v1",20260823,"cell_cycle","BIRC5",12,"MTFR1",12
"v1",20260823,"cell_cycle","BIRC5",12,"NOC3L",12
"v1",20260823,"cell_cycle","BIRC5",12,"NR2C2AP",12
"v1",20260823,"cell_cycle","BIRC5",12,"BRMS1L",12
"v1",20260823,"cell_cycle","BIRC5",12,"SLC25A17",12
"v1",20260823,"cell_cycle","BIRC5",12,"ASCC3",12
"v1",20260823,"cell_cycle","BIRC5",12,"CRYBG3",12
"v1",20260823,"cell_cycle","BIRC5",12,"SLC25A32",12
"v1",20260823,"cell_cycle","BIRC5",12,"NQO1",12
"v1",20260823,"cell_cycle","BIRC5",12,"MCRIP2",12
"v1",20260823,"cell_cycle","BIRC5",12,"RNF2",12
"v1",20260823,"cell_cycle","UBE2C",11,"MAPK7",11
"v1",20260823,"cell_cycle","UBE2C",11,"TSPYL4",11
"v1",20260823,"cell_cycle","UBE2C",11,"FAM217B",11
"v1",20260823,"cell_cycle","UBE2C",11,"NUP35",11
"v1",20260823,"cell_cycle","UBE2C",11,"TFEB",11
"v1",20260823,"cell_cycle","UBE2C",11,"MOSPD1",11
"v1",20260823,"cell_cycle","UBE2C",11,"GTF3C3",11
"v1",20260823,"cell_cycle","UBE2C",11,"MAP2K5",11
"v1",20260823,"cell_cycle","UBE2C",11,"KCTD18",11
"v1",20260823,"cell_cycle","UBE2C",11,"PEX3",11
"v1",20260823,"cell_cycle","UBE2C",11,"MBOAT2",11
"v1",20260823,"cell_cycle","UBE2C",11,"SMG9",11
"v1",20260823,"cell_cycle","UBE2C",11,"SREBF2",11
"v1",20260823,"cell_cycle","UBE2C",11,"CKAP5",11
"v1",20260823,"cell_cycle","UBE2C",11,"COQ8B",11
"v1",20260823,"cell_cycle","UBE2C",11,"ERVK3-1",11
"v1",20260823,"cell_cycle","UBE2C",11,"SNTB1",11
"v1",20260823,"cell_cycle","UBE2C",11,"RCC2",11
"v1",20260823,"cell_cycle","UBE2C",11,"IFNAR2",11
"v1",20260823,"cell_cycle","UBE2C",11,"TFPT",11
"v1",20260823,"cell_cycle","CENPF",12,"IQCB1",12
"v1",20260823,"cell_cycle","CENPF",12,"ME2",12
"v1",20260823,"cell_cycle","CENPF",12,"ING5",12
"v1",20260823,"cell_cycle","CENPF",12,"MSC",12
"v1",20260823,"cell_cycle","CENPF",12,"ECD",12
"v1",20260823,"cell_cycle","CENPF",12,"SLC25A28",12
"v1",20260823,"cell_cycle","CENPF",12,"ARHGAP42",12
"v1",20260823,"cell_cycle","CENPF",12,"FAM114A2",12
"v1",20260823,"cell_cycle","CENPF",12,"GALK2",12
"v1",20260823,"cell_cycle","CENPF",12,"RALGDS",12
"v1",20260823,"cell_cycle","CENPF",12,"MNT",12
"v1",20260823,"cell_cycle","CENPF",12,"ZNRF1",12
"v1",20260823,"cell_cycle","CENPF",12,"SNHG10",12
"v1",20260823,"cell_cycle","CENPF",12,"MON1B",12
"v1",20260823,"cell_cycle","CENPF",12,"SUPT7L",12
"v1",20260823,"cell_cycle","CENPF",12,"LARP4",12
"v1",20260823,"cell_cycle","CENPF",12,"OSBPL2",12
"v1",20260823,"cell_cycle","CENPF",12,"CLASP2",12
"v1",20260823,"cell_cycle","CENPF",12,"COG6",12
"v1",20260823,"cell_cycle","CENPF",12,"DYRK4",12
