source,sample_id,target_state,pair_family,gene_a,gene_b,cells,gene_a_detection_rate,gene_b_detection_rate,observed_co_detection_rate,expected_independence_rate,excess_co_detection_rate,co_detection_enrichment_ratio,permutation_p_one_sided,permutation_reps,library_size_stratified,library_size_field
PRJNA607098,SRS6155880,F7: Fascia-like myofibroblast,integrin_x_actomyosin,ITGAV,CFL1,3169,0.0,0.8573682549700221,0.0,0.0,0.0,nan,1.0,200,False,NOT_AVAILABLE
PRJNA607098,SRS6155880,F7: Fascia-like myofibroblast,integrin_x_actomyosin,ITGAV,LIMK1,3169,0.0,0.0665825181445251,0.0,0.0,0.0,nan,1.0,200,False,NOT_AVAILABLE
PRJNA607098,SRS6155880,F7: Fascia-like myofibroblast,integrin_x_actomyosin,ITGAV,CNN2,3169,0.0,0.1887030609024929,0.0,0.0,0.0,nan,1.0,200,False,NOT_AVAILABLE
PRJNA607098,SRS6155880,F7: Fascia-like myofibroblast,integrin_x_actomyosin,ITGAV,CDC42,3169,0.0,0.5263490059955822,0.0,0.0,0.0,nan,1.0,200,False,NOT_AVAILABLE
PRJNA607098,SRS6155880,F7: Fascia-like myofibroblast,integrin_x_actomyosin,ITGB1,CFL1,3169,0.8630482802145787,0.8573682549700221,0.7604922688545283,0.739950197962452,0.02054207089207627,1.0277614236047798,0.004975124378109453,200,False,NOT_AVAILABLE
PRJNA607098,SRS6155880,F7: Fascia-like myofibroblast,integrin_x_actomyosin,ITGB1,LIMK1,3169,0.8630482802145787,0.0665825181445251,0.0577469233196592,0.05746392777698836,0.00028299554267084,1.0049247511198525,0.48258706467661694,200,False,NOT_AVAILABLE
PRJNA607098,SRS6155880,F7: Fascia-like myofibroblast,integrin_x_actomyosin,ITGB1,CNN2,3169,0.8630482802145787,0.1887030609024929,0.16661407384032817,0.1628598521831234,0.003754221657204765,1.023051854750448,0.04975124378109453,200,False,NOT_AVAILABLE
PRJNA607098,SRS6155880,F7: Fascia-like myofibroblast,integrin_x_actomyosin,ITGB1,CDC42,3169,0.8630482802145787,0.5263490059955822,0.47301988008835594,0.4542646044171402,0.01875527567121571,1.0412871165590378,0.004975124378109453,200,False,NOT_AVAILABLE
PRJNA607098,SRS6155880,F7: Fascia-like myofibroblast,integrin_x_actomyosin,ITGA2,CFL1,3169,0.010097822656989587,0.8573682549700221,0.009151151782896813,0.008657552590419913,0.0004935991924768998,1.0570137099742363,0.30845771144278605,200,False,NOT_AVAILABLE
PRJNA607098,SRS6155880,F7: Fascia-like myofibroblast,integrin_x_actomyosin,ITGA2,LIMK1,3169,0.010097822656989587,0.0665825181445251,0.0009466708740927738,0.0006723384602792058,0.000274332413813568,1.408027251184834,0.35323383084577115,200,False,NOT_AVAILABLE
PRJNA607098,SRS6155880,F7: Fascia-like myofibroblast,integrin_x_actomyosin,ITGA2,CNN2,3169,0.010097822656989587,0.1887030609024929,0.001577784790154623,0.0019054900438244785,-0.0003277052536698555,0.8280204849498329,0.736318407960199,200,False,NOT_AVAILABLE
PRJNA607098,SRS6155880,F7: Fascia-like myofibroblast,integrin_x_actomyosin,ITGA2,CDC42,3169,0.010097822656989587,0.5263490059955822,0.006942253076680341,0.005314978918226138,0.0016272741584542026,1.306167565947242,0.05970149253731343,200,False,NOT_AVAILABLE
PRJNA607098,SRS6155880,F7: Fascia-like myofibroblast,integrin_x_actomyosin,PARVA,CFL1,3169,0.32691700852003786,0.8573682549700221,0.2940990848848217,0.2802882651148447,0.013810819769977,1.0492736282209967,0.004975124378109453,200,False,NOT_AVAILABLE
PRJNA607098,SRS6155880,F7: Fascia-like myofibroblast,integrin_x_actomyosin,PARVA,LIMK1,3169,0.32691700852003786,0.0665825181445251,0.02492899968444304,0.021766957651539284,0.0031620420329037564,1.145267982945708,0.05970149253731343,200,False,NOT_AVAILABLE
PRJNA607098,SRS6155880,F7: Fascia-like myofibroblast,integrin_x_actomyosin,PARVA,CNN2,3169,0.32691700852003786,0.1887030609024929,0.06437361943830862,0.061690240168817495,0.0026833792694911235,1.0434976304541523,0.21393034825870647,200,False,NOT_AVAILABLE
PRJNA607098,SRS6155880,F7: Fascia-like myofibroblast,integrin_x_actomyosin,PARVA,CDC42,3169,0.32691700852003786,0.5263490059955822,0.19406752918901862,0.1720724424775712,0.021995086711447426,1.1278245743173803,0.004975124378109453,200,False,NOT_AVAILABLE
PRJNA607098,SRS6155880,F7: Fascia-like myofibroblast,integrin_x_actomyosin,ITGA5,CFL1,3169,0.35531713474282106,0.8573682549700221,0.3108236036604607,0.3046376317754007,0.006185971885059982,1.0203060004406175,0.029850746268656716,200,False,NOT_AVAILABLE
PRJNA607098,SRS6155880,F7: Fascia-like myofibroblast,integrin_x_actomyosin,ITGA5,LIMK1,3169,0.35531713474282106,0.0665825181445251,0.023982328810350267,0.02365790957107455,0.0003244192392757167,1.0137129292130007,0.5024875621890548,200,False,NOT_AVAILABLE
PRJNA607098,SRS6155880,F7: Fascia-like myofibroblast,integrin_x_actomyosin,ITGA5,CNN2,3169,0.35531713474282106,0.1887030609024929,0.0732092142631745,0.06704943091707384,0.006159783346100664,1.091869286015552,0.05970149253731343,200,False,NOT_AVAILABLE
PRJNA607098,SRS6155880,F7: Fascia-like myofibroblast,integrin_x_actomyosin,ITGA5,CDC42,3169,0.35531713474282106,0.5263490059955822,0.19312085831492584,0.18702082068508222,0.006100037629843624,1.032616890501808,0.1044776119402985,200,False,NOT_AVAILABLE
PRJNA607098,SRS6155880,F7: Fascia-like myofibroblast,integrin_x_actomyosin,FERMT2,CFL1,3169,0.5739981066582518,0.8573682549700221,0.5074155885137267,0.492127755061682,0.015287833452044708,1.0310647657946637,0.004975124378109453,200,False,NOT_AVAILABLE
PRJNA607098,SRS6155880,F7: Fascia-like myofibroblast,integrin_x_actomyosin,FERMT2,LIMK1,3169,0.5739981066582518,0.0665825181445251,0.04133796150205112,0.0382182393514961,0.003119722150555025,1.081629143662603,0.07960199004975124,200,False,NOT_AVAILABLE
PRJNA607098,SRS6155880,F7: Fascia-like myofibroblast,integrin_x_actomyosin,FERMT2,CNN2,3169,0.5739981066582518,0.1887030609024929,0.11454717576522562,0.1083151996786477,0.006231976086577926,1.0575355638457677,0.03482587064676617,200,False,NOT_AVAILABLE
PRJNA607098,SRS6155880,F7: Fascia-like myofibroblast,integrin_x_actomyosin,FERMT2,CDC42,3169,0.5739981066582518,0.5263490059955822,0.3218680971915431,0.30212333288291704,0.01974476430862604,1.0653533248167821,0.004975124378109453,200,False,NOT_AVAILABLE
PRJNA607098,SRS6155880,F7: Fascia-like myofibroblast,integrin_x_mechanosensor,ITGAV,PIEZO2,3169,0.0,0.12369832754812243,0.0,0.0,0.0,nan,1.0,200,False,NOT_AVAILABLE
PRJNA607098,SRS6155880,F7: Fascia-like myofibroblast,integrin_x_mechanosensor,ITGAV,TMEM63B,3169,0.0,0.061533606816030297,0.0,0.0,0.0,nan,1.0,200,False,NOT_AVAILABLE
PRJNA607098,SRS6155880,F7: Fascia-like myofibroblast,integrin_x_mechanosensor,ITGAV,PANX1,3169,0.0,0.052698011991164403,0.0,0.0,0.0,nan,1.0,200,False,NOT_AVAILABLE
PRJNA607098,SRS6155880,F7: Fascia-like myofibroblast,integrin_x_mechanosensor,ITGB1,PIEZO2,3169,0.8630482802145787,0.12369832754812243,0.10602713789839066,0.10675762885582671,-0.0007304909574360474,0.9931574823713765,0.7014925373134329,200,False,NOT_AVAILABLE
PRJNA607098,SRS6155880,F7: Fascia-like myofibroblast,integrin_x_mechanosensor,ITGB1,TMEM63B,3169,0.8630482802145787,0.061533606816030297,0.05490691069738088,0.05310647353797502,0.0018004371594058585,1.033902404725074,0.13930348258706468,200,False,NOT_AVAILABLE
PRJNA607098,SRS6155880,F7: Fascia-like myofibroblast,integrin_x_mechanosensor,ITGB1,PANX1,3169,0.8630482802145787,0.052698011991164403,0.04764910066266961,0.04548092861970168,0.0021681720429679308,1.0476721146372705,0.07462686567164178,200,False,NOT_AVAILABLE
PRJNA607098,SRS6155880,F7: Fascia-like myofibroblast,integrin_x_mechanosensor,ITGA2,PIEZO2,3169,0.010097822656989587,0.12369832754812243,0.0012622278321236984,0.00124908377454715,1.3144057576548436e-05,1.0105229591836735,0.5671641791044776,200,False,NOT_AVAILABLE
PRJNA607098,SRS6155880,F7: Fascia-like myofibroblast,integrin_x_mechanosensor,ITGA2,TMEM63B,3169,0.010097822656989587,0.061533606816030297,0.0,0.0006213554490731996,-0.0006213554490731996,0.0,1.0,200,False,NOT_AVAILABLE
PRJNA607098,SRS6155880,F7: Fascia-like myofibroblast,integrin_x_mechanosensor,ITGA2,PANX1,3169,0.010097822656989587,0.052698011991164403,0.0012622278321236984,0.0005321351794626888,0.0007300926526610095,2.372005988023952,0.06467661691542288,200,False,NOT_AVAILABLE
PRJNA607098,SRS6155880,F7: Fascia-like myofibroblast,integrin_x_mechanosensor,PARVA,PIEZO2,3169,0.32691700852003786,0.12369832754812243,0.03818239192174187,0.04043908720096397,-0.0022566952792221,0.944195197383973,0.7711442786069652,200,False,NOT_AVAILABLE
PRJNA607098,SRS6155880,F7: Fascia-like myofibroblast,integrin_x_mechanosensor,PARVA,TMEM63B,3169,0.32691700852003786,0.061533606816030297,0.02272010097822657,0.020116382663744835,0.0026037183144817337,1.1294327294327293,0.0845771144278607,200,False,NOT_AVAILABLE
PRJNA607098,SRS6155880,F7: Fascia-like myofibroblast,integrin_x_mechanosensor,PARVA,PANX1,3169,0.32691700852003786,0.052698011991164403,0.0192489744398864,0.01722787643510455,0.002021098004781851,1.1173155619263406,0.1890547263681592,200,False,NOT_AVAILABLE
PRJNA607098,SRS6155880,F7: Fascia-like myofibroblast,integrin_x_mechanosensor,ITGA5,PIEZO2,3169,0.35531713474282106,0.12369832754812243,0.049226885452824234,0.04395213531687783,0.005274750135946402,1.1200112371769313,0.05970149253731343,200,False,NOT_AVAILABLE
PRJNA607098,SRS6155880,F7: Fascia-like myofibroblast,integrin_x_mechanosensor,ITGA5,TMEM63B,3169,0.35531713474282106,0.061533606816030297,0.027137898390659516,0.021863944864263213,0.005273953526396303,1.2412169239877942,0.01990049751243781,200,False,NOT_AVAILABLE
PRJNA607098,SRS6155880,F7: Fascia-like myofibroblast,integrin_x_mechanosensor,ITGA5,PANX1,3169,0.35531713474282106,0.052698011991164403,0.017986746607762703,0.018724506627343363,-0.0007377600195806605,0.9605992278320802,0.681592039800995,200,False,NOT_AVAILABLE
PRJNA607098,SRS6155880,F7: Fascia-like myofibroblast,integrin_x_mechanosensor,FERMT2,PIEZO2,3169,0.5739981066582518,0.12369832754812243,0.06879141685074155,0.07100260580941455,-0.002211188958672991,0.968857636512549,0.7611940298507462,200,False,NOT_AVAILABLE
PRJNA607098,SRS6155880,F7: Fascia-like myofibroblast,integrin_x_mechanosensor,FERMT2,TMEM63B,3169,0.5739981066582518,0.061533606816030297,0.037866834963710946,0.03532017380825469,0.0025466611554562577,1.0721021694083814,0.14925373134328357,200,False,NOT_AVAILABLE
PRJNA607098,SRS6155880,F7: Fascia-like myofibroblast,integrin_x_mechanosensor,FERMT2,PANX1,3169,0.5739981066582518,0.052698011991164403,0.03313348059324708,0.03024855910758222,0.0028849214856648646,1.09537384823536,0.0845771144278607,200,False,NOT_AVAILABLE
PRJNA607098,SRS6155880,F7: Fascia-like myofibroblast,integrin_x_hippo,ITGAV,NF2,3169,0.0,0.09719154307352477,0.0,0.0,0.0,nan,1.0,200,False,NOT_AVAILABLE
PRJNA607098,SRS6155880,F7: Fascia-like myofibroblast,integrin_x_hippo,ITGAV,TEAD1,3169,0.0,0.24076995897759546,0.0,0.0,0.0,nan,1.0,200,False,NOT_AVAILABLE
PRJNA607098,SRS6155880,F7: Fascia-like myofibroblast,integrin_x_hippo,ITGB1,NF2,3169,0.8630482802145787,0.09719154307352477,0.08898706216472073,0.08388099410100672,0.0051060680637140116,1.0608727652603336,0.004975124378109453,200,False,NOT_AVAILABLE
PRJNA607098,SRS6155880,F7: Fascia-like myofibroblast,integrin_x_hippo,ITGB1,TEAD1,3169,0.8630482802145787,0.24076995897759546,0.22120542757967812,0.20779609902294843,0.013409328556729688,1.0645311852329278,0.004975124378109453,200,False,NOT_AVAILABLE
PRJNA607098,SRS6155880,F7: Fascia-like myofibroblast,integrin_x_hippo,ITGA2,NF2,3169,0.010097822656989587,0.09719154307352477,0.0012622278321236984,0.0009814229657156177,0.00028080486640808065,1.28612012987013,0.31840796019900497,200,False,NOT_AVAILABLE
PRJNA607098,SRS6155880,F7: Fascia-like myofibroblast,integrin_x_hippo,ITGA2,TEAD1,3169,0.010097822656989587,0.24076995897759546,0.002208898706216472,0.002431252346886417,-0.00022235364066994483,0.9085435779816513,0.6616915422885572,200,False,NOT_AVAILABLE
PRJNA607098,SRS6155880,F7: Fascia-like myofibroblast,integrin_x_hippo,PARVA,NF2,3169,0.32691700852003786,0.09719154307352477,0.03565793625749448,0.03177356851504312,0.003884367742451357,1.1222515418943992,0.07462686567164178,200,False,NOT_AVAILABLE
PRJNA607098,SRS6155880,F7: Fascia-like myofibroblast,integrin_x_hippo,PARVA,TEAD1,3169,0.32691700852003786,0.24076995897759546,0.09687598611549385,0.07871179473044773,0.018164191385046116,1.23076835494922,0.004975124378109453,200,False,NOT_AVAILABLE
PRJNA607098,SRS6155880,F7: Fascia-like myofibroblast,integrin_x_hippo,ITGA5,NF2,3169,0.35531713474282106,0.09719154307352477,0.037866834963710946,0.0345338206061183,0.003333014357592645,1.0965144979354569,0.0945273631840796,200,False,NOT_AVAILABLE
PRJNA607098,SRS6155880,F7: Fascia-like myofibroblast,integrin_x_hippo,ITGA5,TEAD1,3169,0.35531713474282106,0.24076995897759546,0.08961817608078258,0.08554969195606578,0.0040684841247168035,1.0475569698930791,0.12437810945273632,200,False,NOT_AVAILABLE
PRJNA607098,SRS6155880,F7: Fascia-like myofibroblast,integrin_x_hippo,FERMT2,NF2,3169,0.5739981066582518,0.09719154307352477,0.05964026506784475,0.05578776170739715,0.0038525033604475956,1.0690564246089258,0.08955223880597014,200,False,NOT_AVAILABLE
PRJNA607098,SRS6155880,F7: Fascia-like myofibroblast,integrin_x_hippo,FERMT2,TEAD1,3169,0.5739981066582518,0.24076995897759546,0.15146733985484379,0.13820150059332476,0.01326583926151903,1.0959891115839286,0.004975124378109453,200,False,NOT_AVAILABLE
PRJNA607098,SRS6155881,F7: Fascia-like myofibroblast,integrin_x_actomyosin,ITGAV,CFL1,1290,0.0,0.7178294573643411,0.0,0.0,0.0,nan,1.0,200,False,NOT_AVAILABLE
PRJNA607098,SRS6155881,F7: Fascia-like myofibroblast,integrin_x_actomyosin,ITGAV,LIMK1,1290,0.0,0.12248062015503876,0.0,0.0,0.0,nan,1.0,200,False,NOT_AVAILABLE
PRJNA607098,SRS6155881,F7: Fascia-like myofibroblast,integrin_x_actomyosin,ITGAV,CNN2,1290,0.0,0.28837209302325584,0.0,0.0,0.0,nan,1.0,200,False,NOT_AVAILABLE
PRJNA607098,SRS6155881,F7: Fascia-like myofibroblast,integrin_x_actomyosin,ITGAV,CDC42,1290,0.0,0.5728682170542636,0.0,0.0,0.0,nan,1.0,200,False,NOT_AVAILABLE
PRJNA607098,SRS6155881,F7: Fascia-like myofibroblast,integrin_x_actomyosin,ITGB1,CFL1,1290,0.8813953488372093,0.7178294573643411,0.6728682170542636,0.632691544979268,0.040176672074995534,1.0635011995874104,0.004975124378109453,200,False,NOT_AVAILABLE
PRJNA607098,SRS6155881,F7: Fascia-like myofibroblast,integrin_x_actomyosin,ITGB1,LIMK1,1290,0.8813953488372093,0.12248062015503876,0.11317829457364341,0.10795384892734812,0.005224445646295289,1.0483951771817908,0.029850746268656716,200,False,NOT_AVAILABLE
PRJNA607098,SRS6155881,F7: Fascia-like myofibroblast,integrin_x_actomyosin,ITGB1,CNN2,1290,0.8813953488372093,0.28837209302325584,0.27674418604651163,0.2541698215251487,0.02257436452136291,1.0888160694527194,0.004975124378109453,200,False,NOT_AVAILABLE
PRJNA607098,SRS6155881,F7: Fascia-like myofibroblast,integrin_x_actomyosin,ITGB1,CDC42,1290,0.8813953488372093,0.5728682170542636,0.5426356589147286,0.5049233820082928,0.03771227690643586,1.0746891077938168,0.004975124378109453,200,False,NOT_AVAILABLE
PRJNA607098,SRS6155881,F7: Fascia-like myofibroblast,integrin_x_actomyosin,ITGA2,CFL1,1290,0.024806201550387597,0.7178294573643411,0.020155038759689922,0.017806622198185205,0.0023484165615047167,1.1318844492440605,0.1791044776119403,200,False,NOT_AVAILABLE
PRJNA607098,SRS6155881,F7: Fascia-like myofibroblast,integrin_x_actomyosin,ITGA2,LIMK1,1290,0.024806201550387597,0.12248062015503876,0.0031007751937984496,0.003038278949582357,6.249624421609265e-05,1.0205696202531644,0.5920398009950248,200,False,NOT_AVAILABLE
PRJNA607098,SRS6155881,F7: Fascia-like myofibroblast,integrin_x_actomyosin,ITGA2,CNN2,1290,0.024806201550387597,0.28837209302325584,0.006201550387596899,0.007153416261042005,-0.0009518658734451058,0.8669354838709677,0.7611940298507462,200,False,NOT_AVAILABLE
PRJNA607098,SRS6155881,F7: Fascia-like myofibroblast,integrin_x_actomyosin,ITGA2,CDC42,1290,0.024806201550387597,0.5728682170542636,0.018604651162790697,0.014210684454059251,0.004393966708731446,1.3092016238159674,0.024875621890547265,200,False,NOT_AVAILABLE
PRJNA607098,SRS6155881,F7: Fascia-like myofibroblast,integrin_x_actomyosin,PARVA,CFL1,1290,0.4263565891472868,0.7178294573643411,0.3635658914728682,0.3060513190313082,0.05751457244156,1.1879246023954446,0.004975124378109453,200,False,NOT_AVAILABLE
PRJNA607098,SRS6155881,F7: Fascia-like myofibroblast,integrin_x_actomyosin,PARVA,LIMK1,1290,0.4263565891472868,0.12248062015503876,0.06201550387596899,0.05222041944594676,0.009795084430022229,1.1875719217491367,0.024875621890547265,200,False,NOT_AVAILABLE
PRJNA607098,SRS6155881,F7: Fascia-like myofibroblast,integrin_x_actomyosin,PARVA,CNN2,1290,0.4263565891472868,0.28837209302325584,0.1744186046511628,0.12294934198665945,0.05146926266450334,1.4186217008797655,0.004975124378109453,200,False,NOT_AVAILABLE
PRJNA607098,SRS6155881,F7: Fascia-like myofibroblast,integrin_x_actomyosin,PARVA,CDC42,1290,0.4263565891472868,0.5728682170542636,0.313953488372093,0.2442461390541434,0.06970734931794961,1.2853979579284043,0.004975124378109453,200,False,NOT_AVAILABLE
PRJNA607098,SRS6155881,F7: Fascia-like myofibroblast,integrin_x_actomyosin,ITGA5,CFL1,1290,0.4325581395348837,0.7178294573643411,0.3550387596899225,0.3105029745808545,0.04453578510906797,1.1434311061566689,0.004975124378109453,200,False,NOT_AVAILABLE
PRJNA607098,SRS6155881,F7: Fascia-like myofibroblast,integrin_x_actomyosin,ITGA5,LIMK1,1290,0.4325581395348837,0.12248062015503876,0.06589147286821706,0.052979989183342346,0.012911483684874714,1.2437049135701648,0.009950248756218905,200,False,NOT_AVAILABLE
PRJNA607098,SRS6155881,F7: Fascia-like myofibroblast,integrin_x_actomyosin,ITGA5,CNN2,1290,0.4325581395348837,0.28837209302325584,0.16899224806201552,0.12473769605191996,0.04425455201009555,1.3547808995259567,0.004975124378109453,200,False,NOT_AVAILABLE
PRJNA607098,SRS6155881,F7: Fascia-like myofibroblast,integrin_x_actomyosin,ITGA5,CDC42,1290,0.4325581395348837,0.5728682170542636,0.2961240310077519,0.24779881016765823,0.04832522084009369,1.1950179696480274,0.004975124378109453,200,False,NOT_AVAILABLE
PRJNA607098,SRS6155881,F7: Fascia-like myofibroblast,integrin_x_actomyosin,FERMT2,CFL1,1290,0.6558139534883721,0.7178294573643411,0.5131782945736434,0.47076257436452135,0.04241572020912204,1.0901000260404698,0.004975124378109453,200,False,NOT_AVAILABLE
PRJNA607098,SRS6155881,F7: Fascia-like myofibroblast,integrin_x_actomyosin,FERMT2,LIMK1,1290,0.6558139534883721,0.12248062015503876,0.08914728682170543,0.08032449972958355,0.008822787092121878,1.1098393033485952,0.024875621890547265,200,False,NOT_AVAILABLE
PRJNA607098,SRS6155881,F7: Fascia-like myofibroblast,integrin_x_actomyosin,FERMT2,CNN2,1290,0.6558139534883721,0.28837209302325584,0.2302325581395349,0.18911844240129802,0.04111411573823687,1.217398764584763,0.004975124378109453,200,False,NOT_AVAILABLE
PRJNA607098,SRS6155881,F7: Fascia-like myofibroblast,integrin_x_actomyosin,FERMT2,CDC42,1290,0.6558139534883721,0.5728682170542636,0.44108527131782943,0.37569497025419146,0.06539030106363797,1.174051574391309,0.004975124378109453,200,False,NOT_AVAILABLE
PRJNA607098,SRS6155881,F7: Fascia-like myofibroblast,integrin_x_mechanosensor,ITGAV,PIEZO2,1290,0.0,0.3023255813953488,0.0,0.0,0.0,nan,1.0,200,False,NOT_AVAILABLE
PRJNA607098,SRS6155881,F7: Fascia-like myofibroblast,integrin_x_mechanosensor,ITGAV,TMEM63B,1290,0.0,0.13488372093023257,0.0,0.0,0.0,nan,1.0,200,False,NOT_AVAILABLE
PRJNA607098,SRS6155881,F7: Fascia-like myofibroblast,integrin_x_mechanosensor,ITGAV,PANX1,1290,0.0,0.11472868217054263,0.0,0.0,0.0,nan,1.0,200,False,NOT_AVAILABLE
PRJNA607098,SRS6155881,F7: Fascia-like myofibroblast,integrin_x_mechanosensor,ITGB1,PIEZO2,1290,0.8813953488372093,0.3023255813953488,0.27209302325581397,0.2664683612763656,0.0056246619794483865,1.0211081794195251,0.10945273631840796,200,False,NOT_AVAILABLE
PRJNA607098,SRS6155881,F7: Fascia-like myofibroblast,integrin_x_mechanosensor,ITGB1,TMEM63B,1290,0.8813953488372093,0.13488372093023257,0.13023255813953488,0.11888588426176312,0.01134667387777176,1.0954417250477664,0.004975124378109453,200,False,NOT_AVAILABLE
PRJNA607098,SRS6155881,F7: Fascia-like myofibroblast,integrin_x_mechanosensor,ITGB1,PANX1,1290,0.8813953488372093,0.11472868217054263,0.11085271317829458,0.10112132684333874,0.009731386334955835,1.0962347571846254,0.004975124378109453,200,False,NOT_AVAILABLE
PRJNA607098,SRS6155881,F7: Fascia-like myofibroblast,integrin_x_mechanosensor,ITGA2,PIEZO2,1290,0.024806201550387597,0.3023255813953488,0.012403100775193798,0.007499549305931133,0.004903551469262665,1.653846153846154,0.01990049751243781,200,False,NOT_AVAILABLE
PRJNA607098,SRS6155881,F7: Fascia-like myofibroblast,integrin_x_mechanosensor,ITGA2,TMEM63B,1290,0.024806201550387597,0.13488372093023257,0.003875968992248062,0.003345952767261583,0.000530016224986479,1.1584051724137931,0.472636815920398,200,False,NOT_AVAILABLE
PRJNA607098,SRS6155881,F7: Fascia-like myofibroblast,integrin_x_mechanosensor,ITGA2,PANX1,1290,0.024806201550387597,0.11472868217054263,0.002325581395348837,0.0028459828135328404,-0.0005204014181840032,0.8171452702702703,0.7810945273631841,200,False,NOT_AVAILABLE
PRJNA607098,SRS6155881,F7: Fascia-like myofibroblast,integrin_x_mechanosensor,PARVA,PIEZO2,1290,0.4263565891472868,0.3023255813953488,0.14806201550387596,0.12889850369569136,0.019163511808184597,1.1486713286713286,0.004975124378109453,200,False,NOT_AVAILABLE
PRJNA607098,SRS6155881,F7: Fascia-like myofibroblast,integrin_x_mechanosensor,PARVA,TMEM63B,1290,0.4263565891472868,0.13488372093023257,0.07209302325581396,0.05750856318730845,0.014584460068505507,1.2536050156739813,0.004975124378109453,200,False,NOT_AVAILABLE
PRJNA607098,SRS6155881,F7: Fascia-like myofibroblast,integrin_x_mechanosensor,PARVA,PANX1,1290,0.4263565891472868,0.11472868217054263,0.07596899224806201,0.048915329607595696,0.027053662640466318,1.5530712530712532,0.004975124378109453,200,False,NOT_AVAILABLE
PRJNA607098,SRS6155881,F7: Fascia-like myofibroblast,integrin_x_mechanosensor,ITGA5,PIEZO2,1290,0.4325581395348837,0.3023255813953488,0.1496124031007752,0.13077339102217414,0.01883901207860106,1.1440584505100635,0.004975124378109453,200,False,NOT_AVAILABLE
PRJNA607098,SRS6155881,F7: Fascia-like myofibroblast,integrin_x_mechanosensor,ITGA5,TMEM63B,1290,0.4325581395348837,0.13488372093023257,0.07441860465116279,0.05834505137912385,0.016073553272038937,1.2754912866147572,0.004975124378109453,200,False,NOT_AVAILABLE
PRJNA607098,SRS6155881,F7: Fascia-like myofibroblast,integrin_x_mechanosensor,ITGA5,PANX1,1290,0.4325581395348837,0.11472868217054263,0.07519379844961241,0.04962682531097891,0.0255669731386335,1.5151845393780878,0.004975124378109453,200,False,NOT_AVAILABLE
PRJNA607098,SRS6155881,F7: Fascia-like myofibroblast,integrin_x_mechanosensor,FERMT2,PIEZO2,1290,0.6558139534883721,0.3023255813953488,0.19844961240310077,0.19826933477555436,0.0001802776275464102,1.0009092562284052,0.5422885572139303,200,False,NOT_AVAILABLE
PRJNA607098,SRS6155881,F7: Fascia-like myofibroblast,integrin_x_mechanosensor,FERMT2,TMEM63B,1290,0.6558139534883721,0.13488372093023257,0.11007751937984496,0.0884586262844781,0.021618893095366853,1.2443955327300886,0.004975124378109453,200,False,NOT_AVAILABLE
PRJNA607098,SRS6155881,F7: Fascia-like myofibroblast,integrin_x_mechanosensor,FERMT2,PANX1,1290,0.6558139534883721,0.11472868217054263,0.09457364341085271,0.07524067063277447,0.019332972778078245,1.2569484377995017,0.004975124378109453,200,False,NOT_AVAILABLE
PRJNA607098,SRS6155881,F7: Fascia-like myofibroblast,integrin_x_hippo,ITGAV,NF2,1290,0.0,0.14263565891472868,0.0,0.0,0.0,nan,1.0,200,False,NOT_AVAILABLE
PRJNA607098,SRS6155881,F7: Fascia-like myofibroblast,integrin_x_hippo,ITGAV,TEAD1,1290,0.0,0.37131782945736436,0.0,0.0,0.0,nan,1.0,200,False,NOT_AVAILABLE
PRJNA607098,SRS6155881,F7: Fascia-like myofibroblast,integrin_x_hippo,ITGB1,NF2,1290,0.8813953488372093,0.14263565891472868,0.1310077519379845,0.1257184063457725,0.0052893455922120025,1.042072960881037,0.05970149253731343,200,False,NOT_AVAILABLE
PRJNA607098,SRS6155881,F7: Fascia-like myofibroblast,integrin_x_hippo,ITGB1,TEAD1,1290,0.8813953488372093,0.37131782945736436,0.34418604651162793,0.327277807824049,0.016908238687578903,1.0516632606408471,0.004975124378109453,200,False,NOT_AVAILABLE
PRJNA607098,SRS6155881,F7: Fascia-like myofibroblast,integrin_x_hippo,ITGA2,NF2,1290,0.024806201550387597,0.14263565891472868,0.0031007751937984496,0.003538248903311099,-0.00043747370951264944,0.876358695652174,0.7562189054726368,200,False,NOT_AVAILABLE
PRJNA607098,SRS6155881,F7: Fascia-like myofibroblast,integrin_x_hippo,ITGA2,TEAD1,1290,0.024806201550387597,0.37131782945736436,0.011627906976744186,0.009210984916771829,0.002416922059972357,1.2623956158663883,0.15920398009950248,200,False,NOT_AVAILABLE
PRJNA607098,SRS6155881,F7: Fascia-like myofibroblast,integrin_x_hippo,PARVA,NF2,1290,0.4263565891472868,0.14263565891472868,0.08837209302325581,0.06081365302565951,0.0275584399975963,1.4531620553359685,0.004975124378109453,200,False,NOT_AVAILABLE
PRJNA607098,SRS6155881,F7: Fascia-like myofibroblast,integrin_x_hippo,PARVA,TEAD1,1290,0.4263565891472868,0.37131782945736436,0.19224806201550387,0.1583138032570158,0.03393425875848807,1.2143480736382615,0.004975124378109453,200,False,NOT_AVAILABLE
PRJNA607098,SRS6155881,F7: Fascia-like myofibroblast,integrin_x_hippo,ITGA5,NF2,1290,0.4325581395348837,0.14263565891472868,0.08217054263565891,0.06169821525148729,0.020472327384171624,1.3318139317438056,0.004975124378109453,200,False,NOT_AVAILABLE
PRJNA607098,SRS6155881,F7: Fascia-like myofibroblast,integrin_x_hippo,ITGA5,TEAD1,1290,0.4325581395348837,0.37131782945736436,0.1806201550387597,0.16061654948620877,0.02000360555255093,1.1245426179091746,0.004975124378109453,200,False,NOT_AVAILABLE
PRJNA607098,SRS6155881,F7: Fascia-like myofibroblast,integrin_x_hippo,FERMT2,NF2,1290,0.6558139534883721,0.14263565891472868,0.11317829457364341,0.09354245538128718,0.01963583919235623,1.209913660191181,0.004975124378109453,200,False,NOT_AVAILABLE
PRJNA607098,SRS6155881,F7: Fascia-like myofibroblast,integrin_x_hippo,FERMT2,TEAD1,1290,0.6558139534883721,0.37131782945736436,0.2689922480620155,0.24351541373715524,0.025476834324860254,1.104621033773079,0.004975124378109453,200,False,NOT_AVAILABLE
PRJNA607098,SRS6155882,F7: Fascia-like myofibroblast,integrin_x_actomyosin,ITGAV,CFL1,146,0.0,0.9726027397260274,0.0,0.0,0.0,nan,1.0,200,False,NOT_AVAILABLE
PRJNA607098,SRS6155882,F7: Fascia-like myofibroblast,integrin_x_actomyosin,ITGAV,LIMK1,146,0.0,0.3287671232876712,0.0,0.0,0.0,nan,1.0,200,False,NOT_AVAILABLE
PRJNA607098,SRS6155882,F7: Fascia-like myofibroblast,integrin_x_actomyosin,ITGAV,CNN2,146,0.0,0.4794520547945205,0.0,0.0,0.0,nan,1.0,200,False,NOT_AVAILABLE
PRJNA607098,SRS6155882,F7: Fascia-like myofibroblast,integrin_x_actomyosin,ITGAV,CDC42,146,0.0,0.7808219178082192,0.0,0.0,0.0,nan,1.0,200,False,NOT_AVAILABLE
PRJNA607098,SRS6155882,F7: Fascia-like myofibroblast,integrin_x_actomyosin,ITGB1,CFL1,146,0.952054794520548,0.9726027397260274,0.9383561643835616,0.925971101519985,0.012385062863576657,1.0133752153207012,0.014925373134328358,200,False,NOT_AVAILABLE
PRJNA607098,SRS6155882,F7: Fascia-like myofibroblast,integrin_x_actomyosin,ITGB1,LIMK1,146,0.952054794520548,0.3287671232876712,0.3082191780821918,0.31300431600675543,-0.004785137924563643,0.9847122302158275,0.835820895522388,200,False,NOT_AVAILABLE
PRJNA607098,SRS6155882,F7: Fascia-like myofibroblast,integrin_x_actomyosin,ITGB1,CNN2,146,0.952054794520548,0.4794520547945205,0.4657534246575342,0.45646462750985173,0.009288797147682493,1.020349434737924,0.26865671641791045,200,False,NOT_AVAILABLE
PRJNA607098,SRS6155882,F7: Fascia-like myofibroblast,integrin_x_actomyosin,ITGB1,CDC42,146,0.952054794520548,0.7808219178082192,0.7465753424657534,0.7433852505160443,0.003190091949709095,1.004291303799066,0.4925373134328358,200,False,NOT_AVAILABLE
PRJNA607098,SRS6155882,F7: Fascia-like myofibroblast,integrin_x_actomyosin,ITGA2,CFL1,146,0.0410958904109589,0.9726027397260274,0.0410958904109589,0.03996997560517921,0.0011259148057796917,1.028169014084507,0.7910447761194029,200,False,NOT_AVAILABLE
PRJNA607098,SRS6155882,F7: Fascia-like myofibroblast,integrin_x_actomyosin,ITGA2,LIMK1,146,0.0410958904109589,0.3287671232876712,0.02054794520547945,0.013510977669356352,0.007036967536123099,1.5208333333333333,0.3034825870646766,200,False,NOT_AVAILABLE
PRJNA607098,SRS6155882,F7: Fascia-like myofibroblast,integrin_x_actomyosin,ITGA2,CNN2,146,0.0410958904109589,0.4794520547945205,0.0273972602739726,0.01970350910114468,0.007693751172827921,1.3904761904761904,0.2885572139303483,200,False,NOT_AVAILABLE
PRJNA607098,SRS6155882,F7: Fascia-like myofibroblast,integrin_x_actomyosin,ITGA2,CDC42,146,0.0410958904109589,0.7808219178082192,0.03424657534246575,0.032088571964721334,0.0021580033777444177,1.067251461988304,0.5920398009950248,200,False,NOT_AVAILABLE
PRJNA607098,SRS6155882,F7: Fascia-like myofibroblast,integrin_x_actomyosin,PARVA,CFL1,146,0.6506849315068494,0.9726027397260274,0.6506849315068494,0.6328579470820042,0.017826984424845205,1.028169014084507,0.014925373134328358,200,False,NOT_AVAILABLE
PRJNA607098,SRS6155882,F7: Fascia-like myofibroblast,integrin_x_actomyosin,PARVA,LIMK1,146,0.6506849315068494,0.3287671232876712,0.2191780821917808,0.2139238130981422,0.005254269093638603,1.024561403508772,0.47761194029850745,200,False,NOT_AVAILABLE
PRJNA607098,SRS6155882,F7: Fascia-like myofibroblast,integrin_x_actomyosin,PARVA,CNN2,146,0.6506849315068494,0.4794520547945205,0.3698630136986301,0.31197222743479075,0.05789078626383937,1.1855639097744362,0.004975124378109453,200,False,NOT_AVAILABLE
PRJNA607098,SRS6155882,F7: Fascia-like myofibroblast,integrin_x_actomyosin,PARVA,CDC42,146,0.6506849315068494,0.7808219178082192,0.5342465753424658,0.5080690561080878,0.026177519234377944,1.0515235457063712,0.07462686567164178,200,False,NOT_AVAILABLE
PRJNA607098,SRS6155882,F7: Fascia-like myofibroblast,integrin_x_actomyosin,ITGA5,CFL1,146,0.7123287671232876,0.9726027397260274,0.6986301369863014,0.6928129104897729,0.005817226496528494,1.0083965330444205,0.3333333333333333,200,False,NOT_AVAILABLE
PRJNA607098,SRS6155882,F7: Fascia-like myofibroblast,integrin_x_actomyosin,ITGA5,LIMK1,146,0.7123287671232876,0.3287671232876712,0.2671232876712329,0.23419027960217673,0.03293300806905616,1.1406250000000002,0.04477611940298507,200,False,NOT_AVAILABLE
PRJNA607098,SRS6155882,F7: Fascia-like myofibroblast,integrin_x_actomyosin,ITGA5,CNN2,146,0.7123287671232876,0.4794520547945205,0.3493150684931507,0.34152749108650776,0.0077875774066429315,1.022802197802198,0.36318407960199006,200,False,NOT_AVAILABLE
PRJNA607098,SRS6155882,F7: Fascia-like myofibroblast,integrin_x_actomyosin,ITGA5,CDC42,146,0.7123287671232876,0.7808219178082192,0.5958904109589042,0.5562019140551698,0.03968849690373433,1.0713562753036439,0.01990049751243781,200,False,NOT_AVAILABLE
PRJNA607098,SRS6155882,F7: Fascia-like myofibroblast,integrin_x_actomyosin,FERMT2,CFL1,146,0.821917808219178,0.9726027397260274,0.8082191780821918,0.7993995121035842,0.008819665978607616,1.0110328638497652,0.13930348258706468,200,False,NOT_AVAILABLE
PRJNA607098,SRS6155882,F7: Fascia-like myofibroblast,integrin_x_actomyosin,FERMT2,LIMK1,146,0.821917808219178,0.3287671232876712,0.2876712328767123,0.27021955338712705,0.01745167948958526,1.0645833333333332,0.1691542288557214,200,False,NOT_AVAILABLE
PRJNA607098,SRS6155882,F7: Fascia-like myofibroblast,integrin_x_actomyosin,FERMT2,CNN2,146,0.821917808219178,0.4794520547945205,0.4246575342465753,0.39407018202289357,0.030587352223681752,1.0776190476190477,0.05970149253731343,200,False,NOT_AVAILABLE
PRJNA607098,SRS6155882,F7: Fascia-like myofibroblast,integrin_x_actomyosin,FERMT2,CDC42,146,0.821917808219178,0.7808219178082192,0.678082191780822,0.6417714392944268,0.03631075248639515,1.056578947368421,0.014925373134328358,200,False,NOT_AVAILABLE
PRJNA607098,SRS6155882,F7: Fascia-like myofibroblast,integrin_x_mechanosensor,ITGAV,PIEZO2,146,0.0,0.2054794520547945,0.0,0.0,0.0,nan,1.0,200,False,NOT_AVAILABLE
PRJNA607098,SRS6155882,F7: Fascia-like myofibroblast,integrin_x_mechanosensor,ITGAV,TMEM63B,146,0.0,0.2191780821917808,0.0,0.0,0.0,nan,1.0,200,False,NOT_AVAILABLE
PRJNA607098,SRS6155882,F7: Fascia-like myofibroblast,integrin_x_mechanosensor,ITGAV,PANX1,146,0.0,0.17123287671232876,0.0,0.0,0.0,nan,1.0,200,False,NOT_AVAILABLE
PRJNA607098,SRS6155882,F7: Fascia-like myofibroblast,integrin_x_mechanosensor,ITGB1,PIEZO2,146,0.952054794520548,0.2054794520547945,0.1917808219178082,0.19562769750422218,-0.0038468755864139725,0.9803357314148681,0.835820895522388,200,False,NOT_AVAILABLE
PRJNA607098,SRS6155882,F7: Fascia-like myofibroblast,integrin_x_mechanosensor,ITGB1,TMEM63B,146,0.952054794520548,0.2191780821917808,0.21232876712328766,0.20866954400450363,0.0036592231187840274,1.0175359712230216,0.46766169154228854,200,False,NOT_AVAILABLE
PRJNA607098,SRS6155882,F7: Fascia-like myofibroblast,integrin_x_mechanosensor,ITGB1,PANX1,146,0.952054794520548,0.17123287671232876,0.17123287671232876,0.16302308125351847,0.008209795458810287,1.050359712230216,0.2935323383084577,200,False,NOT_AVAILABLE
PRJNA607098,SRS6155882,F7: Fascia-like myofibroblast,integrin_x_mechanosensor,ITGA2,PIEZO2,146,0.0410958904109589,0.2054794520547945,0.0136986301369863,0.00844436104334772,0.00525426909363858,1.622222222222222,0.2885572139303483,200,False,NOT_AVAILABLE
PRJNA607098,SRS6155882,F7: Fascia-like myofibroblast,integrin_x_mechanosensor,ITGA2,TMEM63B,146,0.0410958904109589,0.2191780821917808,0.0,0.009007318446237568,-0.009007318446237568,0.0,1.0,200,False,NOT_AVAILABLE
PRJNA607098,SRS6155882,F7: Fascia-like myofibroblast,integrin_x_mechanosensor,ITGA2,PANX1,146,0.0410958904109589,0.17123287671232876,0.0136986301369863,0.007036967536123099,0.006661662600863202,1.9466666666666668,0.2835820895522388,200,False,NOT_AVAILABLE
PRJNA607098,SRS6155882,F7: Fascia-like myofibroblast,integrin_x_mechanosensor,PARVA,PIEZO2,146,0.6506849315068494,0.2054794520547945,0.136986301369863,0.1337023831863389,0.0032839181835241094,1.024561403508772,0.472636815920398,200,False,NOT_AVAILABLE
PRJNA607098,SRS6155882,F7: Fascia-like myofibroblast,integrin_x_mechanosensor,PARVA,TMEM63B,146,0.6506849315068494,0.2191780821917808,0.15753424657534246,0.14261587539876147,0.014918371176580986,1.1046052631578949,0.26865671641791045,200,False,NOT_AVAILABLE
PRJNA607098,SRS6155882,F7: Fascia-like myofibroblast,integrin_x_mechanosensor,PARVA,PANX1,146,0.6506849315068494,0.17123287671232876,0.13013698630136986,0.11141865265528242,0.018718333646087437,1.168,0.14925373134328357,200,False,NOT_AVAILABLE
PRJNA607098,SRS6155882,F7: Fascia-like myofibroblast,integrin_x_mechanosensor,ITGA5,PIEZO2,146,0.7123287671232876,0.2054794520547945,0.17123287671232876,0.14636892475136049,0.024863951960968272,1.1698717948717947,0.03980099502487562,200,False,NOT_AVAILABLE
PRJNA607098,SRS6155882,F7: Fascia-like myofibroblast,integrin_x_mechanosensor,ITGA5,TMEM63B,146,0.7123287671232876,0.2191780821917808,0.1643835616438356,0.15612685306811783,0.00825670857571778,1.0528846153846154,0.4079601990049751,200,False,NOT_AVAILABLE
PRJNA607098,SRS6155882,F7: Fascia-like myofibroblast,integrin_x_mechanosensor,ITGA5,PANX1,146,0.7123287671232876,0.17123287671232876,0.1232876712328767,0.12197410395946706,0.0013135672734096437,1.0107692307692309,0.4626865671641791,200,False,NOT_AVAILABLE
PRJNA607098,SRS6155882,F7: Fascia-like myofibroblast,integrin_x_mechanosensor,FERMT2,PIEZO2,146,0.821917808219178,0.2054794520547945,0.1643835616438356,0.1688872208669544,-0.004503659223118794,0.9733333333333333,0.7611940298507462,200,False,NOT_AVAILABLE
PRJNA607098,SRS6155882,F7: Fascia-like myofibroblast,integrin_x_mechanosensor,FERMT2,TMEM63B,146,0.821917808219178,0.2191780821917808,0.1780821917808219,0.18014636892475136,-0.002064177143929452,0.9885416666666667,0.6716417910447762,200,False,NOT_AVAILABLE
PRJNA607098,SRS6155882,F7: Fascia-like myofibroblast,integrin_x_mechanosensor,FERMT2,PANX1,146,0.821917808219178,0.17123287671232876,0.15753424657534246,0.140739350722462,0.016794895852880465,1.1193333333333333,0.0845771144278607,200,False,NOT_AVAILABLE
PRJNA607098,SRS6155882,F7: Fascia-like myofibroblast,integrin_x_hippo,ITGAV,NF2,146,0.0,0.1780821917808219,0.0,0.0,0.0,nan,1.0,200,False,NOT_AVAILABLE
PRJNA607098,SRS6155882,F7: Fascia-like myofibroblast,integrin_x_hippo,ITGAV,TEAD1,146,0.0,0.3356164383561644,0.0,0.0,0.0,nan,1.0,200,False,NOT_AVAILABLE
PRJNA607098,SRS6155882,F7: Fascia-like myofibroblast,integrin_x_hippo,ITGB1,NF2,146,0.952054794520548,0.1780821917808219,0.1780821917808219,0.16954400450365922,0.008538187277162684,1.0503597122302157,0.208955223880597,200,False,NOT_AVAILABLE
PRJNA607098,SRS6155882,F7: Fascia-like myofibroblast,integrin_x_hippo,ITGB1,TEAD1,146,0.952054794520548,0.3356164383561644,0.3287671232876712,0.31952523925689624,0.009241884030774972,1.0289237997357215,0.29850746268656714,200,False,NOT_AVAILABLE
PRJNA607098,SRS6155882,F7: Fascia-like myofibroblast,integrin_x_hippo,ITGA2,NF2,146,0.0410958904109589,0.1780821917808219,0.02054794520547945,0.007318446237568023,0.013229498967911427,2.807692307692308,0.0945273631840796,200,False,NOT_AVAILABLE
PRJNA607098,SRS6155882,F7: Fascia-like myofibroblast,integrin_x_hippo,ITGA2,TEAD1,146,0.0410958904109589,0.3356164383561644,0.02054794520547945,0.013792456370801277,0.006755488834678174,1.4897959183673468,0.3034825870646766,200,False,NOT_AVAILABLE
PRJNA607098,SRS6155882,F7: Fascia-like myofibroblast,integrin_x_hippo,PARVA,NF2,146,0.6506849315068494,0.1780821917808219,0.14383561643835616,0.1158753987614937,0.02796021767686245,1.2412955465587046,0.05970149253731343,200,False,NOT_AVAILABLE
PRJNA607098,SRS6155882,F7: Fascia-like myofibroblast,integrin_x_hippo,PARVA,TEAD1,146,0.6506849315068494,0.3356164383561644,0.273972602739726,0.21838055920435354,0.055592043535372476,1.2545649838882922,0.009950248756218905,200,False,NOT_AVAILABLE
PRJNA607098,SRS6155882,F7: Fascia-like myofibroblast,integrin_x_hippo,ITGA5,NF2,146,0.7123287671232876,0.1780821917808219,0.136986301369863,0.12685306811784575,0.01013323325201726,1.0798816568047338,0.3482587064676617,200,False,NOT_AVAILABLE
PRJNA607098,SRS6155882,F7: Fascia-like myofibroblast,integrin_x_hippo,ITGA5,TEAD1,146,0.7123287671232876,0.3356164383561644,0.2808219178082192,0.23906924376055547,0.041752674047663724,1.1746467817896389,0.014925373134328358,200,False,NOT_AVAILABLE
PRJNA607098,SRS6155882,F7: Fascia-like myofibroblast,integrin_x_hippo,FERMT2,NF2,146,0.821917808219178,0.1780821917808219,0.14383561643835616,0.14636892475136049,-0.002533308313004329,0.9826923076923076,0.7313432835820896,200,False,NOT_AVAILABLE
PRJNA607098,SRS6155882,F7: Fascia-like myofibroblast,integrin_x_hippo,FERMT2,TEAD1,146,0.821917808219178,0.3356164383561644,0.2945205479452055,0.2758491274160255,0.018671420529179972,1.067687074829932,0.10945273631840796,200,False,NOT_AVAILABLE
PRJNA607098,SRS6155883,F7: Fascia-like myofibroblast,integrin_x_actomyosin,ITGAV,CFL1,10154,0.0,0.9237738822139059,0.0,0.0,0.0,nan,1.0,200,False,NOT_AVAILABLE
PRJNA607098,SRS6155883,F7: Fascia-like myofibroblast,integrin_x_actomyosin,ITGAV,LIMK1,10154,0.0,0.12123301162103604,0.0,0.0,0.0,nan,1.0,200,False,NOT_AVAILABLE
PRJNA607098,SRS6155883,F7: Fascia-like myofibroblast,integrin_x_actomyosin,ITGAV,CNN2,10154,0.0,0.37128225329919246,0.0,0.0,0.0,nan,1.0,200,False,NOT_AVAILABLE
PRJNA607098,SRS6155883,F7: Fascia-like myofibroblast,integrin_x_actomyosin,ITGAV,CDC42,10154,0.0,0.7592081938152452,0.0,0.0,0.0,nan,1.0,200,False,NOT_AVAILABLE
PRJNA607098,SRS6155883,F7: Fascia-like myofibroblast,integrin_x_actomyosin,ITGB1,CFL1,10154,0.9224935985818397,0.9237738822139059,0.8724640535749458,0.8521754928794225,0.020288560695523317,1.0238079607604886,0.004975124378109453,200,False,NOT_AVAILABLE
PRJNA607098,SRS6155883,F7: Fascia-like myofibroblast,integrin_x_actomyosin,ITGB1,LIMK1,10154,0.9224935985818397,0.12123301162103604,0.11758912743746307,0.11183667715720352,0.005752450280259544,1.0514361694792989,0.004975124378109453,200,False,NOT_AVAILABLE
PRJNA607098,SRS6155883,F7: Fascia-like myofibroblast,integrin_x_actomyosin,ITGB1,CNN2,10154,0.9224935985818397,0.37128225329919246,0.36123695095528857,0.34250550193554613,0.01873144901974244,1.0546894835670915,0.004975124378109453,200,False,NOT_AVAILABLE
PRJNA607098,SRS6155883,F7: Fascia-like myofibroblast,integrin_x_actomyosin,ITGB1,CDC42,10154,0.9224935985818397,0.7592081938152452,0.728875320070908,0.7003646987854444,0.028510621285463666,1.040708250051589,0.004975124378109453,200,False,NOT_AVAILABLE
PRJNA607098,SRS6155883,F7: Fascia-like myofibroblast,integrin_x_actomyosin,ITGA2,CFL1,10154,0.014378570021666339,0.9237738822139059,0.014083119952727988,0.013282547449599199,0.0008005725031287898,1.0602725121944094,0.009950248756218905,200,False,NOT_AVAILABLE
PRJNA607098,SRS6155883,F7: Fascia-like myofibroblast,integrin_x_actomyosin,ITGA2,LIMK1,10154,0.014378570021666339,0.12123301162103604,0.0015757337010045302,0.0017431573465305557,-0.00016742364552602552,0.9039537963344202,0.7313432835820896,200,False,NOT_AVAILABLE
PRJNA607098,SRS6155883,F7: Fascia-like myofibroblast,integrin_x_actomyosin,ITGA2,CNN2,10154,0.014378570021666339,0.37128225329919246,0.006795351585582037,0.005338507876864497,0.0014568437087175397,1.2728934268376875,0.029850746268656716,200,False,NOT_AVAILABLE
PRJNA607098,SRS6155883,F7: Fascia-like myofibroblast,integrin_x_actomyosin,ITGA2,CDC42,10154,0.014378570021666339,0.7592081938152452,0.011719519401221193,0.01091632817579533,0.000803191225425862,1.073577050129985,0.07960199004975124,200,False,NOT_AVAILABLE
PRJNA607098,SRS6155883,F7: Fascia-like myofibroblast,integrin_x_actomyosin,PARVA,CFL1,10154,0.5167421705731732,0.9237738822139059,0.5024620839078195,0.47735292101402055,0.025109162893798997,1.0526008363800532,0.004975124378109453,200,False,NOT_AVAILABLE
PRJNA607098,SRS6155883,F7: Fascia-like myofibroblast,integrin_x_actomyosin,PARVA,LIMK1,10154,0.5167421705731732,0.12123301162103604,0.0759306677171558,0.06264620957017689,0.013284458146978914,1.2120552582211304,0.004975124378109453,200,False,NOT_AVAILABLE
PRJNA607098,SRS6155883,F7: Fascia-like myofibroblast,integrin_x_actomyosin,PARVA,CNN2,10154,0.5167421705731732,0.37128225329919246,0.2389206224148119,0.1918571974651234,0.047063424949688515,1.2453044533721176,0.004975124378109453,200,False,NOT_AVAILABLE
PRJNA607098,SRS6155883,F7: Fascia-like myofibroblast,integrin_x_actomyosin,PARVA,CDC42,10154,0.5167421705731732,0.7592081938152452,0.435985818396691,0.39231488998902814,0.043670928407662846,1.1113160104855673,0.004975124378109453,200,False,NOT_AVAILABLE
PRJNA607098,SRS6155883,F7: Fascia-like myofibroblast,integrin_x_actomyosin,ITGA5,CFL1,10154,0.5496356115816428,0.9237738822139059,0.5210754382509356,0.5077390227137886,0.01333641553714704,1.0262662803931553,0.004975124378109453,200,False,NOT_AVAILABLE
PRJNA607098,SRS6155883,F7: Fascia-like myofibroblast,integrin_x_actomyosin,ITGA5,LIMK1,10154,0.5496356115816428,0.12123301162103604,0.07799881819972425,0.06663398048621255,0.011364837713511697,1.1705561881578308,0.004975124378109453,200,False,NOT_AVAILABLE
PRJNA607098,SRS6155883,F7: Fascia-like myofibroblast,integrin_x_actomyosin,ITGA5,CNN2,10154,0.5496356115816428,0.37128225329919246,0.23202678747291708,0.20406994836151207,0.027956839111405007,1.13699635510212,0.004975124378109453,200,False,NOT_AVAILABLE
PRJNA607098,SRS6155883,F7: Fascia-like myofibroblast,integrin_x_actomyosin,ITGA5,CDC42,10154,0.5496356115816428,0.7592081938152452,0.4474098877289738,0.4172878599254367,0.030122027803537066,1.0721852483533056,0.004975124378109453,200,False,NOT_AVAILABLE
PRJNA607098,SRS6155883,F7: Fascia-like myofibroblast,integrin_x_actomyosin,FERMT2,CFL1,10154,0.702974197360646,0.9237738822139059,0.6692928895016742,0.6493892033920484,0.019903686109625784,1.0306498568280162,0.004975124378109453,200,False,NOT_AVAILABLE
PRJNA607098,SRS6155883,F7: Fascia-like myofibroblast,integrin_x_actomyosin,FERMT2,LIMK1,10154,0.702974197360646,0.12123301162103604,0.09158952137088831,0.08522367903791168,0.006365842332976629,1.0746956996557822,0.004975124378109453,200,False,NOT_AVAILABLE
PRJNA607098,SRS6155883,F7: Fascia-like myofibroblast,integrin_x_actomyosin,FERMT2,CNN2,10154,0.702974197360646,0.37128225329919246,0.29446523537522157,0.2610018440072519,0.033463391367969664,1.1282113216297425,0.004975124378109453,200,False,NOT_AVAILABLE
PRJNA607098,SRS6155883,F7: Fascia-like myofibroblast,integrin_x_actomyosin,FERMT2,CDC42,10154,0.702974197360646,0.7592081938152452,0.570809533188891,0.5337037706768978,0.03710576251199327,1.0695250147191802,0.004975124378109453,200,False,NOT_AVAILABLE
PRJNA607098,SRS6155883,F7: Fascia-like myofibroblast,integrin_x_mechanosensor,ITGAV,PIEZO2,10154,0.0,0.2366555052196179,0.0,0.0,0.0,nan,1.0,200,False,NOT_AVAILABLE
PRJNA607098,SRS6155883,F7: Fascia-like myofibroblast,integrin_x_mechanosensor,ITGAV,TMEM63B,10154,0.0,0.1799290919834548,0.0,0.0,0.0,nan,1.0,200,False,NOT_AVAILABLE
PRJNA607098,SRS6155883,F7: Fascia-like myofibroblast,integrin_x_mechanosensor,ITGAV,PANX1,10154,0.0,0.09513492219814851,0.0,0.0,0.0,nan,1.0,200,False,NOT_AVAILABLE
PRJNA607098,SRS6155883,F7: Fascia-like myofibroblast,integrin_x_mechanosensor,ITGB1,PIEZO2,10154,0.9224935985818397,0.2366555052196179,0.226610202875714,0.21831318863424867,0.00829701424146534,1.0380050985163602,0.004975124378109453,200,False,NOT_AVAILABLE
PRJNA607098,SRS6155883,F7: Fascia-like myofibroblast,integrin_x_mechanosensor,ITGB1,TMEM63B,10154,0.9224935985818397,0.1799290919834548,0.17392160724837502,0.16598343555338005,0.007938171694994972,1.0478250836809682,0.004975124378109453,200,False,NOT_AVAILABLE
PRJNA607098,SRS6155883,F7: Fascia-like myofibroblast,integrin_x_mechanosensor,ITGB1,PANX1,10154,0.9224935985818397,0.09513492219814851,0.09296828835926728,0.08776135672937335,0.005206931629893927,1.0593305735456022,0.004975124378109453,200,False,NOT_AVAILABLE
PRJNA607098,SRS6155883,F7: Fascia-like myofibroblast,integrin_x_mechanosensor,ITGA2,PIEZO2,10154,0.014378570021666339,0.2366555052196179,0.004825684459326374,0.0034027677528130997,0.0014229167065132743,1.4181645089756525,0.014925373134328358,200,False,NOT_AVAILABLE
PRJNA607098,SRS6155883,F7: Fascia-like myofibroblast,integrin_x_mechanosensor,ITGA2,TMEM63B,10154,0.014378570021666339,0.1799290919834548,0.00344691747094741,0.0025871230480189484,0.0008597944229284614,1.332336115047499,0.04477611940298507,200,False,NOT_AVAILABLE
PRJNA607098,SRS6155883,F7: Fascia-like myofibroblast,integrin_x_mechanosensor,ITGA2,PANX1,10154,0.014378570021666339,0.09513492219814851,0.002166633838881229,0.0013679041403318575,0.0007987296985493715,1.583907654783176,0.029850746268656716,200,False,NOT_AVAILABLE
PRJNA607098,SRS6155883,F7: Fascia-like myofibroblast,integrin_x_mechanosensor,PARVA,PIEZO2,10154,0.5167421705731732,0.2366555052196179,0.1425054165845972,0.12228987944527625,0.02021553713932095,1.1653083413854148,0.004975124378109453,200,False,NOT_AVAILABLE
PRJNA607098,SRS6155883,F7: Fascia-like myofibroblast,integrin_x_mechanosensor,PARVA,TMEM63B,10154,0.5167421705731732,0.1799290919834548,0.10990742564506599,0.09297694954079055,0.016930476104275435,1.1820932627699057,0.004975124378109453,200,False,NOT_AVAILABLE
PRJNA607098,SRS6155883,F7: Fascia-like myofibroblast,integrin_x_mechanosensor,PARVA,PANX1,10154,0.5167421705731732,0.09513492219814851,0.061650581051802246,0.049160226193981214,0.012490354857821032,1.2540743976346929,0.004975124378109453,200,False,NOT_AVAILABLE
PRJNA607098,SRS6155883,F7: Fascia-like myofibroblast,integrin_x_mechanosensor,ITGA5,PIEZO2,10154,0.5496356115816428,0.2366555052196179,0.1460508174118574,0.13007429334554732,0.015976524066310088,1.1228261453926784,0.004975124378109453,200,False,NOT_AVAILABLE
PRJNA607098,SRS6155883,F7: Fascia-like myofibroblast,integrin_x_mechanosensor,ITGA5,TMEM63B,10154,0.5496356115816428,0.1799290919834548,0.1157179436675202,0.09889543651365584,0.016822507153864352,1.170103977968098,0.004975124378109453,200,False,NOT_AVAILABLE
PRJNA607098,SRS6155883,F7: Fascia-like myofibroblast,integrin_x_mechanosensor,ITGA5,PANX1,10154,0.5496356115816428,0.09513492219814851,0.06342328146543234,0.052289541145151365,0.011133740320280978,1.2129248043958667,0.004975124378109453,200,False,NOT_AVAILABLE
PRJNA607098,SRS6155883,F7: Fascia-like myofibroblast,integrin_x_mechanosensor,FERMT2,PIEZO2,10154,0.702974197360646,0.2366555052196179,0.18317904274177663,0.1663627138327391,0.01681632890903753,1.101082318998142,0.004975124378109453,200,False,NOT_AVAILABLE
PRJNA607098,SRS6155883,F7: Fascia-like myofibroblast,integrin_x_mechanosensor,FERMT2,TMEM63B,10154,0.702974197360646,0.1799290919834548,0.1401418160330904,0.126485509018899,0.013656307014191404,1.1079673641677872,0.004975124378109453,200,False,NOT_AVAILABLE
PRJNA607098,SRS6155883,F7: Fascia-like myofibroblast,integrin_x_mechanosensor,FERMT2,PANX1,10154,0.702974197360646,0.09513492219814851,0.07849123498128817,0.06687739557321096,0.011613839408077212,1.1736586676041159,0.004975124378109453,200,False,NOT_AVAILABLE
PRJNA607098,SRS6155883,F7: Fascia-like myofibroblast,integrin_x_hippo,ITGAV,NF2,10154,0.0,0.15560370297419737,0.0,0.0,0.0,nan,1.0,200,False,NOT_AVAILABLE
PRJNA607098,SRS6155883,F7: Fascia-like myofibroblast,integrin_x_hippo,ITGAV,TEAD1,10154,0.0,0.2067165649005318,0.0,0.0,0.0,nan,1.0,200,False,NOT_AVAILABLE
PRJNA607098,SRS6155883,F7: Fascia-like myofibroblast,integrin_x_hippo,ITGB1,NF2,10154,0.9224935985818397,0.15560370297419737,0.15235375221587552,0.14354341990932704,0.008810332306548485,1.0613774724896046,0.004975124378109453,200,False,NOT_AVAILABLE
PRJNA607098,SRS6155883,F7: Fascia-like myofibroblast,integrin_x_hippo,ITGB1,TEAD1,10154,0.9224935985818397,0.2067165649005318,0.20051211345282646,0.190694707841568,0.009817405611258462,1.0514823181113915,0.004975124378109453,200,False,NOT_AVAILABLE
PRJNA607098,SRS6155883,F7: Fascia-like myofibroblast,integrin_x_hippo,ITGA2,NF2,10154,0.014378570021666339,0.15560370297419737,0.002757533976757928,0.0022373587388450676,0.0005201752379128603,1.2324952314895092,0.21890547263681592,200,False,NOT_AVAILABLE
PRJNA607098,SRS6155883,F7: Fascia-like myofibroblast,integrin_x_hippo,ITGA2,TEAD1,10154,0.014378570021666339,0.2067165649005318,0.0029545006893834944,0.0029722886030606305,-1.778791367713613e-05,0.9940154150378199,0.5074626865671642,200,False,NOT_AVAILABLE
PRJNA607098,SRS6155883,F7: Fascia-like myofibroblast,integrin_x_hippo,PARVA,NF2,10154,0.5167421705731732,0.15560370297419737,0.09779397281859366,0.08040699522411006,0.0173869775944836,1.2162371264592426,0.004975124378109453,200,False,NOT_AVAILABLE
PRJNA607098,SRS6155883,F7: Fascia-like myofibroblast,integrin_x_hippo,PARVA,TEAD1,10154,0.5167421705731732,0.2067165649005318,0.13334646444750836,0.10681916644013102,0.02652729800737734,1.2483383730788153,0.004975124378109453,200,False,NOT_AVAILABLE
PRJNA607098,SRS6155883,F7: Fascia-like myofibroblast,integrin_x_hippo,ITGA5,NF2,10154,0.5496356115816428,0.15560370297419737,0.0981879062438448,0.08552533644859127,0.012662569795253528,1.1480563575784928,0.004975124378109453,200,False,NOT_AVAILABLE
PRJNA607098,SRS6155883,F7: Fascia-like myofibroblast,integrin_x_hippo,ITGA5,TEAD1,10154,0.5496356115816428,0.2067165649005318,0.132164664171755,0.11361878557316014,0.018545878598594842,1.1632289810618772,0.004975124378109453,200,False,NOT_AVAILABLE
PRJNA607098,SRS6155883,F7: Fascia-like myofibroblast,integrin_x_hippo,FERMT2,NF2,10154,0.702974197360646,0.15560370297419737,0.12556627929879852,0.10938538820463076,0.01618089109416776,1.1479255260665862,0.004975124378109453,200,False,NOT_AVAILABLE
PRJNA607098,SRS6155883,F7: Fascia-like myofibroblast,integrin_x_hippo,FERMT2,TEAD1,10154,0.702974197360646,0.2067165649005318,0.1670277723064802,0.14531641129210124,0.021711361014378955,1.1494074951433864,0.004975124378109453,200,False,NOT_AVAILABLE
PRJNA607098,SRS6155884,F7: Fascia-like myofibroblast,integrin_x_actomyosin,ITGAV,CFL1,659,0.0,0.881638846737481,0.0,0.0,0.0,nan,1.0,200,False,NOT_AVAILABLE
PRJNA607098,SRS6155884,F7: Fascia-like myofibroblast,integrin_x_actomyosin,ITGAV,LIMK1,659,0.0,0.19423368740515934,0.0,0.0,0.0,nan,1.0,200,False,NOT_AVAILABLE
PRJNA607098,SRS6155884,F7: Fascia-like myofibroblast,integrin_x_actomyosin,ITGAV,CNN2,659,0.0,0.26707132018209406,0.0,0.0,0.0,nan,1.0,200,False,NOT_AVAILABLE
PRJNA607098,SRS6155884,F7: Fascia-like myofibroblast,integrin_x_actomyosin,ITGAV,CDC42,659,0.0,0.7374810318664643,0.0,0.0,0.0,nan,1.0,200,False,NOT_AVAILABLE
PRJNA607098,SRS6155884,F7: Fascia-like myofibroblast,integrin_x_actomyosin,ITGB1,CFL1,659,0.9317147192716236,0.881638846737481,0.8467374810318664,0.8214358905869702,0.025301590444896216,1.0308016617423625,0.004975124378109453,200,False,NOT_AVAILABLE
PRJNA607098,SRS6155884,F7: Fascia-like myofibroblast,integrin_x_actomyosin,ITGB1,LIMK1,659,0.9317147192716236,0.19423368740515934,0.19119878603945373,0.18097038553379036,0.010228400505663371,1.0565197475570032,0.004975124378109453,200,False,NOT_AVAILABLE
PRJNA607098,SRS6155884,F7: Fascia-like myofibroblast,integrin_x_actomyosin,ITGB1,CNN2,659,0.9317147192716236,0.26707132018209406,0.2564491654021244,0.2488342801089617,0.007614885293162732,1.0306022357121707,0.06467661691542288,200,False,NOT_AVAILABLE
PRJNA607098,SRS6155884,F7: Fascia-like myofibroblast,integrin_x_actomyosin,ITGB1,CDC42,659,0.9317147192716236,0.7374810318664643,0.7132018209408194,0.6871219325736101,0.026079888367209314,1.0379552552914841,0.004975124378109453,200,False,NOT_AVAILABLE
PRJNA607098,SRS6155884,F7: Fascia-like myofibroblast,integrin_x_actomyosin,ITGA2,CFL1,659,0.030349013657056147,0.881638846737481,0.027314112291350532,0.02675686940022704,0.0005572428911234904,1.0208261617900172,0.6069651741293532,200,False,NOT_AVAILABLE
PRJNA607098,SRS6155884,F7: Fascia-like myofibroblast,integrin_x_actomyosin,ITGA2,LIMK1,659,0.030349013657056147,0.19423368740515934,0.009104704097116844,0.005894800831719555,0.0032099032653972893,1.5445312500000001,0.14427860696517414,200,False,NOT_AVAILABLE
PRJNA607098,SRS6155884,F7: Fascia-like myofibroblast,integrin_x_actomyosin,ITGA2,CNN2,659,0.030349013657056147,0.26707132018209406,0.007587253414264037,0.008105351143614386,-0.0005180977293503496,0.9360795454545456,0.5870646766169154,200,False,NOT_AVAILABLE
PRJNA607098,SRS6155884,F7: Fascia-like myofibroblast,integrin_x_actomyosin,ITGA2,CDC42,659,0.030349013657056147,0.7374810318664643,0.025796661608497723,0.022381821907935185,0.003414839700562538,1.1525720164609052,0.208955223880597,200,False,NOT_AVAILABLE
PRJNA607098,SRS6155884,F7: Fascia-like myofibroblast,integrin_x_actomyosin,PARVA,CFL1,659,0.503793626707132,0.881638846737481,0.47192716236722304,0.44416403204376886,0.027763130323454177,1.0625064803102255,0.004975124378109453,200,False,NOT_AVAILABLE
PRJNA607098,SRS6155884,F7: Fascia-like myofibroblast,integrin_x_actomyosin,PARVA,LIMK1,659,0.503793626707132,0.19423368740515934,0.10925644916540213,0.09785369380654461,0.011402755358857514,1.1165286144578312,0.06965174129353234,200,False,NOT_AVAILABLE
PRJNA607098,SRS6155884,F7: Fascia-like myofibroblast,integrin_x_actomyosin,PARVA,CNN2,659,0.503793626707132,0.26707132018209406,0.16236722306525037,0.1345488289839988,0.027818394081251557,1.2067531489594745,0.004975124378109453,200,False,NOT_AVAILABLE
PRJNA607098,SRS6155884,F7: Fascia-like myofibroblast,integrin_x_actomyosin,PARVA,CDC42,659,0.503793626707132,0.7374810318664643,0.3990895295902883,0.37153824367172406,0.02755128591856426,1.0741546432644158,0.004975124378109453,200,False,NOT_AVAILABLE
PRJNA607098,SRS6155884,F7: Fascia-like myofibroblast,integrin_x_actomyosin,ITGA5,CFL1,659,0.56752655538695,0.881638846737481,0.5159332321699545,0.5003534577842457,0.015579774385708789,1.0311375371616336,0.014925373134328358,200,False,NOT_AVAILABLE
PRJNA607098,SRS6155884,F7: Fascia-like myofibroblast,integrin_x_actomyosin,ITGA5,LIMK1,659,0.56752655538695,0.19423368740515934,0.11836115326251896,0.11023277555315568,0.008128377709363283,1.0737383021390374,0.12935323383084577,200,False,NOT_AVAILABLE
PRJNA607098,SRS6155884,F7: Fascia-like myofibroblast,integrin_x_actomyosin,ITGA5,CNN2,659,0.56752655538695,0.26707132018209406,0.165402124430956,0.15157006638558904,0.013832058045366968,1.0912585075352457,0.05472636815920398,200,False,NOT_AVAILABLE
PRJNA607098,SRS6155884,F7: Fascia-like myofibroblast,integrin_x_actomyosin,ITGA5,CDC42,659,0.56752655538695,0.7374810318664643,0.4552352048558422,0.4185400696783879,0.03669513517745426,1.0876741268898134,0.004975124378109453,200,False,NOT_AVAILABLE
PRJNA607098,SRS6155884,F7: Fascia-like myofibroblast,integrin_x_actomyosin,FERMT2,CFL1,659,0.7647951441578149,0.881638846737481,0.7147192716236722,0.6742731088857215,0.040446162737950764,1.0599848373084173,0.004975124378109453,200,False,NOT_AVAILABLE
PRJNA607098,SRS6155884,F7: Fascia-like myofibroblast,integrin_x_actomyosin,FERMT2,LIMK1,659,0.7647951441578149,0.19423368740515934,0.16995447647951442,0.14854898095933278,0.021405495520181644,1.1440972222222223,0.004975124378109453,200,False,NOT_AVAILABLE
PRJNA607098,SRS6155884,F7: Fascia-like myofibroblast,integrin_x_actomyosin,FERMT2,CNN2,659,0.7647951441578149,0.26707132018209406,0.2276176024279211,0.20425484881908257,0.02336275360883852,1.1143804112554112,0.004975124378109453,200,False,NOT_AVAILABLE
PRJNA607098,SRS6155884,F7: Fascia-like myofibroblast,integrin_x_actomyosin,FERMT2,CDC42,659,0.7647951441578149,0.7374810318664643,0.6160849772382397,0.5640219120799667,0.05206306515827308,1.0923068129858253,0.004975124378109453,200,False,NOT_AVAILABLE
PRJNA607098,SRS6155884,F7: Fascia-like myofibroblast,integrin_x_mechanosensor,ITGAV,PIEZO2,659,0.0,0.3292867981790592,0.0,0.0,0.0,nan,1.0,200,False,NOT_AVAILABLE
PRJNA607098,SRS6155884,F7: Fascia-like myofibroblast,integrin_x_mechanosensor,ITGAV,TMEM63B,659,0.0,0.3141122913505311,0.0,0.0,0.0,nan,1.0,200,False,NOT_AVAILABLE
PRJNA607098,SRS6155884,F7: Fascia-like myofibroblast,integrin_x_mechanosensor,ITGAV,PANX1,659,0.0,0.13657056145675264,0.0,0.0,0.0,nan,1.0,200,False,NOT_AVAILABLE
PRJNA607098,SRS6155884,F7: Fascia-like myofibroblast,integrin_x_mechanosensor,ITGB1,PIEZO2,659,0.9317147192716236,0.3292867981790592,0.3141122913505311,0.30680135672525394,0.0073109346252771545,1.0238295381197555,0.09950248756218906,200,False,NOT_AVAILABLE
PRJNA607098,SRS6155884,F7: Fascia-like myofibroblast,integrin_x_mechanosensor,ITGB1,TMEM63B,659,0.9317147192716236,0.3141122913505311,0.30500758725341426,0.2926630453554266,0.012344541897987671,1.0421800500401264,0.009950248756218905,200,False,NOT_AVAILABLE
PRJNA607098,SRS6155884,F7: Fascia-like myofibroblast,integrin_x_mechanosensor,ITGB1,PANX1,659,0.9317147192716236,0.13657056145675264,0.13353566009104703,0.12724480232844632,0.006290857762600716,1.0494390155627942,0.04477611940298507,200,False,NOT_AVAILABLE
PRJNA607098,SRS6155884,F7: Fascia-like myofibroblast,integrin_x_mechanosensor,ITGA2,PIEZO2,659,0.030349013657056147,0.3292867981790592,0.009104704097116844,0.009993529535024559,-0.0008888254379077146,0.9110599078341013,0.6666666666666666,200,False,NOT_AVAILABLE
PRJNA607098,SRS6155884,F7: Fascia-like myofibroblast,integrin_x_mechanosensor,ITGA2,TMEM63B,659,0.030349013657056147,0.3141122913505311,0.009104704097116844,0.009532998220046466,-0.0004282941229296223,0.955072463768116,0.6766169154228856,200,False,NOT_AVAILABLE
PRJNA607098,SRS6155884,F7: Fascia-like myofibroblast,integrin_x_mechanosensor,ITGA2,PANX1,659,0.030349013657056147,0.13657056145675264,0.0030349013657056147,0.004144781834802811,-0.0011098804690971966,0.7322222222222223,0.8009950248756219,200,False,NOT_AVAILABLE
PRJNA607098,SRS6155884,F7: Fascia-like myofibroblast,integrin_x_mechanosensor,PARVA,PIEZO2,659,0.503793626707132,0.3292867981790592,0.18209408194233687,0.16589259028140765,0.016201491660929213,1.0976625395591584,0.04477611940298507,200,False,NOT_AVAILABLE
PRJNA607098,SRS6155884,F7: Fascia-like myofibroblast,integrin_x_mechanosensor,PARVA,TMEM63B,659,0.503793626707132,0.3141122913505311,0.18512898330804248,0.15824777045277136,0.02688121285527112,1.1698678773063267,0.009950248756218905,200,False,NOT_AVAILABLE
PRJNA607098,SRS6155884,F7: Fascia-like myofibroblast,integrin_x_mechanosensor,PARVA,PANX1,659,0.503793626707132,0.13657056145675264,0.0819423368740516,0.06880337845772667,0.013138958416324925,1.1909638554216868,0.01990049751243781,200,False,NOT_AVAILABLE
PRJNA607098,SRS6155884,F7: Fascia-like myofibroblast,integrin_x_mechanosensor,ITGA5,PIEZO2,659,0.56752655538695,0.3292867981790592,0.18664643399089528,0.18687900230495924,-0.00023256831406395784,0.9987555139357794,0.5771144278606966,200,False,NOT_AVAILABLE
PRJNA607098,SRS6155884,F7: Fascia-like myofibroblast,integrin_x_mechanosensor,ITGA5,TMEM63B,659,0.56752655538695,0.3141122913505311,0.18057663125948406,0.17826706671486894,0.002309564544615117,1.0129556433904259,0.4626865671641791,200,False,NOT_AVAILABLE
PRJNA607098,SRS6155884,F7: Fascia-like myofibroblast,integrin_x_mechanosensor,ITGA5,PANX1,659,0.56752655538695,0.13657056145675264,0.08649468892261002,0.07750742031081258,0.008987268611797439,1.1159536541889483,0.15422885572139303,200,False,NOT_AVAILABLE
PRJNA607098,SRS6155884,F7: Fascia-like myofibroblast,integrin_x_mechanosensor,FERMT2,PIEZO2,659,0.7647951441578149,0.3292867981790592,0.251896813353566,0.2518369442826189,5.9869070947127234e-05,1.0002377295004021,0.5323383084577115,200,False,NOT_AVAILABLE
PRJNA607098,SRS6155884,F7: Fascia-like myofibroblast,integrin_x_mechanosensor,FERMT2,TMEM63B,659,0.7647951441578149,0.3141122913505311,0.26100151745068284,0.24023155514517094,0.020769962305511896,1.0864580937044706,0.014925373134328358,200,False,NOT_AVAILABLE
PRJNA607098,SRS6155884,F7: Fascia-like myofibroblast,integrin_x_mechanosensor,FERMT2,PANX1,659,0.7647951441578149,0.13657056145675264,0.1244309559939302,0.10444850223703087,0.019982453756899332,1.1913139329805995,0.004975124378109453,200,False,NOT_AVAILABLE
PRJNA607098,SRS6155884,F7: Fascia-like myofibroblast,integrin_x_hippo,ITGAV,NF2,659,0.0,0.212443095599393,0.0,0.0,0.0,nan,1.0,200,False,NOT_AVAILABLE
PRJNA607098,SRS6155884,F7: Fascia-like myofibroblast,integrin_x_hippo,ITGAV,TEAD1,659,0.0,0.28072837632776937,0.0,0.0,0.0,nan,1.0,200,False,NOT_AVAILABLE
PRJNA607098,SRS6155884,F7: Fascia-like myofibroblast,integrin_x_hippo,ITGB1,NF2,659,0.9317147192716236,0.212443095599393,0.2078907435508346,0.19793635917758318,0.009954384373251413,1.050290832945556,0.009950248756218905,200,False,NOT_AVAILABLE
PRJNA607098,SRS6155884,F7: Fascia-like myofibroblast,integrin_x_hippo,ITGB1,TEAD1,659,0.9317147192716236,0.28072837632776937,0.2731411229135053,0.26155876034180636,0.011582362571698923,1.04428206708337,0.009950248756218905,200,False,NOT_AVAILABLE
PRJNA607098,SRS6155884,F7: Fascia-like myofibroblast,integrin_x_hippo,ITGA2,NF2,659,0.030349013657056147,0.212443095599393,0.006069802731411229,0.006447438409693263,-0.00037763567828203327,0.9414285714285715,0.6169154228855721,200,False,NOT_AVAILABLE
PRJNA607098,SRS6155884,F7: Fascia-like myofibroblast,integrin_x_hippo,ITGA2,TEAD1,659,0.030349013657056147,0.28072837632776937,0.007587253414264037,0.008519829327094669,-0.000932575912830632,0.8905405405405407,0.6716417910447762,200,False,NOT_AVAILABLE
PRJNA607098,SRS6155884,F7: Fascia-like myofibroblast,integrin_x_hippo,PARVA,NF2,659,0.503793626707132,0.212443095599393,0.12898330804248861,0.10702747760090815,0.021955830441580462,1.2051419965576593,0.009950248756218905,200,False,NOT_AVAILABLE
PRJNA607098,SRS6155884,F7: Fascia-like myofibroblast,integrin_x_hippo,PARVA,TEAD1,659,0.503793626707132,0.28072837632776937,0.165402124430956,0.14142916682977152,0.02397295760118448,1.1695050472158905,0.014925373134328358,200,False,NOT_AVAILABLE
PRJNA607098,SRS6155884,F7: Fascia-like myofibroblast,integrin_x_hippo,ITGA5,NF2,659,0.56752655538695,0.212443095599393,0.13808801213960548,0.12056709826126401,0.017520913878341468,1.1453208556149734,0.009950248756218905,200,False,NOT_AVAILABLE
PRJNA607098,SRS6155884,F7: Fascia-like myofibroblast,integrin_x_hippo,ITGA5,TEAD1,659,0.56752655538695,0.28072837632776937,0.17298937784522003,0.15932080841667032,0.013668569428549715,1.085792744616274,0.07960199004975124,200,False,NOT_AVAILABLE
PRJNA607098,SRS6155884,F7: Fascia-like myofibroblast,integrin_x_hippo,FERMT2,NF2,659,0.7647951441578149,0.212443095599393,0.17905918057663125,0.1624754479242702,0.016583732652361044,1.1020691609977324,0.01990049751243781,200,False,NOT_AVAILABLE
PRJNA607098,SRS6155884,F7: Fascia-like myofibroblast,integrin_x_hippo,FERMT2,TEAD1,659,0.7647951441578149,0.28072837632776937,0.23672230652503792,0.21469969904278569,0.022022607482252238,1.1025740025740023,0.004975124378109453,200,False,NOT_AVAILABLE
PRJNA607098,SRS6155885,F7: Fascia-like myofibroblast,integrin_x_actomyosin,ITGAV,CFL1,474,0.0,0.7679324894514767,0.0,0.0,0.0,nan,1.0,200,False,NOT_AVAILABLE
PRJNA607098,SRS6155885,F7: Fascia-like myofibroblast,integrin_x_actomyosin,ITGAV,LIMK1,474,0.0,0.12236286919831224,0.0,0.0,0.0,nan,1.0,200,False,NOT_AVAILABLE
PRJNA607098,SRS6155885,F7: Fascia-like myofibroblast,integrin_x_actomyosin,ITGAV,CNN2,474,0.0,0.3080168776371308,0.0,0.0,0.0,nan,1.0,200,False,NOT_AVAILABLE
PRJNA607098,SRS6155885,F7: Fascia-like myofibroblast,integrin_x_actomyosin,ITGAV,CDC42,474,0.0,0.6181434599156118,0.0,0.0,0.0,nan,1.0,200,False,NOT_AVAILABLE
PRJNA607098,SRS6155885,F7: Fascia-like myofibroblast,integrin_x_actomyosin,ITGB1,CFL1,474,0.8670886075949367,0.7679324894514767,0.6962025316455697,0.6658655130053943,0.03033701864017535,1.0455602791369216,0.004975124378109453,200,False,NOT_AVAILABLE
PRJNA607098,SRS6155885,F7: Fascia-like myofibroblast,integrin_x_actomyosin,ITGB1,LIMK1,474,0.8670886075949367,0.12236286919831224,0.1160337552742616,0.10609944987448593,0.009934305399775675,1.0936320161087338,0.03482587064676617,200,False,NOT_AVAILABLE
PRJNA607098,SRS6155885,F7: Fascia-like myofibroblast,integrin_x_actomyosin,ITGB1,CNN2,474,0.8670886075949367,0.3080168776371308,0.2974683544303797,0.26707792554611975,0.030390428884259968,1.113788621137886,0.004975124378109453,200,False,NOT_AVAILABLE
PRJNA607098,SRS6155885,F7: Fascia-like myofibroblast,integrin_x_actomyosin,ITGB1,CDC42,474,0.8670886075949367,0.6181434599156118,0.5738396624472574,0.5359851519521445,0.0378545104951129,1.070626043197728,0.004975124378109453,200,False,NOT_AVAILABLE
PRJNA607098,SRS6155885,F7: Fascia-like myofibroblast,integrin_x_actomyosin,ITGA2,CFL1,474,0.014767932489451477,0.7679324894514767,0.010548523206751054,0.011340775160675817,-0.0007922519539247629,0.9301412872841445,0.7810945273631841,200,False,NOT_AVAILABLE
PRJNA607098,SRS6155885,F7: Fascia-like myofibroblast,integrin_x_actomyosin,ITGA2,LIMK1,474,0.014767932489451477,0.12236286919831224,0.0,0.0018070465915362567,-0.0018070465915362567,0.0,1.0,200,False,NOT_AVAILABLE
PRJNA607098,SRS6155885,F7: Fascia-like myofibroblast,integrin_x_actomyosin,ITGA2,CNN2,474,0.014767932489451477,0.3080168776371308,0.002109704641350211,0.004548772454556784,-0.0024390678132065733,0.4637964774951076,0.8905472636815921,200,False,NOT_AVAILABLE
PRJNA607098,SRS6155885,F7: Fascia-like myofibroblast,integrin_x_actomyosin,ITGA2,CDC42,474,0.014767932489451477,0.6181434599156118,0.008438818565400843,0.00912870088482971,-0.0006898823194288663,0.92442710872745,0.7512437810945274,200,False,NOT_AVAILABLE
PRJNA607098,SRS6155885,F7: Fascia-like myofibroblast,integrin_x_actomyosin,PARVA,CFL1,474,0.4388185654008439,0.7679324894514767,0.38396624472573837,0.3369830333457957,0.04698321137994266,1.1394230769230769,0.004975124378109453,200,False,NOT_AVAILABLE
PRJNA607098,SRS6155885,F7: Fascia-like myofibroblast,integrin_x_actomyosin,PARVA,LIMK1,474,0.4388185654008439,0.12236286919831224,0.06751054852320675,0.05369509871993449,0.013815449803272255,1.2572944297082225,0.029850746268656716,200,False,NOT_AVAILABLE
PRJNA607098,SRS6155885,F7: Fascia-like myofibroblast,integrin_x_actomyosin,PARVA,CNN2,474,0.4388185654008439,0.3080168776371308,0.17721518987341772,0.13516352436397303,0.0420516655094447,1.3111169652265542,0.004975124378109453,200,False,NOT_AVAILABLE
PRJNA607098,SRS6155885,F7: Fascia-like myofibroblast,integrin_x_actomyosin,PARVA,CDC42,474,0.4388185654008439,0.6181434599156118,0.3438818565400844,0.2712528262920828,0.0726290302480016,1.2677540036755055,0.004975124378109453,200,False,NOT_AVAILABLE
PRJNA607098,SRS6155885,F7: Fascia-like myofibroblast,integrin_x_actomyosin,ITGA5,CFL1,474,0.6582278481012658,0.7679324894514767,0.5232067510548524,0.5054745500186936,0.0177322010361588,1.0350803043110737,0.01990049751243781,200,False,NOT_AVAILABLE
PRJNA607098,SRS6155885,F7: Fascia-like myofibroblast,integrin_x_actomyosin,ITGA5,LIMK1,474,0.6582278481012658,0.12236286919831224,0.08649789029535865,0.08054264807990173,0.005955242215456916,1.0739389920424403,0.23383084577114427,200,False,NOT_AVAILABLE
PRJNA607098,SRS6155885,F7: Fascia-like myofibroblast,integrin_x_actomyosin,ITGA5,CNN2,474,0.6582278481012658,0.3080168776371308,0.229957805907173,0.20274528654595952,0.027212519361213466,1.1342202318229715,0.004975124378109453,200,False,NOT_AVAILABLE
PRJNA607098,SRS6155885,F7: Fascia-like myofibroblast,integrin_x_actomyosin,ITGA5,CDC42,474,0.6582278481012658,0.6181434599156118,0.43037974683544306,0.4068792394381242,0.02350050739731885,1.0577579417169862,0.014925373134328358,200,False,NOT_AVAILABLE
PRJNA607098,SRS6155885,F7: Fascia-like myofibroblast,integrin_x_actomyosin,FERMT2,CFL1,474,0.729957805907173,0.7679324894514767,0.6033755274261603,0.5605583150848333,0.04281721234132696,1.0763831544178364,0.004975124378109453,200,False,NOT_AVAILABLE
PRJNA607098,SRS6155885,F7: Fascia-like myofibroblast,integrin_x_actomyosin,FERMT2,LIMK1,474,0.729957805907173,0.12236286919831224,0.0970464135021097,0.0893197315245064,0.007726681977603303,1.086505880007973,0.15920398009950248,200,False,NOT_AVAILABLE
PRJNA607098,SRS6155885,F7: Fascia-like myofibroblast,integrin_x_actomyosin,FERMT2,CNN2,474,0.729957805907173,0.3080168776371308,0.2510548523206751,0.22483932418237818,0.026215528138296917,1.1165967218307071,0.009950248756218905,200,False,NOT_AVAILABLE
PRJNA607098,SRS6155885,F7: Fascia-like myofibroblast,integrin_x_actomyosin,FERMT2,CDC42,474,0.729957805907173,0.6181434599156118,0.47468354430379744,0.45121864373586856,0.02346490056792888,1.052003393241137,0.014925373134328358,200,False,NOT_AVAILABLE
PRJNA607098,SRS6155885,F7: Fascia-like myofibroblast,integrin_x_mechanosensor,ITGAV,PIEZO2,474,0.0,0.39662447257383965,0.0,0.0,0.0,nan,1.0,200,False,NOT_AVAILABLE
PRJNA607098,SRS6155885,F7: Fascia-like myofibroblast,integrin_x_mechanosensor,ITGAV,TMEM63B,474,0.0,0.20042194092827004,0.0,0.0,0.0,nan,1.0,200,False,NOT_AVAILABLE
PRJNA607098,SRS6155885,F7: Fascia-like myofibroblast,integrin_x_mechanosensor,ITGAV,PANX1,474,0.0,0.17721518987341772,0.0,0.0,0.0,nan,1.0,200,False,NOT_AVAILABLE
PRJNA607098,SRS6155885,F7: Fascia-like myofibroblast,integrin_x_mechanosensor,ITGB1,PIEZO2,474,0.8670886075949367,0.39662447257383965,0.35654008438818563,0.3439085616621268,0.01263152272605883,1.0367293057928249,0.07960199004975124,200,False,NOT_AVAILABLE
PRJNA607098,SRS6155885,F7: Fascia-like myofibroblast,integrin_x_mechanosensor,ITGB1,TMEM63B,474,0.8670886075949367,0.20042194092827004,0.18565400843881857,0.17378358169096833,0.011870426747850243,1.0683058009988475,0.05472636815920398,200,False,NOT_AVAILABLE
PRJNA607098,SRS6155885,F7: Fascia-like myofibroblast,integrin_x_mechanosensor,ITGB1,PANX1,474,0.8670886075949367,0.17721518987341772,0.16033755274261605,0.1536612722320141,0.006676280510601956,1.0434480361487661,0.15422885572139303,200,False,NOT_AVAILABLE
PRJNA607098,SRS6155885,F7: Fascia-like myofibroblast,integrin_x_mechanosensor,ITGA2,PIEZO2,474,0.014767932489451477,0.39662447257383965,0.004219409282700422,0.005857323434634762,-0.0016379141519343408,0.7203647416413373,0.845771144278607,200,False,NOT_AVAILABLE
PRJNA607098,SRS6155885,F7: Fascia-like myofibroblast,integrin_x_mechanosensor,ITGA2,TMEM63B,474,0.014767932489451477,0.20042194092827004,0.004219409282700422,0.002959817693033524,0.0012595915896668978,1.425563909774436,0.5124378109452736,200,False,NOT_AVAILABLE
PRJNA607098,SRS6155885,F7: Fascia-like myofibroblast,integrin_x_mechanosensor,ITGA2,PANX1,474,0.014767932489451477,0.17721518987341772,0.0,0.002617101960155958,-0.002617101960155958,0.0,1.0,200,False,NOT_AVAILABLE
PRJNA607098,SRS6155885,F7: Fascia-like myofibroblast,integrin_x_mechanosensor,PARVA,PIEZO2,474,0.4388185654008439,0.39662447257383965,0.19198312236286919,0.17404618205771866,0.01793694030515053,1.103058510638298,0.06965174129353234,200,False,NOT_AVAILABLE
PRJNA607098,SRS6155885,F7: Fascia-like myofibroblast,integrin_x_mechanosensor,PARVA,TMEM63B,474,0.4388185654008439,0.20042194092827004,0.10126582278481013,0.08794886859299612,0.013316954191814001,1.1514170040485832,0.09950248756218906,200,False,NOT_AVAILABLE
PRJNA607098,SRS6155885,F7: Fascia-like myofibroblast,integrin_x_mechanosensor,PARVA,PANX1,474,0.4388185654008439,0.17721518987341772,0.09915611814345991,0.07776531538749132,0.021390802755968594,1.2750686813186813,0.009950248756218905,200,False,NOT_AVAILABLE
PRJNA607098,SRS6155885,F7: Fascia-like myofibroblast,integrin_x_mechanosensor,ITGA5,PIEZO2,474,0.6582278481012658,0.39662447257383965,0.25738396624472576,0.261069273086578,-0.003685306841852254,0.9858837970540099,0.6766169154228856,200,False,NOT_AVAILABLE
PRJNA607098,SRS6155885,F7: Fascia-like myofibroblast,integrin_x_mechanosensor,ITGA5,TMEM63B,474,0.6582278481012658,0.20042194092827004,0.12658227848101267,0.1319233028894942,-0.005341024408481526,0.959514170040486,0.7661691542288557,200,False,NOT_AVAILABLE
PRJNA607098,SRS6155885,F7: Fascia-like myofibroblast,integrin_x_mechanosensor,ITGA5,PANX1,474,0.6582278481012658,0.17721518987341772,0.1350210970464135,0.11664797308123699,0.0183731239651765,1.1575091575091574,0.01990049751243781,200,False,NOT_AVAILABLE
PRJNA607098,SRS6155885,F7: Fascia-like myofibroblast,integrin_x_mechanosensor,FERMT2,PIEZO2,474,0.729957805907173,0.39662447257383965,0.30168776371308015,0.2895191297690897,0.012168633943990426,1.0420305005534374,0.13432835820895522,200,False,NOT_AVAILABLE
PRJNA607098,SRS6155885,F7: Fascia-like myofibroblast,integrin_x_mechanosensor,FERMT2,TMEM63B,474,0.729957805907173,0.20042194092827004,0.14556962025316456,0.14629956025565705,-0.0007299400024924907,0.9950106480073014,0.5621890547263682,200,False,NOT_AVAILABLE
PRJNA607098,SRS6155885,F7: Fascia-like myofibroblast,integrin_x_mechanosensor,FERMT2,PANX1,474,0.729957805907173,0.17721518987341772,0.13924050632911392,0.12935961117342307,0.00988089515569085,1.0763831544178364,0.14427860696517414,200,False,NOT_AVAILABLE
PRJNA607098,SRS6155885,F7: Fascia-like myofibroblast,integrin_x_hippo,ITGAV,NF2,474,0.0,0.1962025316455696,0.0,0.0,0.0,nan,1.0,200,False,NOT_AVAILABLE
PRJNA607098,SRS6155885,F7: Fascia-like myofibroblast,integrin_x_hippo,ITGAV,TEAD1,474,0.0,0.2911392405063291,0.0,0.0,0.0,nan,1.0,200,False,NOT_AVAILABLE
PRJNA607098,SRS6155885,F7: Fascia-like myofibroblast,integrin_x_hippo,ITGB1,NF2,474,0.8670886075949367,0.1962025316455696,0.18565400843881857,0.17012497997115847,0.015529028467660105,1.091280119299898,0.009950248756218905,200,False,NOT_AVAILABLE
PRJNA607098,SRS6155885,F7: Fascia-like myofibroblast,integrin_x_hippo,ITGB1,TEAD1,474,0.8670886075949367,0.2911392405063291,0.2721518987341772,0.2524435186668803,0.019708380067296916,1.0780704538241828,0.004975124378109453,200,False,NOT_AVAILABLE
PRJNA607098,SRS6155885,F7: Fascia-like myofibroblast,integrin_x_hippo,ITGA2,NF2,474,0.014767932489451477,0.1962025316455696,0.004219409282700422,0.002897505741601239,0.0013219035410991825,1.456221198156682,0.39303482587064675,200,False,NOT_AVAILABLE
PRJNA607098,SRS6155885,F7: Fascia-like myofibroblast,integrin_x_hippo,ITGA2,TEAD1,474,0.014767932489451477,0.2911392405063291,0.002109704641350211,0.004299524648827645,-0.0021898200074774343,0.4906832298136646,0.900497512437811,200,False,NOT_AVAILABLE
PRJNA607098,SRS6155885,F7: Fascia-like myofibroblast,integrin_x_hippo,PARVA,NF2,474,0.4388185654008439,0.1962025316455696,0.11181434599156118,0.08609731346472253,0.025717032526838643,1.2986972704714639,0.004975124378109453,200,False,NOT_AVAILABLE
PRJNA607098,SRS6155885,F7: Fascia-like myofibroblast,integrin_x_hippo,PARVA,TEAD1,474,0.4388185654008439,0.2911392405063291,0.17721518987341772,0.12775730385087858,0.049457886022539144,1.3871237458193981,0.004975124378109453,200,False,NOT_AVAILABLE
PRJNA607098,SRS6155885,F7: Fascia-like myofibroblast,integrin_x_hippo,ITGA5,NF2,474,0.6582278481012658,0.1962025316455696,0.14978902953586498,0.1291459701970838,0.02064305933878119,1.1598428453267164,0.014925373134328358,200,False,NOT_AVAILABLE
PRJNA607098,SRS6155885,F7: Fascia-like myofibroblast,integrin_x_hippo,ITGA5,TEAD1,474,0.6582278481012658,0.2911392405063291,0.21729957805907174,0.1916359557763179,0.025663622282753845,1.13391861761427,0.014925373134328358,200,False,NOT_AVAILABLE
PRJNA607098,SRS6155885,F7: Fascia-like myofibroblast,integrin_x_hippo,FERMT2,NF2,474,0.729957805907173,0.1962025316455696,0.1540084388185654,0.14321956951343268,0.010788869305132731,1.0753309714711916,0.08955223880597014,200,False,NOT_AVAILABLE
PRJNA607098,SRS6155885,F7: Fascia-like myofibroblast,integrin_x_hippo,FERMT2,TEAD1,474,0.729957805907173,0.2911392405063291,0.21940928270042195,0.21251936121348075,0.006889921486941203,1.03242020608193,0.32338308457711445,200,False,NOT_AVAILABLE
PRJNA607098,SRS6155886,F7: Fascia-like myofibroblast,integrin_x_actomyosin,ITGAV,CFL1,1724,0.0,0.9164733178654292,0.0,0.0,0.0,nan,1.0,200,False,NOT_AVAILABLE
PRJNA607098,SRS6155886,F7: Fascia-like myofibroblast,integrin_x_actomyosin,ITGAV,LIMK1,1724,0.0,0.0,0.0,0.0,0.0,nan,1.0,200,False,NOT_AVAILABLE
PRJNA607098,SRS6155886,F7: Fascia-like myofibroblast,integrin_x_actomyosin,ITGAV,CNN2,1724,0.0,0.23839907192575405,0.0,0.0,0.0,nan,1.0,200,False,NOT_AVAILABLE
PRJNA607098,SRS6155886,F7: Fascia-like myofibroblast,integrin_x_actomyosin,ITGAV,CDC42,1724,0.0,0.6774941995359629,0.0,0.0,0.0,nan,1.0,200,False,NOT_AVAILABLE
PRJNA607098,SRS6155886,F7: Fascia-like myofibroblast,integrin_x_actomyosin,ITGB1,CFL1,1724,0.8880510440835266,0.9164733178654292,0.8219257540603249,0.8138750868050882,0.008050667255236621,1.0098917725652963,0.004975124378109453,200,False,NOT_AVAILABLE
PRJNA607098,SRS6155886,F7: Fascia-like myofibroblast,integrin_x_actomyosin,ITGB1,LIMK1,1724,0.8880510440835266,0.0,0.0,0.0,0.0,nan,1.0,200,False,NOT_AVAILABLE
PRJNA607098,SRS6155886,F7: Fascia-like myofibroblast,integrin_x_actomyosin,ITGB1,CNN2,1724,0.8880510440835266,0.23839907192575405,0.21519721577726217,0.21171054473220965,0.003486671045052514,1.0164690476303992,0.13930348258706468,200,False,NOT_AVAILABLE
PRJNA607098,SRS6155886,F7: Fascia-like myofibroblast,integrin_x_actomyosin,ITGB1,CDC42,1724,0.8880510440835266,0.6774941995359629,0.6148491879350348,0.601649431258445,0.013199756676589791,1.0219392822311497,0.004975124378109453,200,False,NOT_AVAILABLE
PRJNA607098,SRS6155886,F7: Fascia-like myofibroblast,integrin_x_actomyosin,ITGA2,CFL1,1724,0.000580046403712297,0.9164733178654292,0.000580046403712297,0.000531597052126119,4.844935158617792e-05,1.0911392405063292,0.9054726368159204,200,False,NOT_AVAILABLE
PRJNA607098,SRS6155886,F7: Fascia-like myofibroblast,integrin_x_actomyosin,ITGA2,LIMK1,1724,0.000580046403712297,0.0,0.0,0.0,0.0,nan,1.0,200,False,NOT_AVAILABLE
PRJNA607098,SRS6155886,F7: Fascia-like myofibroblast,integrin_x_actomyosin,ITGA2,CNN2,1724,0.000580046403712297,0.23839907192575405,0.0,0.00013828252431888287,-0.00013828252431888287,0.0,1.0,200,False,NOT_AVAILABLE
PRJNA607098,SRS6155886,F7: Fascia-like myofibroblast,integrin_x_actomyosin,ITGA2,CDC42,1724,0.000580046403712297,0.6774941995359629,0.000580046403712297,0.0003929780739767766,0.00018706832973552033,1.4760273972602738,0.6766169154228856,200,False,NOT_AVAILABLE
PRJNA607098,SRS6155886,F7: Fascia-like myofibroblast,integrin_x_actomyosin,PARVA,CFL1,1724,0.3776102088167053,0.9164733178654292,0.3509280742459397,0.34606968093410345,0.00485839331183624,1.0140387718991233,0.04975124378109453,200,False,NOT_AVAILABLE
PRJNA607098,SRS6155886,F7: Fascia-like myofibroblast,integrin_x_actomyosin,PARVA,LIMK1,1724,0.3776102088167053,0.0,0.0,0.0,0.0,nan,1.0,200,False,NOT_AVAILABLE
PRJNA607098,SRS6155886,F7: Fascia-like myofibroblast,integrin_x_actomyosin,PARVA,CNN2,1724,0.3776102088167053,0.23839907192575405,0.10788863109048724,0.09002192333159273,0.017866707758894512,1.1984706291275637,0.004975124378109453,200,False,NOT_AVAILABLE
PRJNA607098,SRS6155886,F7: Fascia-like myofibroblast,integrin_x_actomyosin,PARVA,CDC42,1724,0.3776102088167053,0.6774941995359629,0.2790023201856148,0.2558287261588816,0.023173594026733246,1.0905824548113543,0.004975124378109453,200,False,NOT_AVAILABLE
PRJNA607098,SRS6155886,F7: Fascia-like myofibroblast,integrin_x_actomyosin,ITGA5,CFL1,1724,0.42691415313225056,0.9164733178654292,0.39559164733178653,0.3912554303648236,0.004336216966962958,1.0110828288387452,0.1044776119402985,200,False,NOT_AVAILABLE
PRJNA607098,SRS6155886,F7: Fascia-like myofibroblast,integrin_x_actomyosin,ITGA5,LIMK1,1724,0.42691415313225056,0.0,0.0,0.0,0.0,nan,1.0,200,False,NOT_AVAILABLE
PRJNA607098,SRS6155886,F7: Fascia-like myofibroblast,integrin_x_actomyosin,ITGA5,CNN2,1724,0.42691415313225056,0.23839907192575405,0.1148491879350348,0.1017759378986978,0.013073250036337011,1.128451285306252,0.014925373134328358,200,False,NOT_AVAILABLE
PRJNA607098,SRS6155886,F7: Fascia-like myofibroblast,integrin_x_actomyosin,ITGA5,CDC42,1724,0.42691415313225056,0.6774941995359629,0.30452436194895594,0.28923186244690763,0.015292499502048307,1.0528728037522335,0.014925373134328358,200,False,NOT_AVAILABLE
PRJNA607098,SRS6155886,F7: Fascia-like myofibroblast,integrin_x_actomyosin,FERMT2,CFL1,1724,0.6490719257540604,0.9164733178654292,0.6026682134570766,0.5948571013291272,0.007811112127949382,1.0131310731779053,0.004975124378109453,200,False,NOT_AVAILABLE
PRJNA607098,SRS6155886,F7: Fascia-like myofibroblast,integrin_x_actomyosin,FERMT2,LIMK1,1724,0.6490719257540604,0.0,0.0,0.0,0.0,nan,1.0,200,False,NOT_AVAILABLE
PRJNA607098,SRS6155886,F7: Fascia-like myofibroblast,integrin_x_actomyosin,FERMT2,CNN2,1724,0.6490719257540604,0.23839907192575405,0.1751740139211137,0.15473814471282993,0.020435869208283775,1.132067430730862,0.004975124378109453,200,False,NOT_AVAILABLE
PRJNA607098,SRS6155886,F7: Fascia-like myofibroblast,integrin_x_actomyosin,FERMT2,CDC42,1724,0.6490719257540604,0.6774941995359629,0.45881670533642693,0.439742464780013,0.019074240556413935,1.043375934971293,0.004975124378109453,200,False,NOT_AVAILABLE
PRJNA607098,SRS6155886,F7: Fascia-like myofibroblast,integrin_x_mechanosensor,ITGAV,PIEZO2,1724,0.0,0.19953596287703015,0.0,0.0,0.0,nan,1.0,200,False,NOT_AVAILABLE
PRJNA607098,SRS6155886,F7: Fascia-like myofibroblast,integrin_x_mechanosensor,ITGAV,TMEM63B,1724,0.0,0.0017401392111368909,0.0,0.0,0.0,nan,1.0,200,False,NOT_AVAILABLE
PRJNA607098,SRS6155886,F7: Fascia-like myofibroblast,integrin_x_mechanosensor,ITGAV,PANX1,1724,0.0,0.07366589327146171,0.0,0.0,0.0,nan,1.0,200,False,NOT_AVAILABLE
PRJNA607098,SRS6155886,F7: Fascia-like myofibroblast,integrin_x_mechanosensor,ITGB1,PIEZO2,1724,0.8880510440835266,0.19953596287703015,0.1751740139211137,0.17719812016515846,-0.0020241062440447544,0.9885771573526956,0.7562189054726368,200,False,NOT_AVAILABLE
PRJNA607098,SRS6155886,F7: Fascia-like myofibroblast,integrin_x_mechanosensor,ITGB1,TMEM63B,1724,0.8880510440835266,0.0017401392111368909,0.0017401392111368909,0.0015453324433008005,0.00019480676783609034,1.126061397779229,0.736318407960199,200,False,NOT_AVAILABLE
PRJNA607098,SRS6155886,F7: Fascia-like myofibroblast,integrin_x_mechanosensor,ITGB1,PANX1,1724,0.8880510440835266,0.07366589327146171,0.06670533642691415,0.06541907343306722,0.0012862629938469317,1.019661895626861,0.3482587064676617,200,False,NOT_AVAILABLE
PRJNA607098,SRS6155886,F7: Fascia-like myofibroblast,integrin_x_mechanosensor,ITGA2,PIEZO2,1724,0.000580046403712297,0.19953596287703015,0.0,0.00011574011767809173,-0.00011574011767809173,0.0,1.0,200,False,NOT_AVAILABLE
PRJNA607098,SRS6155886,F7: Fascia-like myofibroblast,integrin_x_mechanosensor,ITGA2,TMEM63B,1724,0.000580046403712297,0.0017401392111368909,0.0,1.009361491378707e-06,-1.009361491378707e-06,0.0,1.0,200,False,NOT_AVAILABLE
PRJNA607098,SRS6155886,F7: Fascia-like myofibroblast,integrin_x_mechanosensor,ITGA2,PANX1,1724,0.000580046403712297,0.07366589327146171,0.0,4.272963646836526e-05,-4.272963646836526e-05,0.0,1.0,200,False,NOT_AVAILABLE
PRJNA607098,SRS6155886,F7: Fascia-like myofibroblast,integrin_x_mechanosensor,PARVA,PIEZO2,1724,0.3776102088167053,0.19953596287703015,0.08990719257540604,0.07534681660843771,0.014560375966968325,1.193244739756368,0.009950248756218905,200,False,NOT_AVAILABLE
PRJNA607098,SRS6155886,F7: Fascia-like myofibroblast,integrin_x_mechanosensor,PARVA,TMEM63B,1724,0.3776102088167053,0.0017401392111368909,0.000580046403712297,0.0006570943308875383,-7.704792717524132e-05,0.8827444956477214,0.7562189054726368,200,False,NOT_AVAILABLE
PRJNA607098,SRS6155886,F7: Fascia-like myofibroblast,integrin_x_mechanosensor,PARVA,PANX1,1724,0.3776102088167053,0.07366589327146171,0.03306264501160093,0.027816993340905788,0.005245651670695142,1.1885772342973258,0.06965174129353234,200,False,NOT_AVAILABLE
PRJNA607098,SRS6155886,F7: Fascia-like myofibroblast,integrin_x_mechanosensor,ITGA5,PIEZO2,1724,0.42691415313225056,0.19953596287703015,0.10092807424593968,0.08518472661107551,0.015743347634864166,1.1848142062689586,0.004975124378109453,200,False,NOT_AVAILABLE
PRJNA607098,SRS6155886,F7: Fascia-like myofibroblast,integrin_x_mechanosensor,ITGA5,TMEM63B,1724,0.42691415313225056,0.0017401392111368909,0.0017401392111368909,0.0007428900576547284,0.0009972491534821625,2.342391304347826,0.1044776119402985,200,False,NOT_AVAILABLE
PRJNA607098,SRS6155886,F7: Fascia-like myofibroblast,integrin_x_mechanosensor,ITGA5,PANX1,1724,0.42691415313225056,0.07366589327146171,0.03248259860788863,0.031449012440716836,0.0010335861671717933,1.0328654570352618,0.43283582089552236,200,False,NOT_AVAILABLE
PRJNA607098,SRS6155886,F7: Fascia-like myofibroblast,integrin_x_mechanosensor,FERMT2,PIEZO2,1724,0.6490719257540604,0.19953596287703015,0.12935034802784223,0.12951319168178466,-0.00016284365394242384,0.9987426481285201,0.582089552238806,200,False,NOT_AVAILABLE
PRJNA607098,SRS6155886,F7: Fascia-like myofibroblast,integrin_x_mechanosensor,FERMT2,TMEM63B,1724,0.6490719257540604,0.0017401392111368909,0.0017401392111368909,0.0011294755088527733,0.0006106637022841176,1.5406613047363715,0.26865671641791045,200,False,NOT_AVAILABLE
PRJNA607098,SRS6155886,F7: Fascia-like myofibroblast,integrin_x_mechanosensor,FERMT2,PANX1,1724,0.6490719257540604,0.07366589327146171,0.05162412993039443,0.047814463208100726,0.0038096667222937072,1.079676032453048,0.14925373134328357,200,False,NOT_AVAILABLE
PRJNA607098,SRS6155886,F7: Fascia-like myofibroblast,integrin_x_hippo,ITGAV,NF2,1724,0.0,0.0,0.0,0.0,0.0,nan,1.0,200,False,NOT_AVAILABLE
PRJNA607098,SRS6155886,F7: Fascia-like myofibroblast,integrin_x_hippo,ITGAV,TEAD1,1724,0.0,0.16183294663573086,0.0,0.0,0.0,nan,1.0,200,False,NOT_AVAILABLE
PRJNA607098,SRS6155886,F7: Fascia-like myofibroblast,integrin_x_hippo,ITGB1,NF2,1724,0.8880510440835266,0.0,0.0,0.0,0.0,nan,1.0,200,False,NOT_AVAILABLE
PRJNA607098,SRS6155886,F7: Fascia-like myofibroblast,integrin_x_hippo,ITGB1,TEAD1,1724,0.8880510440835266,0.16183294663573086,0.14733178654292342,0.14371591722697444,0.003615869315948983,1.025159838838438,0.15920398009950248,200,False,NOT_AVAILABLE
PRJNA607098,SRS6155886,F7: Fascia-like myofibroblast,integrin_x_hippo,ITGA2,NF2,1724,0.000580046403712297,0.0,0.0,0.0,0.0,nan,1.0,200,False,NOT_AVAILABLE
PRJNA607098,SRS6155886,F7: Fascia-like myofibroblast,integrin_x_hippo,ITGA2,TEAD1,1724,0.000580046403712297,0.16183294663573086,0.0,9.387061869821975e-05,-9.387061869821975e-05,0.0,1.0,200,False,NOT_AVAILABLE
PRJNA607098,SRS6155886,F7: Fascia-like myofibroblast,integrin_x_hippo,PARVA,NF2,1724,0.3776102088167053,0.0,0.0,0.0,0.0,nan,1.0,200,False,NOT_AVAILABLE
PRJNA607098,SRS6155886,F7: Fascia-like myofibroblast,integrin_x_hippo,PARVA,TEAD1,1724,0.3776102088167053,0.16183294663573086,0.06612529002320186,0.061109772772541066,0.005015517250660795,1.0820738978907554,0.13432835820895522,200,False,NOT_AVAILABLE
PRJNA607098,SRS6155886,F7: Fascia-like myofibroblast,integrin_x_hippo,ITGA5,NF2,1724,0.42691415313225056,0.0,0.0,0.0,0.0,nan,1.0,200,False,NOT_AVAILABLE
PRJNA607098,SRS6155886,F7: Fascia-like myofibroblast,integrin_x_hippo,ITGA5,TEAD1,1724,0.42691415313225056,0.16183294663573086,0.08758700696055685,0.06908877536188975,0.018498231598667106,1.2677458313853827,0.004975124378109453,200,False,NOT_AVAILABLE
PRJNA607098,SRS6155886,F7: Fascia-like myofibroblast,integrin_x_hippo,FERMT2,NF2,1724,0.6490719257540604,0.0,0.0,0.0,0.0,nan,1.0,200,False,NOT_AVAILABLE
PRJNA607098,SRS6155886,F7: Fascia-like myofibroblast,integrin_x_hippo,FERMT2,TEAD1,1724,0.6490719257540604,0.16183294663573086,0.1154292343387471,0.10504122232330791,0.010388012015439194,1.098894622374688,0.004975124378109453,200,False,NOT_AVAILABLE
PRJNA607098,SRS6155887,F7: Fascia-like myofibroblast,integrin_x_actomyosin,ITGAV,CFL1,2275,0.0,0.847032967032967,0.0,0.0,0.0,nan,1.0,200,False,NOT_AVAILABLE
PRJNA607098,SRS6155887,F7: Fascia-like myofibroblast,integrin_x_actomyosin,ITGAV,LIMK1,2275,0.0,0.08087912087912089,0.0,0.0,0.0,nan,1.0,200,False,NOT_AVAILABLE
PRJNA607098,SRS6155887,F7: Fascia-like myofibroblast,integrin_x_actomyosin,ITGAV,CNN2,2275,0.0,0.21494505494505495,0.0,0.0,0.0,nan,1.0,200,False,NOT_AVAILABLE
PRJNA607098,SRS6155887,F7: Fascia-like myofibroblast,integrin_x_actomyosin,ITGAV,CDC42,2275,0.0,0.6175824175824176,0.0,0.0,0.0,nan,1.0,200,False,NOT_AVAILABLE
PRJNA607098,SRS6155887,F7: Fascia-like myofibroblast,integrin_x_actomyosin,ITGB1,CFL1,2275,0.865934065934066,0.847032967032967,0.7472527472527473,0.7334747011230528,0.013778046129694466,1.0187846235304345,0.004975124378109453,200,False,NOT_AVAILABLE
PRJNA607098,SRS6155887,F7: Fascia-like myofibroblast,integrin_x_actomyosin,ITGB1,LIMK1,2275,0.865934065934066,0.08087912087912089,0.07736263736263736,0.07003598599202995,0.007326651370607409,1.1046126682851467,0.004975124378109453,200,False,NOT_AVAILABLE
PRJNA607098,SRS6155887,F7: Fascia-like myofibroblast,integrin_x_actomyosin,ITGB1,CNN2,2275,0.865934065934066,0.21494505494505495,0.19516483516483515,0.18612824538099262,0.00903658978384253,1.0485503410046402,0.004975124378109453,200,False,NOT_AVAILABLE
PRJNA607098,SRS6155887,F7: Fascia-like myofibroblast,integrin_x_actomyosin,ITGB1,CDC42,2275,0.865934065934066,0.6175824175824176,0.5556043956043956,0.5347856539065331,0.020818741697862464,1.0389291327203423,0.004975124378109453,200,False,NOT_AVAILABLE
PRJNA607098,SRS6155887,F7: Fascia-like myofibroblast,integrin_x_actomyosin,ITGA2,CFL1,2275,0.015824175824175824,0.847032967032967,0.014065934065934066,0.013403598599202995,0.0006623354667310705,1.0494147494666435,0.30845771144278605,200,False,NOT_AVAILABLE
PRJNA607098,SRS6155887,F7: Fascia-like myofibroblast,integrin_x_actomyosin,ITGA2,LIMK1,2275,0.015824175824175824,0.08087912087912089,0.0026373626373626374,0.001279845429295979,0.0013575172080666584,2.060688405797101,0.04975124378109453,200,False,NOT_AVAILABLE
PRJNA607098,SRS6155887,F7: Fascia-like myofibroblast,integrin_x_actomyosin,ITGA2,CNN2,2275,0.015824175824175824,0.21494505494505495,0.0035164835164835165,0.0034013283419876824,0.00011515517449583405,1.033855941831402,0.4975124378109453,200,False,NOT_AVAILABLE
PRJNA607098,SRS6155887,F7: Fascia-like myofibroblast,integrin_x_actomyosin,ITGA2,CDC42,2275,0.015824175824175824,0.6175824175824176,0.011428571428571429,0.00977273276174375,0.001655838666827678,1.1694345591142745,0.12437810945273632,200,False,NOT_AVAILABLE
PRJNA607098,SRS6155887,F7: Fascia-like myofibroblast,integrin_x_actomyosin,PARVA,CFL1,2275,0.3345054945054945,0.847032967032967,0.2997802197802198,0.28333718149981885,0.016443038280400946,1.0580334645575327,0.004975124378109453,200,False,NOT_AVAILABLE
PRJNA607098,SRS6155887,F7: Fascia-like myofibroblast,integrin_x_actomyosin,PARVA,LIMK1,2275,0.3345054945054945,0.08087912087912089,0.03736263736263736,0.02705451032484,0.010308127037797363,1.3810132548705933,0.004975124378109453,200,False,NOT_AVAILABLE
PRJNA607098,SRS6155887,F7: Fascia-like myofibroblast,integrin_x_actomyosin,PARVA,CNN2,2275,0.3345054945054945,0.21494505494505495,0.09186813186813186,0.0719003018959063,0.01996782997222557,1.277715523380333,0.004975124378109453,200,False,NOT_AVAILABLE
PRJNA607098,SRS6155887,F7: Fascia-like myofibroblast,integrin_x_actomyosin,PARVA,CDC42,2275,0.3345054945054945,0.6175824175824176,0.23604395604395603,0.2065847119913054,0.02945924405265063,1.1426012785200217,0.004975124378109453,200,False,NOT_AVAILABLE
PRJNA607098,SRS6155887,F7: Fascia-like myofibroblast,integrin_x_actomyosin,ITGA5,CFL1,2275,0.40835164835164833,0.847032967032967,0.35604395604395606,0.3458873082960995,0.010156647747856573,1.029364037084477,0.009950248756218905,200,False,NOT_AVAILABLE
PRJNA607098,SRS6155887,F7: Fascia-like myofibroblast,integrin_x_actomyosin,ITGA5,LIMK1,2275,0.40835164835164833,0.08087912087912089,0.036483516483516484,0.033027122328221234,0.0034563941552952504,1.1046532035381662,0.14427860696517414,200,False,NOT_AVAILABLE
PRJNA607098,SRS6155887,F7: Fascia-like myofibroblast,integrin_x_actomyosin,ITGA5,CNN2,2275,0.40835164835164833,0.21494505494505495,0.10065934065934067,0.08777316749184881,0.012886173167491854,1.146812215346889,0.009950248756218905,200,False,NOT_AVAILABLE
PRJNA607098,SRS6155887,F7: Fascia-like myofibroblast,integrin_x_actomyosin,ITGA5,CDC42,2275,0.40835164835164833,0.6175824175824176,0.26945054945054947,0.25219079821277623,0.017259751237773235,1.0684392585300078,0.004975124378109453,200,False,NOT_AVAILABLE
PRJNA607098,SRS6155887,F7: Fascia-like myofibroblast,integrin_x_actomyosin,FERMT2,CFL1,2275,0.5894505494505494,0.847032967032967,0.5217582417582417,0.49928404782031155,0.022474193937930154,1.0450128419604914,0.004975124378109453,200,False,NOT_AVAILABLE
PRJNA607098,SRS6155887,F7: Fascia-like myofibroblast,integrin_x_actomyosin,FERMT2,LIMK1,2275,0.5894505494505494,0.08087912087912089,0.052307692307692305,0.047674242241275214,0.004633450066417091,1.0971897999546087,0.07960199004975124,200,False,NOT_AVAILABLE
PRJNA607098,SRS6155887,F7: Fascia-like myofibroblast,integrin_x_actomyosin,FERMT2,CNN2,2275,0.5894505494505494,0.21494505494505495,0.1498901098901099,0.12669948073904116,0.02319062915106873,1.183036497196336,0.004975124378109453,200,False,NOT_AVAILABLE
PRJNA607098,SRS6155887,F7: Fascia-like myofibroblast,integrin_x_actomyosin,FERMT2,CDC42,2275,0.5894505494505494,0.6175824175824176,0.3986813186813187,0.36403429537495474,0.03464702330636393,1.095175162743053,0.004975124378109453,200,False,NOT_AVAILABLE
PRJNA607098,SRS6155887,F7: Fascia-like myofibroblast,integrin_x_mechanosensor,ITGAV,PIEZO2,2275,0.0,0.1810989010989011,0.0,0.0,0.0,nan,1.0,200,False,NOT_AVAILABLE
PRJNA607098,SRS6155887,F7: Fascia-like myofibroblast,integrin_x_mechanosensor,ITGAV,TMEM63B,2275,0.0,0.06769230769230769,0.0,0.0,0.0,nan,1.0,200,False,NOT_AVAILABLE
PRJNA607098,SRS6155887,F7: Fascia-like myofibroblast,integrin_x_mechanosensor,ITGAV,PANX1,2275,0.0,0.06901098901098901,0.0,0.0,0.0,nan,1.0,200,False,NOT_AVAILABLE
PRJNA607098,SRS6155887,F7: Fascia-like myofibroblast,integrin_x_mechanosensor,ITGB1,PIEZO2,2275,0.865934065934066,0.1810989010989011,0.15472527472527473,0.1568197077647627,-0.002094433039487975,0.9866443250702283,0.845771144278607,200,False,NOT_AVAILABLE
PRJNA607098,SRS6155887,F7: Fascia-like myofibroblast,integrin_x_mechanosensor,ITGB1,TMEM63B,2275,0.865934065934066,0.06769230769230769,0.06417582417582418,0.05861707523245985,0.005558748943364333,1.0948315643747117,0.004975124378109453,200,False,NOT_AVAILABLE
PRJNA607098,SRS6155887,F7: Fascia-like myofibroblast,integrin_x_mechanosensor,ITGB1,PANX1,2275,0.865934065934066,0.06901098901098901,0.06505494505494505,0.05975896630841686,0.005295978746528193,1.0886223285589576,0.004975124378109453,200,False,NOT_AVAILABLE
PRJNA607098,SRS6155887,F7: Fascia-like myofibroblast,integrin_x_mechanosensor,ITGA2,PIEZO2,2275,0.015824175824175824,0.1810989010989011,0.004395604395604396,0.002865740852554039,0.0015298635430503566,1.5338457389428266,0.13930348258706468,200,False,NOT_AVAILABLE
PRJNA607098,SRS6155887,F7: Fascia-like myofibroblast,integrin_x_mechanosensor,ITGA2,TMEM63B,2275,0.015824175824175824,0.06769230769230769,0.00043956043956043956,0.0010711749788672865,-0.000631614539306847,0.41035353535353536,0.9203980099502488,200,False,NOT_AVAILABLE
PRJNA607098,SRS6155887,F7: Fascia-like myofibroblast,integrin_x_mechanosensor,ITGA2,PANX1,2275,0.015824175824175824,0.06901098901098901,0.0013186813186813187,0.0010920420239101559,0.00022663929477116282,1.2075371549893843,0.48756218905472637,200,False,NOT_AVAILABLE
PRJNA607098,SRS6155887,F7: Fascia-like myofibroblast,integrin_x_mechanosensor,PARVA,PIEZO2,2275,0.3345054945054945,0.1810989010989011,0.07604395604395604,0.06057857746648955,0.015465378577466493,1.2552945153923682,0.004975124378109453,200,False,NOT_AVAILABLE
PRJNA607098,SRS6155887,F7: Fascia-like myofibroblast,integrin_x_mechanosensor,PARVA,TMEM63B,2275,0.3345054945054945,0.06769230769230769,0.027252747252747254,0.022643448858833473,0.004609298393913781,1.2035599092103693,0.04477611940298507,200,False,NOT_AVAILABLE
PRJNA607098,SRS6155887,F7: Fascia-like myofibroblast,integrin_x_mechanosensor,PARVA,PANX1,2275,0.3345054945054945,0.06901098901098901,0.02857142857142857,0.023084555005434125,0.0054868735659944455,1.2376859144437842,0.024875621890547265,200,False,NOT_AVAILABLE
PRJNA607098,SRS6155887,F7: Fascia-like myofibroblast,integrin_x_mechanosensor,ITGA5,PIEZO2,2275,0.40835164835164833,0.1810989010989011,0.08307692307692308,0.0739520347784084,0.009124888298514683,1.123389279630462,0.004975124378109453,200,False,NOT_AVAILABLE
PRJNA607098,SRS6155887,F7: Fascia-like myofibroblast,integrin_x_mechanosensor,ITGA5,TMEM63B,2275,0.40835164835164833,0.06769230769230769,0.033846153846153845,0.02764226542688081,0.006203888419273034,1.2244348762109796,0.014925373134328358,200,False,NOT_AVAILABLE
PRJNA607098,SRS6155887,F7: Fascia-like myofibroblast,integrin_x_mechanosensor,ITGA5,PANX1,2275,0.40835164835164833,0.06901098901098901,0.03164835164835165,0.028180751117014857,0.0034676005313367918,1.123048548881408,0.12437810945273632,200,False,NOT_AVAILABLE
PRJNA607098,SRS6155887,F7: Fascia-like myofibroblast,integrin_x_mechanosensor,FERMT2,PIEZO2,2275,0.5894505494505494,0.1810989010989011,0.10989010989010989,0.10674884675763796,0.0031412631324719276,1.029426670431427,0.23880597014925373,200,False,NOT_AVAILABLE
PRJNA607098,SRS6155887,F7: Fascia-like myofibroblast,integrin_x_mechanosensor,FERMT2,TMEM63B,2275,0.5894505494505494,0.06769230769230769,0.05186813186813187,0.03990126796280642,0.011966863905325448,1.2999118703816692,0.004975124378109453,200,False,NOT_AVAILABLE
PRJNA607098,SRS6155887,F7: Fascia-like myofibroblast,integrin_x_mechanosensor,FERMT2,PANX1,2275,0.5894505494505494,0.06901098901098901,0.047472527472527476,0.0406785653906533,0.006793962081874175,1.1670157739494722,0.014925373134328358,200,False,NOT_AVAILABLE
PRJNA607098,SRS6155887,F7: Fascia-like myofibroblast,integrin_x_hippo,ITGAV,NF2,2275,0.0,0.11032967032967032,0.0,0.0,0.0,nan,1.0,200,False,NOT_AVAILABLE
PRJNA607098,SRS6155887,F7: Fascia-like myofibroblast,integrin_x_hippo,ITGAV,TEAD1,2275,0.0,0.1498901098901099,0.0,0.0,0.0,nan,1.0,200,False,NOT_AVAILABLE
PRJNA607098,SRS6155887,F7: Fascia-like myofibroblast,integrin_x_hippo,ITGB1,NF2,2275,0.865934065934066,0.11032967032967032,0.10153846153846154,0.0955382200217365,0.006000241516725041,1.0628046190871034,0.004975124378109453,200,False,NOT_AVAILABLE
PRJNA607098,SRS6155887,F7: Fascia-like myofibroblast,integrin_x_hippo,ITGB1,TEAD1,2275,0.865934065934066,0.1498901098901099,0.1367032967032967,0.12979495230044683,0.006908344402849875,1.0532250621492474,0.004975124378109453,200,False,NOT_AVAILABLE
PRJNA607098,SRS6155887,F7: Fascia-like myofibroblast,integrin_x_hippo,ITGA2,NF2,2275,0.015824175824175824,0.11032967032967032,0.0017582417582417582,0.0017458761019200578,1.2365656321700405e-05,1.0070827799911466,0.5323383084577115,200,False,NOT_AVAILABLE
PRJNA607098,SRS6155887,F7: Fascia-like myofibroblast,integrin_x_hippo,ITGA2,TEAD1,2275,0.015824175824175824,0.1498901098901099,0.004835164835164835,0.0023718874532061346,0.0024632773819587006,2.0385304659498207,0.004975124378109453,200,False,NOT_AVAILABLE
PRJNA607098,SRS6155887,F7: Fascia-like myofibroblast,integrin_x_hippo,PARVA,NF2,2275,0.3345054945054945,0.11032967032967032,0.04483516483516484,0.03690588093225455,0.007929283902910284,1.214851500698913,0.014925373134328358,200,False,NOT_AVAILABLE
PRJNA607098,SRS6155887,F7: Fascia-like myofibroblast,integrin_x_hippo,PARVA,TEAD1,2275,0.3345054945054945,0.1498901098901099,0.06197802197802198,0.050139065330274124,0.011838956647747853,1.2361224041525851,0.009950248756218905,200,False,NOT_AVAILABLE
PRJNA607098,SRS6155887,F7: Fascia-like myofibroblast,integrin_x_hippo,ITGA5,NF2,2275,0.40835164835164833,0.11032967032967032,0.05054945054945055,0.04505330274121482,0.005496147808235728,1.1219921176435272,0.05970149253731343,200,False,NOT_AVAILABLE
PRJNA607098,SRS6155887,F7: Fascia-like myofibroblast,integrin_x_hippo,ITGA5,TEAD1,2275,0.40835164835164833,0.1498901098901099,0.07384615384615385,0.06120787344523608,0.012638280400917773,1.2064812856507015,0.004975124378109453,200,False,NOT_AVAILABLE
PRJNA607098,SRS6155887,F7: Fascia-like myofibroblast,integrin_x_hippo,FERMT2,NF2,2275,0.5894505494505494,0.11032967032967032,0.07252747252747253,0.06503388479652215,0.0074935877309503796,1.1152258973056322,0.009950248756218905,200,False,NOT_AVAILABLE
PRJNA607098,SRS6155887,F7: Fascia-like myofibroblast,integrin_x_hippo,FERMT2,TEAD1,2275,0.5894505494505494,0.1498901098901099,0.10285714285714286,0.08835280763192851,0.01450433522521434,1.1641638292428507,0.004975124378109453,200,False,NOT_AVAILABLE
PRJNA607098,SRS6155888,F7: Fascia-like myofibroblast,integrin_x_actomyosin,ITGAV,CFL1,698,0.0,0.9383954154727794,0.0,0.0,0.0,nan,1.0,200,False,NOT_AVAILABLE
PRJNA607098,SRS6155888,F7: Fascia-like myofibroblast,integrin_x_actomyosin,ITGAV,LIMK1,698,0.0,0.16332378223495703,0.0,0.0,0.0,nan,1.0,200,False,NOT_AVAILABLE
PRJNA607098,SRS6155888,F7: Fascia-like myofibroblast,integrin_x_actomyosin,ITGAV,CNN2,698,0.0,0.46275071633237824,0.0,0.0,0.0,nan,1.0,200,False,NOT_AVAILABLE
PRJNA607098,SRS6155888,F7: Fascia-like myofibroblast,integrin_x_actomyosin,ITGAV,CDC42,698,0.0,0.6790830945558739,0.0,0.0,0.0,nan,1.0,200,False,NOT_AVAILABLE
PRJNA607098,SRS6155888,F7: Fascia-like myofibroblast,integrin_x_actomyosin,ITGB1,CFL1,698,0.8638968481375359,0.9383954154727794,0.836676217765043,0.8106768417336475,0.02599937603139546,1.0320711961819402,0.004975124378109453,200,False,NOT_AVAILABLE
PRJNA607098,SRS6155888,F7: Fascia-like myofibroblast,integrin_x_actomyosin,ITGB1,LIMK1,698,0.8638968481375359,0.16332378223495703,0.15616045845272206,0.14109490069868064,0.01506555775404142,1.1067760612143958,0.004975124378109453,200,False,NOT_AVAILABLE
PRJNA607098,SRS6155888,F7: Fascia-like myofibroblast,integrin_x_actomyosin,ITGB1,CNN2,698,0.8638968481375359,0.46275071633237824,0.4297994269340974,0.3997688853129285,0.030030541621168916,1.075119757250897,0.004975124378109453,200,False,NOT_AVAILABLE
PRJNA607098,SRS6155888,F7: Fascia-like myofibroblast,integrin_x_actomyosin,ITGB1,CDC42,698,0.8638968481375359,0.6790830945558739,0.6203438395415473,0.5866577450103037,0.033686094531243604,1.0574203525270973,0.004975124378109453,200,False,NOT_AVAILABLE
PRJNA607098,SRS6155888,F7: Fascia-like myofibroblast,integrin_x_actomyosin,ITGA2,CFL1,698,0.022922636103151862,0.9383954154727794,0.022922636103151862,0.021510496629748525,0.0014121394734033371,1.065648854961832,0.39800995024875624,200,False,NOT_AVAILABLE
PRJNA607098,SRS6155888,F7: Fascia-like myofibroblast,integrin_x_actomyosin,ITGA2,LIMK1,698,0.022922636103151862,0.16332378223495703,0.0057306590257879654,0.0037438116271623387,0.001986847398625627,1.530701754385965,0.21890547263681592,200,False,NOT_AVAILABLE
PRJNA607098,SRS6155888,F7: Fascia-like myofibroblast,integrin_x_actomyosin,ITGA2,CNN2,698,0.022922636103151862,0.46275071633237824,0.0071633237822349575,0.01060746627695996,-0.003444142494725002,0.6753095975232198,0.9353233830845771,200,False,NOT_AVAILABLE
PRJNA607098,SRS6155888,F7: Fascia-like myofibroblast,integrin_x_actomyosin,ITGA2,CDC42,698,0.022922636103151862,0.6790830945558739,0.01002865329512894,0.015566374660306566,-0.005537721365177625,0.6442510548523207,1.0,200,False,NOT_AVAILABLE
PRJNA607098,SRS6155888,F7: Fascia-like myofibroblast,integrin_x_actomyosin,PARVA,CFL1,698,0.5085959885386819,0.9383954154727794,0.497134670487106,0.47726414397254535,0.01987052651456067,1.0416342328781851,0.004975124378109453,200,False,NOT_AVAILABLE
PRJNA607098,SRS6155888,F7: Fascia-like myofibroblast,integrin_x_actomyosin,PARVA,LIMK1,698,0.5085959885386819,0.16332378223495703,0.0988538681948424,0.08306582047766439,0.01578804771717801,1.1900667160859895,0.03482587064676617,200,False,NOT_AVAILABLE
PRJNA607098,SRS6155888,F7: Fascia-like myofibroblast,integrin_x_actomyosin,PARVA,CNN2,698,0.5085959885386819,0.46275071633237824,0.2693409742120344,0.2353531580200491,0.03398781619198529,1.1444119827323072,0.004975124378109453,200,False,NOT_AVAILABLE
PRJNA607098,SRS6155888,F7: Fascia-like myofibroblast,integrin_x_actomyosin,PARVA,CDC42,698,0.5085959885386819,0.6790830945558739,0.4054441260744986,0.3453789377755519,0.06006518829894669,1.173910976406965,0.004975124378109453,200,False,NOT_AVAILABLE
PRJNA607098,SRS6155888,F7: Fascia-like myofibroblast,integrin_x_actomyosin,ITGA5,CFL1,698,0.5659025787965616,0.9383954154727794,0.5558739255014327,0.5310403855469168,0.02483353995451587,1.0467639385447867,0.004975124378109453,200,False,NOT_AVAILABLE
PRJNA607098,SRS6155888,F7: Fascia-like myofibroblast,integrin_x_actomyosin,ITGA5,LIMK1,698,0.5659025787965616,0.16332378223495703,0.11318051575931232,0.09242534954557023,0.020755166213742085,1.224561403508772,0.004975124378109453,200,False,NOT_AVAILABLE
PRJNA607098,SRS6155888,F7: Fascia-like myofibroblast,integrin_x_actomyosin,ITGA5,CNN2,698,0.5659025787965616,0.46275071633237824,0.3037249283667622,0.26187182371244905,0.041853104654313134,1.1598228631892462,0.004975124378109453,200,False,NOT_AVAILABLE
PRJNA607098,SRS6155888,F7: Fascia-like myofibroblast,integrin_x_actomyosin,ITGA5,CDC42,698,0.5659025787965616,0.6790830945558739,0.4283667621776504,0.3842948744263183,0.044071887751332084,1.1146824760989158,0.004975124378109453,200,False,NOT_AVAILABLE
PRJNA607098,SRS6155888,F7: Fascia-like myofibroblast,integrin_x_actomyosin,FERMT2,CFL1,698,0.7851002865329513,0.9383954154727794,0.7521489971346705,0.7367345095688869,0.015414487565783674,1.0209227168886166,0.004975124378109453,200,False,NOT_AVAILABLE
PRJNA607098,SRS6155888,F7: Fascia-like myofibroblast,integrin_x_actomyosin,FERMT2,LIMK1,698,0.7851002865329513,0.16332378223495703,0.14040114613180515,0.1282255482303101,0.012175597901495055,1.0949545396337559,0.01990049751243781,200,False,NOT_AVAILABLE
PRJNA607098,SRS6155888,F7: Fascia-like myofibroblast,integrin_x_actomyosin,FERMT2,CNN2,698,0.7851002865329513,0.46275071633237824,0.3968481375358166,0.36330571998587863,0.033542417549937975,1.092325597161646,0.004975124378109453,200,False,NOT_AVAILABLE
PRJNA607098,SRS6155888,F7: Fascia-like myofibroblast,integrin_x_actomyosin,FERMT2,CDC42,698,0.7851002865329513,0.6790830945558739,0.5644699140401146,0.5331483321154998,0.03132158192461476,1.0587483445748254,0.004975124378109453,200,False,NOT_AVAILABLE
PRJNA607098,SRS6155888,F7: Fascia-like myofibroblast,integrin_x_mechanosensor,ITGAV,PIEZO2,698,0.0,0.2492836676217765,0.0,0.0,0.0,nan,1.0,200,False,NOT_AVAILABLE
PRJNA607098,SRS6155888,F7: Fascia-like myofibroblast,integrin_x_mechanosensor,ITGAV,TMEM63B,698,0.0,0.22063037249283668,0.0,0.0,0.0,nan,1.0,200,False,NOT_AVAILABLE
PRJNA607098,SRS6155888,F7: Fascia-like myofibroblast,integrin_x_mechanosensor,ITGAV,PANX1,698,0.0,0.12034383954154727,0.0,0.0,0.0,nan,1.0,200,False,NOT_AVAILABLE
PRJNA607098,SRS6155888,F7: Fascia-like myofibroblast,integrin_x_mechanosensor,ITGB1,PIEZO2,698,0.8638968481375359,0.2492836676217765,0.20773638968481375,0.2153553747506178,-0.0076189850658040514,0.9646213377556662,0.9054726368159204,200,False,NOT_AVAILABLE
PRJNA607098,SRS6155888,F7: Fascia-like myofibroblast,integrin_x_mechanosensor,ITGB1,TMEM63B,698,0.8638968481375359,0.22063037249283668,0.20487106017191978,0.19060188339997208,0.014269176771947695,1.0748637763563138,0.014925373134328358,200,False,NOT_AVAILABLE
PRJNA607098,SRS6155888,F7: Fascia-like myofibroblast,integrin_x_mechanosensor,ITGB1,PANX1,698,0.8638968481375359,0.12034383954154727,0.10888252148997135,0.10396466367271204,0.0049178578172593135,1.0473031667061519,0.1691542288557214,200,False,NOT_AVAILABLE
PRJNA607098,SRS6155888,F7: Fascia-like myofibroblast,integrin_x_mechanosensor,ITGA2,PIEZO2,698,0.022922636103151862,0.2492836676217765,0.0071633237822349575,0.005714238799353043,0.0014490849828819145,1.2535919540229885,0.35323383084577115,200,False,NOT_AVAILABLE
PRJNA607098,SRS6155888,F7: Fascia-like myofibroblast,integrin_x_mechanosensor,ITGA2,TMEM63B,698,0.022922636103151862,0.22063037249283668,0.0057306590257879654,0.005057429741956142,0.0006732292838318235,1.133116883116883,0.472636815920398,200,False,NOT_AVAILABLE
PRJNA607098,SRS6155888,F7: Fascia-like myofibroblast,integrin_x_mechanosensor,ITGA2,PANX1,698,0.022922636103151862,0.12034383954154727,0.0057306590257879654,0.0027585980410669863,0.002972060984720979,2.077380952380952,0.11442786069651742,200,False,NOT_AVAILABLE
PRJNA607098,SRS6155888,F7: Fascia-like myofibroblast,integrin_x_mechanosensor,PARVA,PIEZO2,698,0.5085959885386819,0.2492836676217765,0.1361031518624642,0.12678467336064564,0.00931847850181855,1.0734984620365875,0.14427860696517414,200,False,NOT_AVAILABLE
PRJNA607098,SRS6155888,F7: Fascia-like myofibroblast,integrin_x_mechanosensor,PARVA,TMEM63B,698,0.5085959885386819,0.22063037249283668,0.1332378223495702,0.1122117223996519,0.021026099949918317,1.187378818364734,0.004975124378109453,200,False,NOT_AVAILABLE
PRJNA607098,SRS6155888,F7: Fascia-like myofibroblast,integrin_x_mechanosensor,PARVA,PANX1,698,0.5085959885386819,0.12034383954154727,0.07593123209169055,0.06120639403617376,0.014724838055516783,1.2405767940979209,0.009950248756218905,200,False,NOT_AVAILABLE
PRJNA607098,SRS6155888,F7: Fascia-like myofibroblast,integrin_x_mechanosensor,ITGA5,PIEZO2,698,0.5659025787965616,0.2492836676217765,0.15329512893982808,0.14107027035902825,0.01222485858079983,1.0866579368543576,0.05472636815920398,200,False,NOT_AVAILABLE
PRJNA607098,SRS6155888,F7: Fascia-like myofibroblast,integrin_x_mechanosensor,ITGA5,TMEM63B,698,0.5659025787965616,0.22063037249283668,0.15329512893982808,0.12485529675454225,0.028439832185285827,1.2277823442380404,0.004975124378109453,200,False,NOT_AVAILABLE
PRJNA607098,SRS6155888,F7: Fascia-like myofibroblast,integrin_x_mechanosensor,ITGA5,PANX1,698,0.5659025787965616,0.12034383954154727,0.07879656160458452,0.06810288913884122,0.010693672465743306,1.1570223025919228,0.03482587064676617,200,False,NOT_AVAILABLE
PRJNA607098,SRS6155888,F7: Fascia-like myofibroblast,integrin_x_mechanosensor,FERMT2,PIEZO2,698,0.7851002865329513,0.2492836676217765,0.18624641833810887,0.19571267887784172,-0.009466260539732846,0.9516318483094219,0.9601990049751243,200,False,NOT_AVAILABLE
PRJNA607098,SRS6155888,F7: Fascia-like myofibroblast,integrin_x_mechanosensor,FERMT2,TMEM63B,698,0.7851002865329513,0.22063037249283668,0.1819484240687679,0.17321696866199784,0.008731455406770061,1.0504076215755047,0.0945273631840796,200,False,NOT_AVAILABLE
PRJNA607098,SRS6155888,F7: Fascia-like myofibroblast,integrin_x_mechanosensor,FERMT2,PANX1,698,0.7851002865329513,0.12034383954154727,0.10744985673352435,0.09448198290654428,0.012967873826980073,1.137252346193952,0.014925373134328358,200,False,NOT_AVAILABLE
PRJNA607098,SRS6155888,F7: Fascia-like myofibroblast,integrin_x_hippo,ITGAV,NF2,698,0.0,0.17335243553008595,0.0,0.0,0.0,nan,1.0,200,False,NOT_AVAILABLE
PRJNA607098,SRS6155888,F7: Fascia-like myofibroblast,integrin_x_hippo,ITGAV,TEAD1,698,0.0,0.20630372492836677,0.0,0.0,0.0,nan,1.0,200,False,NOT_AVAILABLE
PRJNA607098,SRS6155888,F7: Fascia-like myofibroblast,integrin_x_hippo,ITGB1,NF2,698,0.8638968481375359,0.17335243553008595,0.16332378223495703,0.1497586226714066,0.013565159563550422,1.0905801570659104,0.009950248756218905,200,False,NOT_AVAILABLE
PRJNA607098,SRS6155888,F7: Fascia-like myofibroblast,integrin_x_hippo,ITGB1,TEAD1,698,0.8638968481375359,0.20630372492836677,0.18624641833810887,0.17822513772464924,0.008021280613459636,1.0450064492353048,0.1044776119402985,200,False,NOT_AVAILABLE
PRJNA607098,SRS6155888,F7: Fascia-like myofibroblast,integrin_x_hippo,ITGA2,NF2,698,0.022922636103151862,0.17335243553008595,0.004297994269340974,0.003973694797251254,0.00032429947208972073,1.081611570247934,0.5124378109452736,200,False,NOT_AVAILABLE
PRJNA607098,SRS6155888,F7: Fascia-like myofibroblast,integrin_x_hippo,ITGA2,TEAD1,698,0.022922636103151862,0.20630372492836677,0.004297994269340974,0.004729025213257691,-0.00043103094391671627,0.9088541666666667,0.6766169154228856,200,False,NOT_AVAILABLE
PRJNA607098,SRS6155888,F7: Fascia-like myofibroblast,integrin_x_hippo,PARVA,NF2,698,0.5085959885386819,0.17335243553008595,0.11318051575931232,0.0881663533140122,0.025014162445300123,1.2837155162379235,0.009950248756218905,200,False,NOT_AVAILABLE
PRJNA607098,SRS6155888,F7: Fascia-like myofibroblast,integrin_x_hippo,PARVA,TEAD1,698,0.5085959885386819,0.20630372492836677,0.1318051575931232,0.10492524691915503,0.026879910673968166,1.256181533646322,0.004975124378109453,200,False,NOT_AVAILABLE
PRJNA607098,SRS6155888,F7: Fascia-like myofibroblast,integrin_x_hippo,ITGA5,NF2,698,0.5659025787965616,0.17335243553008595,0.1303724928366762,0.09810059030714033,0.03227190252953588,1.3289674652160268,0.004975124378109453,200,False,NOT_AVAILABLE
PRJNA607098,SRS6155888,F7: Fascia-like myofibroblast,integrin_x_hippo,ITGA5,TEAD1,698,0.5659025787965616,0.20630372492836677,0.14469914040114612,0.11674780995229925,0.027951330448846873,1.2394163150492263,0.004975124378109453,200,False,NOT_AVAILABLE
PRJNA607098,SRS6155888,F7: Fascia-like myofibroblast,integrin_x_hippo,FERMT2,NF2,698,0.7851002865329513,0.17335243553008595,0.15329512893982808,0.13609904680585544,0.01719608213397264,1.1263497617180431,0.004975124378109453,200,False,NOT_AVAILABLE
PRJNA607098,SRS6155888,F7: Fascia-like myofibroblast,integrin_x_hippo,FERMT2,TEAD1,698,0.7851002865329513,0.20630372492836677,0.17765042979942694,0.16196911355407592,0.015681316245351018,1.096816707218167,0.009950248756218905,200,False,NOT_AVAILABLE
PRJNA607098,SRS6155889,F7: Fascia-like myofibroblast,integrin_x_actomyosin,ITGAV,CFL1,9008,0.0,0.8853241563055062,0.0,0.0,0.0,nan,1.0,200,False,NOT_AVAILABLE
PRJNA607098,SRS6155889,F7: Fascia-like myofibroblast,integrin_x_actomyosin,ITGAV,LIMK1,9008,0.0,0.17029307282415632,0.0,0.0,0.0,nan,1.0,200,False,NOT_AVAILABLE
PRJNA607098,SRS6155889,F7: Fascia-like myofibroblast,integrin_x_actomyosin,ITGAV,CNN2,9008,0.0,0.29551509769094136,0.0,0.0,0.0,nan,1.0,200,False,NOT_AVAILABLE
PRJNA607098,SRS6155889,F7: Fascia-like myofibroblast,integrin_x_actomyosin,ITGAV,CDC42,9008,0.0,0.6329928952042628,0.0,0.0,0.0,nan,1.0,200,False,NOT_AVAILABLE
PRJNA607098,SRS6155889,F7: Fascia-like myofibroblast,integrin_x_actomyosin,ITGB1,CFL1,9008,0.8966474245115453,0.8853241563055062,0.8260435168738899,0.793823624609189,0.0322198922647009,1.0405882254771182,0.004975124378109453,200,False,NOT_AVAILABLE
PRJNA607098,SRS6155889,F7: Fascia-like myofibroblast,integrin_x_actomyosin,ITGB1,LIMK1,9008,0.8966474245115453,0.17029307282415632,0.15896980461811722,0.15269284515993678,0.006276959458180437,1.0411084059086442,0.004975124378109453,200,False,NOT_AVAILABLE
PRJNA607098,SRS6155889,F7: Fascia-like myofibroblast,integrin_x_actomyosin,ITGB1,CNN2,9008,0.8966474245115453,0.29551509769094136,0.2849689165186501,0.2649728512488603,0.01999606526978981,1.0754645812789692,0.004975124378109453,200,False,NOT_AVAILABLE
PRJNA607098,SRS6155889,F7: Fascia-like myofibroblast,integrin_x_actomyosin,ITGB1,CDC42,9008,0.8966474245115453,0.6329928952042628,0.6000222024866785,0.5675714492190088,0.03245075326766966,1.0571747456858913,0.004975124378109453,200,False,NOT_AVAILABLE
PRJNA607098,SRS6155889,F7: Fascia-like myofibroblast,integrin_x_actomyosin,ITGA2,CFL1,9008,0.02919626998223801,0.8853241563055062,0.02797513321492007,0.025848163089292643,0.0021269701256274275,1.082287090122412,0.004975124378109453,200,False,NOT_AVAILABLE
PRJNA607098,SRS6155889,F7: Fascia-like myofibroblast,integrin_x_actomyosin,ITGA2,LIMK1,9008,0.02919626998223801,0.17029307282415632,0.005106571936056839,0.004971922530278987,0.000134649405777852,1.0270819597364678,0.4577114427860697,200,False,NOT_AVAILABLE
PRJNA607098,SRS6155889,F7: Fascia-like myofibroblast,integrin_x_actomyosin,ITGA2,CNN2,9008,0.02919626998223801,0.29551509769094136,0.010324156305506217,0.008627938576012165,0.0016962177294940518,1.1965959440427594,0.024875621890547265,200,False,NOT_AVAILABLE
PRJNA607098,SRS6155889,F7: Fascia-like myofibroblast,integrin_x_actomyosin,ITGA2,CDC42,9008,0.02919626998223801,0.6329928952042628,0.019760213143872114,0.01848103146522215,0.0012791816786499634,1.069215924503843,0.0845771144278607,200,False,NOT_AVAILABLE
PRJNA607098,SRS6155889,F7: Fascia-like myofibroblast,integrin_x_actomyosin,PARVA,CFL1,9008,0.48290408525754885,0.8853241563055062,0.4558170515097691,0.4275266518571217,0.028290399652647402,1.0661722480452562,0.004975124378109453,200,False,NOT_AVAILABLE
PRJNA607098,SRS6155889,F7: Fascia-like myofibroblast,integrin_x_actomyosin,PARVA,LIMK1,9008,0.48290408525754885,0.17029307282415632,0.09036412078152753,0.08223522055784636,0.008128900223681165,1.0988493758335953,0.004975124378109453,200,False,NOT_AVAILABLE
PRJNA607098,SRS6155889,F7: Fascia-like myofibroblast,integrin_x_actomyosin,PARVA,CNN2,9008,0.48290408525754885,0.29551509769094136,0.1786190053285968,0.1427054479302392,0.03591355739835761,1.2516621328704547,0.004975124378109453,200,False,NOT_AVAILABLE
PRJNA607098,SRS6155889,F7: Fascia-like myofibroblast,integrin_x_actomyosin,PARVA,CDC42,9008,0.48290408525754885,0.6329928952042628,0.35290852575488457,0.305674855033142,0.04723367072174256,1.1545225913875754,0.004975124378109453,200,False,NOT_AVAILABLE
PRJNA607098,SRS6155889,F7: Fascia-like myofibroblast,integrin_x_actomyosin,ITGA5,CFL1,9008,0.5036634103019538,0.8853241563055062,0.4619227353463588,0.44590538378753125,0.016017351558827553,1.0359209647185144,0.004975124378109453,200,False,NOT_AVAILABLE
PRJNA607098,SRS6155889,F7: Fascia-like myofibroblast,integrin_x_actomyosin,ITGA5,LIMK1,9008,0.5036634103019538,0.17029307282415632,0.09424955595026643,0.08577038980941355,0.008479166140852881,1.0988588971053304,0.004975124378109453,200,False,NOT_AVAILABLE
PRJNA607098,SRS6155889,F7: Fascia-like myofibroblast,integrin_x_actomyosin,ITGA5,CNN2,9008,0.5036634103019538,0.29551509769094136,0.1691829484902309,0.14884014189873457,0.020342806591496343,1.136675538816248,0.004975124378109453,200,False,NOT_AVAILABLE
PRJNA607098,SRS6155889,F7: Fascia-like myofibroblast,integrin_x_actomyosin,ITGA5,CDC42,9008,0.5036634103019538,0.6329928952042628,0.34302841918294846,0.3188153602954863,0.02421305888746217,1.0759469646161994,0.004975124378109453,200,False,NOT_AVAILABLE
PRJNA607098,SRS6155889,F7: Fascia-like myofibroblast,integrin_x_actomyosin,FERMT2,CFL1,9008,0.6355461811722913,0.8853241563055062,0.5918072824156305,0.5626643866395452,0.02914289577608531,1.05179445592805,0.004975124378109453,200,False,NOT_AVAILABLE
PRJNA607098,SRS6155889,F7: Fascia-like myofibroblast,integrin_x_actomyosin,FERMT2,LIMK1,9008,0.6355461811722913,0.17029307282415632,0.11933836589698046,0.10822911211348744,0.01110925378349302,1.1026457074862077,0.004975124378109453,200,False,NOT_AVAILABLE
PRJNA607098,SRS6155889,F7: Fascia-like myofibroblast,integrin_x_actomyosin,FERMT2,CNN2,9008,0.6355461811722913,0.29551509769094136,0.21991563055062166,0.18781349181623438,0.032102138734387275,1.170925626396412,0.004975124378109453,200,False,NOT_AVAILABLE
PRJNA607098,SRS6155889,F7: Fascia-like myofibroblast,integrin_x_actomyosin,FERMT2,CDC42,9008,0.6355461811722913,0.6329928952042628,0.4469360568383659,0.40229621725626163,0.04463983958210427,1.1109626132866888,0.004975124378109453,200,False,NOT_AVAILABLE
PRJNA607098,SRS6155889,F7: Fascia-like myofibroblast,integrin_x_mechanosensor,ITGAV,PIEZO2,9008,0.0,0.24900088809946713,0.0,0.0,0.0,nan,1.0,200,False,NOT_AVAILABLE
PRJNA607098,SRS6155889,F7: Fascia-like myofibroblast,integrin_x_mechanosensor,ITGAV,TMEM63B,9008,0.0,0.22346802841918295,0.0,0.0,0.0,nan,1.0,200,False,NOT_AVAILABLE
PRJNA607098,SRS6155889,F7: Fascia-like myofibroblast,integrin_x_mechanosensor,ITGAV,PANX1,9008,0.0,0.12078152753108348,0.0,0.0,0.0,nan,1.0,200,False,NOT_AVAILABLE
PRJNA607098,SRS6155889,F7: Fascia-like myofibroblast,integrin_x_mechanosensor,ITGB1,PIEZO2,9008,0.8966474245115453,0.24900088809946713,0.22924067495559503,0.2232660050154747,0.005974669940120331,1.0267603208993068,0.004975124378109453,200,False,NOT_AVAILABLE
PRJNA607098,SRS6155889,F7: Fascia-like myofibroblast,integrin_x_mechanosensor,ITGB1,TMEM63B,9008,0.8966474245115453,0.22346802841918295,0.20936944937833038,0.2003720321427332,0.008997417235597188,1.0449035583428528,0.004975124378109453,200,False,NOT_AVAILABLE
PRJNA607098,SRS6155889,F7: Fascia-like myofibroblast,integrin_x_mechanosensor,ITGB1,PANX1,9008,0.8966474245115453,0.12078152753108348,0.113898756660746,0.10829844558931631,0.005600311071429692,1.0517118324363297,0.004975124378109453,200,False,NOT_AVAILABLE
PRJNA607098,SRS6155889,F7: Fascia-like myofibroblast,integrin_x_mechanosensor,ITGA2,PIEZO2,9008,0.02919626998223801,0.24900088809946713,0.009325044404973356,0.007269897154769079,0.0020551472502042777,1.2826927543061726,0.014925373134328358,200,False,NOT_AVAILABLE
PRJNA607098,SRS6155889,F7: Fascia-like myofibroblast,integrin_x_mechanosensor,ITGA2,TMEM63B,9008,0.02919626998223801,0.22346802841918295,0.007548845470692718,0.006524432890124902,0.0010244125805678158,1.1570117430617337,0.06467661691542288,200,False,NOT_AVAILABLE
PRJNA607098,SRS6155889,F7: Fascia-like myofibroblast,integrin_x_mechanosensor,ITGA2,PANX1,9008,0.02919626998223801,0.12078152753108348,0.0047735346358792185,0.0035263700866646265,0.001247164549214592,1.353668083202863,0.014925373134328358,200,False,NOT_AVAILABLE
PRJNA607098,SRS6155889,F7: Fascia-like myofibroblast,integrin_x_mechanosensor,PARVA,PIEZO2,9008,0.48290408525754885,0.24900088809946713,0.13521314387211367,0.12024354609599044,0.014969597776123222,1.124493981275078,0.004975124378109453,200,False,NOT_AVAILABLE
PRJNA607098,SRS6155889,F7: Fascia-like myofibroblast,integrin_x_mechanosensor,PARVA,TMEM63B,9008,0.48290408525754885,0.22346802841918295,0.12622113676731794,0.10791362384807347,0.01830751291924447,1.1696496908028846,0.004975124378109453,200,False,NOT_AVAILABLE
PRJNA607098,SRS6155889,F7: Fascia-like myofibroblast,integrin_x_mechanosensor,PARVA,PANX1,9008,0.48290408525754885,0.12078152753108348,0.07149200710479574,0.058325893068407325,0.013166114036388413,1.225733603786342,0.004975124378109453,200,False,NOT_AVAILABLE
PRJNA607098,SRS6155889,F7: Fascia-like myofibroblast,integrin_x_mechanosensor,ITGA5,PIEZO2,9008,0.5036634103019538,0.24900088809946713,0.1405417406749556,0.12541263646839282,0.015129104206562771,1.1206346077444571,0.004975124378109453,200,False,NOT_AVAILABLE
PRJNA607098,SRS6155889,F7: Fascia-like myofibroblast,integrin_x_mechanosensor,ITGA5,TMEM63B,9008,0.5036634103019538,0.22346802841918295,0.12477797513321492,0.11255266928705962,0.012225305846155304,1.108618533204,0.004975124378109453,200,False,NOT_AVAILABLE
PRJNA607098,SRS6155889,F7: Fascia-like myofibroblast,integrin_x_mechanosensor,ITGA5,PANX1,9008,0.5036634103019538,0.12078152753108348,0.06771758436944939,0.06083323605778483,0.006884348311664554,1.1131675504673988,0.004975124378109453,200,False,NOT_AVAILABLE
PRJNA607098,SRS6155889,F7: Fascia-like myofibroblast,integrin_x_mechanosensor,FERMT2,PIEZO2,9008,0.6355461811722913,0.24900088809946713,0.16962699822380106,0.15825156354012537,0.01137543468367569,1.0718819734175415,0.004975124378109453,200,False,NOT_AVAILABLE
PRJNA607098,SRS6155889,F7: Fascia-like myofibroblast,integrin_x_mechanosensor,FERMT2,TMEM63B,9008,0.6355461811722913,0.22346802841918295,0.15819271758436945,0.14202425207591277,0.016168465508456686,1.113842989997332,0.004975124378109453,200,False,NOT_AVAILABLE
PRJNA607098,SRS6155889,F7: Fascia-like myofibroblast,integrin_x_mechanosensor,FERMT2,PANX1,9008,0.6355461811722913,0.12078152753108348,0.09202930728241564,0.07676223857853608,0.01526706870387956,1.1988877472386334,0.004975124378109453,200,False,NOT_AVAILABLE
PRJNA607098,SRS6155889,F7: Fascia-like myofibroblast,integrin_x_hippo,ITGAV,NF2,9008,0.0,0.15896980461811722,0.0,0.0,0.0,nan,1.0,200,False,NOT_AVAILABLE
PRJNA607098,SRS6155889,F7: Fascia-like myofibroblast,integrin_x_hippo,ITGAV,TEAD1,9008,0.0,0.2302397868561279,0.0,0.0,0.0,nan,1.0,200,False,NOT_AVAILABLE
PRJNA607098,SRS6155889,F7: Fascia-like myofibroblast,integrin_x_hippo,ITGB1,NF2,9008,0.8966474245115453,0.15896980461811722,0.15119893428063944,0.14253986588593837,0.00865906839470107,1.0607483972352698,0.004975124378109453,200,False,NOT_AVAILABLE
PRJNA607098,SRS6155889,F7: Fascia-like myofibroblast,integrin_x_hippo,ITGB1,TEAD1,9008,0.8966474245115453,0.2302397868561279,0.21791740674955595,0.2064439119046342,0.011473494844921744,1.0555768137653867,0.004975124378109453,200,False,NOT_AVAILABLE
PRJNA607098,SRS6155889,F7: Fascia-like myofibroblast,integrin_x_hippo,ITGA2,NF2,9008,0.02919626998223801,0.15896980461811722,0.006216696269982238,0.004641325334654177,0.001575370935328061,1.3394226480022093,0.009950248756218905,200,False,NOT_AVAILABLE
PRJNA607098,SRS6155889,F7: Fascia-like myofibroblast,integrin_x_hippo,ITGA2,TEAD1,9008,0.02919626998223801,0.2302397868561279,0.006993783303730018,0.006722142977704444,0.0002716403260255738,1.0404097810663255,0.3582089552238806,200,False,NOT_AVAILABLE
PRJNA607098,SRS6155889,F7: Fascia-like myofibroblast,integrin_x_hippo,PARVA,NF2,9008,0.48290408525754885,0.15896980461811722,0.09103019538188277,0.07676716808268315,0.014263027299199621,1.185795928851217,0.004975124378109453,200,False,NOT_AVAILABLE
PRJNA607098,SRS6155889,F7: Fascia-like myofibroblast,integrin_x_hippo,PARVA,TEAD1,9008,0.48290408525754885,0.2302397868561279,0.1392095914742451,0.11118373366165145,0.02802585781259366,1.252067967944668,0.004975124378109453,200,False,NOT_AVAILABLE
PRJNA607098,SRS6155889,F7: Fascia-like myofibroblast,integrin_x_hippo,ITGA5,NF2,9008,0.5036634103019538,0.15896980461811722,0.09380550621669627,0.08006727392899621,0.013738232287700061,1.171583614797266,0.004975124378109453,200,False,NOT_AVAILABLE
PRJNA607098,SRS6155889,F7: Fascia-like myofibroblast,integrin_x_hippo,ITGA5,TEAD1,9008,0.5036634103019538,0.2302397868561279,0.13432504440497336,0.11596335623515235,0.01836168816982102,1.158340434133235,0.004975124378109453,200,False,NOT_AVAILABLE
PRJNA607098,SRS6155889,F7: Fascia-like myofibroblast,integrin_x_hippo,FERMT2,NF2,9008,0.6355461811722913,0.15896980461811722,0.1155639431616341,0.10103265224674966,0.014531290914884434,1.1438276694884244,0.004975124378109453,200,False,NOT_AVAILABLE
PRJNA607098,SRS6155889,F7: Fascia-like myofibroblast,integrin_x_hippo,FERMT2,TEAD1,9008,0.6355461811722913,0.2302397868561279,0.1660746003552398,0.1463280172903344,0.0197465830649054,1.134947383492018,0.004975124378109453,200,False,NOT_AVAILABLE
PRJNA607098,SRS6155890,F7: Fascia-like myofibroblast,integrin_x_actomyosin,ITGAV,CFL1,1172,0.0,0.939419795221843,0.0,0.0,0.0,nan,1.0,200,False,NOT_AVAILABLE
PRJNA607098,SRS6155890,F7: Fascia-like myofibroblast,integrin_x_actomyosin,ITGAV,LIMK1,1172,0.0,0.17320819112627986,0.0,0.0,0.0,nan,1.0,200,False,NOT_AVAILABLE
PRJNA607098,SRS6155890,F7: Fascia-like myofibroblast,integrin_x_actomyosin,ITGAV,CNN2,1172,0.0,0.27047781569965873,0.0,0.0,0.0,nan,1.0,200,False,NOT_AVAILABLE
PRJNA607098,SRS6155890,F7: Fascia-like myofibroblast,integrin_x_actomyosin,ITGAV,CDC42,1172,0.0,0.6279863481228669,0.0,0.0,0.0,nan,1.0,200,False,NOT_AVAILABLE
PRJNA607098,SRS6155890,F7: Fascia-like myofibroblast,integrin_x_actomyosin,ITGB1,CFL1,1172,0.8668941979522184,0.939419795221843,0.8302047781569966,0.8143775699192769,0.01582720823771966,1.0194347300592874,0.004975124378109453,200,False,NOT_AVAILABLE
PRJNA607098,SRS6155890,F7: Fascia-like myofibroblast,integrin_x_actomyosin,ITGB1,LIMK1,1172,0.8668941979522184,0.17320819112627986,0.1612627986348123,0.15015317592517094,0.011109622709641359,1.0739885962530547,0.004975124378109453,200,False,NOT_AVAILABLE
PRJNA607098,SRS6155890,F7: Fascia-like myofibroblast,integrin_x_actomyosin,ITGB1,CNN2,1172,0.8668941979522184,0.27047781569965873,0.24914675767918087,0.23447564910482363,0.014671108574357244,1.062569860155493,0.004975124378109453,200,False,NOT_AVAILABLE
PRJNA607098,SRS6155890,F7: Fascia-like myofibroblast,integrin_x_actomyosin,ITGB1,CDC42,1172,0.8668941979522184,0.6279863481228669,0.5716723549488054,0.5443977215809154,0.027274633367890044,1.0501005648750426,0.004975124378109453,200,False,NOT_AVAILABLE
PRJNA607098,SRS6155890,F7: Fascia-like myofibroblast,integrin_x_actomyosin,ITGA2,CFL1,1172,0.011945392491467578,0.939419795221843,0.011945392491467578,0.011221738168179014,0.0007236543232885632,1.064486830154405,0.4427860696517413,200,False,NOT_AVAILABLE
PRJNA607098,SRS6155890,F7: Fascia-like myofibroblast,integrin_x_actomyosin,ITGA2,LIMK1,1172,0.011945392491467578,0.17320819112627986,0.0034129692832764505,0.0020690398257405445,0.001343929457535906,1.64954257565095,0.2935323383084577,200,False,NOT_AVAILABLE
PRJNA607098,SRS6155890,F7: Fascia-like myofibroblast,integrin_x_actomyosin,ITGA2,CNN2,1172,0.011945392491467578,0.27047781569965873,0.004266211604095563,0.0032309636687672546,0.0010352479353283087,1.3204146011716988,0.30845771144278605,200,False,NOT_AVAILABLE
PRJNA607098,SRS6155890,F7: Fascia-like myofibroblast,integrin_x_actomyosin,ITGA2,CDC42,1172,0.011945392491467578,0.6279863481228669,0.008532423208191127,0.007501543407611039,0.0010308798005800876,1.137422360248447,0.4079601990049751,200,False,NOT_AVAILABLE
PRJNA607098,SRS6155890,F7: Fascia-like myofibroblast,integrin_x_actomyosin,PARVA,CFL1,1172,0.44368600682593856,0.939419795221843,0.4334470989761092,0.41680741767522045,0.016639681300888776,1.0399217494585342,0.004975124378109453,200,False,NOT_AVAILABLE
PRJNA607098,SRS6155890,F7: Fascia-like myofibroblast,integrin_x_actomyosin,PARVA,LIMK1,1172,0.44368600682593856,0.17320819112627986,0.09129692832764505,0.07685005067036307,0.014446877657281976,1.187987874194771,0.014925373134328358,200,False,NOT_AVAILABLE
PRJNA607098,SRS6155890,F7: Fascia-like myofibroblast,integrin_x_actomyosin,PARVA,CNN2,1172,0.44368600682593856,0.27047781569965873,0.14419795221843004,0.12000722198278375,0.024190730235646288,1.2015772870662458,0.004975124378109453,200,False,NOT_AVAILABLE
PRJNA607098,SRS6155890,F7: Fascia-like myofibroblast,integrin_x_actomyosin,PARVA,CDC42,1172,0.44368600682593856,0.6279863481228669,0.33276450511945393,0.2786287551398386,0.054135749979615344,1.1942934782608694,0.004975124378109453,200,False,NOT_AVAILABLE
PRJNA607098,SRS6155890,F7: Fascia-like myofibroblast,integrin_x_actomyosin,ITGA5,CFL1,1172,0.5059726962457338,0.939419795221843,0.48378839590443684,0.47532076669501105,0.008467629209425787,1.0178145576687143,0.029850746268656716,200,False,NOT_AVAILABLE
PRJNA607098,SRS6155890,F7: Fascia-like myofibroblast,integrin_x_actomyosin,ITGA5,LIMK1,1172,0.5059726962457338,0.17320819112627986,0.1083617747440273,0.0876386154760102,0.0207231592680171,1.236461509067196,0.004975124378109453,200,False,NOT_AVAILABLE
PRJNA607098,SRS6155890,F7: Fascia-like myofibroblast,integrin_x_actomyosin,ITGA5,CNN2,1172,0.5059726962457338,0.27047781569965873,0.1612627986348123,0.13685438968421298,0.024408408950599314,1.178353131433496,0.004975124378109453,200,False,NOT_AVAILABLE
PRJNA607098,SRS6155890,F7: Fascia-like myofibroblast,integrin_x_actomyosin,ITGA5,CDC42,1172,0.5059726962457338,0.6279863481228669,0.3583617747440273,0.31774394576523896,0.04061782897878835,1.1278319524891856,0.004975124378109453,200,False,NOT_AVAILABLE
PRJNA607098,SRS6155890,F7: Fascia-like myofibroblast,integrin_x_actomyosin,FERMT2,CFL1,1172,0.8003412969283277,0.939419795221843,0.7627986348122867,0.7518564572679939,0.01094217754429283,1.0145535460107016,0.004975124378109453,200,False,NOT_AVAILABLE
PRJNA607098,SRS6155890,F7: Fascia-like myofibroblast,integrin_x_actomyosin,FERMT2,LIMK1,1172,0.8003412969283277,0.17320819112627986,0.15017064846416384,0.13862566832461648,0.011544980139547356,1.0832816914722658,0.009950248756218905,200,False,NOT_AVAILABLE
PRJNA607098,SRS6155890,F7: Fascia-like myofibroblast,integrin_x_actomyosin,FERMT2,CNN2,1172,0.8003412969283277,0.27047781569965873,0.2295221843003413,0.21647456580740607,0.013047618492935231,1.0602732170602596,0.014925373134328358,200,False,NOT_AVAILABLE
PRJNA607098,SRS6155890,F7: Fascia-like myofibroblast,integrin_x_actomyosin,FERMT2,CDC42,1172,0.8003412969283277,0.6279863481228669,0.5196245733788396,0.5026034083099395,0.017021165068900057,1.0338659961064245,0.004975124378109453,200,False,NOT_AVAILABLE
PRJNA607098,SRS6155890,F7: Fascia-like myofibroblast,integrin_x_mechanosensor,ITGAV,PIEZO2,1172,0.0,0.18430034129692832,0.0,0.0,0.0,nan,1.0,200,False,NOT_AVAILABLE
PRJNA607098,SRS6155890,F7: Fascia-like myofibroblast,integrin_x_mechanosensor,ITGAV,TMEM63B,1172,0.0,0.1962457337883959,0.0,0.0,0.0,nan,1.0,200,False,NOT_AVAILABLE
PRJNA607098,SRS6155890,F7: Fascia-like myofibroblast,integrin_x_mechanosensor,ITGAV,PANX1,1172,0.0,0.08959044368600683,0.0,0.0,0.0,nan,1.0,200,False,NOT_AVAILABLE
PRJNA607098,SRS6155890,F7: Fascia-like myofibroblast,integrin_x_mechanosensor,ITGB1,PIEZO2,1172,0.8668941979522184,0.18430034129692832,0.16723549488054607,0.1597688965509208,0.0074665983296252625,1.0467337416156313,0.03482587064676617,200,False,NOT_AVAILABLE
PRJNA607098,SRS6155890,F7: Fascia-like myofibroblast,integrin_x_mechanosensor,ITGB1,TMEM63B,1172,0.8668941979522184,0.1962457337883959,0.17491467576791808,0.17012428799403606,0.004790387773882021,1.028158165011982,0.11442786069651742,200,False,NOT_AVAILABLE
PRJNA607098,SRS6155890,F7: Fascia-like myofibroblast,integrin_x_mechanosensor,ITGB1,PANX1,1172,0.8668941979522184,0.08959044368600683,0.08532423208191127,0.07766543582336428,0.007658796258546985,1.098612673415823,0.004975124378109453,200,False,NOT_AVAILABLE
PRJNA607098,SRS6155890,F7: Fascia-like myofibroblast,integrin_x_mechanosensor,ITGA2,PIEZO2,1172,0.011945392491467578,0.18430034129692832,0.004266211604095563,0.0022015399131032395,0.002064671690992324,1.937830687830688,0.11442786069651742,200,False,NOT_AVAILABLE
PRJNA607098,SRS6155890,F7: Fascia-like myofibroblast,integrin_x_mechanosensor,ITGA2,TMEM63B,1172,0.011945392491467578,0.1962457337883959,0.004266211604095563,0.0023442323148784496,0.0019219792892171137,1.8198757763975153,0.08955223880597014,200,False,NOT_AVAILABLE
PRJNA607098,SRS6155890,F7: Fascia-like myofibroblast,integrin_x_mechanosensor,ITGA2,PANX1,1172,0.011945392491467578,0.08959044368600683,0.004266211604095563,0.0010701930133140748,0.0031960185907814885,3.9863945578231292,0.01990049751243781,200,False,NOT_AVAILABLE
PRJNA607098,SRS6155890,F7: Fascia-like myofibroblast,integrin_x_mechanosensor,PARVA,PIEZO2,1172,0.44368600682593856,0.18430034129692832,0.08532423208191127,0.08177148248669175,0.0035527495952195204,1.0434472934472936,0.31343283582089554,200,False,NOT_AVAILABLE
PRJNA607098,SRS6155890,F7: Fascia-like myofibroblast,integrin_x_mechanosensor,PARVA,TMEM63B,1172,0.44368600682593856,0.1962457337883959,0.10409556313993173,0.08707148598119956,0.01702407715873218,1.1955183946488293,0.009950248756218905,200,False,NOT_AVAILABLE
PRJNA607098,SRS6155890,F7: Fascia-like myofibroblast,integrin_x_mechanosensor,PARVA,PANX1,1172,0.44368600682593856,0.08959044368600683,0.04863481228668942,0.039750026208808485,0.008884786077880936,1.2235164835164838,0.01990049751243781,200,False,NOT_AVAILABLE
PRJNA607098,SRS6155890,F7: Fascia-like myofibroblast,integrin_x_mechanosensor,ITGA5,PIEZO2,1172,0.5059726962457338,0.18430034129692832,0.1083617747440273,0.09325094060501578,0.015110834139011528,1.1620448441696334,0.004975124378109453,200,False,NOT_AVAILABLE
PRJNA607098,SRS6155890,F7: Fascia-like myofibroblast,integrin_x_mechanosensor,ITGA5,TMEM63B,1172,0.5059726962457338,0.1962457337883959,0.11945392491467577,0.09929498305163717,0.0201589418630386,1.203020749321798,0.004975124378109453,200,False,NOT_AVAILABLE
PRJNA607098,SRS6155890,F7: Fascia-like myofibroblast,integrin_x_mechanosensor,ITGA5,PANX1,1172,0.5059726962457338,0.08959044368600683,0.05631399317406143,0.04533031834966045,0.010983674824400984,1.242303059503734,0.009950248756218905,200,False,NOT_AVAILABLE
PRJNA607098,SRS6155890,F7: Fascia-like myofibroblast,integrin_x_mechanosensor,FERMT2,PIEZO2,1172,0.8003412969283277,0.18430034129692832,0.15358361774744028,0.14750317417791703,0.006080443569523253,1.0412224591329071,0.07960199004975124,200,False,NOT_AVAILABLE
PRJNA607098,SRS6155890,F7: Fascia-like myofibroblast,integrin_x_mechanosensor,FERMT2,TMEM63B,1172,0.8003412969283277,0.1962457337883959,0.1697952218430034,0.15706356509685612,0.01273165674614729,1.081060535830166,0.014925373134328358,200,False,NOT_AVAILABLE
PRJNA607098,SRS6155890,F7: Fascia-like myofibroblast,integrin_x_mechanosensor,FERMT2,PANX1,1172,0.8003412969283277,0.08959044368600683,0.07252559726962457,0.071702931892043,0.0008226653775815634,1.0114732460148237,0.48756218905472637,200,False,NOT_AVAILABLE
PRJNA607098,SRS6155890,F7: Fascia-like myofibroblast,integrin_x_hippo,ITGAV,NF2,1172,0.0,0.14590443686006827,0.0,0.0,0.0,nan,1.0,200,False,NOT_AVAILABLE
PRJNA607098,SRS6155890,F7: Fascia-like myofibroblast,integrin_x_hippo,ITGAV,TEAD1,1172,0.0,0.1612627986348123,0.0,0.0,0.0,nan,1.0,200,False,NOT_AVAILABLE
PRJNA607098,SRS6155890,F7: Fascia-like myofibroblast,integrin_x_hippo,ITGB1,NF2,1172,0.8668941979522184,0.14590443686006827,0.1356655290102389,0.12648370976947898,0.00918181924075992,1.072592899571764,0.014925373134328358,200,False,NOT_AVAILABLE
PRJNA607098,SRS6155890,F7: Fascia-like myofibroblast,integrin_x_hippo,ITGB1,TEAD1,1172,0.8668941979522184,0.1612627986348123,0.14675767918088736,0.1397977844820557,0.0069598946988316535,1.0497854434862308,0.04975124378109453,200,False,NOT_AVAILABLE
PRJNA607098,SRS6155890,F7: Fascia-like myofibroblast,integrin_x_hippo,ITGA2,NF2,1172,0.011945392491467578,0.14590443686006827,0.004266211604095563,0.0017428857645400647,0.0025233258395554988,2.4477861319966583,0.04975124378109453,200,False,NOT_AVAILABLE
PRJNA607098,SRS6155890,F7: Fascia-like myofibroblast,integrin_x_hippo,ITGA2,TEAD1,1172,0.011945392491467578,0.1612627986348123,0.002559726962457338,0.001926347423965335,0.0006333795384920028,1.3287981859410427,0.3781094527363184,200,False,NOT_AVAILABLE
PRJNA607098,SRS6155890,F7: Fascia-like myofibroblast,integrin_x_hippo,PARVA,NF2,1172,0.44368600682593856,0.14590443686006827,0.0810580204778157,0.06473575696863097,0.016322263509184726,1.2521367521367521,0.004975124378109453,200,False,NOT_AVAILABLE
PRJNA607098,SRS6155890,F7: Fascia-like myofibroblast,integrin_x_hippo,PARVA,TEAD1,1172,0.44368600682593856,0.1612627986348123,0.08447098976109214,0.07155004717585528,0.012920942585236864,1.1805860805860806,0.009950248756218905,200,False,NOT_AVAILABLE
PRJNA607098,SRS6155890,F7: Fascia-like myofibroblast,integrin_x_hippo,ITGA5,NF2,1172,0.5059726962457338,0.14590443686006827,0.09300341296928327,0.07382366131230417,0.019179751656979105,1.2598049367375717,0.004975124378109453,200,False,NOT_AVAILABLE
PRJNA607098,SRS6155890,F7: Fascia-like myofibroblast,integrin_x_hippo,ITGA5,TEAD1,1172,0.5059726962457338,0.1612627986348123,0.09812286689419795,0.08159457302938881,0.01652829386480914,1.2025660929539512,0.004975124378109453,200,False,NOT_AVAILABLE
PRJNA607098,SRS6155890,F7: Fascia-like myofibroblast,integrin_x_hippo,FERMT2,NF2,1172,0.8003412969283277,0.14590443686006827,0.12627986348122866,0.11677334622418432,0.009506517257044336,1.0814099926432996,0.024875621890547265,200,False,NOT_AVAILABLE
PRJNA607098,SRS6155890,F7: Fascia-like myofibroblast,integrin_x_hippo,FERMT2,TEAD1,1172,0.8003412969283277,0.1612627986348123,0.1296928327645051,0.12906527740567741,0.0006275553588276916,1.0048623097663607,0.5024875621890548,200,False,NOT_AVAILABLE
PRJNA607098,SRS6155891,F7: Fascia-like myofibroblast,integrin_x_actomyosin,ITGAV,CFL1,34,0.0,0.9411764705882353,0.0,0.0,0.0,nan,1.0,200,False,NOT_AVAILABLE
PRJNA607098,SRS6155891,F7: Fascia-like myofibroblast,integrin_x_actomyosin,ITGAV,LIMK1,34,0.0,0.20588235294117646,0.0,0.0,0.0,nan,1.0,200,False,NOT_AVAILABLE
PRJNA607098,SRS6155891,F7: Fascia-like myofibroblast,integrin_x_actomyosin,ITGAV,CNN2,34,0.0,0.47058823529411764,0.0,0.0,0.0,nan,1.0,200,False,NOT_AVAILABLE
PRJNA607098,SRS6155891,F7: Fascia-like myofibroblast,integrin_x_actomyosin,ITGAV,CDC42,34,0.0,0.7941176470588235,0.0,0.0,0.0,nan,1.0,200,False,NOT_AVAILABLE
PRJNA607098,SRS6155891,F7: Fascia-like myofibroblast,integrin_x_actomyosin,ITGB1,CFL1,34,0.9411764705882353,0.9411764705882353,0.8823529411764706,0.8858131487889274,-0.0034602076124568004,0.9960937499999999,1.0,200,False,NOT_AVAILABLE
PRJNA607098,SRS6155891,F7: Fascia-like myofibroblast,integrin_x_actomyosin,ITGB1,LIMK1,34,0.9411764705882353,0.20588235294117646,0.20588235294117646,0.19377162629757785,0.012110726643598607,1.0625,0.5920398009950248,200,False,NOT_AVAILABLE
PRJNA607098,SRS6155891,F7: Fascia-like myofibroblast,integrin_x_actomyosin,ITGB1,CNN2,34,0.9411764705882353,0.47058823529411764,0.47058823529411764,0.4429065743944637,0.02768166089965396,1.0625,0.31343283582089554,200,False,NOT_AVAILABLE
PRJNA607098,SRS6155891,F7: Fascia-like myofibroblast,integrin_x_actomyosin,ITGB1,CDC42,34,0.9411764705882353,0.7941176470588235,0.7647058823529411,0.7474048442906573,0.01730103806228378,1.0231481481481481,0.3383084577114428,200,False,NOT_AVAILABLE
PRJNA607098,SRS6155891,F7: Fascia-like myofibroblast,integrin_x_actomyosin,ITGA2,CFL1,34,0.058823529411764705,0.9411764705882353,0.058823529411764705,0.05536332179930796,0.003460207612456745,1.0625,0.8756218905472637,200,False,NOT_AVAILABLE
PRJNA607098,SRS6155891,F7: Fascia-like myofibroblast,integrin_x_actomyosin,ITGA2,LIMK1,34,0.058823529411764705,0.20588235294117646,0.0,0.012110726643598616,-0.012110726643598616,0.0,1.0,200,False,NOT_AVAILABLE
PRJNA607098,SRS6155891,F7: Fascia-like myofibroblast,integrin_x_actomyosin,ITGA2,CNN2,34,0.058823529411764705,0.47058823529411764,0.029411764705882353,0.02768166089965398,0.0017301038062283725,1.0625,0.7213930348258707,200,False,NOT_AVAILABLE
PRJNA607098,SRS6155891,F7: Fascia-like myofibroblast,integrin_x_actomyosin,ITGA2,CDC42,34,0.058823529411764705,0.7941176470588235,0.058823529411764705,0.046712802768166084,0.012110726643598621,1.2592592592592593,0.5572139303482587,200,False,NOT_AVAILABLE
PRJNA607098,SRS6155891,F7: Fascia-like myofibroblast,integrin_x_actomyosin,PARVA,CFL1,34,0.5,0.9411764705882353,0.47058823529411764,0.47058823529411764,0.0,1.0,0.7512437810945274,200,False,NOT_AVAILABLE
PRJNA607098,SRS6155891,F7: Fascia-like myofibroblast,integrin_x_actomyosin,PARVA,LIMK1,34,0.5,0.20588235294117646,0.14705882352941177,0.10294117647058823,0.04411764705882354,1.4285714285714286,0.15920398009950248,200,False,NOT_AVAILABLE
PRJNA607098,SRS6155891,F7: Fascia-like myofibroblast,integrin_x_actomyosin,PARVA,CNN2,34,0.5,0.47058823529411764,0.35294117647058826,0.23529411764705882,0.11764705882352944,1.5000000000000002,0.009950248756218905,200,False,NOT_AVAILABLE
PRJNA607098,SRS6155891,F7: Fascia-like myofibroblast,integrin_x_actomyosin,PARVA,CDC42,34,0.5,0.7941176470588235,0.4117647058823529,0.39705882352941174,0.01470588235294118,1.037037037037037,0.5572139303482587,200,False,NOT_AVAILABLE
PRJNA607098,SRS6155891,F7: Fascia-like myofibroblast,integrin_x_actomyosin,ITGA5,CFL1,34,0.5294117647058824,0.9411764705882353,0.5294117647058824,0.49826989619377166,0.031141868512110704,1.0625,0.21393034825870647,200,False,NOT_AVAILABLE
PRJNA607098,SRS6155891,F7: Fascia-like myofibroblast,integrin_x_actomyosin,ITGA5,LIMK1,34,0.5294117647058824,0.20588235294117646,0.17647058823529413,0.10899653979238753,0.0674740484429066,1.6190476190476193,0.07960199004975124,200,False,NOT_AVAILABLE
PRJNA607098,SRS6155891,F7: Fascia-like myofibroblast,integrin_x_actomyosin,ITGA5,CNN2,34,0.5294117647058824,0.47058823529411764,0.35294117647058826,0.24913494809688583,0.10380622837370243,1.4166666666666667,0.03980099502487562,200,False,NOT_AVAILABLE
PRJNA607098,SRS6155891,F7: Fascia-like myofibroblast,integrin_x_actomyosin,ITGA5,CDC42,34,0.5294117647058824,0.7941176470588235,0.47058823529411764,0.42041522491349476,0.050173010380622884,1.1193415637860085,0.19900497512437812,200,False,NOT_AVAILABLE
PRJNA607098,SRS6155891,F7: Fascia-like myofibroblast,integrin_x_actomyosin,FERMT2,CFL1,34,0.7647058823529411,0.9411764705882353,0.7352941176470589,0.7197231833910034,0.01557093425605549,1.0216346153846156,0.417910447761194,200,False,NOT_AVAILABLE
PRJNA607098,SRS6155891,F7: Fascia-like myofibroblast,integrin_x_actomyosin,FERMT2,LIMK1,34,0.7647058823529411,0.20588235294117646,0.17647058823529413,0.157439446366782,0.019031141868512125,1.120879120879121,0.48756218905472637,200,False,NOT_AVAILABLE
PRJNA607098,SRS6155891,F7: Fascia-like myofibroblast,integrin_x_actomyosin,FERMT2,CNN2,34,0.7647058823529411,0.47058823529411764,0.38235294117647056,0.3598615916955017,0.02249134948096887,1.0625,0.43781094527363185,200,False,NOT_AVAILABLE
PRJNA607098,SRS6155891,F7: Fascia-like myofibroblast,integrin_x_actomyosin,FERMT2,CDC42,34,0.7647058823529411,0.7941176470588235,0.6176470588235294,0.6072664359861591,0.01038062283737029,1.0170940170940173,0.5920398009950248,200,False,NOT_AVAILABLE
PRJNA607098,SRS6155891,F7: Fascia-like myofibroblast,integrin_x_mechanosensor,ITGAV,PIEZO2,34,0.0,0.2647058823529412,0.0,0.0,0.0,nan,1.0,200,False,NOT_AVAILABLE
PRJNA607098,SRS6155891,F7: Fascia-like myofibroblast,integrin_x_mechanosensor,ITGAV,TMEM63B,34,0.0,0.14705882352941177,0.0,0.0,0.0,nan,1.0,200,False,NOT_AVAILABLE
PRJNA607098,SRS6155891,F7: Fascia-like myofibroblast,integrin_x_mechanosensor,ITGAV,PANX1,34,0.0,0.2647058823529412,0.0,0.0,0.0,nan,1.0,200,False,NOT_AVAILABLE
PRJNA607098,SRS6155891,F7: Fascia-like myofibroblast,integrin_x_mechanosensor,ITGB1,PIEZO2,34,0.9411764705882353,0.2647058823529412,0.2647058823529412,0.24913494809688583,0.015570934256055352,1.0625,0.47761194029850745,200,False,NOT_AVAILABLE
PRJNA607098,SRS6155891,F7: Fascia-like myofibroblast,integrin_x_mechanosensor,ITGB1,TMEM63B,34,0.9411764705882353,0.14705882352941177,0.11764705882352941,0.1384083044982699,-0.020761245674740497,0.8499999999999999,0.9800995024875622,200,False,NOT_AVAILABLE
PRJNA607098,SRS6155891,F7: Fascia-like myofibroblast,integrin_x_mechanosensor,ITGB1,PANX1,34,0.9411764705882353,0.2647058823529412,0.2647058823529412,0.24913494809688583,0.015570934256055352,1.0625,0.5074626865671642,200,False,NOT_AVAILABLE
PRJNA607098,SRS6155891,F7: Fascia-like myofibroblast,integrin_x_mechanosensor,ITGA2,PIEZO2,34,0.058823529411764705,0.2647058823529412,0.029411764705882353,0.015570934256055364,0.013840830449826988,1.8888888888888888,0.43781094527363185,200,False,NOT_AVAILABLE
PRJNA607098,SRS6155891,F7: Fascia-like myofibroblast,integrin_x_mechanosensor,ITGA2,TMEM63B,34,0.058823529411764705,0.14705882352941177,0.029411764705882353,0.00865051903114187,0.020761245674740483,3.3999999999999995,0.3034825870646766,200,False,NOT_AVAILABLE
PRJNA607098,SRS6155891,F7: Fascia-like myofibroblast,integrin_x_mechanosensor,ITGA2,PANX1,34,0.058823529411764705,0.2647058823529412,0.029411764705882353,0.015570934256055364,0.013840830449826988,1.8888888888888888,0.4527363184079602,200,False,NOT_AVAILABLE
PRJNA607098,SRS6155891,F7: Fascia-like myofibroblast,integrin_x_mechanosensor,PARVA,PIEZO2,34,0.5,0.2647058823529412,0.20588235294117646,0.1323529411764706,0.07352941176470587,1.5555555555555554,0.08955223880597014,200,False,NOT_AVAILABLE
PRJNA607098,SRS6155891,F7: Fascia-like myofibroblast,integrin_x_mechanosensor,PARVA,TMEM63B,34,0.5,0.14705882352941177,0.08823529411764706,0.07352941176470588,0.01470588235294118,1.2,0.5174129353233831,200,False,NOT_AVAILABLE
PRJNA607098,SRS6155891,F7: Fascia-like myofibroblast,integrin_x_mechanosensor,PARVA,PANX1,34,0.5,0.2647058823529412,0.2647058823529412,0.1323529411764706,0.1323529411764706,2.0,0.004975124378109453,200,False,NOT_AVAILABLE
PRJNA607098,SRS6155891,F7: Fascia-like myofibroblast,integrin_x_mechanosensor,ITGA5,PIEZO2,34,0.5294117647058824,0.2647058823529412,0.23529411764705882,0.14013840830449828,0.09515570934256054,1.6790123456790123,0.014925373134328358,200,False,NOT_AVAILABLE
PRJNA607098,SRS6155891,F7: Fascia-like myofibroblast,integrin_x_mechanosensor,ITGA5,TMEM63B,34,0.5294117647058824,0.14705882352941177,0.08823529411764706,0.07785467128027682,0.010380622837370249,1.1333333333333335,0.5522388059701493,200,False,NOT_AVAILABLE
PRJNA607098,SRS6155891,F7: Fascia-like myofibroblast,integrin_x_mechanosensor,ITGA5,PANX1,34,0.5294117647058824,0.2647058823529412,0.20588235294117646,0.14013840830449828,0.06574394463667818,1.4691358024691357,0.08955223880597014,200,False,NOT_AVAILABLE
PRJNA607098,SRS6155891,F7: Fascia-like myofibroblast,integrin_x_mechanosensor,FERMT2,PIEZO2,34,0.7647058823529411,0.2647058823529412,0.20588235294117646,0.20242214532871974,0.003460207612456717,1.017094017094017,0.6169154228855721,200,False,NOT_AVAILABLE
PRJNA607098,SRS6155891,F7: Fascia-like myofibroblast,integrin_x_mechanosensor,FERMT2,TMEM63B,34,0.7647058823529411,0.14705882352941177,0.08823529411764706,0.11245674740484429,-0.024221453287197228,0.7846153846153846,0.9253731343283582,200,False,NOT_AVAILABLE
PRJNA607098,SRS6155891,F7: Fascia-like myofibroblast,integrin_x_mechanosensor,FERMT2,PANX1,34,0.7647058823529411,0.2647058823529412,0.2647058823529412,0.20242214532871974,0.062283737024221436,1.3076923076923075,0.06467661691542288,200,False,NOT_AVAILABLE
PRJNA607098,SRS6155891,F7: Fascia-like myofibroblast,integrin_x_hippo,ITGAV,NF2,34,0.0,0.23529411764705882,0.0,0.0,0.0,nan,1.0,200,False,NOT_AVAILABLE
PRJNA607098,SRS6155891,F7: Fascia-like myofibroblast,integrin_x_hippo,ITGAV,TEAD1,34,0.0,0.4117647058823529,0.0,0.0,0.0,nan,1.0,200,False,NOT_AVAILABLE
PRJNA607098,SRS6155891,F7: Fascia-like myofibroblast,integrin_x_hippo,ITGB1,NF2,34,0.9411764705882353,0.23529411764705882,0.23529411764705882,0.22145328719723184,0.01384083044982698,1.0625,0.5472636815920398,200,False,NOT_AVAILABLE
PRJNA607098,SRS6155891,F7: Fascia-like myofibroblast,integrin_x_hippo,ITGB1,TEAD1,34,0.9411764705882353,0.4117647058823529,0.4117647058823529,0.3875432525951557,0.024221453287197214,1.0625,0.3333333333333333,200,False,NOT_AVAILABLE
PRJNA607098,SRS6155891,F7: Fascia-like myofibroblast,integrin_x_hippo,ITGA2,NF2,34,0.058823529411764705,0.23529411764705882,0.029411764705882353,0.01384083044982699,0.015570934256055362,2.125,0.39800995024875624,200,False,NOT_AVAILABLE
PRJNA607098,SRS6155891,F7: Fascia-like myofibroblast,integrin_x_hippo,ITGA2,TEAD1,34,0.058823529411764705,0.4117647058823529,0.0,0.02422145328719723,-0.02422145328719723,0.0,1.0,200,False,NOT_AVAILABLE
PRJNA607098,SRS6155891,F7: Fascia-like myofibroblast,integrin_x_hippo,PARVA,NF2,34,0.5,0.23529411764705882,0.08823529411764706,0.11764705882352941,-0.029411764705882346,0.7500000000000001,0.9104477611940298,200,False,NOT_AVAILABLE
PRJNA607098,SRS6155891,F7: Fascia-like myofibroblast,integrin_x_hippo,PARVA,TEAD1,34,0.5,0.4117647058823529,0.29411764705882354,0.20588235294117646,0.08823529411764708,1.4285714285714286,0.03482587064676617,200,False,NOT_AVAILABLE
PRJNA607098,SRS6155891,F7: Fascia-like myofibroblast,integrin_x_hippo,ITGA5,NF2,34,0.5294117647058824,0.23529411764705882,0.14705882352941177,0.12456747404844291,0.022491349480968856,1.1805555555555556,0.4079601990049751,200,False,NOT_AVAILABLE
PRJNA607098,SRS6155891,F7: Fascia-like myofibroblast,integrin_x_hippo,ITGA5,TEAD1,34,0.5294117647058824,0.4117647058823529,0.29411764705882354,0.21799307958477507,0.07612456747404847,1.3492063492063493,0.12437810945273632,200,False,NOT_AVAILABLE
PRJNA607098,SRS6155891,F7: Fascia-like myofibroblast,integrin_x_hippo,FERMT2,NF2,34,0.7647058823529411,0.23529411764705882,0.14705882352941177,0.17993079584775085,-0.03287197231833908,0.8173076923076924,0.9203980099502488,200,False,NOT_AVAILABLE
PRJNA607098,SRS6155891,F7: Fascia-like myofibroblast,integrin_x_hippo,FERMT2,TEAD1,34,0.7647058823529411,0.4117647058823529,0.35294117647058826,0.314878892733564,0.03806228373702425,1.120879120879121,0.2537313432835821,200,False,NOT_AVAILABLE
