"source","sample_id","target_state","pair_family","gene_a","gene_b","cells","gene_a_detection_rate","gene_b_detection_rate","observed_co_detection_rate","expected_independence_rate","excess_co_detection_rate","co_detection_enrichment_ratio","permutation_p_one_sided","permutation_reps","library_size_stratified","library_size_field"
"PRJNA607098","SRS6155880","F7: Fascia-like myofibroblast","integrin_x_actomyosin","ITGAV","CFL1",3169,0,0.857368254970022,0,0,0,NA,1,200,"False","NOT_AVAILABLE"
"PRJNA607098","SRS6155880","F7: Fascia-like myofibroblast","integrin_x_actomyosin","ITGAV","LIMK1",3169,0,0.0665825181445251,0,0,0,NA,1,200,"False","NOT_AVAILABLE"
"PRJNA607098","SRS6155880","F7: Fascia-like myofibroblast","integrin_x_actomyosin","ITGAV","CNN2",3169,0,0.188703060902493,0,0,0,NA,1,200,"False","NOT_AVAILABLE"
"PRJNA607098","SRS6155880","F7: Fascia-like myofibroblast","integrin_x_actomyosin","ITGAV","CDC42",3169,0,0.526349005995582,0,0,0,NA,1,200,"False","NOT_AVAILABLE"
"PRJNA607098","SRS6155880","F7: Fascia-like myofibroblast","integrin_x_actomyosin","ITGB1","CFL1",3169,0.863048280214579,0.857368254970022,0.760492268854528,0.739950197962452,0.0205420708920763,1.02776142360478,0.00497512437810945,200,"False","NOT_AVAILABLE"
"PRJNA607098","SRS6155880","F7: Fascia-like myofibroblast","integrin_x_actomyosin","ITGB1","LIMK1",3169,0.863048280214579,0.0665825181445251,0.0577469233196592,0.0574639277769884,0.00028299554267084,1.00492475111985,0.482587064676617,200,"False","NOT_AVAILABLE"
"PRJNA607098","SRS6155880","F7: Fascia-like myofibroblast","integrin_x_actomyosin","ITGB1","CNN2",3169,0.863048280214579,0.188703060902493,0.166614073840328,0.162859852183123,0.00375422165720476,1.02305185475045,0.0497512437810945,200,"False","NOT_AVAILABLE"
"PRJNA607098","SRS6155880","F7: Fascia-like myofibroblast","integrin_x_actomyosin","ITGB1","CDC42",3169,0.863048280214579,0.526349005995582,0.473019880088356,0.45426460441714,0.0187552756712157,1.04128711655904,0.00497512437810945,200,"False","NOT_AVAILABLE"
"PRJNA607098","SRS6155880","F7: Fascia-like myofibroblast","integrin_x_actomyosin","ITGA2","CFL1",3169,0.0100978226569896,0.857368254970022,0.00915115178289681,0.00865755259041991,0.0004935991924769,1.05701370997424,0.308457711442786,200,"False","NOT_AVAILABLE"
"PRJNA607098","SRS6155880","F7: Fascia-like myofibroblast","integrin_x_actomyosin","ITGA2","LIMK1",3169,0.0100978226569896,0.0665825181445251,0.000946670874092774,0.000672338460279206,0.000274332413813568,1.40802725118483,0.353233830845771,200,"False","NOT_AVAILABLE"
"PRJNA607098","SRS6155880","F7: Fascia-like myofibroblast","integrin_x_actomyosin","ITGA2","CNN2",3169,0.0100978226569896,0.188703060902493,0.00157778479015462,0.00190549004382448,-0.000327705253669855,0.828020484949833,0.736318407960199,200,"False","NOT_AVAILABLE"
"PRJNA607098","SRS6155880","F7: Fascia-like myofibroblast","integrin_x_actomyosin","ITGA2","CDC42",3169,0.0100978226569896,0.526349005995582,0.00694225307668034,0.00531497891822614,0.0016272741584542,1.30616756594724,0.0597014925373134,200,"False","NOT_AVAILABLE"
"PRJNA607098","SRS6155880","F7: Fascia-like myofibroblast","integrin_x_actomyosin","PARVA","CFL1",3169,0.326917008520038,0.857368254970022,0.294099084884822,0.280288265114845,0.013810819769977,1.049273628221,0.00497512437810945,200,"False","NOT_AVAILABLE"
"PRJNA607098","SRS6155880","F7: Fascia-like myofibroblast","integrin_x_actomyosin","PARVA","LIMK1",3169,0.326917008520038,0.0665825181445251,0.024928999684443,0.0217669576515393,0.00316204203290376,1.14526798294571,0.0597014925373134,200,"False","NOT_AVAILABLE"
"PRJNA607098","SRS6155880","F7: Fascia-like myofibroblast","integrin_x_actomyosin","PARVA","CNN2",3169,0.326917008520038,0.188703060902493,0.0643736194383086,0.0616902401688175,0.00268337926949112,1.04349763045415,0.213930348258706,200,"False","NOT_AVAILABLE"
"PRJNA607098","SRS6155880","F7: Fascia-like myofibroblast","integrin_x_actomyosin","PARVA","CDC42",3169,0.326917008520038,0.526349005995582,0.194067529189019,0.172072442477571,0.0219950867114474,1.12782457431738,0.00497512437810945,200,"False","NOT_AVAILABLE"
"PRJNA607098","SRS6155880","F7: Fascia-like myofibroblast","integrin_x_actomyosin","ITGA5","CFL1",3169,0.355317134742821,0.857368254970022,0.310823603660461,0.304637631775401,0.00618597188505998,1.02030600044062,0.0298507462686567,200,"False","NOT_AVAILABLE"
"PRJNA607098","SRS6155880","F7: Fascia-like myofibroblast","integrin_x_actomyosin","ITGA5","LIMK1",3169,0.355317134742821,0.0665825181445251,0.0239823288103503,0.0236579095710746,0.000324419239275717,1.013712929213,0.502487562189055,200,"False","NOT_AVAILABLE"
"PRJNA607098","SRS6155880","F7: Fascia-like myofibroblast","integrin_x_actomyosin","ITGA5","CNN2",3169,0.355317134742821,0.188703060902493,0.0732092142631745,0.0670494309170738,0.00615978334610066,1.09186928601555,0.0597014925373134,200,"False","NOT_AVAILABLE"
"PRJNA607098","SRS6155880","F7: Fascia-like myofibroblast","integrin_x_actomyosin","ITGA5","CDC42",3169,0.355317134742821,0.526349005995582,0.193120858314926,0.187020820685082,0.00610003762984362,1.03261689050181,0.104477611940299,200,"False","NOT_AVAILABLE"
"PRJNA607098","SRS6155880","F7: Fascia-like myofibroblast","integrin_x_actomyosin","FERMT2","CFL1",3169,0.573998106658252,0.857368254970022,0.507415588513727,0.492127755061682,0.0152878334520447,1.03106476579466,0.00497512437810945,200,"False","NOT_AVAILABLE"
"PRJNA607098","SRS6155880","F7: Fascia-like myofibroblast","integrin_x_actomyosin","FERMT2","LIMK1",3169,0.573998106658252,0.0665825181445251,0.0413379615020511,0.0382182393514961,0.00311972215055503,1.0816291436626,0.0796019900497512,200,"False","NOT_AVAILABLE"
"PRJNA607098","SRS6155880","F7: Fascia-like myofibroblast","integrin_x_actomyosin","FERMT2","CNN2",3169,0.573998106658252,0.188703060902493,0.114547175765226,0.108315199678648,0.00623197608657793,1.05753556384577,0.0348258706467662,200,"False","NOT_AVAILABLE"
"PRJNA607098","SRS6155880","F7: Fascia-like myofibroblast","integrin_x_actomyosin","FERMT2","CDC42",3169,0.573998106658252,0.526349005995582,0.321868097191543,0.302123332882917,0.019744764308626,1.06535332481678,0.00497512437810945,200,"False","NOT_AVAILABLE"
"PRJNA607098","SRS6155880","F7: Fascia-like myofibroblast","integrin_x_mechanosensor","ITGAV","PIEZO2",3169,0,0.123698327548122,0,0,0,NA,1,200,"False","NOT_AVAILABLE"
"PRJNA607098","SRS6155880","F7: Fascia-like myofibroblast","integrin_x_mechanosensor","ITGAV","TMEM63B",3169,0,0.0615336068160303,0,0,0,NA,1,200,"False","NOT_AVAILABLE"
"PRJNA607098","SRS6155880","F7: Fascia-like myofibroblast","integrin_x_mechanosensor","ITGAV","PANX1",3169,0,0.0526980119911644,0,0,0,NA,1,200,"False","NOT_AVAILABLE"
"PRJNA607098","SRS6155880","F7: Fascia-like myofibroblast","integrin_x_mechanosensor","ITGB1","PIEZO2",3169,0.863048280214579,0.123698327548122,0.106027137898391,0.106757628855827,-0.000730490957436047,0.993157482371376,0.701492537313433,200,"False","NOT_AVAILABLE"
"PRJNA607098","SRS6155880","F7: Fascia-like myofibroblast","integrin_x_mechanosensor","ITGB1","TMEM63B",3169,0.863048280214579,0.0615336068160303,0.0549069106973809,0.053106473537975,0.00180043715940586,1.03390240472507,0.139303482587065,200,"False","NOT_AVAILABLE"
"PRJNA607098","SRS6155880","F7: Fascia-like myofibroblast","integrin_x_mechanosensor","ITGB1","PANX1",3169,0.863048280214579,0.0526980119911644,0.0476491006626696,0.0454809286197017,0.00216817204296793,1.04767211463727,0.0746268656716418,200,"False","NOT_AVAILABLE"
"PRJNA607098","SRS6155880","F7: Fascia-like myofibroblast","integrin_x_mechanosensor","ITGA2","PIEZO2",3169,0.0100978226569896,0.123698327548122,0.0012622278321237,0.00124908377454715,1.31440575765484e-05,1.01052295918367,0.567164179104478,200,"False","NOT_AVAILABLE"
"PRJNA607098","SRS6155880","F7: Fascia-like myofibroblast","integrin_x_mechanosensor","ITGA2","TMEM63B",3169,0.0100978226569896,0.0615336068160303,0,0.0006213554490732,-0.0006213554490732,0,1,200,"False","NOT_AVAILABLE"
"PRJNA607098","SRS6155880","F7: Fascia-like myofibroblast","integrin_x_mechanosensor","ITGA2","PANX1",3169,0.0100978226569896,0.0526980119911644,0.0012622278321237,0.000532135179462689,0.00073009265266101,2.37200598802395,0.0646766169154229,200,"False","NOT_AVAILABLE"
"PRJNA607098","SRS6155880","F7: Fascia-like myofibroblast","integrin_x_mechanosensor","PARVA","PIEZO2",3169,0.326917008520038,0.123698327548122,0.0381823919217419,0.040439087200964,-0.0022566952792221,0.944195197383973,0.771144278606965,200,"False","NOT_AVAILABLE"
"PRJNA607098","SRS6155880","F7: Fascia-like myofibroblast","integrin_x_mechanosensor","PARVA","TMEM63B",3169,0.326917008520038,0.0615336068160303,0.0227201009782266,0.0201163826637448,0.00260371831448173,1.12943272943273,0.0845771144278607,200,"False","NOT_AVAILABLE"
"PRJNA607098","SRS6155880","F7: Fascia-like myofibroblast","integrin_x_mechanosensor","PARVA","PANX1",3169,0.326917008520038,0.0526980119911644,0.0192489744398864,0.0172278764351045,0.00202109800478185,1.11731556192634,0.189054726368159,200,"False","NOT_AVAILABLE"
"PRJNA607098","SRS6155880","F7: Fascia-like myofibroblast","integrin_x_mechanosensor","ITGA5","PIEZO2",3169,0.355317134742821,0.123698327548122,0.0492268854528242,0.0439521353168778,0.0052747501359464,1.12001123717693,0.0597014925373134,200,"False","NOT_AVAILABLE"
"PRJNA607098","SRS6155880","F7: Fascia-like myofibroblast","integrin_x_mechanosensor","ITGA5","TMEM63B",3169,0.355317134742821,0.0615336068160303,0.0271378983906595,0.0218639448642632,0.0052739535263963,1.24121692398779,0.0199004975124378,200,"False","NOT_AVAILABLE"
"PRJNA607098","SRS6155880","F7: Fascia-like myofibroblast","integrin_x_mechanosensor","ITGA5","PANX1",3169,0.355317134742821,0.0526980119911644,0.0179867466077627,0.0187245066273434,-0.000737760019580661,0.96059922783208,0.681592039800995,200,"False","NOT_AVAILABLE"
"PRJNA607098","SRS6155880","F7: Fascia-like myofibroblast","integrin_x_mechanosensor","FERMT2","PIEZO2",3169,0.573998106658252,0.123698327548122,0.0687914168507416,0.0710026058094145,-0.00221118895867299,0.968857636512549,0.761194029850746,200,"False","NOT_AVAILABLE"
"PRJNA607098","SRS6155880","F7: Fascia-like myofibroblast","integrin_x_mechanosensor","FERMT2","TMEM63B",3169,0.573998106658252,0.0615336068160303,0.0378668349637109,0.0353201738082547,0.00254666115545626,1.07210216940838,0.149253731343284,200,"False","NOT_AVAILABLE"
"PRJNA607098","SRS6155880","F7: Fascia-like myofibroblast","integrin_x_mechanosensor","FERMT2","PANX1",3169,0.573998106658252,0.0526980119911644,0.0331334805932471,0.0302485591075822,0.00288492148566486,1.09537384823536,0.0845771144278607,200,"False","NOT_AVAILABLE"
"PRJNA607098","SRS6155880","F7: Fascia-like myofibroblast","integrin_x_hippo","ITGAV","NF2",3169,0,0.0971915430735248,0,0,0,NA,1,200,"False","NOT_AVAILABLE"
"PRJNA607098","SRS6155880","F7: Fascia-like myofibroblast","integrin_x_hippo","ITGAV","TEAD1",3169,0,0.240769958977595,0,0,0,NA,1,200,"False","NOT_AVAILABLE"
"PRJNA607098","SRS6155880","F7: Fascia-like myofibroblast","integrin_x_hippo","ITGB1","NF2",3169,0.863048280214579,0.0971915430735248,0.0889870621647207,0.0838809941010067,0.00510606806371401,1.06087276526033,0.00497512437810945,200,"False","NOT_AVAILABLE"
"PRJNA607098","SRS6155880","F7: Fascia-like myofibroblast","integrin_x_hippo","ITGB1","TEAD1",3169,0.863048280214579,0.240769958977595,0.221205427579678,0.207796099022948,0.0134093285567297,1.06453118523293,0.00497512437810945,200,"False","NOT_AVAILABLE"
"PRJNA607098","SRS6155880","F7: Fascia-like myofibroblast","integrin_x_hippo","ITGA2","NF2",3169,0.0100978226569896,0.0971915430735248,0.0012622278321237,0.000981422965715618,0.000280804866408081,1.28612012987013,0.318407960199005,200,"False","NOT_AVAILABLE"
"PRJNA607098","SRS6155880","F7: Fascia-like myofibroblast","integrin_x_hippo","ITGA2","TEAD1",3169,0.0100978226569896,0.240769958977595,0.00220889870621647,0.00243125234688642,-0.000222353640669945,0.908543577981651,0.661691542288557,200,"False","NOT_AVAILABLE"
"PRJNA607098","SRS6155880","F7: Fascia-like myofibroblast","integrin_x_hippo","PARVA","NF2",3169,0.326917008520038,0.0971915430735248,0.0356579362574945,0.0317735685150431,0.00388436774245136,1.1222515418944,0.0746268656716418,200,"False","NOT_AVAILABLE"
"PRJNA607098","SRS6155880","F7: Fascia-like myofibroblast","integrin_x_hippo","PARVA","TEAD1",3169,0.326917008520038,0.240769958977595,0.0968759861154938,0.0787117947304477,0.0181641913850461,1.23076835494922,0.00497512437810945,200,"False","NOT_AVAILABLE"
"PRJNA607098","SRS6155880","F7: Fascia-like myofibroblast","integrin_x_hippo","ITGA5","NF2",3169,0.355317134742821,0.0971915430735248,0.0378668349637109,0.0345338206061183,0.00333301435759265,1.09651449793546,0.0945273631840796,200,"False","NOT_AVAILABLE"
"PRJNA607098","SRS6155880","F7: Fascia-like myofibroblast","integrin_x_hippo","ITGA5","TEAD1",3169,0.355317134742821,0.240769958977595,0.0896181760807826,0.0855496919560658,0.0040684841247168,1.04755696989308,0.124378109452736,200,"False","NOT_AVAILABLE"
"PRJNA607098","SRS6155880","F7: Fascia-like myofibroblast","integrin_x_hippo","FERMT2","NF2",3169,0.573998106658252,0.0971915430735248,0.0596402650678447,0.0557877617073972,0.0038525033604476,1.06905642460893,0.0895522388059701,200,"False","NOT_AVAILABLE"
"PRJNA607098","SRS6155880","F7: Fascia-like myofibroblast","integrin_x_hippo","FERMT2","TEAD1",3169,0.573998106658252,0.240769958977595,0.151467339854844,0.138201500593325,0.013265839261519,1.09598911158393,0.00497512437810945,200,"False","NOT_AVAILABLE"
"PRJNA607098","SRS6155881","F7: Fascia-like myofibroblast","integrin_x_actomyosin","ITGAV","CFL1",1290,0,0.717829457364341,0,0,0,NA,1,200,"False","NOT_AVAILABLE"
"PRJNA607098","SRS6155881","F7: Fascia-like myofibroblast","integrin_x_actomyosin","ITGAV","LIMK1",1290,0,0.122480620155039,0,0,0,NA,1,200,"False","NOT_AVAILABLE"
"PRJNA607098","SRS6155881","F7: Fascia-like myofibroblast","integrin_x_actomyosin","ITGAV","CNN2",1290,0,0.288372093023256,0,0,0,NA,1,200,"False","NOT_AVAILABLE"
"PRJNA607098","SRS6155881","F7: Fascia-like myofibroblast","integrin_x_actomyosin","ITGAV","CDC42",1290,0,0.572868217054264,0,0,0,NA,1,200,"False","NOT_AVAILABLE"
"PRJNA607098","SRS6155881","F7: Fascia-like myofibroblast","integrin_x_actomyosin","ITGB1","CFL1",1290,0.881395348837209,0.717829457364341,0.672868217054264,0.632691544979268,0.0401766720749955,1.06350119958741,0.00497512437810945,200,"False","NOT_AVAILABLE"
"PRJNA607098","SRS6155881","F7: Fascia-like myofibroblast","integrin_x_actomyosin","ITGB1","LIMK1",1290,0.881395348837209,0.122480620155039,0.113178294573643,0.107953848927348,0.00522444564629529,1.04839517718179,0.0298507462686567,200,"False","NOT_AVAILABLE"
"PRJNA607098","SRS6155881","F7: Fascia-like myofibroblast","integrin_x_actomyosin","ITGB1","CNN2",1290,0.881395348837209,0.288372093023256,0.276744186046512,0.254169821525149,0.0225743645213629,1.08881606945272,0.00497512437810945,200,"False","NOT_AVAILABLE"
"PRJNA607098","SRS6155881","F7: Fascia-like myofibroblast","integrin_x_actomyosin","ITGB1","CDC42",1290,0.881395348837209,0.572868217054264,0.542635658914729,0.504923382008293,0.0377122769064359,1.07468910779382,0.00497512437810945,200,"False","NOT_AVAILABLE"
"PRJNA607098","SRS6155881","F7: Fascia-like myofibroblast","integrin_x_actomyosin","ITGA2","CFL1",1290,0.0248062015503876,0.717829457364341,0.0201550387596899,0.0178066221981852,0.00234841656150472,1.13188444924406,0.17910447761194,200,"False","NOT_AVAILABLE"
"PRJNA607098","SRS6155881","F7: Fascia-like myofibroblast","integrin_x_actomyosin","ITGA2","LIMK1",1290,0.0248062015503876,0.122480620155039,0.00310077519379845,0.00303827894958236,6.24962442160927e-05,1.02056962025316,0.592039800995025,200,"False","NOT_AVAILABLE"
"PRJNA607098","SRS6155881","F7: Fascia-like myofibroblast","integrin_x_actomyosin","ITGA2","CNN2",1290,0.0248062015503876,0.288372093023256,0.0062015503875969,0.007153416261042,-0.000951865873445106,0.866935483870968,0.761194029850746,200,"False","NOT_AVAILABLE"
"PRJNA607098","SRS6155881","F7: Fascia-like myofibroblast","integrin_x_actomyosin","ITGA2","CDC42",1290,0.0248062015503876,0.572868217054264,0.0186046511627907,0.0142106844540593,0.00439396670873145,1.30920162381597,0.0248756218905473,200,"False","NOT_AVAILABLE"
"PRJNA607098","SRS6155881","F7: Fascia-like myofibroblast","integrin_x_actomyosin","PARVA","CFL1",1290,0.426356589147287,0.717829457364341,0.363565891472868,0.306051319031308,0.05751457244156,1.18792460239544,0.00497512437810945,200,"False","NOT_AVAILABLE"
"PRJNA607098","SRS6155881","F7: Fascia-like myofibroblast","integrin_x_actomyosin","PARVA","LIMK1",1290,0.426356589147287,0.122480620155039,0.062015503875969,0.0522204194459468,0.00979508443002223,1.18757192174914,0.0248756218905473,200,"False","NOT_AVAILABLE"
"PRJNA607098","SRS6155881","F7: Fascia-like myofibroblast","integrin_x_actomyosin","PARVA","CNN2",1290,0.426356589147287,0.288372093023256,0.174418604651163,0.122949341986659,0.0514692626645033,1.41862170087977,0.00497512437810945,200,"False","NOT_AVAILABLE"
"PRJNA607098","SRS6155881","F7: Fascia-like myofibroblast","integrin_x_actomyosin","PARVA","CDC42",1290,0.426356589147287,0.572868217054264,0.313953488372093,0.244246139054143,0.0697073493179496,1.2853979579284,0.00497512437810945,200,"False","NOT_AVAILABLE"
"PRJNA607098","SRS6155881","F7: Fascia-like myofibroblast","integrin_x_actomyosin","ITGA5","CFL1",1290,0.432558139534884,0.717829457364341,0.355038759689922,0.310502974580855,0.044535785109068,1.14343110615667,0.00497512437810945,200,"False","NOT_AVAILABLE"
"PRJNA607098","SRS6155881","F7: Fascia-like myofibroblast","integrin_x_actomyosin","ITGA5","LIMK1",1290,0.432558139534884,0.122480620155039,0.0658914728682171,0.0529799891833423,0.0129114836848747,1.24370491357016,0.00995024875621891,200,"False","NOT_AVAILABLE"
"PRJNA607098","SRS6155881","F7: Fascia-like myofibroblast","integrin_x_actomyosin","ITGA5","CNN2",1290,0.432558139534884,0.288372093023256,0.168992248062016,0.12473769605192,0.0442545520100956,1.35478089952596,0.00497512437810945,200,"False","NOT_AVAILABLE"
"PRJNA607098","SRS6155881","F7: Fascia-like myofibroblast","integrin_x_actomyosin","ITGA5","CDC42",1290,0.432558139534884,0.572868217054264,0.296124031007752,0.247798810167658,0.0483252208400937,1.19501796964803,0.00497512437810945,200,"False","NOT_AVAILABLE"
"PRJNA607098","SRS6155881","F7: Fascia-like myofibroblast","integrin_x_actomyosin","FERMT2","CFL1",1290,0.655813953488372,0.717829457364341,0.513178294573643,0.470762574364521,0.042415720209122,1.09010002604047,0.00497512437810945,200,"False","NOT_AVAILABLE"
"PRJNA607098","SRS6155881","F7: Fascia-like myofibroblast","integrin_x_actomyosin","FERMT2","LIMK1",1290,0.655813953488372,0.122480620155039,0.0891472868217054,0.0803244997295836,0.00882278709212188,1.1098393033486,0.0248756218905473,200,"False","NOT_AVAILABLE"
"PRJNA607098","SRS6155881","F7: Fascia-like myofibroblast","integrin_x_actomyosin","FERMT2","CNN2",1290,0.655813953488372,0.288372093023256,0.230232558139535,0.189118442401298,0.0411141157382369,1.21739876458476,0.00497512437810945,200,"False","NOT_AVAILABLE"
"PRJNA607098","SRS6155881","F7: Fascia-like myofibroblast","integrin_x_actomyosin","FERMT2","CDC42",1290,0.655813953488372,0.572868217054264,0.441085271317829,0.375694970254191,0.065390301063638,1.17405157439131,0.00497512437810945,200,"False","NOT_AVAILABLE"
"PRJNA607098","SRS6155881","F7: Fascia-like myofibroblast","integrin_x_mechanosensor","ITGAV","PIEZO2",1290,0,0.302325581395349,0,0,0,NA,1,200,"False","NOT_AVAILABLE"
"PRJNA607098","SRS6155881","F7: Fascia-like myofibroblast","integrin_x_mechanosensor","ITGAV","TMEM63B",1290,0,0.134883720930233,0,0,0,NA,1,200,"False","NOT_AVAILABLE"
"PRJNA607098","SRS6155881","F7: Fascia-like myofibroblast","integrin_x_mechanosensor","ITGAV","PANX1",1290,0,0.114728682170543,0,0,0,NA,1,200,"False","NOT_AVAILABLE"
"PRJNA607098","SRS6155881","F7: Fascia-like myofibroblast","integrin_x_mechanosensor","ITGB1","PIEZO2",1290,0.881395348837209,0.302325581395349,0.272093023255814,0.266468361276366,0.00562466197944839,1.02110817941953,0.109452736318408,200,"False","NOT_AVAILABLE"
"PRJNA607098","SRS6155881","F7: Fascia-like myofibroblast","integrin_x_mechanosensor","ITGB1","TMEM63B",1290,0.881395348837209,0.134883720930233,0.130232558139535,0.118885884261763,0.0113466738777718,1.09544172504777,0.00497512437810945,200,"False","NOT_AVAILABLE"
"PRJNA607098","SRS6155881","F7: Fascia-like myofibroblast","integrin_x_mechanosensor","ITGB1","PANX1",1290,0.881395348837209,0.114728682170543,0.110852713178295,0.101121326843339,0.00973138633495584,1.09623475718463,0.00497512437810945,200,"False","NOT_AVAILABLE"
"PRJNA607098","SRS6155881","F7: Fascia-like myofibroblast","integrin_x_mechanosensor","ITGA2","PIEZO2",1290,0.0248062015503876,0.302325581395349,0.0124031007751938,0.00749954930593113,0.00490355146926267,1.65384615384615,0.0199004975124378,200,"False","NOT_AVAILABLE"
"PRJNA607098","SRS6155881","F7: Fascia-like myofibroblast","integrin_x_mechanosensor","ITGA2","TMEM63B",1290,0.0248062015503876,0.134883720930233,0.00387596899224806,0.00334595276726158,0.000530016224986479,1.15840517241379,0.472636815920398,200,"False","NOT_AVAILABLE"
"PRJNA607098","SRS6155881","F7: Fascia-like myofibroblast","integrin_x_mechanosensor","ITGA2","PANX1",1290,0.0248062015503876,0.114728682170543,0.00232558139534884,0.00284598281353284,-0.000520401418184003,0.81714527027027,0.781094527363184,200,"False","NOT_AVAILABLE"
"PRJNA607098","SRS6155881","F7: Fascia-like myofibroblast","integrin_x_mechanosensor","PARVA","PIEZO2",1290,0.426356589147287,0.302325581395349,0.148062015503876,0.128898503695691,0.0191635118081846,1.14867132867133,0.00497512437810945,200,"False","NOT_AVAILABLE"
"PRJNA607098","SRS6155881","F7: Fascia-like myofibroblast","integrin_x_mechanosensor","PARVA","TMEM63B",1290,0.426356589147287,0.134883720930233,0.072093023255814,0.0575085631873085,0.0145844600685055,1.25360501567398,0.00497512437810945,200,"False","NOT_AVAILABLE"
"PRJNA607098","SRS6155881","F7: Fascia-like myofibroblast","integrin_x_mechanosensor","PARVA","PANX1",1290,0.426356589147287,0.114728682170543,0.075968992248062,0.0489153296075957,0.0270536626404663,1.55307125307125,0.00497512437810945,200,"False","NOT_AVAILABLE"
"PRJNA607098","SRS6155881","F7: Fascia-like myofibroblast","integrin_x_mechanosensor","ITGA5","PIEZO2",1290,0.432558139534884,0.302325581395349,0.149612403100775,0.130773391022174,0.0188390120786011,1.14405845051006,0.00497512437810945,200,"False","NOT_AVAILABLE"
"PRJNA607098","SRS6155881","F7: Fascia-like myofibroblast","integrin_x_mechanosensor","ITGA5","TMEM63B",1290,0.432558139534884,0.134883720930233,0.0744186046511628,0.0583450513791239,0.0160735532720389,1.27549128661476,0.00497512437810945,200,"False","NOT_AVAILABLE"
"PRJNA607098","SRS6155881","F7: Fascia-like myofibroblast","integrin_x_mechanosensor","ITGA5","PANX1",1290,0.432558139534884,0.114728682170543,0.0751937984496124,0.0496268253109789,0.0255669731386335,1.51518453937809,0.00497512437810945,200,"False","NOT_AVAILABLE"
"PRJNA607098","SRS6155881","F7: Fascia-like myofibroblast","integrin_x_mechanosensor","FERMT2","PIEZO2",1290,0.655813953488372,0.302325581395349,0.198449612403101,0.198269334775554,0.00018027762754641,1.00090925622841,0.54228855721393,200,"False","NOT_AVAILABLE"
"PRJNA607098","SRS6155881","F7: Fascia-like myofibroblast","integrin_x_mechanosensor","FERMT2","TMEM63B",1290,0.655813953488372,0.134883720930233,0.110077519379845,0.0884586262844781,0.0216188930953669,1.24439553273009,0.00497512437810945,200,"False","NOT_AVAILABLE"
"PRJNA607098","SRS6155881","F7: Fascia-like myofibroblast","integrin_x_mechanosensor","FERMT2","PANX1",1290,0.655813953488372,0.114728682170543,0.0945736434108527,0.0752406706327745,0.0193329727780782,1.2569484377995,0.00497512437810945,200,"False","NOT_AVAILABLE"
"PRJNA607098","SRS6155881","F7: Fascia-like myofibroblast","integrin_x_hippo","ITGAV","NF2",1290,0,0.142635658914729,0,0,0,NA,1,200,"False","NOT_AVAILABLE"
"PRJNA607098","SRS6155881","F7: Fascia-like myofibroblast","integrin_x_hippo","ITGAV","TEAD1",1290,0,0.371317829457364,0,0,0,NA,1,200,"False","NOT_AVAILABLE"
"PRJNA607098","SRS6155881","F7: Fascia-like myofibroblast","integrin_x_hippo","ITGB1","NF2",1290,0.881395348837209,0.142635658914729,0.131007751937985,0.125718406345772,0.005289345592212,1.04207296088104,0.0597014925373134,200,"False","NOT_AVAILABLE"
"PRJNA607098","SRS6155881","F7: Fascia-like myofibroblast","integrin_x_hippo","ITGB1","TEAD1",1290,0.881395348837209,0.371317829457364,0.344186046511628,0.327277807824049,0.0169082386875789,1.05166326064085,0.00497512437810945,200,"False","NOT_AVAILABLE"
"PRJNA607098","SRS6155881","F7: Fascia-like myofibroblast","integrin_x_hippo","ITGA2","NF2",1290,0.0248062015503876,0.142635658914729,0.00310077519379845,0.0035382489033111,-0.000437473709512649,0.876358695652174,0.756218905472637,200,"False","NOT_AVAILABLE"
"PRJNA607098","SRS6155881","F7: Fascia-like myofibroblast","integrin_x_hippo","ITGA2","TEAD1",1290,0.0248062015503876,0.371317829457364,0.0116279069767442,0.00921098491677183,0.00241692205997236,1.26239561586639,0.159203980099502,200,"False","NOT_AVAILABLE"
"PRJNA607098","SRS6155881","F7: Fascia-like myofibroblast","integrin_x_hippo","PARVA","NF2",1290,0.426356589147287,0.142635658914729,0.0883720930232558,0.0608136530256595,0.0275584399975963,1.45316205533597,0.00497512437810945,200,"False","NOT_AVAILABLE"
"PRJNA607098","SRS6155881","F7: Fascia-like myofibroblast","integrin_x_hippo","PARVA","TEAD1",1290,0.426356589147287,0.371317829457364,0.192248062015504,0.158313803257016,0.0339342587584881,1.21434807363826,0.00497512437810945,200,"False","NOT_AVAILABLE"
"PRJNA607098","SRS6155881","F7: Fascia-like myofibroblast","integrin_x_hippo","ITGA5","NF2",1290,0.432558139534884,0.142635658914729,0.0821705426356589,0.0616982152514873,0.0204723273841716,1.33181393174381,0.00497512437810945,200,"False","NOT_AVAILABLE"
"PRJNA607098","SRS6155881","F7: Fascia-like myofibroblast","integrin_x_hippo","ITGA5","TEAD1",1290,0.432558139534884,0.371317829457364,0.18062015503876,0.160616549486209,0.0200036055525509,1.12454261790917,0.00497512437810945,200,"False","NOT_AVAILABLE"
"PRJNA607098","SRS6155881","F7: Fascia-like myofibroblast","integrin_x_hippo","FERMT2","NF2",1290,0.655813953488372,0.142635658914729,0.113178294573643,0.0935424553812872,0.0196358391923562,1.20991366019118,0.00497512437810945,200,"False","NOT_AVAILABLE"
"PRJNA607098","SRS6155881","F7: Fascia-like myofibroblast","integrin_x_hippo","FERMT2","TEAD1",1290,0.655813953488372,0.371317829457364,0.268992248062015,0.243515413737155,0.0254768343248603,1.10462103377308,0.00497512437810945,200,"False","NOT_AVAILABLE"
"PRJNA607098","SRS6155882","F7: Fascia-like myofibroblast","integrin_x_actomyosin","ITGAV","CFL1",146,0,0.972602739726027,0,0,0,NA,1,200,"False","NOT_AVAILABLE"
"PRJNA607098","SRS6155882","F7: Fascia-like myofibroblast","integrin_x_actomyosin","ITGAV","LIMK1",146,0,0.328767123287671,0,0,0,NA,1,200,"False","NOT_AVAILABLE"
"PRJNA607098","SRS6155882","F7: Fascia-like myofibroblast","integrin_x_actomyosin","ITGAV","CNN2",146,0,0.479452054794521,0,0,0,NA,1,200,"False","NOT_AVAILABLE"
"PRJNA607098","SRS6155882","F7: Fascia-like myofibroblast","integrin_x_actomyosin","ITGAV","CDC42",146,0,0.780821917808219,0,0,0,NA,1,200,"False","NOT_AVAILABLE"
"PRJNA607098","SRS6155882","F7: Fascia-like myofibroblast","integrin_x_actomyosin","ITGB1","CFL1",146,0.952054794520548,0.972602739726027,0.938356164383562,0.925971101519985,0.0123850628635767,1.0133752153207,0.0149253731343284,200,"False","NOT_AVAILABLE"
"PRJNA607098","SRS6155882","F7: Fascia-like myofibroblast","integrin_x_actomyosin","ITGB1","LIMK1",146,0.952054794520548,0.328767123287671,0.308219178082192,0.313004316006755,-0.00478513792456364,0.984712230215828,0.835820895522388,200,"False","NOT_AVAILABLE"
"PRJNA607098","SRS6155882","F7: Fascia-like myofibroblast","integrin_x_actomyosin","ITGB1","CNN2",146,0.952054794520548,0.479452054794521,0.465753424657534,0.456464627509852,0.00928879714768249,1.02034943473792,0.26865671641791,200,"False","NOT_AVAILABLE"
"PRJNA607098","SRS6155882","F7: Fascia-like myofibroblast","integrin_x_actomyosin","ITGB1","CDC42",146,0.952054794520548,0.780821917808219,0.746575342465753,0.743385250516044,0.0031900919497091,1.00429130379907,0.492537313432836,200,"False","NOT_AVAILABLE"
"PRJNA607098","SRS6155882","F7: Fascia-like myofibroblast","integrin_x_actomyosin","ITGA2","CFL1",146,0.0410958904109589,0.972602739726027,0.0410958904109589,0.0399699756051792,0.00112591480577969,1.02816901408451,0.791044776119403,200,"False","NOT_AVAILABLE"
"PRJNA607098","SRS6155882","F7: Fascia-like myofibroblast","integrin_x_actomyosin","ITGA2","LIMK1",146,0.0410958904109589,0.328767123287671,0.0205479452054795,0.0135109776693564,0.0070369675361231,1.52083333333333,0.303482587064677,200,"False","NOT_AVAILABLE"
"PRJNA607098","SRS6155882","F7: Fascia-like myofibroblast","integrin_x_actomyosin","ITGA2","CNN2",146,0.0410958904109589,0.479452054794521,0.0273972602739726,0.0197035091011447,0.00769375117282792,1.39047619047619,0.288557213930348,200,"False","NOT_AVAILABLE"
"PRJNA607098","SRS6155882","F7: Fascia-like myofibroblast","integrin_x_actomyosin","ITGA2","CDC42",146,0.0410958904109589,0.780821917808219,0.0342465753424658,0.0320885719647213,0.00215800337774442,1.0672514619883,0.592039800995025,200,"False","NOT_AVAILABLE"
"PRJNA607098","SRS6155882","F7: Fascia-like myofibroblast","integrin_x_actomyosin","PARVA","CFL1",146,0.650684931506849,0.972602739726027,0.650684931506849,0.632857947082004,0.0178269844248452,1.02816901408451,0.0149253731343284,200,"False","NOT_AVAILABLE"
"PRJNA607098","SRS6155882","F7: Fascia-like myofibroblast","integrin_x_actomyosin","PARVA","LIMK1",146,0.650684931506849,0.328767123287671,0.219178082191781,0.213923813098142,0.0052542690936386,1.02456140350877,0.477611940298507,200,"False","NOT_AVAILABLE"
"PRJNA607098","SRS6155882","F7: Fascia-like myofibroblast","integrin_x_actomyosin","PARVA","CNN2",146,0.650684931506849,0.479452054794521,0.36986301369863,0.311972227434791,0.0578907862638394,1.18556390977444,0.00497512437810945,200,"False","NOT_AVAILABLE"
"PRJNA607098","SRS6155882","F7: Fascia-like myofibroblast","integrin_x_actomyosin","PARVA","CDC42",146,0.650684931506849,0.780821917808219,0.534246575342466,0.508069056108088,0.0261775192343779,1.05152354570637,0.0746268656716418,200,"False","NOT_AVAILABLE"
"PRJNA607098","SRS6155882","F7: Fascia-like myofibroblast","integrin_x_actomyosin","ITGA5","CFL1",146,0.712328767123288,0.972602739726027,0.698630136986301,0.692812910489773,0.00581722649652849,1.00839653304442,0.333333333333333,200,"False","NOT_AVAILABLE"
"PRJNA607098","SRS6155882","F7: Fascia-like myofibroblast","integrin_x_actomyosin","ITGA5","LIMK1",146,0.712328767123288,0.328767123287671,0.267123287671233,0.234190279602177,0.0329330080690562,1.140625,0.0447761194029851,200,"False","NOT_AVAILABLE"
"PRJNA607098","SRS6155882","F7: Fascia-like myofibroblast","integrin_x_actomyosin","ITGA5","CNN2",146,0.712328767123288,0.479452054794521,0.349315068493151,0.341527491086508,0.00778757740664293,1.0228021978022,0.36318407960199,200,"False","NOT_AVAILABLE"
"PRJNA607098","SRS6155882","F7: Fascia-like myofibroblast","integrin_x_actomyosin","ITGA5","CDC42",146,0.712328767123288,0.780821917808219,0.595890410958904,0.55620191405517,0.0396884969037343,1.07135627530364,0.0199004975124378,200,"False","NOT_AVAILABLE"
"PRJNA607098","SRS6155882","F7: Fascia-like myofibroblast","integrin_x_actomyosin","FERMT2","CFL1",146,0.821917808219178,0.972602739726027,0.808219178082192,0.799399512103584,0.00881966597860762,1.01103286384977,0.139303482587065,200,"False","NOT_AVAILABLE"
"PRJNA607098","SRS6155882","F7: Fascia-like myofibroblast","integrin_x_actomyosin","FERMT2","LIMK1",146,0.821917808219178,0.328767123287671,0.287671232876712,0.270219553387127,0.0174516794895853,1.06458333333333,0.169154228855721,200,"False","NOT_AVAILABLE"
"PRJNA607098","SRS6155882","F7: Fascia-like myofibroblast","integrin_x_actomyosin","FERMT2","CNN2",146,0.821917808219178,0.479452054794521,0.424657534246575,0.394070182022894,0.0305873522236818,1.07761904761905,0.0597014925373134,200,"False","NOT_AVAILABLE"
"PRJNA607098","SRS6155882","F7: Fascia-like myofibroblast","integrin_x_actomyosin","FERMT2","CDC42",146,0.821917808219178,0.780821917808219,0.678082191780822,0.641771439294427,0.0363107524863951,1.05657894736842,0.0149253731343284,200,"False","NOT_AVAILABLE"
"PRJNA607098","SRS6155882","F7: Fascia-like myofibroblast","integrin_x_mechanosensor","ITGAV","PIEZO2",146,0,0.205479452054795,0,0,0,NA,1,200,"False","NOT_AVAILABLE"
"PRJNA607098","SRS6155882","F7: Fascia-like myofibroblast","integrin_x_mechanosensor","ITGAV","TMEM63B",146,0,0.219178082191781,0,0,0,NA,1,200,"False","NOT_AVAILABLE"
"PRJNA607098","SRS6155882","F7: Fascia-like myofibroblast","integrin_x_mechanosensor","ITGAV","PANX1",146,0,0.171232876712329,0,0,0,NA,1,200,"False","NOT_AVAILABLE"
"PRJNA607098","SRS6155882","F7: Fascia-like myofibroblast","integrin_x_mechanosensor","ITGB1","PIEZO2",146,0.952054794520548,0.205479452054795,0.191780821917808,0.195627697504222,-0.00384687558641397,0.980335731414868,0.835820895522388,200,"False","NOT_AVAILABLE"
"PRJNA607098","SRS6155882","F7: Fascia-like myofibroblast","integrin_x_mechanosensor","ITGB1","TMEM63B",146,0.952054794520548,0.219178082191781,0.212328767123288,0.208669544004504,0.00365922311878403,1.01753597122302,0.467661691542289,200,"False","NOT_AVAILABLE"
"PRJNA607098","SRS6155882","F7: Fascia-like myofibroblast","integrin_x_mechanosensor","ITGB1","PANX1",146,0.952054794520548,0.171232876712329,0.171232876712329,0.163023081253518,0.00820979545881029,1.05035971223022,0.293532338308458,200,"False","NOT_AVAILABLE"
"PRJNA607098","SRS6155882","F7: Fascia-like myofibroblast","integrin_x_mechanosensor","ITGA2","PIEZO2",146,0.0410958904109589,0.205479452054795,0.0136986301369863,0.00844436104334772,0.00525426909363858,1.62222222222222,0.288557213930348,200,"False","NOT_AVAILABLE"
"PRJNA607098","SRS6155882","F7: Fascia-like myofibroblast","integrin_x_mechanosensor","ITGA2","TMEM63B",146,0.0410958904109589,0.219178082191781,0,0.00900731844623757,-0.00900731844623757,0,1,200,"False","NOT_AVAILABLE"
"PRJNA607098","SRS6155882","F7: Fascia-like myofibroblast","integrin_x_mechanosensor","ITGA2","PANX1",146,0.0410958904109589,0.171232876712329,0.0136986301369863,0.0070369675361231,0.0066616626008632,1.94666666666667,0.283582089552239,200,"False","NOT_AVAILABLE"
"PRJNA607098","SRS6155882","F7: Fascia-like myofibroblast","integrin_x_mechanosensor","PARVA","PIEZO2",146,0.650684931506849,0.205479452054795,0.136986301369863,0.133702383186339,0.00328391818352411,1.02456140350877,0.472636815920398,200,"False","NOT_AVAILABLE"
"PRJNA607098","SRS6155882","F7: Fascia-like myofibroblast","integrin_x_mechanosensor","PARVA","TMEM63B",146,0.650684931506849,0.219178082191781,0.157534246575342,0.142615875398761,0.014918371176581,1.10460526315789,0.26865671641791,200,"False","NOT_AVAILABLE"
"PRJNA607098","SRS6155882","F7: Fascia-like myofibroblast","integrin_x_mechanosensor","PARVA","PANX1",146,0.650684931506849,0.171232876712329,0.13013698630137,0.111418652655282,0.0187183336460874,1.168,0.149253731343284,200,"False","NOT_AVAILABLE"
"PRJNA607098","SRS6155882","F7: Fascia-like myofibroblast","integrin_x_mechanosensor","ITGA5","PIEZO2",146,0.712328767123288,0.205479452054795,0.171232876712329,0.14636892475136,0.0248639519609683,1.16987179487179,0.0398009950248756,200,"False","NOT_AVAILABLE"
"PRJNA607098","SRS6155882","F7: Fascia-like myofibroblast","integrin_x_mechanosensor","ITGA5","TMEM63B",146,0.712328767123288,0.219178082191781,0.164383561643836,0.156126853068118,0.00825670857571778,1.05288461538462,0.407960199004975,200,"False","NOT_AVAILABLE"
"PRJNA607098","SRS6155882","F7: Fascia-like myofibroblast","integrin_x_mechanosensor","ITGA5","PANX1",146,0.712328767123288,0.171232876712329,0.123287671232877,0.121974103959467,0.00131356727340964,1.01076923076923,0.462686567164179,200,"False","NOT_AVAILABLE"
"PRJNA607098","SRS6155882","F7: Fascia-like myofibroblast","integrin_x_mechanosensor","FERMT2","PIEZO2",146,0.821917808219178,0.205479452054795,0.164383561643836,0.168887220866954,-0.00450365922311879,0.973333333333333,0.761194029850746,200,"False","NOT_AVAILABLE"
"PRJNA607098","SRS6155882","F7: Fascia-like myofibroblast","integrin_x_mechanosensor","FERMT2","TMEM63B",146,0.821917808219178,0.219178082191781,0.178082191780822,0.180146368924751,-0.00206417714392945,0.988541666666667,0.671641791044776,200,"False","NOT_AVAILABLE"
"PRJNA607098","SRS6155882","F7: Fascia-like myofibroblast","integrin_x_mechanosensor","FERMT2","PANX1",146,0.821917808219178,0.171232876712329,0.157534246575342,0.140739350722462,0.0167948958528805,1.11933333333333,0.0845771144278607,200,"False","NOT_AVAILABLE"
"PRJNA607098","SRS6155882","F7: Fascia-like myofibroblast","integrin_x_hippo","ITGAV","NF2",146,0,0.178082191780822,0,0,0,NA,1,200,"False","NOT_AVAILABLE"
"PRJNA607098","SRS6155882","F7: Fascia-like myofibroblast","integrin_x_hippo","ITGAV","TEAD1",146,0,0.335616438356164,0,0,0,NA,1,200,"False","NOT_AVAILABLE"
"PRJNA607098","SRS6155882","F7: Fascia-like myofibroblast","integrin_x_hippo","ITGB1","NF2",146,0.952054794520548,0.178082191780822,0.178082191780822,0.169544004503659,0.00853818727716268,1.05035971223022,0.208955223880597,200,"False","NOT_AVAILABLE"
"PRJNA607098","SRS6155882","F7: Fascia-like myofibroblast","integrin_x_hippo","ITGB1","TEAD1",146,0.952054794520548,0.335616438356164,0.328767123287671,0.319525239256896,0.00924188403077497,1.02892379973572,0.298507462686567,200,"False","NOT_AVAILABLE"
"PRJNA607098","SRS6155882","F7: Fascia-like myofibroblast","integrin_x_hippo","ITGA2","NF2",146,0.0410958904109589,0.178082191780822,0.0205479452054795,0.00731844623756802,0.0132294989679114,2.80769230769231,0.0945273631840796,200,"False","NOT_AVAILABLE"
"PRJNA607098","SRS6155882","F7: Fascia-like myofibroblast","integrin_x_hippo","ITGA2","TEAD1",146,0.0410958904109589,0.335616438356164,0.0205479452054795,0.0137924563708013,0.00675548883467817,1.48979591836735,0.303482587064677,200,"False","NOT_AVAILABLE"
"PRJNA607098","SRS6155882","F7: Fascia-like myofibroblast","integrin_x_hippo","PARVA","NF2",146,0.650684931506849,0.178082191780822,0.143835616438356,0.115875398761494,0.0279602176768625,1.2412955465587,0.0597014925373134,200,"False","NOT_AVAILABLE"
"PRJNA607098","SRS6155882","F7: Fascia-like myofibroblast","integrin_x_hippo","PARVA","TEAD1",146,0.650684931506849,0.335616438356164,0.273972602739726,0.218380559204354,0.0555920435353725,1.25456498388829,0.00995024875621891,200,"False","NOT_AVAILABLE"
"PRJNA607098","SRS6155882","F7: Fascia-like myofibroblast","integrin_x_hippo","ITGA5","NF2",146,0.712328767123288,0.178082191780822,0.136986301369863,0.126853068117846,0.0101332332520173,1.07988165680473,0.348258706467662,200,"False","NOT_AVAILABLE"
"PRJNA607098","SRS6155882","F7: Fascia-like myofibroblast","integrin_x_hippo","ITGA5","TEAD1",146,0.712328767123288,0.335616438356164,0.280821917808219,0.239069243760555,0.0417526740476637,1.17464678178964,0.0149253731343284,200,"False","NOT_AVAILABLE"
"PRJNA607098","SRS6155882","F7: Fascia-like myofibroblast","integrin_x_hippo","FERMT2","NF2",146,0.821917808219178,0.178082191780822,0.143835616438356,0.14636892475136,-0.00253330831300433,0.982692307692308,0.73134328358209,200,"False","NOT_AVAILABLE"
"PRJNA607098","SRS6155882","F7: Fascia-like myofibroblast","integrin_x_hippo","FERMT2","TEAD1",146,0.821917808219178,0.335616438356164,0.294520547945205,0.275849127416026,0.01867142052918,1.06768707482993,0.109452736318408,200,"False","NOT_AVAILABLE"
"PRJNA607098","SRS6155883","F7: Fascia-like myofibroblast","integrin_x_actomyosin","ITGAV","CFL1",10154,0,0.923773882213906,0,0,0,NA,1,200,"False","NOT_AVAILABLE"
"PRJNA607098","SRS6155883","F7: Fascia-like myofibroblast","integrin_x_actomyosin","ITGAV","LIMK1",10154,0,0.121233011621036,0,0,0,NA,1,200,"False","NOT_AVAILABLE"
"PRJNA607098","SRS6155883","F7: Fascia-like myofibroblast","integrin_x_actomyosin","ITGAV","CNN2",10154,0,0.371282253299192,0,0,0,NA,1,200,"False","NOT_AVAILABLE"
"PRJNA607098","SRS6155883","F7: Fascia-like myofibroblast","integrin_x_actomyosin","ITGAV","CDC42",10154,0,0.759208193815245,0,0,0,NA,1,200,"False","NOT_AVAILABLE"
"PRJNA607098","SRS6155883","F7: Fascia-like myofibroblast","integrin_x_actomyosin","ITGB1","CFL1",10154,0.92249359858184,0.923773882213906,0.872464053574946,0.852175492879423,0.0202885606955233,1.02380796076049,0.00497512437810945,200,"False","NOT_AVAILABLE"
"PRJNA607098","SRS6155883","F7: Fascia-like myofibroblast","integrin_x_actomyosin","ITGB1","LIMK1",10154,0.92249359858184,0.121233011621036,0.117589127437463,0.111836677157204,0.00575245028025954,1.0514361694793,0.00497512437810945,200,"False","NOT_AVAILABLE"
"PRJNA607098","SRS6155883","F7: Fascia-like myofibroblast","integrin_x_actomyosin","ITGB1","CNN2",10154,0.92249359858184,0.371282253299192,0.361236950955289,0.342505501935546,0.0187314490197424,1.05468948356709,0.00497512437810945,200,"False","NOT_AVAILABLE"
"PRJNA607098","SRS6155883","F7: Fascia-like myofibroblast","integrin_x_actomyosin","ITGB1","CDC42",10154,0.92249359858184,0.759208193815245,0.728875320070908,0.700364698785444,0.0285106212854637,1.04070825005159,0.00497512437810945,200,"False","NOT_AVAILABLE"
"PRJNA607098","SRS6155883","F7: Fascia-like myofibroblast","integrin_x_actomyosin","ITGA2","CFL1",10154,0.0143785700216663,0.923773882213906,0.014083119952728,0.0132825474495992,0.00080057250312879,1.06027251219441,0.00995024875621891,200,"False","NOT_AVAILABLE"
"PRJNA607098","SRS6155883","F7: Fascia-like myofibroblast","integrin_x_actomyosin","ITGA2","LIMK1",10154,0.0143785700216663,0.121233011621036,0.00157573370100453,0.00174315734653056,-0.000167423645526026,0.90395379633442,0.73134328358209,200,"False","NOT_AVAILABLE"
"PRJNA607098","SRS6155883","F7: Fascia-like myofibroblast","integrin_x_actomyosin","ITGA2","CNN2",10154,0.0143785700216663,0.371282253299192,0.00679535158558204,0.0053385078768645,0.00145684370871754,1.27289342683769,0.0298507462686567,200,"False","NOT_AVAILABLE"
"PRJNA607098","SRS6155883","F7: Fascia-like myofibroblast","integrin_x_actomyosin","ITGA2","CDC42",10154,0.0143785700216663,0.759208193815245,0.0117195194012212,0.0109163281757953,0.000803191225425862,1.07357705012999,0.0796019900497512,200,"False","NOT_AVAILABLE"
"PRJNA607098","SRS6155883","F7: Fascia-like myofibroblast","integrin_x_actomyosin","PARVA","CFL1",10154,0.516742170573173,0.923773882213906,0.50246208390782,0.477352921014021,0.025109162893799,1.05260083638005,0.00497512437810945,200,"False","NOT_AVAILABLE"
"PRJNA607098","SRS6155883","F7: Fascia-like myofibroblast","integrin_x_actomyosin","PARVA","LIMK1",10154,0.516742170573173,0.121233011621036,0.0759306677171558,0.0626462095701769,0.0132844581469789,1.21205525822113,0.00497512437810945,200,"False","NOT_AVAILABLE"
"PRJNA607098","SRS6155883","F7: Fascia-like myofibroblast","integrin_x_actomyosin","PARVA","CNN2",10154,0.516742170573173,0.371282253299192,0.238920622414812,0.191857197465123,0.0470634249496885,1.24530445337212,0.00497512437810945,200,"False","NOT_AVAILABLE"
"PRJNA607098","SRS6155883","F7: Fascia-like myofibroblast","integrin_x_actomyosin","PARVA","CDC42",10154,0.516742170573173,0.759208193815245,0.435985818396691,0.392314889989028,0.0436709284076628,1.11131601048557,0.00497512437810945,200,"False","NOT_AVAILABLE"
"PRJNA607098","SRS6155883","F7: Fascia-like myofibroblast","integrin_x_actomyosin","ITGA5","CFL1",10154,0.549635611581643,0.923773882213906,0.521075438250936,0.507739022713789,0.013336415537147,1.02626628039316,0.00497512437810945,200,"False","NOT_AVAILABLE"
"PRJNA607098","SRS6155883","F7: Fascia-like myofibroblast","integrin_x_actomyosin","ITGA5","LIMK1",10154,0.549635611581643,0.121233011621036,0.0779988181997242,0.0666339804862126,0.0113648377135117,1.17055618815783,0.00497512437810945,200,"False","NOT_AVAILABLE"
"PRJNA607098","SRS6155883","F7: Fascia-like myofibroblast","integrin_x_actomyosin","ITGA5","CNN2",10154,0.549635611581643,0.371282253299192,0.232026787472917,0.204069948361512,0.027956839111405,1.13699635510212,0.00497512437810945,200,"False","NOT_AVAILABLE"
"PRJNA607098","SRS6155883","F7: Fascia-like myofibroblast","integrin_x_actomyosin","ITGA5","CDC42",10154,0.549635611581643,0.759208193815245,0.447409887728974,0.417287859925437,0.0301220278035371,1.07218524835331,0.00497512437810945,200,"False","NOT_AVAILABLE"
"PRJNA607098","SRS6155883","F7: Fascia-like myofibroblast","integrin_x_actomyosin","FERMT2","CFL1",10154,0.702974197360646,0.923773882213906,0.669292889501674,0.649389203392048,0.0199036861096258,1.03064985682802,0.00497512437810945,200,"False","NOT_AVAILABLE"
"PRJNA607098","SRS6155883","F7: Fascia-like myofibroblast","integrin_x_actomyosin","FERMT2","LIMK1",10154,0.702974197360646,0.121233011621036,0.0915895213708883,0.0852236790379117,0.00636584233297663,1.07469569965578,0.00497512437810945,200,"False","NOT_AVAILABLE"
"PRJNA607098","SRS6155883","F7: Fascia-like myofibroblast","integrin_x_actomyosin","FERMT2","CNN2",10154,0.702974197360646,0.371282253299192,0.294465235375222,0.261001844007252,0.0334633913679697,1.12821132162974,0.00497512437810945,200,"False","NOT_AVAILABLE"
"PRJNA607098","SRS6155883","F7: Fascia-like myofibroblast","integrin_x_actomyosin","FERMT2","CDC42",10154,0.702974197360646,0.759208193815245,0.570809533188891,0.533703770676898,0.0371057625119933,1.06952501471918,0.00497512437810945,200,"False","NOT_AVAILABLE"
"PRJNA607098","SRS6155883","F7: Fascia-like myofibroblast","integrin_x_mechanosensor","ITGAV","PIEZO2",10154,0,0.236655505219618,0,0,0,NA,1,200,"False","NOT_AVAILABLE"
"PRJNA607098","SRS6155883","F7: Fascia-like myofibroblast","integrin_x_mechanosensor","ITGAV","TMEM63B",10154,0,0.179929091983455,0,0,0,NA,1,200,"False","NOT_AVAILABLE"
"PRJNA607098","SRS6155883","F7: Fascia-like myofibroblast","integrin_x_mechanosensor","ITGAV","PANX1",10154,0,0.0951349221981485,0,0,0,NA,1,200,"False","NOT_AVAILABLE"
"PRJNA607098","SRS6155883","F7: Fascia-like myofibroblast","integrin_x_mechanosensor","ITGB1","PIEZO2",10154,0.92249359858184,0.236655505219618,0.226610202875714,0.218313188634249,0.00829701424146534,1.03800509851636,0.00497512437810945,200,"False","NOT_AVAILABLE"
"PRJNA607098","SRS6155883","F7: Fascia-like myofibroblast","integrin_x_mechanosensor","ITGB1","TMEM63B",10154,0.92249359858184,0.179929091983455,0.173921607248375,0.16598343555338,0.00793817169499497,1.04782508368097,0.00497512437810945,200,"False","NOT_AVAILABLE"
"PRJNA607098","SRS6155883","F7: Fascia-like myofibroblast","integrin_x_mechanosensor","ITGB1","PANX1",10154,0.92249359858184,0.0951349221981485,0.0929682883592673,0.0877613567293734,0.00520693162989393,1.0593305735456,0.00497512437810945,200,"False","NOT_AVAILABLE"
"PRJNA607098","SRS6155883","F7: Fascia-like myofibroblast","integrin_x_mechanosensor","ITGA2","PIEZO2",10154,0.0143785700216663,0.236655505219618,0.00482568445932637,0.0034027677528131,0.00142291670651327,1.41816450897565,0.0149253731343284,200,"False","NOT_AVAILABLE"
"PRJNA607098","SRS6155883","F7: Fascia-like myofibroblast","integrin_x_mechanosensor","ITGA2","TMEM63B",10154,0.0143785700216663,0.179929091983455,0.00344691747094741,0.00258712304801895,0.000859794422928461,1.3323361150475,0.0447761194029851,200,"False","NOT_AVAILABLE"
"PRJNA607098","SRS6155883","F7: Fascia-like myofibroblast","integrin_x_mechanosensor","ITGA2","PANX1",10154,0.0143785700216663,0.0951349221981485,0.00216663383888123,0.00136790414033186,0.000798729698549372,1.58390765478318,0.0298507462686567,200,"False","NOT_AVAILABLE"
"PRJNA607098","SRS6155883","F7: Fascia-like myofibroblast","integrin_x_mechanosensor","PARVA","PIEZO2",10154,0.516742170573173,0.236655505219618,0.142505416584597,0.122289879445276,0.0202155371393209,1.16530834138541,0.00497512437810945,200,"False","NOT_AVAILABLE"
"PRJNA607098","SRS6155883","F7: Fascia-like myofibroblast","integrin_x_mechanosensor","PARVA","TMEM63B",10154,0.516742170573173,0.179929091983455,0.109907425645066,0.0929769495407906,0.0169304761042754,1.18209326276991,0.00497512437810945,200,"False","NOT_AVAILABLE"
"PRJNA607098","SRS6155883","F7: Fascia-like myofibroblast","integrin_x_mechanosensor","PARVA","PANX1",10154,0.516742170573173,0.0951349221981485,0.0616505810518022,0.0491602261939812,0.012490354857821,1.25407439763469,0.00497512437810945,200,"False","NOT_AVAILABLE"
"PRJNA607098","SRS6155883","F7: Fascia-like myofibroblast","integrin_x_mechanosensor","ITGA5","PIEZO2",10154,0.549635611581643,0.236655505219618,0.146050817411857,0.130074293345547,0.0159765240663101,1.12282614539268,0.00497512437810945,200,"False","NOT_AVAILABLE"
"PRJNA607098","SRS6155883","F7: Fascia-like myofibroblast","integrin_x_mechanosensor","ITGA5","TMEM63B",10154,0.549635611581643,0.179929091983455,0.11571794366752,0.0988954365136558,0.0168225071538644,1.1701039779681,0.00497512437810945,200,"False","NOT_AVAILABLE"
"PRJNA607098","SRS6155883","F7: Fascia-like myofibroblast","integrin_x_mechanosensor","ITGA5","PANX1",10154,0.549635611581643,0.0951349221981485,0.0634232814654323,0.0522895411451514,0.011133740320281,1.21292480439587,0.00497512437810945,200,"False","NOT_AVAILABLE"
"PRJNA607098","SRS6155883","F7: Fascia-like myofibroblast","integrin_x_mechanosensor","FERMT2","PIEZO2",10154,0.702974197360646,0.236655505219618,0.183179042741777,0.166362713832739,0.0168163289090375,1.10108231899814,0.00497512437810945,200,"False","NOT_AVAILABLE"
"PRJNA607098","SRS6155883","F7: Fascia-like myofibroblast","integrin_x_mechanosensor","FERMT2","TMEM63B",10154,0.702974197360646,0.179929091983455,0.14014181603309,0.126485509018899,0.0136563070141914,1.10796736416779,0.00497512437810945,200,"False","NOT_AVAILABLE"
"PRJNA607098","SRS6155883","F7: Fascia-like myofibroblast","integrin_x_mechanosensor","FERMT2","PANX1",10154,0.702974197360646,0.0951349221981485,0.0784912349812882,0.066877395573211,0.0116138394080772,1.17365866760412,0.00497512437810945,200,"False","NOT_AVAILABLE"
"PRJNA607098","SRS6155883","F7: Fascia-like myofibroblast","integrin_x_hippo","ITGAV","NF2",10154,0,0.155603702974197,0,0,0,NA,1,200,"False","NOT_AVAILABLE"
"PRJNA607098","SRS6155883","F7: Fascia-like myofibroblast","integrin_x_hippo","ITGAV","TEAD1",10154,0,0.206716564900532,0,0,0,NA,1,200,"False","NOT_AVAILABLE"
"PRJNA607098","SRS6155883","F7: Fascia-like myofibroblast","integrin_x_hippo","ITGB1","NF2",10154,0.92249359858184,0.155603702974197,0.152353752215876,0.143543419909327,0.00881033230654849,1.0613774724896,0.00497512437810945,200,"False","NOT_AVAILABLE"
"PRJNA607098","SRS6155883","F7: Fascia-like myofibroblast","integrin_x_hippo","ITGB1","TEAD1",10154,0.92249359858184,0.206716564900532,0.200512113452826,0.190694707841568,0.00981740561125846,1.05148231811139,0.00497512437810945,200,"False","NOT_AVAILABLE"
"PRJNA607098","SRS6155883","F7: Fascia-like myofibroblast","integrin_x_hippo","ITGA2","NF2",10154,0.0143785700216663,0.155603702974197,0.00275753397675793,0.00223735873884507,0.00052017523791286,1.23249523148951,0.218905472636816,200,"False","NOT_AVAILABLE"
"PRJNA607098","SRS6155883","F7: Fascia-like myofibroblast","integrin_x_hippo","ITGA2","TEAD1",10154,0.0143785700216663,0.206716564900532,0.00295450068938349,0.00297228860306063,-1.77879136771361e-05,0.99401541503782,0.507462686567164,200,"False","NOT_AVAILABLE"
"PRJNA607098","SRS6155883","F7: Fascia-like myofibroblast","integrin_x_hippo","PARVA","NF2",10154,0.516742170573173,0.155603702974197,0.0977939728185937,0.0804069952241101,0.0173869775944836,1.21623712645924,0.00497512437810945,200,"False","NOT_AVAILABLE"
"PRJNA607098","SRS6155883","F7: Fascia-like myofibroblast","integrin_x_hippo","PARVA","TEAD1",10154,0.516742170573173,0.206716564900532,0.133346464447508,0.106819166440131,0.0265272980073773,1.24833837307882,0.00497512437810945,200,"False","NOT_AVAILABLE"
"PRJNA607098","SRS6155883","F7: Fascia-like myofibroblast","integrin_x_hippo","ITGA5","NF2",10154,0.549635611581643,0.155603702974197,0.0981879062438448,0.0855253364485913,0.0126625697952535,1.14805635757849,0.00497512437810945,200,"False","NOT_AVAILABLE"
"PRJNA607098","SRS6155883","F7: Fascia-like myofibroblast","integrin_x_hippo","ITGA5","TEAD1",10154,0.549635611581643,0.206716564900532,0.132164664171755,0.11361878557316,0.0185458785985948,1.16322898106188,0.00497512437810945,200,"False","NOT_AVAILABLE"
"PRJNA607098","SRS6155883","F7: Fascia-like myofibroblast","integrin_x_hippo","FERMT2","NF2",10154,0.702974197360646,0.155603702974197,0.125566279298799,0.109385388204631,0.0161808910941678,1.14792552606659,0.00497512437810945,200,"False","NOT_AVAILABLE"
"PRJNA607098","SRS6155883","F7: Fascia-like myofibroblast","integrin_x_hippo","FERMT2","TEAD1",10154,0.702974197360646,0.206716564900532,0.16702777230648,0.145316411292101,0.021711361014379,1.14940749514339,0.00497512437810945,200,"False","NOT_AVAILABLE"
"PRJNA607098","SRS6155884","F7: Fascia-like myofibroblast","integrin_x_actomyosin","ITGAV","CFL1",659,0,0.881638846737481,0,0,0,NA,1,200,"False","NOT_AVAILABLE"
"PRJNA607098","SRS6155884","F7: Fascia-like myofibroblast","integrin_x_actomyosin","ITGAV","LIMK1",659,0,0.194233687405159,0,0,0,NA,1,200,"False","NOT_AVAILABLE"
"PRJNA607098","SRS6155884","F7: Fascia-like myofibroblast","integrin_x_actomyosin","ITGAV","CNN2",659,0,0.267071320182094,0,0,0,NA,1,200,"False","NOT_AVAILABLE"
"PRJNA607098","SRS6155884","F7: Fascia-like myofibroblast","integrin_x_actomyosin","ITGAV","CDC42",659,0,0.737481031866464,0,0,0,NA,1,200,"False","NOT_AVAILABLE"
"PRJNA607098","SRS6155884","F7: Fascia-like myofibroblast","integrin_x_actomyosin","ITGB1","CFL1",659,0.931714719271624,0.881638846737481,0.846737481031866,0.82143589058697,0.0253015904448962,1.03080166174236,0.00497512437810945,200,"False","NOT_AVAILABLE"
"PRJNA607098","SRS6155884","F7: Fascia-like myofibroblast","integrin_x_actomyosin","ITGB1","LIMK1",659,0.931714719271624,0.194233687405159,0.191198786039454,0.18097038553379,0.0102284005056634,1.056519747557,0.00497512437810945,200,"False","NOT_AVAILABLE"
"PRJNA607098","SRS6155884","F7: Fascia-like myofibroblast","integrin_x_actomyosin","ITGB1","CNN2",659,0.931714719271624,0.267071320182094,0.256449165402124,0.248834280108962,0.00761488529316273,1.03060223571217,0.0646766169154229,200,"False","NOT_AVAILABLE"
"PRJNA607098","SRS6155884","F7: Fascia-like myofibroblast","integrin_x_actomyosin","ITGB1","CDC42",659,0.931714719271624,0.737481031866464,0.713201820940819,0.68712193257361,0.0260798883672093,1.03795525529148,0.00497512437810945,200,"False","NOT_AVAILABLE"
"PRJNA607098","SRS6155884","F7: Fascia-like myofibroblast","integrin_x_actomyosin","ITGA2","CFL1",659,0.0303490136570561,0.881638846737481,0.0273141122913505,0.026756869400227,0.00055724289112349,1.02082616179002,0.606965174129353,200,"False","NOT_AVAILABLE"
"PRJNA607098","SRS6155884","F7: Fascia-like myofibroblast","integrin_x_actomyosin","ITGA2","LIMK1",659,0.0303490136570561,0.194233687405159,0.00910470409711684,0.00589480083171955,0.00320990326539729,1.54453125,0.144278606965174,200,"False","NOT_AVAILABLE"
"PRJNA607098","SRS6155884","F7: Fascia-like myofibroblast","integrin_x_actomyosin","ITGA2","CNN2",659,0.0303490136570561,0.267071320182094,0.00758725341426404,0.00810535114361439,-0.00051809772935035,0.936079545454546,0.587064676616915,200,"False","NOT_AVAILABLE"
"PRJNA607098","SRS6155884","F7: Fascia-like myofibroblast","integrin_x_actomyosin","ITGA2","CDC42",659,0.0303490136570561,0.737481031866464,0.0257966616084977,0.0223818219079352,0.00341483970056254,1.15257201646091,0.208955223880597,200,"False","NOT_AVAILABLE"
"PRJNA607098","SRS6155884","F7: Fascia-like myofibroblast","integrin_x_actomyosin","PARVA","CFL1",659,0.503793626707132,0.881638846737481,0.471927162367223,0.444164032043769,0.0277631303234542,1.06250648031023,0.00497512437810945,200,"False","NOT_AVAILABLE"
"PRJNA607098","SRS6155884","F7: Fascia-like myofibroblast","integrin_x_actomyosin","PARVA","LIMK1",659,0.503793626707132,0.194233687405159,0.109256449165402,0.0978536938065446,0.0114027553588575,1.11652861445783,0.0696517412935323,200,"False","NOT_AVAILABLE"
"PRJNA607098","SRS6155884","F7: Fascia-like myofibroblast","integrin_x_actomyosin","PARVA","CNN2",659,0.503793626707132,0.267071320182094,0.16236722306525,0.134548828983999,0.0278183940812516,1.20675314895947,0.00497512437810945,200,"False","NOT_AVAILABLE"
"PRJNA607098","SRS6155884","F7: Fascia-like myofibroblast","integrin_x_actomyosin","PARVA","CDC42",659,0.503793626707132,0.737481031866464,0.399089529590288,0.371538243671724,0.0275512859185643,1.07415464326442,0.00497512437810945,200,"False","NOT_AVAILABLE"
"PRJNA607098","SRS6155884","F7: Fascia-like myofibroblast","integrin_x_actomyosin","ITGA5","CFL1",659,0.56752655538695,0.881638846737481,0.515933232169954,0.500353457784246,0.0155797743857088,1.03113753716163,0.0149253731343284,200,"False","NOT_AVAILABLE"
"PRJNA607098","SRS6155884","F7: Fascia-like myofibroblast","integrin_x_actomyosin","ITGA5","LIMK1",659,0.56752655538695,0.194233687405159,0.118361153262519,0.110232775553156,0.00812837770936328,1.07373830213904,0.129353233830846,200,"False","NOT_AVAILABLE"
"PRJNA607098","SRS6155884","F7: Fascia-like myofibroblast","integrin_x_actomyosin","ITGA5","CNN2",659,0.56752655538695,0.267071320182094,0.165402124430956,0.151570066385589,0.013832058045367,1.09125850753525,0.054726368159204,200,"False","NOT_AVAILABLE"
"PRJNA607098","SRS6155884","F7: Fascia-like myofibroblast","integrin_x_actomyosin","ITGA5","CDC42",659,0.56752655538695,0.737481031866464,0.455235204855842,0.418540069678388,0.0366951351774543,1.08767412688981,0.00497512437810945,200,"False","NOT_AVAILABLE"
"PRJNA607098","SRS6155884","F7: Fascia-like myofibroblast","integrin_x_actomyosin","FERMT2","CFL1",659,0.764795144157815,0.881638846737481,0.714719271623672,0.674273108885721,0.0404461627379508,1.05998483730842,0.00497512437810945,200,"False","NOT_AVAILABLE"
"PRJNA607098","SRS6155884","F7: Fascia-like myofibroblast","integrin_x_actomyosin","FERMT2","LIMK1",659,0.764795144157815,0.194233687405159,0.169954476479514,0.148548980959333,0.0214054955201816,1.14409722222222,0.00497512437810945,200,"False","NOT_AVAILABLE"
"PRJNA607098","SRS6155884","F7: Fascia-like myofibroblast","integrin_x_actomyosin","FERMT2","CNN2",659,0.764795144157815,0.267071320182094,0.227617602427921,0.204254848819083,0.0233627536088385,1.11438041125541,0.00497512437810945,200,"False","NOT_AVAILABLE"
"PRJNA607098","SRS6155884","F7: Fascia-like myofibroblast","integrin_x_actomyosin","FERMT2","CDC42",659,0.764795144157815,0.737481031866464,0.61608497723824,0.564021912079967,0.0520630651582731,1.09230681298583,0.00497512437810945,200,"False","NOT_AVAILABLE"
"PRJNA607098","SRS6155884","F7: Fascia-like myofibroblast","integrin_x_mechanosensor","ITGAV","PIEZO2",659,0,0.329286798179059,0,0,0,NA,1,200,"False","NOT_AVAILABLE"
"PRJNA607098","SRS6155884","F7: Fascia-like myofibroblast","integrin_x_mechanosensor","ITGAV","TMEM63B",659,0,0.314112291350531,0,0,0,NA,1,200,"False","NOT_AVAILABLE"
"PRJNA607098","SRS6155884","F7: Fascia-like myofibroblast","integrin_x_mechanosensor","ITGAV","PANX1",659,0,0.136570561456753,0,0,0,NA,1,200,"False","NOT_AVAILABLE"
"PRJNA607098","SRS6155884","F7: Fascia-like myofibroblast","integrin_x_mechanosensor","ITGB1","PIEZO2",659,0.931714719271624,0.329286798179059,0.314112291350531,0.306801356725254,0.00731093462527715,1.02382953811976,0.0995024875621891,200,"False","NOT_AVAILABLE"
"PRJNA607098","SRS6155884","F7: Fascia-like myofibroblast","integrin_x_mechanosensor","ITGB1","TMEM63B",659,0.931714719271624,0.314112291350531,0.305007587253414,0.292663045355427,0.0123445418979877,1.04218005004013,0.00995024875621891,200,"False","NOT_AVAILABLE"
"PRJNA607098","SRS6155884","F7: Fascia-like myofibroblast","integrin_x_mechanosensor","ITGB1","PANX1",659,0.931714719271624,0.136570561456753,0.133535660091047,0.127244802328446,0.00629085776260072,1.04943901556279,0.0447761194029851,200,"False","NOT_AVAILABLE"
"PRJNA607098","SRS6155884","F7: Fascia-like myofibroblast","integrin_x_mechanosensor","ITGA2","PIEZO2",659,0.0303490136570561,0.329286798179059,0.00910470409711684,0.00999352953502456,-0.000888825437907715,0.911059907834101,0.666666666666667,200,"False","NOT_AVAILABLE"
"PRJNA607098","SRS6155884","F7: Fascia-like myofibroblast","integrin_x_mechanosensor","ITGA2","TMEM63B",659,0.0303490136570561,0.314112291350531,0.00910470409711684,0.00953299822004647,-0.000428294122929622,0.955072463768116,0.676616915422886,200,"False","NOT_AVAILABLE"
"PRJNA607098","SRS6155884","F7: Fascia-like myofibroblast","integrin_x_mechanosensor","ITGA2","PANX1",659,0.0303490136570561,0.136570561456753,0.00303490136570561,0.00414478183480281,-0.0011098804690972,0.732222222222222,0.800995024875622,200,"False","NOT_AVAILABLE"
"PRJNA607098","SRS6155884","F7: Fascia-like myofibroblast","integrin_x_mechanosensor","PARVA","PIEZO2",659,0.503793626707132,0.329286798179059,0.182094081942337,0.165892590281408,0.0162014916609292,1.09766253955916,0.0447761194029851,200,"False","NOT_AVAILABLE"
"PRJNA607098","SRS6155884","F7: Fascia-like myofibroblast","integrin_x_mechanosensor","PARVA","TMEM63B",659,0.503793626707132,0.314112291350531,0.185128983308042,0.158247770452771,0.0268812128552711,1.16986787730633,0.00995024875621891,200,"False","NOT_AVAILABLE"
"PRJNA607098","SRS6155884","F7: Fascia-like myofibroblast","integrin_x_mechanosensor","PARVA","PANX1",659,0.503793626707132,0.136570561456753,0.0819423368740516,0.0688033784577267,0.0131389584163249,1.19096385542169,0.0199004975124378,200,"False","NOT_AVAILABLE"
"PRJNA607098","SRS6155884","F7: Fascia-like myofibroblast","integrin_x_mechanosensor","ITGA5","PIEZO2",659,0.56752655538695,0.329286798179059,0.186646433990895,0.186879002304959,-0.000232568314063958,0.998755513935779,0.577114427860697,200,"False","NOT_AVAILABLE"
"PRJNA607098","SRS6155884","F7: Fascia-like myofibroblast","integrin_x_mechanosensor","ITGA5","TMEM63B",659,0.56752655538695,0.314112291350531,0.180576631259484,0.178267066714869,0.00230956454461512,1.01295564339043,0.462686567164179,200,"False","NOT_AVAILABLE"
"PRJNA607098","SRS6155884","F7: Fascia-like myofibroblast","integrin_x_mechanosensor","ITGA5","PANX1",659,0.56752655538695,0.136570561456753,0.08649468892261,0.0775074203108126,0.00898726861179744,1.11595365418895,0.154228855721393,200,"False","NOT_AVAILABLE"
"PRJNA607098","SRS6155884","F7: Fascia-like myofibroblast","integrin_x_mechanosensor","FERMT2","PIEZO2",659,0.764795144157815,0.329286798179059,0.251896813353566,0.251836944282619,5.98690709471272e-05,1.0002377295004,0.532338308457711,200,"False","NOT_AVAILABLE"
"PRJNA607098","SRS6155884","F7: Fascia-like myofibroblast","integrin_x_mechanosensor","FERMT2","TMEM63B",659,0.764795144157815,0.314112291350531,0.261001517450683,0.240231555145171,0.0207699623055119,1.08645809370447,0.0149253731343284,200,"False","NOT_AVAILABLE"
"PRJNA607098","SRS6155884","F7: Fascia-like myofibroblast","integrin_x_mechanosensor","FERMT2","PANX1",659,0.764795144157815,0.136570561456753,0.12443095599393,0.104448502237031,0.0199824537568993,1.1913139329806,0.00497512437810945,200,"False","NOT_AVAILABLE"
"PRJNA607098","SRS6155884","F7: Fascia-like myofibroblast","integrin_x_hippo","ITGAV","NF2",659,0,0.212443095599393,0,0,0,NA,1,200,"False","NOT_AVAILABLE"
"PRJNA607098","SRS6155884","F7: Fascia-like myofibroblast","integrin_x_hippo","ITGAV","TEAD1",659,0,0.280728376327769,0,0,0,NA,1,200,"False","NOT_AVAILABLE"
"PRJNA607098","SRS6155884","F7: Fascia-like myofibroblast","integrin_x_hippo","ITGB1","NF2",659,0.931714719271624,0.212443095599393,0.207890743550835,0.197936359177583,0.00995438437325141,1.05029083294556,0.00995024875621891,200,"False","NOT_AVAILABLE"
"PRJNA607098","SRS6155884","F7: Fascia-like myofibroblast","integrin_x_hippo","ITGB1","TEAD1",659,0.931714719271624,0.280728376327769,0.273141122913505,0.261558760341806,0.0115823625716989,1.04428206708337,0.00995024875621891,200,"False","NOT_AVAILABLE"
"PRJNA607098","SRS6155884","F7: Fascia-like myofibroblast","integrin_x_hippo","ITGA2","NF2",659,0.0303490136570561,0.212443095599393,0.00606980273141123,0.00644743840969326,-0.000377635678282033,0.941428571428572,0.616915422885572,200,"False","NOT_AVAILABLE"
"PRJNA607098","SRS6155884","F7: Fascia-like myofibroblast","integrin_x_hippo","ITGA2","TEAD1",659,0.0303490136570561,0.280728376327769,0.00758725341426404,0.00851982932709467,-0.000932575912830632,0.890540540540541,0.671641791044776,200,"False","NOT_AVAILABLE"
"PRJNA607098","SRS6155884","F7: Fascia-like myofibroblast","integrin_x_hippo","PARVA","NF2",659,0.503793626707132,0.212443095599393,0.128983308042489,0.107027477600908,0.0219558304415805,1.20514199655766,0.00995024875621891,200,"False","NOT_AVAILABLE"
"PRJNA607098","SRS6155884","F7: Fascia-like myofibroblast","integrin_x_hippo","PARVA","TEAD1",659,0.503793626707132,0.280728376327769,0.165402124430956,0.141429166829772,0.0239729576011845,1.16950504721589,0.0149253731343284,200,"False","NOT_AVAILABLE"
"PRJNA607098","SRS6155884","F7: Fascia-like myofibroblast","integrin_x_hippo","ITGA5","NF2",659,0.56752655538695,0.212443095599393,0.138088012139605,0.120567098261264,0.0175209138783415,1.14532085561497,0.00995024875621891,200,"False","NOT_AVAILABLE"
"PRJNA607098","SRS6155884","F7: Fascia-like myofibroblast","integrin_x_hippo","ITGA5","TEAD1",659,0.56752655538695,0.280728376327769,0.17298937784522,0.15932080841667,0.0136685694285497,1.08579274461627,0.0796019900497512,200,"False","NOT_AVAILABLE"
"PRJNA607098","SRS6155884","F7: Fascia-like myofibroblast","integrin_x_hippo","FERMT2","NF2",659,0.764795144157815,0.212443095599393,0.179059180576631,0.16247544792427,0.016583732652361,1.10206916099773,0.0199004975124378,200,"False","NOT_AVAILABLE"
"PRJNA607098","SRS6155884","F7: Fascia-like myofibroblast","integrin_x_hippo","FERMT2","TEAD1",659,0.764795144157815,0.280728376327769,0.236722306525038,0.214699699042786,0.0220226074822522,1.102574002574,0.00497512437810945,200,"False","NOT_AVAILABLE"
"PRJNA607098","SRS6155885","F7: Fascia-like myofibroblast","integrin_x_actomyosin","ITGAV","CFL1",474,0,0.767932489451477,0,0,0,NA,1,200,"False","NOT_AVAILABLE"
"PRJNA607098","SRS6155885","F7: Fascia-like myofibroblast","integrin_x_actomyosin","ITGAV","LIMK1",474,0,0.122362869198312,0,0,0,NA,1,200,"False","NOT_AVAILABLE"
"PRJNA607098","SRS6155885","F7: Fascia-like myofibroblast","integrin_x_actomyosin","ITGAV","CNN2",474,0,0.308016877637131,0,0,0,NA,1,200,"False","NOT_AVAILABLE"
"PRJNA607098","SRS6155885","F7: Fascia-like myofibroblast","integrin_x_actomyosin","ITGAV","CDC42",474,0,0.618143459915612,0,0,0,NA,1,200,"False","NOT_AVAILABLE"
"PRJNA607098","SRS6155885","F7: Fascia-like myofibroblast","integrin_x_actomyosin","ITGB1","CFL1",474,0.867088607594937,0.767932489451477,0.69620253164557,0.665865513005394,0.0303370186401754,1.04556027913692,0.00497512437810945,200,"False","NOT_AVAILABLE"
"PRJNA607098","SRS6155885","F7: Fascia-like myofibroblast","integrin_x_actomyosin","ITGB1","LIMK1",474,0.867088607594937,0.122362869198312,0.116033755274262,0.106099449874486,0.00993430539977568,1.09363201610873,0.0348258706467662,200,"False","NOT_AVAILABLE"
"PRJNA607098","SRS6155885","F7: Fascia-like myofibroblast","integrin_x_actomyosin","ITGB1","CNN2",474,0.867088607594937,0.308016877637131,0.29746835443038,0.26707792554612,0.03039042888426,1.11378862113789,0.00497512437810945,200,"False","NOT_AVAILABLE"
"PRJNA607098","SRS6155885","F7: Fascia-like myofibroblast","integrin_x_actomyosin","ITGB1","CDC42",474,0.867088607594937,0.618143459915612,0.573839662447257,0.535985151952144,0.0378545104951129,1.07062604319773,0.00497512437810945,200,"False","NOT_AVAILABLE"
"PRJNA607098","SRS6155885","F7: Fascia-like myofibroblast","integrin_x_actomyosin","ITGA2","CFL1",474,0.0147679324894515,0.767932489451477,0.0105485232067511,0.0113407751606758,-0.000792251953924763,0.930141287284144,0.781094527363184,200,"False","NOT_AVAILABLE"
"PRJNA607098","SRS6155885","F7: Fascia-like myofibroblast","integrin_x_actomyosin","ITGA2","LIMK1",474,0.0147679324894515,0.122362869198312,0,0.00180704659153626,-0.00180704659153626,0,1,200,"False","NOT_AVAILABLE"
"PRJNA607098","SRS6155885","F7: Fascia-like myofibroblast","integrin_x_actomyosin","ITGA2","CNN2",474,0.0147679324894515,0.308016877637131,0.00210970464135021,0.00454877245455678,-0.00243906781320657,0.463796477495108,0.890547263681592,200,"False","NOT_AVAILABLE"
"PRJNA607098","SRS6155885","F7: Fascia-like myofibroblast","integrin_x_actomyosin","ITGA2","CDC42",474,0.0147679324894515,0.618143459915612,0.00843881856540084,0.00912870088482971,-0.000689882319428866,0.92442710872745,0.751243781094527,200,"False","NOT_AVAILABLE"
"PRJNA607098","SRS6155885","F7: Fascia-like myofibroblast","integrin_x_actomyosin","PARVA","CFL1",474,0.438818565400844,0.767932489451477,0.383966244725738,0.336983033345796,0.0469832113799427,1.13942307692308,0.00497512437810945,200,"False","NOT_AVAILABLE"
"PRJNA607098","SRS6155885","F7: Fascia-like myofibroblast","integrin_x_actomyosin","PARVA","LIMK1",474,0.438818565400844,0.122362869198312,0.0675105485232067,0.0536950987199345,0.0138154498032723,1.25729442970822,0.0298507462686567,200,"False","NOT_AVAILABLE"
"PRJNA607098","SRS6155885","F7: Fascia-like myofibroblast","integrin_x_actomyosin","PARVA","CNN2",474,0.438818565400844,0.308016877637131,0.177215189873418,0.135163524363973,0.0420516655094447,1.31111696522655,0.00497512437810945,200,"False","NOT_AVAILABLE"
"PRJNA607098","SRS6155885","F7: Fascia-like myofibroblast","integrin_x_actomyosin","PARVA","CDC42",474,0.438818565400844,0.618143459915612,0.343881856540084,0.271252826292083,0.0726290302480016,1.26775400367551,0.00497512437810945,200,"False","NOT_AVAILABLE"
"PRJNA607098","SRS6155885","F7: Fascia-like myofibroblast","integrin_x_actomyosin","ITGA5","CFL1",474,0.658227848101266,0.767932489451477,0.523206751054852,0.505474550018694,0.0177322010361588,1.03508030431107,0.0199004975124378,200,"False","NOT_AVAILABLE"
"PRJNA607098","SRS6155885","F7: Fascia-like myofibroblast","integrin_x_actomyosin","ITGA5","LIMK1",474,0.658227848101266,0.122362869198312,0.0864978902953586,0.0805426480799017,0.00595524221545692,1.07393899204244,0.233830845771144,200,"False","NOT_AVAILABLE"
"PRJNA607098","SRS6155885","F7: Fascia-like myofibroblast","integrin_x_actomyosin","ITGA5","CNN2",474,0.658227848101266,0.308016877637131,0.229957805907173,0.20274528654596,0.0272125193612135,1.13422023182297,0.00497512437810945,200,"False","NOT_AVAILABLE"
"PRJNA607098","SRS6155885","F7: Fascia-like myofibroblast","integrin_x_actomyosin","ITGA5","CDC42",474,0.658227848101266,0.618143459915612,0.430379746835443,0.406879239438124,0.0235005073973188,1.05775794171699,0.0149253731343284,200,"False","NOT_AVAILABLE"
"PRJNA607098","SRS6155885","F7: Fascia-like myofibroblast","integrin_x_actomyosin","FERMT2","CFL1",474,0.729957805907173,0.767932489451477,0.60337552742616,0.560558315084833,0.042817212341327,1.07638315441784,0.00497512437810945,200,"False","NOT_AVAILABLE"
"PRJNA607098","SRS6155885","F7: Fascia-like myofibroblast","integrin_x_actomyosin","FERMT2","LIMK1",474,0.729957805907173,0.122362869198312,0.0970464135021097,0.0893197315245064,0.0077266819776033,1.08650588000797,0.159203980099502,200,"False","NOT_AVAILABLE"
"PRJNA607098","SRS6155885","F7: Fascia-like myofibroblast","integrin_x_actomyosin","FERMT2","CNN2",474,0.729957805907173,0.308016877637131,0.251054852320675,0.224839324182378,0.0262155281382969,1.11659672183071,0.00995024875621891,200,"False","NOT_AVAILABLE"
"PRJNA607098","SRS6155885","F7: Fascia-like myofibroblast","integrin_x_actomyosin","FERMT2","CDC42",474,0.729957805907173,0.618143459915612,0.474683544303797,0.451218643735869,0.0234649005679289,1.05200339324114,0.0149253731343284,200,"False","NOT_AVAILABLE"
"PRJNA607098","SRS6155885","F7: Fascia-like myofibroblast","integrin_x_mechanosensor","ITGAV","PIEZO2",474,0,0.39662447257384,0,0,0,NA,1,200,"False","NOT_AVAILABLE"
"PRJNA607098","SRS6155885","F7: Fascia-like myofibroblast","integrin_x_mechanosensor","ITGAV","TMEM63B",474,0,0.20042194092827,0,0,0,NA,1,200,"False","NOT_AVAILABLE"
"PRJNA607098","SRS6155885","F7: Fascia-like myofibroblast","integrin_x_mechanosensor","ITGAV","PANX1",474,0,0.177215189873418,0,0,0,NA,1,200,"False","NOT_AVAILABLE"
"PRJNA607098","SRS6155885","F7: Fascia-like myofibroblast","integrin_x_mechanosensor","ITGB1","PIEZO2",474,0.867088607594937,0.39662447257384,0.356540084388186,0.343908561662127,0.0126315227260588,1.03672930579282,0.0796019900497512,200,"False","NOT_AVAILABLE"
"PRJNA607098","SRS6155885","F7: Fascia-like myofibroblast","integrin_x_mechanosensor","ITGB1","TMEM63B",474,0.867088607594937,0.20042194092827,0.185654008438819,0.173783581690968,0.0118704267478502,1.06830580099885,0.054726368159204,200,"False","NOT_AVAILABLE"
"PRJNA607098","SRS6155885","F7: Fascia-like myofibroblast","integrin_x_mechanosensor","ITGB1","PANX1",474,0.867088607594937,0.177215189873418,0.160337552742616,0.153661272232014,0.00667628051060196,1.04344803614877,0.154228855721393,200,"False","NOT_AVAILABLE"
"PRJNA607098","SRS6155885","F7: Fascia-like myofibroblast","integrin_x_mechanosensor","ITGA2","PIEZO2",474,0.0147679324894515,0.39662447257384,0.00421940928270042,0.00585732343463476,-0.00163791415193434,0.720364741641337,0.845771144278607,200,"False","NOT_AVAILABLE"
"PRJNA607098","SRS6155885","F7: Fascia-like myofibroblast","integrin_x_mechanosensor","ITGA2","TMEM63B",474,0.0147679324894515,0.20042194092827,0.00421940928270042,0.00295981769303352,0.0012595915896669,1.42556390977444,0.512437810945274,200,"False","NOT_AVAILABLE"
"PRJNA607098","SRS6155885","F7: Fascia-like myofibroblast","integrin_x_mechanosensor","ITGA2","PANX1",474,0.0147679324894515,0.177215189873418,0,0.00261710196015596,-0.00261710196015596,0,1,200,"False","NOT_AVAILABLE"
"PRJNA607098","SRS6155885","F7: Fascia-like myofibroblast","integrin_x_mechanosensor","PARVA","PIEZO2",474,0.438818565400844,0.39662447257384,0.191983122362869,0.174046182057719,0.0179369403051505,1.1030585106383,0.0696517412935323,200,"False","NOT_AVAILABLE"
"PRJNA607098","SRS6155885","F7: Fascia-like myofibroblast","integrin_x_mechanosensor","PARVA","TMEM63B",474,0.438818565400844,0.20042194092827,0.10126582278481,0.0879488685929961,0.013316954191814,1.15141700404858,0.0995024875621891,200,"False","NOT_AVAILABLE"
"PRJNA607098","SRS6155885","F7: Fascia-like myofibroblast","integrin_x_mechanosensor","PARVA","PANX1",474,0.438818565400844,0.177215189873418,0.0991561181434599,0.0777653153874913,0.0213908027559686,1.27506868131868,0.00995024875621891,200,"False","NOT_AVAILABLE"
"PRJNA607098","SRS6155885","F7: Fascia-like myofibroblast","integrin_x_mechanosensor","ITGA5","PIEZO2",474,0.658227848101266,0.39662447257384,0.257383966244726,0.261069273086578,-0.00368530684185225,0.98588379705401,0.676616915422886,200,"False","NOT_AVAILABLE"
"PRJNA607098","SRS6155885","F7: Fascia-like myofibroblast","integrin_x_mechanosensor","ITGA5","TMEM63B",474,0.658227848101266,0.20042194092827,0.126582278481013,0.131923302889494,-0.00534102440848153,0.959514170040486,0.766169154228856,200,"False","NOT_AVAILABLE"
"PRJNA607098","SRS6155885","F7: Fascia-like myofibroblast","integrin_x_mechanosensor","ITGA5","PANX1",474,0.658227848101266,0.177215189873418,0.135021097046413,0.116647973081237,0.0183731239651765,1.15750915750916,0.0199004975124378,200,"False","NOT_AVAILABLE"
"PRJNA607098","SRS6155885","F7: Fascia-like myofibroblast","integrin_x_mechanosensor","FERMT2","PIEZO2",474,0.729957805907173,0.39662447257384,0.30168776371308,0.28951912976909,0.0121686339439904,1.04203050055344,0.134328358208955,200,"False","NOT_AVAILABLE"
"PRJNA607098","SRS6155885","F7: Fascia-like myofibroblast","integrin_x_mechanosensor","FERMT2","TMEM63B",474,0.729957805907173,0.20042194092827,0.145569620253165,0.146299560255657,-0.000729940002492491,0.995010648007301,0.562189054726368,200,"False","NOT_AVAILABLE"
"PRJNA607098","SRS6155885","F7: Fascia-like myofibroblast","integrin_x_mechanosensor","FERMT2","PANX1",474,0.729957805907173,0.177215189873418,0.139240506329114,0.129359611173423,0.00988089515569085,1.07638315441784,0.144278606965174,200,"False","NOT_AVAILABLE"
"PRJNA607098","SRS6155885","F7: Fascia-like myofibroblast","integrin_x_hippo","ITGAV","NF2",474,0,0.19620253164557,0,0,0,NA,1,200,"False","NOT_AVAILABLE"
"PRJNA607098","SRS6155885","F7: Fascia-like myofibroblast","integrin_x_hippo","ITGAV","TEAD1",474,0,0.291139240506329,0,0,0,NA,1,200,"False","NOT_AVAILABLE"
"PRJNA607098","SRS6155885","F7: Fascia-like myofibroblast","integrin_x_hippo","ITGB1","NF2",474,0.867088607594937,0.19620253164557,0.185654008438819,0.170124979971158,0.0155290284676601,1.0912801192999,0.00995024875621891,200,"False","NOT_AVAILABLE"
"PRJNA607098","SRS6155885","F7: Fascia-like myofibroblast","integrin_x_hippo","ITGB1","TEAD1",474,0.867088607594937,0.291139240506329,0.272151898734177,0.25244351866688,0.0197083800672969,1.07807045382418,0.00497512437810945,200,"False","NOT_AVAILABLE"
"PRJNA607098","SRS6155885","F7: Fascia-like myofibroblast","integrin_x_hippo","ITGA2","NF2",474,0.0147679324894515,0.19620253164557,0.00421940928270042,0.00289750574160124,0.00132190354109918,1.45622119815668,0.393034825870647,200,"False","NOT_AVAILABLE"
"PRJNA607098","SRS6155885","F7: Fascia-like myofibroblast","integrin_x_hippo","ITGA2","TEAD1",474,0.0147679324894515,0.291139240506329,0.00210970464135021,0.00429952464882765,-0.00218982000747743,0.490683229813665,0.900497512437811,200,"False","NOT_AVAILABLE"
"PRJNA607098","SRS6155885","F7: Fascia-like myofibroblast","integrin_x_hippo","PARVA","NF2",474,0.438818565400844,0.19620253164557,0.111814345991561,0.0860973134647225,0.0257170325268386,1.29869727047146,0.00497512437810945,200,"False","NOT_AVAILABLE"
"PRJNA607098","SRS6155885","F7: Fascia-like myofibroblast","integrin_x_hippo","PARVA","TEAD1",474,0.438818565400844,0.291139240506329,0.177215189873418,0.127757303850879,0.0494578860225391,1.3871237458194,0.00497512437810945,200,"False","NOT_AVAILABLE"
"PRJNA607098","SRS6155885","F7: Fascia-like myofibroblast","integrin_x_hippo","ITGA5","NF2",474,0.658227848101266,0.19620253164557,0.149789029535865,0.129145970197084,0.0206430593387812,1.15984284532672,0.0149253731343284,200,"False","NOT_AVAILABLE"
"PRJNA607098","SRS6155885","F7: Fascia-like myofibroblast","integrin_x_hippo","ITGA5","TEAD1",474,0.658227848101266,0.291139240506329,0.217299578059072,0.191635955776318,0.0256636222827538,1.13391861761427,0.0149253731343284,200,"False","NOT_AVAILABLE"
"PRJNA607098","SRS6155885","F7: Fascia-like myofibroblast","integrin_x_hippo","FERMT2","NF2",474,0.729957805907173,0.19620253164557,0.154008438818565,0.143219569513433,0.0107888693051327,1.07533097147119,0.0895522388059701,200,"False","NOT_AVAILABLE"
"PRJNA607098","SRS6155885","F7: Fascia-like myofibroblast","integrin_x_hippo","FERMT2","TEAD1",474,0.729957805907173,0.291139240506329,0.219409282700422,0.212519361213481,0.0068899214869412,1.03242020608193,0.323383084577114,200,"False","NOT_AVAILABLE"
"PRJNA607098","SRS6155886","F7: Fascia-like myofibroblast","integrin_x_actomyosin","ITGAV","CFL1",1724,0,0.916473317865429,0,0,0,NA,1,200,"False","NOT_AVAILABLE"
"PRJNA607098","SRS6155886","F7: Fascia-like myofibroblast","integrin_x_actomyosin","ITGAV","LIMK1",1724,0,0,0,0,0,NA,1,200,"False","NOT_AVAILABLE"
"PRJNA607098","SRS6155886","F7: Fascia-like myofibroblast","integrin_x_actomyosin","ITGAV","CNN2",1724,0,0.238399071925754,0,0,0,NA,1,200,"False","NOT_AVAILABLE"
"PRJNA607098","SRS6155886","F7: Fascia-like myofibroblast","integrin_x_actomyosin","ITGAV","CDC42",1724,0,0.677494199535963,0,0,0,NA,1,200,"False","NOT_AVAILABLE"
"PRJNA607098","SRS6155886","F7: Fascia-like myofibroblast","integrin_x_actomyosin","ITGB1","CFL1",1724,0.888051044083527,0.916473317865429,0.821925754060325,0.813875086805088,0.00805066725523662,1.0098917725653,0.00497512437810945,200,"False","NOT_AVAILABLE"
"PRJNA607098","SRS6155886","F7: Fascia-like myofibroblast","integrin_x_actomyosin","ITGB1","LIMK1",1724,0.888051044083527,0,0,0,0,NA,1,200,"False","NOT_AVAILABLE"
"PRJNA607098","SRS6155886","F7: Fascia-like myofibroblast","integrin_x_actomyosin","ITGB1","CNN2",1724,0.888051044083527,0.238399071925754,0.215197215777262,0.21171054473221,0.00348667104505251,1.0164690476304,0.139303482587065,200,"False","NOT_AVAILABLE"
"PRJNA607098","SRS6155886","F7: Fascia-like myofibroblast","integrin_x_actomyosin","ITGB1","CDC42",1724,0.888051044083527,0.677494199535963,0.614849187935035,0.601649431258445,0.0131997566765898,1.02193928223115,0.00497512437810945,200,"False","NOT_AVAILABLE"
"PRJNA607098","SRS6155886","F7: Fascia-like myofibroblast","integrin_x_actomyosin","ITGA2","CFL1",1724,0.000580046403712297,0.916473317865429,0.000580046403712297,0.000531597052126119,4.84493515861779e-05,1.09113924050633,0.90547263681592,200,"False","NOT_AVAILABLE"
"PRJNA607098","SRS6155886","F7: Fascia-like myofibroblast","integrin_x_actomyosin","ITGA2","LIMK1",1724,0.000580046403712297,0,0,0,0,NA,1,200,"False","NOT_AVAILABLE"
"PRJNA607098","SRS6155886","F7: Fascia-like myofibroblast","integrin_x_actomyosin","ITGA2","CNN2",1724,0.000580046403712297,0.238399071925754,0,0.000138282524318883,-0.000138282524318883,0,1,200,"False","NOT_AVAILABLE"
"PRJNA607098","SRS6155886","F7: Fascia-like myofibroblast","integrin_x_actomyosin","ITGA2","CDC42",1724,0.000580046403712297,0.677494199535963,0.000580046403712297,0.000392978073976777,0.00018706832973552,1.47602739726027,0.676616915422886,200,"False","NOT_AVAILABLE"
"PRJNA607098","SRS6155886","F7: Fascia-like myofibroblast","integrin_x_actomyosin","PARVA","CFL1",1724,0.377610208816705,0.916473317865429,0.35092807424594,0.346069680934103,0.00485839331183624,1.01403877189912,0.0497512437810945,200,"False","NOT_AVAILABLE"
"PRJNA607098","SRS6155886","F7: Fascia-like myofibroblast","integrin_x_actomyosin","PARVA","LIMK1",1724,0.377610208816705,0,0,0,0,NA,1,200,"False","NOT_AVAILABLE"
"PRJNA607098","SRS6155886","F7: Fascia-like myofibroblast","integrin_x_actomyosin","PARVA","CNN2",1724,0.377610208816705,0.238399071925754,0.107888631090487,0.0900219233315927,0.0178667077588945,1.19847062912756,0.00497512437810945,200,"False","NOT_AVAILABLE"
"PRJNA607098","SRS6155886","F7: Fascia-like myofibroblast","integrin_x_actomyosin","PARVA","CDC42",1724,0.377610208816705,0.677494199535963,0.279002320185615,0.255828726158882,0.0231735940267332,1.09058245481135,0.00497512437810945,200,"False","NOT_AVAILABLE"
"PRJNA607098","SRS6155886","F7: Fascia-like myofibroblast","integrin_x_actomyosin","ITGA5","CFL1",1724,0.426914153132251,0.916473317865429,0.395591647331787,0.391255430364824,0.00433621696696296,1.01108282883875,0.104477611940299,200,"False","NOT_AVAILABLE"
"PRJNA607098","SRS6155886","F7: Fascia-like myofibroblast","integrin_x_actomyosin","ITGA5","LIMK1",1724,0.426914153132251,0,0,0,0,NA,1,200,"False","NOT_AVAILABLE"
"PRJNA607098","SRS6155886","F7: Fascia-like myofibroblast","integrin_x_actomyosin","ITGA5","CNN2",1724,0.426914153132251,0.238399071925754,0.114849187935035,0.101775937898698,0.013073250036337,1.12845128530625,0.0149253731343284,200,"False","NOT_AVAILABLE"
"PRJNA607098","SRS6155886","F7: Fascia-like myofibroblast","integrin_x_actomyosin","ITGA5","CDC42",1724,0.426914153132251,0.677494199535963,0.304524361948956,0.289231862446908,0.0152924995020483,1.05287280375223,0.0149253731343284,200,"False","NOT_AVAILABLE"
"PRJNA607098","SRS6155886","F7: Fascia-like myofibroblast","integrin_x_actomyosin","FERMT2","CFL1",1724,0.64907192575406,0.916473317865429,0.602668213457077,0.594857101329127,0.00781111212794938,1.01313107317791,0.00497512437810945,200,"False","NOT_AVAILABLE"
"PRJNA607098","SRS6155886","F7: Fascia-like myofibroblast","integrin_x_actomyosin","FERMT2","LIMK1",1724,0.64907192575406,0,0,0,0,NA,1,200,"False","NOT_AVAILABLE"
"PRJNA607098","SRS6155886","F7: Fascia-like myofibroblast","integrin_x_actomyosin","FERMT2","CNN2",1724,0.64907192575406,0.238399071925754,0.175174013921114,0.15473814471283,0.0204358692082838,1.13206743073086,0.00497512437810945,200,"False","NOT_AVAILABLE"
"PRJNA607098","SRS6155886","F7: Fascia-like myofibroblast","integrin_x_actomyosin","FERMT2","CDC42",1724,0.64907192575406,0.677494199535963,0.458816705336427,0.439742464780013,0.0190742405564139,1.04337593497129,0.00497512437810945,200,"False","NOT_AVAILABLE"
"PRJNA607098","SRS6155886","F7: Fascia-like myofibroblast","integrin_x_mechanosensor","ITGAV","PIEZO2",1724,0,0.19953596287703,0,0,0,NA,1,200,"False","NOT_AVAILABLE"
"PRJNA607098","SRS6155886","F7: Fascia-like myofibroblast","integrin_x_mechanosensor","ITGAV","TMEM63B",1724,0,0.00174013921113689,0,0,0,NA,1,200,"False","NOT_AVAILABLE"
"PRJNA607098","SRS6155886","F7: Fascia-like myofibroblast","integrin_x_mechanosensor","ITGAV","PANX1",1724,0,0.0736658932714617,0,0,0,NA,1,200,"False","NOT_AVAILABLE"
"PRJNA607098","SRS6155886","F7: Fascia-like myofibroblast","integrin_x_mechanosensor","ITGB1","PIEZO2",1724,0.888051044083527,0.19953596287703,0.175174013921114,0.177198120165158,-0.00202410624404475,0.988577157352696,0.756218905472637,200,"False","NOT_AVAILABLE"
"PRJNA607098","SRS6155886","F7: Fascia-like myofibroblast","integrin_x_mechanosensor","ITGB1","TMEM63B",1724,0.888051044083527,0.00174013921113689,0.00174013921113689,0.0015453324433008,0.00019480676783609,1.12606139777923,0.736318407960199,200,"False","NOT_AVAILABLE"
"PRJNA607098","SRS6155886","F7: Fascia-like myofibroblast","integrin_x_mechanosensor","ITGB1","PANX1",1724,0.888051044083527,0.0736658932714617,0.0667053364269141,0.0654190734330672,0.00128626299384693,1.01966189562686,0.348258706467662,200,"False","NOT_AVAILABLE"
"PRJNA607098","SRS6155886","F7: Fascia-like myofibroblast","integrin_x_mechanosensor","ITGA2","PIEZO2",1724,0.000580046403712297,0.19953596287703,0,0.000115740117678092,-0.000115740117678092,0,1,200,"False","NOT_AVAILABLE"
"PRJNA607098","SRS6155886","F7: Fascia-like myofibroblast","integrin_x_mechanosensor","ITGA2","TMEM63B",1724,0.000580046403712297,0.00174013921113689,0,1.00936149137871e-06,-1.00936149137871e-06,0,1,200,"False","NOT_AVAILABLE"
"PRJNA607098","SRS6155886","F7: Fascia-like myofibroblast","integrin_x_mechanosensor","ITGA2","PANX1",1724,0.000580046403712297,0.0736658932714617,0,4.27296364683653e-05,-4.27296364683653e-05,0,1,200,"False","NOT_AVAILABLE"
"PRJNA607098","SRS6155886","F7: Fascia-like myofibroblast","integrin_x_mechanosensor","PARVA","PIEZO2",1724,0.377610208816705,0.19953596287703,0.089907192575406,0.0753468166084377,0.0145603759669683,1.19324473975637,0.00995024875621891,200,"False","NOT_AVAILABLE"
"PRJNA607098","SRS6155886","F7: Fascia-like myofibroblast","integrin_x_mechanosensor","PARVA","TMEM63B",1724,0.377610208816705,0.00174013921113689,0.000580046403712297,0.000657094330887538,-7.70479271752413e-05,0.882744495647721,0.756218905472637,200,"False","NOT_AVAILABLE"
"PRJNA607098","SRS6155886","F7: Fascia-like myofibroblast","integrin_x_mechanosensor","PARVA","PANX1",1724,0.377610208816705,0.0736658932714617,0.0330626450116009,0.0278169933409058,0.00524565167069514,1.18857723429733,0.0696517412935323,200,"False","NOT_AVAILABLE"
"PRJNA607098","SRS6155886","F7: Fascia-like myofibroblast","integrin_x_mechanosensor","ITGA5","PIEZO2",1724,0.426914153132251,0.19953596287703,0.10092807424594,0.0851847266110755,0.0157433476348642,1.18481420626896,0.00497512437810945,200,"False","NOT_AVAILABLE"
"PRJNA607098","SRS6155886","F7: Fascia-like myofibroblast","integrin_x_mechanosensor","ITGA5","TMEM63B",1724,0.426914153132251,0.00174013921113689,0.00174013921113689,0.000742890057654728,0.000997249153482162,2.34239130434783,0.104477611940299,200,"False","NOT_AVAILABLE"
"PRJNA607098","SRS6155886","F7: Fascia-like myofibroblast","integrin_x_mechanosensor","ITGA5","PANX1",1724,0.426914153132251,0.0736658932714617,0.0324825986078886,0.0314490124407168,0.00103358616717179,1.03286545703526,0.432835820895522,200,"False","NOT_AVAILABLE"
"PRJNA607098","SRS6155886","F7: Fascia-like myofibroblast","integrin_x_mechanosensor","FERMT2","PIEZO2",1724,0.64907192575406,0.19953596287703,0.129350348027842,0.129513191681785,-0.000162843653942424,0.99874264812852,0.582089552238806,200,"False","NOT_AVAILABLE"
"PRJNA607098","SRS6155886","F7: Fascia-like myofibroblast","integrin_x_mechanosensor","FERMT2","TMEM63B",1724,0.64907192575406,0.00174013921113689,0.00174013921113689,0.00112947550885277,0.000610663702284118,1.54066130473637,0.26865671641791,200,"False","NOT_AVAILABLE"
"PRJNA607098","SRS6155886","F7: Fascia-like myofibroblast","integrin_x_mechanosensor","FERMT2","PANX1",1724,0.64907192575406,0.0736658932714617,0.0516241299303944,0.0478144632081007,0.00380966672229371,1.07967603245305,0.149253731343284,200,"False","NOT_AVAILABLE"
"PRJNA607098","SRS6155886","F7: Fascia-like myofibroblast","integrin_x_hippo","ITGAV","NF2",1724,0,0,0,0,0,NA,1,200,"False","NOT_AVAILABLE"
"PRJNA607098","SRS6155886","F7: Fascia-like myofibroblast","integrin_x_hippo","ITGAV","TEAD1",1724,0,0.161832946635731,0,0,0,NA,1,200,"False","NOT_AVAILABLE"
"PRJNA607098","SRS6155886","F7: Fascia-like myofibroblast","integrin_x_hippo","ITGB1","NF2",1724,0.888051044083527,0,0,0,0,NA,1,200,"False","NOT_AVAILABLE"
"PRJNA607098","SRS6155886","F7: Fascia-like myofibroblast","integrin_x_hippo","ITGB1","TEAD1",1724,0.888051044083527,0.161832946635731,0.147331786542923,0.143715917226974,0.00361586931594898,1.02515983883844,0.159203980099502,200,"False","NOT_AVAILABLE"
"PRJNA607098","SRS6155886","F7: Fascia-like myofibroblast","integrin_x_hippo","ITGA2","NF2",1724,0.000580046403712297,0,0,0,0,NA,1,200,"False","NOT_AVAILABLE"
"PRJNA607098","SRS6155886","F7: Fascia-like myofibroblast","integrin_x_hippo","ITGA2","TEAD1",1724,0.000580046403712297,0.161832946635731,0,9.38706186982198e-05,-9.38706186982198e-05,0,1,200,"False","NOT_AVAILABLE"
"PRJNA607098","SRS6155886","F7: Fascia-like myofibroblast","integrin_x_hippo","PARVA","NF2",1724,0.377610208816705,0,0,0,0,NA,1,200,"False","NOT_AVAILABLE"
"PRJNA607098","SRS6155886","F7: Fascia-like myofibroblast","integrin_x_hippo","PARVA","TEAD1",1724,0.377610208816705,0.161832946635731,0.0661252900232019,0.0611097727725411,0.00501551725066079,1.08207389789076,0.134328358208955,200,"False","NOT_AVAILABLE"
"PRJNA607098","SRS6155886","F7: Fascia-like myofibroblast","integrin_x_hippo","ITGA5","NF2",1724,0.426914153132251,0,0,0,0,NA,1,200,"False","NOT_AVAILABLE"
"PRJNA607098","SRS6155886","F7: Fascia-like myofibroblast","integrin_x_hippo","ITGA5","TEAD1",1724,0.426914153132251,0.161832946635731,0.0875870069605569,0.0690887753618897,0.0184982315986671,1.26774583138538,0.00497512437810945,200,"False","NOT_AVAILABLE"
"PRJNA607098","SRS6155886","F7: Fascia-like myofibroblast","integrin_x_hippo","FERMT2","NF2",1724,0.64907192575406,0,0,0,0,NA,1,200,"False","NOT_AVAILABLE"
"PRJNA607098","SRS6155886","F7: Fascia-like myofibroblast","integrin_x_hippo","FERMT2","TEAD1",1724,0.64907192575406,0.161832946635731,0.115429234338747,0.105041222323308,0.0103880120154392,1.09889462237469,0.00497512437810945,200,"False","NOT_AVAILABLE"
"PRJNA607098","SRS6155887","F7: Fascia-like myofibroblast","integrin_x_actomyosin","ITGAV","CFL1",2275,0,0.847032967032967,0,0,0,NA,1,200,"False","NOT_AVAILABLE"
"PRJNA607098","SRS6155887","F7: Fascia-like myofibroblast","integrin_x_actomyosin","ITGAV","LIMK1",2275,0,0.0808791208791209,0,0,0,NA,1,200,"False","NOT_AVAILABLE"
"PRJNA607098","SRS6155887","F7: Fascia-like myofibroblast","integrin_x_actomyosin","ITGAV","CNN2",2275,0,0.214945054945055,0,0,0,NA,1,200,"False","NOT_AVAILABLE"
"PRJNA607098","SRS6155887","F7: Fascia-like myofibroblast","integrin_x_actomyosin","ITGAV","CDC42",2275,0,0.617582417582418,0,0,0,NA,1,200,"False","NOT_AVAILABLE"
"PRJNA607098","SRS6155887","F7: Fascia-like myofibroblast","integrin_x_actomyosin","ITGB1","CFL1",2275,0.865934065934066,0.847032967032967,0.747252747252747,0.733474701123053,0.0137780461296945,1.01878462353043,0.00497512437810945,200,"False","NOT_AVAILABLE"
"PRJNA607098","SRS6155887","F7: Fascia-like myofibroblast","integrin_x_actomyosin","ITGB1","LIMK1",2275,0.865934065934066,0.0808791208791209,0.0773626373626374,0.07003598599203,0.00732665137060741,1.10461266828515,0.00497512437810945,200,"False","NOT_AVAILABLE"
"PRJNA607098","SRS6155887","F7: Fascia-like myofibroblast","integrin_x_actomyosin","ITGB1","CNN2",2275,0.865934065934066,0.214945054945055,0.195164835164835,0.186128245380993,0.00903658978384253,1.04855034100464,0.00497512437810945,200,"False","NOT_AVAILABLE"
"PRJNA607098","SRS6155887","F7: Fascia-like myofibroblast","integrin_x_actomyosin","ITGB1","CDC42",2275,0.865934065934066,0.617582417582418,0.555604395604396,0.534785653906533,0.0208187416978625,1.03892913272034,0.00497512437810945,200,"False","NOT_AVAILABLE"
"PRJNA607098","SRS6155887","F7: Fascia-like myofibroblast","integrin_x_actomyosin","ITGA2","CFL1",2275,0.0158241758241758,0.847032967032967,0.0140659340659341,0.013403598599203,0.00066233546673107,1.04941474946664,0.308457711442786,200,"False","NOT_AVAILABLE"
"PRJNA607098","SRS6155887","F7: Fascia-like myofibroblast","integrin_x_actomyosin","ITGA2","LIMK1",2275,0.0158241758241758,0.0808791208791209,0.00263736263736264,0.00127984542929598,0.00135751720806666,2.0606884057971,0.0497512437810945,200,"False","NOT_AVAILABLE"
"PRJNA607098","SRS6155887","F7: Fascia-like myofibroblast","integrin_x_actomyosin","ITGA2","CNN2",2275,0.0158241758241758,0.214945054945055,0.00351648351648352,0.00340132834198768,0.000115155174495834,1.0338559418314,0.497512437810945,200,"False","NOT_AVAILABLE"
"PRJNA607098","SRS6155887","F7: Fascia-like myofibroblast","integrin_x_actomyosin","ITGA2","CDC42",2275,0.0158241758241758,0.617582417582418,0.0114285714285714,0.00977273276174375,0.00165583866682768,1.16943455911427,0.124378109452736,200,"False","NOT_AVAILABLE"
"PRJNA607098","SRS6155887","F7: Fascia-like myofibroblast","integrin_x_actomyosin","PARVA","CFL1",2275,0.334505494505494,0.847032967032967,0.29978021978022,0.283337181499819,0.0164430382804009,1.05803346455753,0.00497512437810945,200,"False","NOT_AVAILABLE"
"PRJNA607098","SRS6155887","F7: Fascia-like myofibroblast","integrin_x_actomyosin","PARVA","LIMK1",2275,0.334505494505494,0.0808791208791209,0.0373626373626374,0.02705451032484,0.0103081270377974,1.38101325487059,0.00497512437810945,200,"False","NOT_AVAILABLE"
"PRJNA607098","SRS6155887","F7: Fascia-like myofibroblast","integrin_x_actomyosin","PARVA","CNN2",2275,0.334505494505494,0.214945054945055,0.0918681318681319,0.0719003018959063,0.0199678299722256,1.27771552338033,0.00497512437810945,200,"False","NOT_AVAILABLE"
"PRJNA607098","SRS6155887","F7: Fascia-like myofibroblast","integrin_x_actomyosin","PARVA","CDC42",2275,0.334505494505494,0.617582417582418,0.236043956043956,0.206584711991305,0.0294592440526506,1.14260127852002,0.00497512437810945,200,"False","NOT_AVAILABLE"
"PRJNA607098","SRS6155887","F7: Fascia-like myofibroblast","integrin_x_actomyosin","ITGA5","CFL1",2275,0.408351648351648,0.847032967032967,0.356043956043956,0.345887308296099,0.0101566477478566,1.02936403708448,0.00995024875621891,200,"False","NOT_AVAILABLE"
"PRJNA607098","SRS6155887","F7: Fascia-like myofibroblast","integrin_x_actomyosin","ITGA5","LIMK1",2275,0.408351648351648,0.0808791208791209,0.0364835164835165,0.0330271223282212,0.00345639415529525,1.10465320353817,0.144278606965174,200,"False","NOT_AVAILABLE"
"PRJNA607098","SRS6155887","F7: Fascia-like myofibroblast","integrin_x_actomyosin","ITGA5","CNN2",2275,0.408351648351648,0.214945054945055,0.100659340659341,0.0877731674918488,0.0128861731674919,1.14681221534689,0.00995024875621891,200,"False","NOT_AVAILABLE"
"PRJNA607098","SRS6155887","F7: Fascia-like myofibroblast","integrin_x_actomyosin","ITGA5","CDC42",2275,0.408351648351648,0.617582417582418,0.269450549450549,0.252190798212776,0.0172597512377732,1.06843925853001,0.00497512437810945,200,"False","NOT_AVAILABLE"
"PRJNA607098","SRS6155887","F7: Fascia-like myofibroblast","integrin_x_actomyosin","FERMT2","CFL1",2275,0.589450549450549,0.847032967032967,0.521758241758242,0.499284047820312,0.0224741939379302,1.04501284196049,0.00497512437810945,200,"False","NOT_AVAILABLE"
"PRJNA607098","SRS6155887","F7: Fascia-like myofibroblast","integrin_x_actomyosin","FERMT2","LIMK1",2275,0.589450549450549,0.0808791208791209,0.0523076923076923,0.0476742422412752,0.00463345006641709,1.09718979995461,0.0796019900497512,200,"False","NOT_AVAILABLE"
"PRJNA607098","SRS6155887","F7: Fascia-like myofibroblast","integrin_x_actomyosin","FERMT2","CNN2",2275,0.589450549450549,0.214945054945055,0.14989010989011,0.126699480739041,0.0231906291510687,1.18303649719634,0.00497512437810945,200,"False","NOT_AVAILABLE"
"PRJNA607098","SRS6155887","F7: Fascia-like myofibroblast","integrin_x_actomyosin","FERMT2","CDC42",2275,0.589450549450549,0.617582417582418,0.398681318681319,0.364034295374955,0.0346470233063639,1.09517516274305,0.00497512437810945,200,"False","NOT_AVAILABLE"
"PRJNA607098","SRS6155887","F7: Fascia-like myofibroblast","integrin_x_mechanosensor","ITGAV","PIEZO2",2275,0,0.181098901098901,0,0,0,NA,1,200,"False","NOT_AVAILABLE"
"PRJNA607098","SRS6155887","F7: Fascia-like myofibroblast","integrin_x_mechanosensor","ITGAV","TMEM63B",2275,0,0.0676923076923077,0,0,0,NA,1,200,"False","NOT_AVAILABLE"
"PRJNA607098","SRS6155887","F7: Fascia-like myofibroblast","integrin_x_mechanosensor","ITGAV","PANX1",2275,0,0.069010989010989,0,0,0,NA,1,200,"False","NOT_AVAILABLE"
"PRJNA607098","SRS6155887","F7: Fascia-like myofibroblast","integrin_x_mechanosensor","ITGB1","PIEZO2",2275,0.865934065934066,0.181098901098901,0.154725274725275,0.156819707764763,-0.00209443303948798,0.986644325070228,0.845771144278607,200,"False","NOT_AVAILABLE"
"PRJNA607098","SRS6155887","F7: Fascia-like myofibroblast","integrin_x_mechanosensor","ITGB1","TMEM63B",2275,0.865934065934066,0.0676923076923077,0.0641758241758242,0.0586170752324598,0.00555874894336433,1.09483156437471,0.00497512437810945,200,"False","NOT_AVAILABLE"
"PRJNA607098","SRS6155887","F7: Fascia-like myofibroblast","integrin_x_mechanosensor","ITGB1","PANX1",2275,0.865934065934066,0.069010989010989,0.0650549450549451,0.0597589663084169,0.00529597874652819,1.08862232855896,0.00497512437810945,200,"False","NOT_AVAILABLE"
"PRJNA607098","SRS6155887","F7: Fascia-like myofibroblast","integrin_x_mechanosensor","ITGA2","PIEZO2",2275,0.0158241758241758,0.181098901098901,0.0043956043956044,0.00286574085255404,0.00152986354305036,1.53384573894283,0.139303482587065,200,"False","NOT_AVAILABLE"
"PRJNA607098","SRS6155887","F7: Fascia-like myofibroblast","integrin_x_mechanosensor","ITGA2","TMEM63B",2275,0.0158241758241758,0.0676923076923077,0.00043956043956044,0.00107117497886729,-0.000631614539306847,0.410353535353535,0.920398009950249,200,"False","NOT_AVAILABLE"
"PRJNA607098","SRS6155887","F7: Fascia-like myofibroblast","integrin_x_mechanosensor","ITGA2","PANX1",2275,0.0158241758241758,0.069010989010989,0.00131868131868132,0.00109204202391016,0.000226639294771163,1.20753715498938,0.487562189054726,200,"False","NOT_AVAILABLE"
"PRJNA607098","SRS6155887","F7: Fascia-like myofibroblast","integrin_x_mechanosensor","PARVA","PIEZO2",2275,0.334505494505494,0.181098901098901,0.076043956043956,0.0605785774664895,0.0154653785774665,1.25529451539237,0.00497512437810945,200,"False","NOT_AVAILABLE"
"PRJNA607098","SRS6155887","F7: Fascia-like myofibroblast","integrin_x_mechanosensor","PARVA","TMEM63B",2275,0.334505494505494,0.0676923076923077,0.0272527472527473,0.0226434488588335,0.00460929839391378,1.20355990921037,0.0447761194029851,200,"False","NOT_AVAILABLE"
"PRJNA607098","SRS6155887","F7: Fascia-like myofibroblast","integrin_x_mechanosensor","PARVA","PANX1",2275,0.334505494505494,0.069010989010989,0.0285714285714286,0.0230845550054341,0.00548687356599445,1.23768591444378,0.0248756218905473,200,"False","NOT_AVAILABLE"
"PRJNA607098","SRS6155887","F7: Fascia-like myofibroblast","integrin_x_mechanosensor","ITGA5","PIEZO2",2275,0.408351648351648,0.181098901098901,0.0830769230769231,0.0739520347784084,0.00912488829851468,1.12338927963046,0.00497512437810945,200,"False","NOT_AVAILABLE"
"PRJNA607098","SRS6155887","F7: Fascia-like myofibroblast","integrin_x_mechanosensor","ITGA5","TMEM63B",2275,0.408351648351648,0.0676923076923077,0.0338461538461538,0.0276422654268808,0.00620388841927303,1.22443487621098,0.0149253731343284,200,"False","NOT_AVAILABLE"
"PRJNA607098","SRS6155887","F7: Fascia-like myofibroblast","integrin_x_mechanosensor","ITGA5","PANX1",2275,0.408351648351648,0.069010989010989,0.0316483516483516,0.0281807511170149,0.00346760053133679,1.12304854888141,0.124378109452736,200,"False","NOT_AVAILABLE"
"PRJNA607098","SRS6155887","F7: Fascia-like myofibroblast","integrin_x_mechanosensor","FERMT2","PIEZO2",2275,0.589450549450549,0.181098901098901,0.10989010989011,0.106748846757638,0.00314126313247193,1.02942667043143,0.238805970149254,200,"False","NOT_AVAILABLE"
"PRJNA607098","SRS6155887","F7: Fascia-like myofibroblast","integrin_x_mechanosensor","FERMT2","TMEM63B",2275,0.589450549450549,0.0676923076923077,0.0518681318681319,0.0399012679628064,0.0119668639053254,1.29991187038167,0.00497512437810945,200,"False","NOT_AVAILABLE"
"PRJNA607098","SRS6155887","F7: Fascia-like myofibroblast","integrin_x_mechanosensor","FERMT2","PANX1",2275,0.589450549450549,0.069010989010989,0.0474725274725275,0.0406785653906533,0.00679396208187417,1.16701577394947,0.0149253731343284,200,"False","NOT_AVAILABLE"
"PRJNA607098","SRS6155887","F7: Fascia-like myofibroblast","integrin_x_hippo","ITGAV","NF2",2275,0,0.11032967032967,0,0,0,NA,1,200,"False","NOT_AVAILABLE"
"PRJNA607098","SRS6155887","F7: Fascia-like myofibroblast","integrin_x_hippo","ITGAV","TEAD1",2275,0,0.14989010989011,0,0,0,NA,1,200,"False","NOT_AVAILABLE"
"PRJNA607098","SRS6155887","F7: Fascia-like myofibroblast","integrin_x_hippo","ITGB1","NF2",2275,0.865934065934066,0.11032967032967,0.101538461538462,0.0955382200217365,0.00600024151672504,1.0628046190871,0.00497512437810945,200,"False","NOT_AVAILABLE"
"PRJNA607098","SRS6155887","F7: Fascia-like myofibroblast","integrin_x_hippo","ITGB1","TEAD1",2275,0.865934065934066,0.14989010989011,0.136703296703297,0.129794952300447,0.00690834440284988,1.05322506214925,0.00497512437810945,200,"False","NOT_AVAILABLE"
"PRJNA607098","SRS6155887","F7: Fascia-like myofibroblast","integrin_x_hippo","ITGA2","NF2",2275,0.0158241758241758,0.11032967032967,0.00175824175824176,0.00174587610192006,1.23656563217004e-05,1.00708277999115,0.532338308457711,200,"False","NOT_AVAILABLE"
"PRJNA607098","SRS6155887","F7: Fascia-like myofibroblast","integrin_x_hippo","ITGA2","TEAD1",2275,0.0158241758241758,0.14989010989011,0.00483516483516484,0.00237188745320613,0.0024632773819587,2.03853046594982,0.00497512437810945,200,"False","NOT_AVAILABLE"
"PRJNA607098","SRS6155887","F7: Fascia-like myofibroblast","integrin_x_hippo","PARVA","NF2",2275,0.334505494505494,0.11032967032967,0.0448351648351648,0.0369058809322546,0.00792928390291028,1.21485150069891,0.0149253731343284,200,"False","NOT_AVAILABLE"
"PRJNA607098","SRS6155887","F7: Fascia-like myofibroblast","integrin_x_hippo","PARVA","TEAD1",2275,0.334505494505494,0.14989010989011,0.061978021978022,0.0501390653302741,0.0118389566477479,1.23612240415259,0.00995024875621891,200,"False","NOT_AVAILABLE"
"PRJNA607098","SRS6155887","F7: Fascia-like myofibroblast","integrin_x_hippo","ITGA5","NF2",2275,0.408351648351648,0.11032967032967,0.0505494505494506,0.0450533027412148,0.00549614780823573,1.12199211764353,0.0597014925373134,200,"False","NOT_AVAILABLE"
"PRJNA607098","SRS6155887","F7: Fascia-like myofibroblast","integrin_x_hippo","ITGA5","TEAD1",2275,0.408351648351648,0.14989010989011,0.0738461538461539,0.0612078734452361,0.0126382804009178,1.2064812856507,0.00497512437810945,200,"False","NOT_AVAILABLE"
"PRJNA607098","SRS6155887","F7: Fascia-like myofibroblast","integrin_x_hippo","FERMT2","NF2",2275,0.589450549450549,0.11032967032967,0.0725274725274725,0.0650338847965222,0.00749358773095038,1.11522589730563,0.00995024875621891,200,"False","NOT_AVAILABLE"
"PRJNA607098","SRS6155887","F7: Fascia-like myofibroblast","integrin_x_hippo","FERMT2","TEAD1",2275,0.589450549450549,0.14989010989011,0.102857142857143,0.0883528076319285,0.0145043352252143,1.16416382924285,0.00497512437810945,200,"False","NOT_AVAILABLE"
"PRJNA607098","SRS6155888","F7: Fascia-like myofibroblast","integrin_x_actomyosin","ITGAV","CFL1",698,0,0.938395415472779,0,0,0,NA,1,200,"False","NOT_AVAILABLE"
"PRJNA607098","SRS6155888","F7: Fascia-like myofibroblast","integrin_x_actomyosin","ITGAV","LIMK1",698,0,0.163323782234957,0,0,0,NA,1,200,"False","NOT_AVAILABLE"
"PRJNA607098","SRS6155888","F7: Fascia-like myofibroblast","integrin_x_actomyosin","ITGAV","CNN2",698,0,0.462750716332378,0,0,0,NA,1,200,"False","NOT_AVAILABLE"
"PRJNA607098","SRS6155888","F7: Fascia-like myofibroblast","integrin_x_actomyosin","ITGAV","CDC42",698,0,0.679083094555874,0,0,0,NA,1,200,"False","NOT_AVAILABLE"
"PRJNA607098","SRS6155888","F7: Fascia-like myofibroblast","integrin_x_actomyosin","ITGB1","CFL1",698,0.863896848137536,0.938395415472779,0.836676217765043,0.810676841733648,0.0259993760313955,1.03207119618194,0.00497512437810945,200,"False","NOT_AVAILABLE"
"PRJNA607098","SRS6155888","F7: Fascia-like myofibroblast","integrin_x_actomyosin","ITGB1","LIMK1",698,0.863896848137536,0.163323782234957,0.156160458452722,0.141094900698681,0.0150655577540414,1.1067760612144,0.00497512437810945,200,"False","NOT_AVAILABLE"
"PRJNA607098","SRS6155888","F7: Fascia-like myofibroblast","integrin_x_actomyosin","ITGB1","CNN2",698,0.863896848137536,0.462750716332378,0.429799426934097,0.399768885312928,0.0300305416211689,1.0751197572509,0.00497512437810945,200,"False","NOT_AVAILABLE"
"PRJNA607098","SRS6155888","F7: Fascia-like myofibroblast","integrin_x_actomyosin","ITGB1","CDC42",698,0.863896848137536,0.679083094555874,0.620343839541547,0.586657745010304,0.0336860945312436,1.0574203525271,0.00497512437810945,200,"False","NOT_AVAILABLE"
"PRJNA607098","SRS6155888","F7: Fascia-like myofibroblast","integrin_x_actomyosin","ITGA2","CFL1",698,0.0229226361031519,0.938395415472779,0.0229226361031519,0.0215104966297485,0.00141213947340334,1.06564885496183,0.398009950248756,200,"False","NOT_AVAILABLE"
"PRJNA607098","SRS6155888","F7: Fascia-like myofibroblast","integrin_x_actomyosin","ITGA2","LIMK1",698,0.0229226361031519,0.163323782234957,0.00573065902578797,0.00374381162716234,0.00198684739862563,1.53070175438596,0.218905472636816,200,"False","NOT_AVAILABLE"
"PRJNA607098","SRS6155888","F7: Fascia-like myofibroblast","integrin_x_actomyosin","ITGA2","CNN2",698,0.0229226361031519,0.462750716332378,0.00716332378223496,0.01060746627696,-0.003444142494725,0.67530959752322,0.935323383084577,200,"False","NOT_AVAILABLE"
"PRJNA607098","SRS6155888","F7: Fascia-like myofibroblast","integrin_x_actomyosin","ITGA2","CDC42",698,0.0229226361031519,0.679083094555874,0.0100286532951289,0.0155663746603066,-0.00553772136517762,0.644251054852321,1,200,"False","NOT_AVAILABLE"
"PRJNA607098","SRS6155888","F7: Fascia-like myofibroblast","integrin_x_actomyosin","PARVA","CFL1",698,0.508595988538682,0.938395415472779,0.497134670487106,0.477264143972545,0.0198705265145607,1.04163423287819,0.00497512437810945,200,"False","NOT_AVAILABLE"
"PRJNA607098","SRS6155888","F7: Fascia-like myofibroblast","integrin_x_actomyosin","PARVA","LIMK1",698,0.508595988538682,0.163323782234957,0.0988538681948424,0.0830658204776644,0.015788047717178,1.19006671608599,0.0348258706467662,200,"False","NOT_AVAILABLE"
"PRJNA607098","SRS6155888","F7: Fascia-like myofibroblast","integrin_x_actomyosin","PARVA","CNN2",698,0.508595988538682,0.462750716332378,0.269340974212034,0.235353158020049,0.0339878161919853,1.14441198273231,0.00497512437810945,200,"False","NOT_AVAILABLE"
"PRJNA607098","SRS6155888","F7: Fascia-like myofibroblast","integrin_x_actomyosin","PARVA","CDC42",698,0.508595988538682,0.679083094555874,0.405444126074499,0.345378937775552,0.0600651882989467,1.17391097640697,0.00497512437810945,200,"False","NOT_AVAILABLE"
"PRJNA607098","SRS6155888","F7: Fascia-like myofibroblast","integrin_x_actomyosin","ITGA5","CFL1",698,0.565902578796562,0.938395415472779,0.555873925501433,0.531040385546917,0.0248335399545159,1.04676393854479,0.00497512437810945,200,"False","NOT_AVAILABLE"
"PRJNA607098","SRS6155888","F7: Fascia-like myofibroblast","integrin_x_actomyosin","ITGA5","LIMK1",698,0.565902578796562,0.163323782234957,0.113180515759312,0.0924253495455702,0.0207551662137421,1.22456140350877,0.00497512437810945,200,"False","NOT_AVAILABLE"
"PRJNA607098","SRS6155888","F7: Fascia-like myofibroblast","integrin_x_actomyosin","ITGA5","CNN2",698,0.565902578796562,0.462750716332378,0.303724928366762,0.261871823712449,0.0418531046543131,1.15982286318925,0.00497512437810945,200,"False","NOT_AVAILABLE"
"PRJNA607098","SRS6155888","F7: Fascia-like myofibroblast","integrin_x_actomyosin","ITGA5","CDC42",698,0.565902578796562,0.679083094555874,0.42836676217765,0.384294874426318,0.0440718877513321,1.11468247609892,0.00497512437810945,200,"False","NOT_AVAILABLE"
"PRJNA607098","SRS6155888","F7: Fascia-like myofibroblast","integrin_x_actomyosin","FERMT2","CFL1",698,0.785100286532951,0.938395415472779,0.752148997134671,0.736734509568887,0.0154144875657837,1.02092271688862,0.00497512437810945,200,"False","NOT_AVAILABLE"
"PRJNA607098","SRS6155888","F7: Fascia-like myofibroblast","integrin_x_actomyosin","FERMT2","LIMK1",698,0.785100286532951,0.163323782234957,0.140401146131805,0.12822554823031,0.0121755979014951,1.09495453963376,0.0199004975124378,200,"False","NOT_AVAILABLE"
"PRJNA607098","SRS6155888","F7: Fascia-like myofibroblast","integrin_x_actomyosin","FERMT2","CNN2",698,0.785100286532951,0.462750716332378,0.396848137535817,0.363305719985879,0.033542417549938,1.09232559716165,0.00497512437810945,200,"False","NOT_AVAILABLE"
"PRJNA607098","SRS6155888","F7: Fascia-like myofibroblast","integrin_x_actomyosin","FERMT2","CDC42",698,0.785100286532951,0.679083094555874,0.564469914040115,0.5331483321155,0.0313215819246148,1.05874834457483,0.00497512437810945,200,"False","NOT_AVAILABLE"
"PRJNA607098","SRS6155888","F7: Fascia-like myofibroblast","integrin_x_mechanosensor","ITGAV","PIEZO2",698,0,0.249283667621777,0,0,0,NA,1,200,"False","NOT_AVAILABLE"
"PRJNA607098","SRS6155888","F7: Fascia-like myofibroblast","integrin_x_mechanosensor","ITGAV","TMEM63B",698,0,0.220630372492837,0,0,0,NA,1,200,"False","NOT_AVAILABLE"
"PRJNA607098","SRS6155888","F7: Fascia-like myofibroblast","integrin_x_mechanosensor","ITGAV","PANX1",698,0,0.120343839541547,0,0,0,NA,1,200,"False","NOT_AVAILABLE"
"PRJNA607098","SRS6155888","F7: Fascia-like myofibroblast","integrin_x_mechanosensor","ITGB1","PIEZO2",698,0.863896848137536,0.249283667621777,0.207736389684814,0.215355374750618,-0.00761898506580405,0.964621337755666,0.90547263681592,200,"False","NOT_AVAILABLE"
"PRJNA607098","SRS6155888","F7: Fascia-like myofibroblast","integrin_x_mechanosensor","ITGB1","TMEM63B",698,0.863896848137536,0.220630372492837,0.20487106017192,0.190601883399972,0.0142691767719477,1.07486377635631,0.0149253731343284,200,"False","NOT_AVAILABLE"
"PRJNA607098","SRS6155888","F7: Fascia-like myofibroblast","integrin_x_mechanosensor","ITGB1","PANX1",698,0.863896848137536,0.120343839541547,0.108882521489971,0.103964663672712,0.00491785781725931,1.04730316670615,0.169154228855721,200,"False","NOT_AVAILABLE"
"PRJNA607098","SRS6155888","F7: Fascia-like myofibroblast","integrin_x_mechanosensor","ITGA2","PIEZO2",698,0.0229226361031519,0.249283667621777,0.00716332378223496,0.00571423879935304,0.00144908498288191,1.25359195402299,0.353233830845771,200,"False","NOT_AVAILABLE"
"PRJNA607098","SRS6155888","F7: Fascia-like myofibroblast","integrin_x_mechanosensor","ITGA2","TMEM63B",698,0.0229226361031519,0.220630372492837,0.00573065902578797,0.00505742974195614,0.000673229283831824,1.13311688311688,0.472636815920398,200,"False","NOT_AVAILABLE"
"PRJNA607098","SRS6155888","F7: Fascia-like myofibroblast","integrin_x_mechanosensor","ITGA2","PANX1",698,0.0229226361031519,0.120343839541547,0.00573065902578797,0.00275859804106699,0.00297206098472098,2.07738095238095,0.114427860696517,200,"False","NOT_AVAILABLE"
"PRJNA607098","SRS6155888","F7: Fascia-like myofibroblast","integrin_x_mechanosensor","PARVA","PIEZO2",698,0.508595988538682,0.249283667621777,0.136103151862464,0.126784673360646,0.00931847850181855,1.07349846203659,0.144278606965174,200,"False","NOT_AVAILABLE"
"PRJNA607098","SRS6155888","F7: Fascia-like myofibroblast","integrin_x_mechanosensor","PARVA","TMEM63B",698,0.508595988538682,0.220630372492837,0.13323782234957,0.112211722399652,0.0210260999499183,1.18737881836473,0.00497512437810945,200,"False","NOT_AVAILABLE"
"PRJNA607098","SRS6155888","F7: Fascia-like myofibroblast","integrin_x_mechanosensor","PARVA","PANX1",698,0.508595988538682,0.120343839541547,0.0759312320916905,0.0612063940361738,0.0147248380555168,1.24057679409792,0.00995024875621891,200,"False","NOT_AVAILABLE"
"PRJNA607098","SRS6155888","F7: Fascia-like myofibroblast","integrin_x_mechanosensor","ITGA5","PIEZO2",698,0.565902578796562,0.249283667621777,0.153295128939828,0.141070270359028,0.0122248585807998,1.08665793685436,0.054726368159204,200,"False","NOT_AVAILABLE"
"PRJNA607098","SRS6155888","F7: Fascia-like myofibroblast","integrin_x_mechanosensor","ITGA5","TMEM63B",698,0.565902578796562,0.220630372492837,0.153295128939828,0.124855296754542,0.0284398321852858,1.22778234423804,0.00497512437810945,200,"False","NOT_AVAILABLE"
"PRJNA607098","SRS6155888","F7: Fascia-like myofibroblast","integrin_x_mechanosensor","ITGA5","PANX1",698,0.565902578796562,0.120343839541547,0.0787965616045845,0.0681028891388412,0.0106936724657433,1.15702230259192,0.0348258706467662,200,"False","NOT_AVAILABLE"
"PRJNA607098","SRS6155888","F7: Fascia-like myofibroblast","integrin_x_mechanosensor","FERMT2","PIEZO2",698,0.785100286532951,0.249283667621777,0.186246418338109,0.195712678877842,-0.00946626053973285,0.951631848309422,0.960199004975124,200,"False","NOT_AVAILABLE"
"PRJNA607098","SRS6155888","F7: Fascia-like myofibroblast","integrin_x_mechanosensor","FERMT2","TMEM63B",698,0.785100286532951,0.220630372492837,0.181948424068768,0.173216968661998,0.00873145540677006,1.0504076215755,0.0945273631840796,200,"False","NOT_AVAILABLE"
"PRJNA607098","SRS6155888","F7: Fascia-like myofibroblast","integrin_x_mechanosensor","FERMT2","PANX1",698,0.785100286532951,0.120343839541547,0.107449856733524,0.0944819829065443,0.0129678738269801,1.13725234619395,0.0149253731343284,200,"False","NOT_AVAILABLE"
"PRJNA607098","SRS6155888","F7: Fascia-like myofibroblast","integrin_x_hippo","ITGAV","NF2",698,0,0.173352435530086,0,0,0,NA,1,200,"False","NOT_AVAILABLE"
"PRJNA607098","SRS6155888","F7: Fascia-like myofibroblast","integrin_x_hippo","ITGAV","TEAD1",698,0,0.206303724928367,0,0,0,NA,1,200,"False","NOT_AVAILABLE"
"PRJNA607098","SRS6155888","F7: Fascia-like myofibroblast","integrin_x_hippo","ITGB1","NF2",698,0.863896848137536,0.173352435530086,0.163323782234957,0.149758622671407,0.0135651595635504,1.09058015706591,0.00995024875621891,200,"False","NOT_AVAILABLE"
"PRJNA607098","SRS6155888","F7: Fascia-like myofibroblast","integrin_x_hippo","ITGB1","TEAD1",698,0.863896848137536,0.206303724928367,0.186246418338109,0.178225137724649,0.00802128061345964,1.0450064492353,0.104477611940299,200,"False","NOT_AVAILABLE"
"PRJNA607098","SRS6155888","F7: Fascia-like myofibroblast","integrin_x_hippo","ITGA2","NF2",698,0.0229226361031519,0.173352435530086,0.00429799426934097,0.00397369479725125,0.000324299472089721,1.08161157024793,0.512437810945274,200,"False","NOT_AVAILABLE"
"PRJNA607098","SRS6155888","F7: Fascia-like myofibroblast","integrin_x_hippo","ITGA2","TEAD1",698,0.0229226361031519,0.206303724928367,0.00429799426934097,0.00472902521325769,-0.000431030943916716,0.908854166666667,0.676616915422886,200,"False","NOT_AVAILABLE"
"PRJNA607098","SRS6155888","F7: Fascia-like myofibroblast","integrin_x_hippo","PARVA","NF2",698,0.508595988538682,0.173352435530086,0.113180515759312,0.0881663533140122,0.0250141624453001,1.28371551623792,0.00995024875621891,200,"False","NOT_AVAILABLE"
"PRJNA607098","SRS6155888","F7: Fascia-like myofibroblast","integrin_x_hippo","PARVA","TEAD1",698,0.508595988538682,0.206303724928367,0.131805157593123,0.104925246919155,0.0268799106739682,1.25618153364632,0.00497512437810945,200,"False","NOT_AVAILABLE"
"PRJNA607098","SRS6155888","F7: Fascia-like myofibroblast","integrin_x_hippo","ITGA5","NF2",698,0.565902578796562,0.173352435530086,0.130372492836676,0.0981005903071403,0.0322719025295359,1.32896746521603,0.00497512437810945,200,"False","NOT_AVAILABLE"
"PRJNA607098","SRS6155888","F7: Fascia-like myofibroblast","integrin_x_hippo","ITGA5","TEAD1",698,0.565902578796562,0.206303724928367,0.144699140401146,0.116747809952299,0.0279513304488469,1.23941631504923,0.00497512437810945,200,"False","NOT_AVAILABLE"
"PRJNA607098","SRS6155888","F7: Fascia-like myofibroblast","integrin_x_hippo","FERMT2","NF2",698,0.785100286532951,0.173352435530086,0.153295128939828,0.136099046805855,0.0171960821339726,1.12634976171804,0.00497512437810945,200,"False","NOT_AVAILABLE"
"PRJNA607098","SRS6155888","F7: Fascia-like myofibroblast","integrin_x_hippo","FERMT2","TEAD1",698,0.785100286532951,0.206303724928367,0.177650429799427,0.161969113554076,0.015681316245351,1.09681670721817,0.00995024875621891,200,"False","NOT_AVAILABLE"
"PRJNA607098","SRS6155889","F7: Fascia-like myofibroblast","integrin_x_actomyosin","ITGAV","CFL1",9008,0,0.885324156305506,0,0,0,NA,1,200,"False","NOT_AVAILABLE"
"PRJNA607098","SRS6155889","F7: Fascia-like myofibroblast","integrin_x_actomyosin","ITGAV","LIMK1",9008,0,0.170293072824156,0,0,0,NA,1,200,"False","NOT_AVAILABLE"
"PRJNA607098","SRS6155889","F7: Fascia-like myofibroblast","integrin_x_actomyosin","ITGAV","CNN2",9008,0,0.295515097690941,0,0,0,NA,1,200,"False","NOT_AVAILABLE"
"PRJNA607098","SRS6155889","F7: Fascia-like myofibroblast","integrin_x_actomyosin","ITGAV","CDC42",9008,0,0.632992895204263,0,0,0,NA,1,200,"False","NOT_AVAILABLE"
"PRJNA607098","SRS6155889","F7: Fascia-like myofibroblast","integrin_x_actomyosin","ITGB1","CFL1",9008,0.896647424511545,0.885324156305506,0.82604351687389,0.793823624609189,0.0322198922647009,1.04058822547712,0.00497512437810945,200,"False","NOT_AVAILABLE"
"PRJNA607098","SRS6155889","F7: Fascia-like myofibroblast","integrin_x_actomyosin","ITGB1","LIMK1",9008,0.896647424511545,0.170293072824156,0.158969804618117,0.152692845159937,0.00627695945818044,1.04110840590864,0.00497512437810945,200,"False","NOT_AVAILABLE"
"PRJNA607098","SRS6155889","F7: Fascia-like myofibroblast","integrin_x_actomyosin","ITGB1","CNN2",9008,0.896647424511545,0.295515097690941,0.28496891651865,0.26497285124886,0.0199960652697898,1.07546458127897,0.00497512437810945,200,"False","NOT_AVAILABLE"
"PRJNA607098","SRS6155889","F7: Fascia-like myofibroblast","integrin_x_actomyosin","ITGB1","CDC42",9008,0.896647424511545,0.632992895204263,0.600022202486678,0.567571449219009,0.0324507532676697,1.05717474568589,0.00497512437810945,200,"False","NOT_AVAILABLE"
"PRJNA607098","SRS6155889","F7: Fascia-like myofibroblast","integrin_x_actomyosin","ITGA2","CFL1",9008,0.029196269982238,0.885324156305506,0.0279751332149201,0.0258481630892926,0.00212697012562743,1.08228709012241,0.00497512437810945,200,"False","NOT_AVAILABLE"
"PRJNA607098","SRS6155889","F7: Fascia-like myofibroblast","integrin_x_actomyosin","ITGA2","LIMK1",9008,0.029196269982238,0.170293072824156,0.00510657193605684,0.00497192253027899,0.000134649405777852,1.02708195973647,0.45771144278607,200,"False","NOT_AVAILABLE"
"PRJNA607098","SRS6155889","F7: Fascia-like myofibroblast","integrin_x_actomyosin","ITGA2","CNN2",9008,0.029196269982238,0.295515097690941,0.0103241563055062,0.00862793857601216,0.00169621772949405,1.19659594404276,0.0248756218905473,200,"False","NOT_AVAILABLE"
"PRJNA607098","SRS6155889","F7: Fascia-like myofibroblast","integrin_x_actomyosin","ITGA2","CDC42",9008,0.029196269982238,0.632992895204263,0.0197602131438721,0.0184810314652222,0.00127918167864996,1.06921592450384,0.0845771144278607,200,"False","NOT_AVAILABLE"
"PRJNA607098","SRS6155889","F7: Fascia-like myofibroblast","integrin_x_actomyosin","PARVA","CFL1",9008,0.482904085257549,0.885324156305506,0.455817051509769,0.427526651857122,0.0282903996526474,1.06617224804526,0.00497512437810945,200,"False","NOT_AVAILABLE"
"PRJNA607098","SRS6155889","F7: Fascia-like myofibroblast","integrin_x_actomyosin","PARVA","LIMK1",9008,0.482904085257549,0.170293072824156,0.0903641207815275,0.0822352205578464,0.00812890022368117,1.0988493758336,0.00497512437810945,200,"False","NOT_AVAILABLE"
"PRJNA607098","SRS6155889","F7: Fascia-like myofibroblast","integrin_x_actomyosin","PARVA","CNN2",9008,0.482904085257549,0.295515097690941,0.178619005328597,0.142705447930239,0.0359135573983576,1.25166213287045,0.00497512437810945,200,"False","NOT_AVAILABLE"
"PRJNA607098","SRS6155889","F7: Fascia-like myofibroblast","integrin_x_actomyosin","PARVA","CDC42",9008,0.482904085257549,0.632992895204263,0.352908525754885,0.305674855033142,0.0472336707217426,1.15452259138758,0.00497512437810945,200,"False","NOT_AVAILABLE"
"PRJNA607098","SRS6155889","F7: Fascia-like myofibroblast","integrin_x_actomyosin","ITGA5","CFL1",9008,0.503663410301954,0.885324156305506,0.461922735346359,0.445905383787531,0.0160173515588276,1.03592096471851,0.00497512437810945,200,"False","NOT_AVAILABLE"
"PRJNA607098","SRS6155889","F7: Fascia-like myofibroblast","integrin_x_actomyosin","ITGA5","LIMK1",9008,0.503663410301954,0.170293072824156,0.0942495559502664,0.0857703898094136,0.00847916614085288,1.09885889710533,0.00497512437810945,200,"False","NOT_AVAILABLE"
"PRJNA607098","SRS6155889","F7: Fascia-like myofibroblast","integrin_x_actomyosin","ITGA5","CNN2",9008,0.503663410301954,0.295515097690941,0.169182948490231,0.148840141898735,0.0203428065914963,1.13667553881625,0.00497512437810945,200,"False","NOT_AVAILABLE"
"PRJNA607098","SRS6155889","F7: Fascia-like myofibroblast","integrin_x_actomyosin","ITGA5","CDC42",9008,0.503663410301954,0.632992895204263,0.343028419182948,0.318815360295486,0.0242130588874622,1.0759469646162,0.00497512437810945,200,"False","NOT_AVAILABLE"
"PRJNA607098","SRS6155889","F7: Fascia-like myofibroblast","integrin_x_actomyosin","FERMT2","CFL1",9008,0.635546181172291,0.885324156305506,0.591807282415631,0.562664386639545,0.0291428957760853,1.05179445592805,0.00497512437810945,200,"False","NOT_AVAILABLE"
"PRJNA607098","SRS6155889","F7: Fascia-like myofibroblast","integrin_x_actomyosin","FERMT2","LIMK1",9008,0.635546181172291,0.170293072824156,0.11933836589698,0.108229112113487,0.011109253783493,1.10264570748621,0.00497512437810945,200,"False","NOT_AVAILABLE"
"PRJNA607098","SRS6155889","F7: Fascia-like myofibroblast","integrin_x_actomyosin","FERMT2","CNN2",9008,0.635546181172291,0.295515097690941,0.219915630550622,0.187813491816234,0.0321021387343873,1.17092562639641,0.00497512437810945,200,"False","NOT_AVAILABLE"
"PRJNA607098","SRS6155889","F7: Fascia-like myofibroblast","integrin_x_actomyosin","FERMT2","CDC42",9008,0.635546181172291,0.632992895204263,0.446936056838366,0.402296217256262,0.0446398395821043,1.11096261328669,0.00497512437810945,200,"False","NOT_AVAILABLE"
"PRJNA607098","SRS6155889","F7: Fascia-like myofibroblast","integrin_x_mechanosensor","ITGAV","PIEZO2",9008,0,0.249000888099467,0,0,0,NA,1,200,"False","NOT_AVAILABLE"
"PRJNA607098","SRS6155889","F7: Fascia-like myofibroblast","integrin_x_mechanosensor","ITGAV","TMEM63B",9008,0,0.223468028419183,0,0,0,NA,1,200,"False","NOT_AVAILABLE"
"PRJNA607098","SRS6155889","F7: Fascia-like myofibroblast","integrin_x_mechanosensor","ITGAV","PANX1",9008,0,0.120781527531083,0,0,0,NA,1,200,"False","NOT_AVAILABLE"
"PRJNA607098","SRS6155889","F7: Fascia-like myofibroblast","integrin_x_mechanosensor","ITGB1","PIEZO2",9008,0.896647424511545,0.249000888099467,0.229240674955595,0.223266005015475,0.00597466994012033,1.02676032089931,0.00497512437810945,200,"False","NOT_AVAILABLE"
"PRJNA607098","SRS6155889","F7: Fascia-like myofibroblast","integrin_x_mechanosensor","ITGB1","TMEM63B",9008,0.896647424511545,0.223468028419183,0.20936944937833,0.200372032142733,0.00899741723559719,1.04490355834285,0.00497512437810945,200,"False","NOT_AVAILABLE"
"PRJNA607098","SRS6155889","F7: Fascia-like myofibroblast","integrin_x_mechanosensor","ITGB1","PANX1",9008,0.896647424511545,0.120781527531083,0.113898756660746,0.108298445589316,0.00560031107142969,1.05171183243633,0.00497512437810945,200,"False","NOT_AVAILABLE"
"PRJNA607098","SRS6155889","F7: Fascia-like myofibroblast","integrin_x_mechanosensor","ITGA2","PIEZO2",9008,0.029196269982238,0.249000888099467,0.00932504440497336,0.00726989715476908,0.00205514725020428,1.28269275430617,0.0149253731343284,200,"False","NOT_AVAILABLE"
"PRJNA607098","SRS6155889","F7: Fascia-like myofibroblast","integrin_x_mechanosensor","ITGA2","TMEM63B",9008,0.029196269982238,0.223468028419183,0.00754884547069272,0.0065244328901249,0.00102441258056782,1.15701174306173,0.0646766169154229,200,"False","NOT_AVAILABLE"
"PRJNA607098","SRS6155889","F7: Fascia-like myofibroblast","integrin_x_mechanosensor","ITGA2","PANX1",9008,0.029196269982238,0.120781527531083,0.00477353463587922,0.00352637008666463,0.00124716454921459,1.35366808320286,0.0149253731343284,200,"False","NOT_AVAILABLE"
"PRJNA607098","SRS6155889","F7: Fascia-like myofibroblast","integrin_x_mechanosensor","PARVA","PIEZO2",9008,0.482904085257549,0.249000888099467,0.135213143872114,0.12024354609599,0.0149695977761232,1.12449398127508,0.00497512437810945,200,"False","NOT_AVAILABLE"
"PRJNA607098","SRS6155889","F7: Fascia-like myofibroblast","integrin_x_mechanosensor","PARVA","TMEM63B",9008,0.482904085257549,0.223468028419183,0.126221136767318,0.107913623848073,0.0183075129192445,1.16964969080288,0.00497512437810945,200,"False","NOT_AVAILABLE"
"PRJNA607098","SRS6155889","F7: Fascia-like myofibroblast","integrin_x_mechanosensor","PARVA","PANX1",9008,0.482904085257549,0.120781527531083,0.0714920071047957,0.0583258930684073,0.0131661140363884,1.22573360378634,0.00497512437810945,200,"False","NOT_AVAILABLE"
"PRJNA607098","SRS6155889","F7: Fascia-like myofibroblast","integrin_x_mechanosensor","ITGA5","PIEZO2",9008,0.503663410301954,0.249000888099467,0.140541740674956,0.125412636468393,0.0151291042065628,1.12063460774446,0.00497512437810945,200,"False","NOT_AVAILABLE"
"PRJNA607098","SRS6155889","F7: Fascia-like myofibroblast","integrin_x_mechanosensor","ITGA5","TMEM63B",9008,0.503663410301954,0.223468028419183,0.124777975133215,0.11255266928706,0.0122253058461553,1.108618533204,0.00497512437810945,200,"False","NOT_AVAILABLE"
"PRJNA607098","SRS6155889","F7: Fascia-like myofibroblast","integrin_x_mechanosensor","ITGA5","PANX1",9008,0.503663410301954,0.120781527531083,0.0677175843694494,0.0608332360577848,0.00688434831166455,1.1131675504674,0.00497512437810945,200,"False","NOT_AVAILABLE"
"PRJNA607098","SRS6155889","F7: Fascia-like myofibroblast","integrin_x_mechanosensor","FERMT2","PIEZO2",9008,0.635546181172291,0.249000888099467,0.169626998223801,0.158251563540125,0.0113754346836757,1.07188197341754,0.00497512437810945,200,"False","NOT_AVAILABLE"
"PRJNA607098","SRS6155889","F7: Fascia-like myofibroblast","integrin_x_mechanosensor","FERMT2","TMEM63B",9008,0.635546181172291,0.223468028419183,0.158192717584369,0.142024252075913,0.0161684655084567,1.11384298999733,0.00497512437810945,200,"False","NOT_AVAILABLE"
"PRJNA607098","SRS6155889","F7: Fascia-like myofibroblast","integrin_x_mechanosensor","FERMT2","PANX1",9008,0.635546181172291,0.120781527531083,0.0920293072824156,0.0767622385785361,0.0152670687038796,1.19888774723863,0.00497512437810945,200,"False","NOT_AVAILABLE"
"PRJNA607098","SRS6155889","F7: Fascia-like myofibroblast","integrin_x_hippo","ITGAV","NF2",9008,0,0.158969804618117,0,0,0,NA,1,200,"False","NOT_AVAILABLE"
"PRJNA607098","SRS6155889","F7: Fascia-like myofibroblast","integrin_x_hippo","ITGAV","TEAD1",9008,0,0.230239786856128,0,0,0,NA,1,200,"False","NOT_AVAILABLE"
"PRJNA607098","SRS6155889","F7: Fascia-like myofibroblast","integrin_x_hippo","ITGB1","NF2",9008,0.896647424511545,0.158969804618117,0.151198934280639,0.142539865885938,0.00865906839470107,1.06074839723527,0.00497512437810945,200,"False","NOT_AVAILABLE"
"PRJNA607098","SRS6155889","F7: Fascia-like myofibroblast","integrin_x_hippo","ITGB1","TEAD1",9008,0.896647424511545,0.230239786856128,0.217917406749556,0.206443911904634,0.0114734948449217,1.05557681376539,0.00497512437810945,200,"False","NOT_AVAILABLE"
"PRJNA607098","SRS6155889","F7: Fascia-like myofibroblast","integrin_x_hippo","ITGA2","NF2",9008,0.029196269982238,0.158969804618117,0.00621669626998224,0.00464132533465418,0.00157537093532806,1.33942264800221,0.00995024875621891,200,"False","NOT_AVAILABLE"
"PRJNA607098","SRS6155889","F7: Fascia-like myofibroblast","integrin_x_hippo","ITGA2","TEAD1",9008,0.029196269982238,0.230239786856128,0.00699378330373002,0.00672214297770444,0.000271640326025574,1.04040978106633,0.358208955223881,200,"False","NOT_AVAILABLE"
"PRJNA607098","SRS6155889","F7: Fascia-like myofibroblast","integrin_x_hippo","PARVA","NF2",9008,0.482904085257549,0.158969804618117,0.0910301953818828,0.0767671680826831,0.0142630272991996,1.18579592885122,0.00497512437810945,200,"False","NOT_AVAILABLE"
"PRJNA607098","SRS6155889","F7: Fascia-like myofibroblast","integrin_x_hippo","PARVA","TEAD1",9008,0.482904085257549,0.230239786856128,0.139209591474245,0.111183733661651,0.0280258578125937,1.25206796794467,0.00497512437810945,200,"False","NOT_AVAILABLE"
"PRJNA607098","SRS6155889","F7: Fascia-like myofibroblast","integrin_x_hippo","ITGA5","NF2",9008,0.503663410301954,0.158969804618117,0.0938055062166963,0.0800672739289962,0.0137382322877001,1.17158361479727,0.00497512437810945,200,"False","NOT_AVAILABLE"
"PRJNA607098","SRS6155889","F7: Fascia-like myofibroblast","integrin_x_hippo","ITGA5","TEAD1",9008,0.503663410301954,0.230239786856128,0.134325044404973,0.115963356235152,0.018361688169821,1.15834043413324,0.00497512437810945,200,"False","NOT_AVAILABLE"
"PRJNA607098","SRS6155889","F7: Fascia-like myofibroblast","integrin_x_hippo","FERMT2","NF2",9008,0.635546181172291,0.158969804618117,0.115563943161634,0.10103265224675,0.0145312909148844,1.14382766948842,0.00497512437810945,200,"False","NOT_AVAILABLE"
"PRJNA607098","SRS6155889","F7: Fascia-like myofibroblast","integrin_x_hippo","FERMT2","TEAD1",9008,0.635546181172291,0.230239786856128,0.16607460035524,0.146328017290334,0.0197465830649054,1.13494738349202,0.00497512437810945,200,"False","NOT_AVAILABLE"
"PRJNA607098","SRS6155890","F7: Fascia-like myofibroblast","integrin_x_actomyosin","ITGAV","CFL1",1172,0,0.939419795221843,0,0,0,NA,1,200,"False","NOT_AVAILABLE"
"PRJNA607098","SRS6155890","F7: Fascia-like myofibroblast","integrin_x_actomyosin","ITGAV","LIMK1",1172,0,0.17320819112628,0,0,0,NA,1,200,"False","NOT_AVAILABLE"
"PRJNA607098","SRS6155890","F7: Fascia-like myofibroblast","integrin_x_actomyosin","ITGAV","CNN2",1172,0,0.270477815699659,0,0,0,NA,1,200,"False","NOT_AVAILABLE"
"PRJNA607098","SRS6155890","F7: Fascia-like myofibroblast","integrin_x_actomyosin","ITGAV","CDC42",1172,0,0.627986348122867,0,0,0,NA,1,200,"False","NOT_AVAILABLE"
"PRJNA607098","SRS6155890","F7: Fascia-like myofibroblast","integrin_x_actomyosin","ITGB1","CFL1",1172,0.866894197952218,0.939419795221843,0.830204778156997,0.814377569919277,0.0158272082377197,1.01943473005929,0.00497512437810945,200,"False","NOT_AVAILABLE"
"PRJNA607098","SRS6155890","F7: Fascia-like myofibroblast","integrin_x_actomyosin","ITGB1","LIMK1",1172,0.866894197952218,0.17320819112628,0.161262798634812,0.150153175925171,0.0111096227096414,1.07398859625305,0.00497512437810945,200,"False","NOT_AVAILABLE"
"PRJNA607098","SRS6155890","F7: Fascia-like myofibroblast","integrin_x_actomyosin","ITGB1","CNN2",1172,0.866894197952218,0.270477815699659,0.249146757679181,0.234475649104824,0.0146711085743572,1.06256986015549,0.00497512437810945,200,"False","NOT_AVAILABLE"
"PRJNA607098","SRS6155890","F7: Fascia-like myofibroblast","integrin_x_actomyosin","ITGB1","CDC42",1172,0.866894197952218,0.627986348122867,0.571672354948805,0.544397721580915,0.02727463336789,1.05010056487504,0.00497512437810945,200,"False","NOT_AVAILABLE"
"PRJNA607098","SRS6155890","F7: Fascia-like myofibroblast","integrin_x_actomyosin","ITGA2","CFL1",1172,0.0119453924914676,0.939419795221843,0.0119453924914676,0.011221738168179,0.000723654323288563,1.06448683015441,0.442786069651741,200,"False","NOT_AVAILABLE"
"PRJNA607098","SRS6155890","F7: Fascia-like myofibroblast","integrin_x_actomyosin","ITGA2","LIMK1",1172,0.0119453924914676,0.17320819112628,0.00341296928327645,0.00206903982574054,0.00134392945753591,1.64954257565095,0.293532338308458,200,"False","NOT_AVAILABLE"
"PRJNA607098","SRS6155890","F7: Fascia-like myofibroblast","integrin_x_actomyosin","ITGA2","CNN2",1172,0.0119453924914676,0.270477815699659,0.00426621160409556,0.00323096366876725,0.00103524793532831,1.3204146011717,0.308457711442786,200,"False","NOT_AVAILABLE"
"PRJNA607098","SRS6155890","F7: Fascia-like myofibroblast","integrin_x_actomyosin","ITGA2","CDC42",1172,0.0119453924914676,0.627986348122867,0.00853242320819113,0.00750154340761104,0.00103087980058009,1.13742236024845,0.407960199004975,200,"False","NOT_AVAILABLE"
"PRJNA607098","SRS6155890","F7: Fascia-like myofibroblast","integrin_x_actomyosin","PARVA","CFL1",1172,0.443686006825939,0.939419795221843,0.433447098976109,0.41680741767522,0.0166396813008888,1.03992174945853,0.00497512437810945,200,"False","NOT_AVAILABLE"
"PRJNA607098","SRS6155890","F7: Fascia-like myofibroblast","integrin_x_actomyosin","PARVA","LIMK1",1172,0.443686006825939,0.17320819112628,0.091296928327645,0.0768500506703631,0.014446877657282,1.18798787419477,0.0149253731343284,200,"False","NOT_AVAILABLE"
"PRJNA607098","SRS6155890","F7: Fascia-like myofibroblast","integrin_x_actomyosin","PARVA","CNN2",1172,0.443686006825939,0.270477815699659,0.14419795221843,0.120007221982784,0.0241907302356463,1.20157728706625,0.00497512437810945,200,"False","NOT_AVAILABLE"
"PRJNA607098","SRS6155890","F7: Fascia-like myofibroblast","integrin_x_actomyosin","PARVA","CDC42",1172,0.443686006825939,0.627986348122867,0.332764505119454,0.278628755139839,0.0541357499796153,1.19429347826087,0.00497512437810945,200,"False","NOT_AVAILABLE"
"PRJNA607098","SRS6155890","F7: Fascia-like myofibroblast","integrin_x_actomyosin","ITGA5","CFL1",1172,0.505972696245734,0.939419795221843,0.483788395904437,0.475320766695011,0.00846762920942579,1.01781455766871,0.0298507462686567,200,"False","NOT_AVAILABLE"
"PRJNA607098","SRS6155890","F7: Fascia-like myofibroblast","integrin_x_actomyosin","ITGA5","LIMK1",1172,0.505972696245734,0.17320819112628,0.108361774744027,0.0876386154760102,0.0207231592680171,1.2364615090672,0.00497512437810945,200,"False","NOT_AVAILABLE"
"PRJNA607098","SRS6155890","F7: Fascia-like myofibroblast","integrin_x_actomyosin","ITGA5","CNN2",1172,0.505972696245734,0.270477815699659,0.161262798634812,0.136854389684213,0.0244084089505993,1.1783531314335,0.00497512437810945,200,"False","NOT_AVAILABLE"
"PRJNA607098","SRS6155890","F7: Fascia-like myofibroblast","integrin_x_actomyosin","ITGA5","CDC42",1172,0.505972696245734,0.627986348122867,0.358361774744027,0.317743945765239,0.0406178289787884,1.12783195248919,0.00497512437810945,200,"False","NOT_AVAILABLE"
"PRJNA607098","SRS6155890","F7: Fascia-like myofibroblast","integrin_x_actomyosin","FERMT2","CFL1",1172,0.800341296928328,0.939419795221843,0.762798634812287,0.751856457267994,0.0109421775442928,1.0145535460107,0.00497512437810945,200,"False","NOT_AVAILABLE"
"PRJNA607098","SRS6155890","F7: Fascia-like myofibroblast","integrin_x_actomyosin","FERMT2","LIMK1",1172,0.800341296928328,0.17320819112628,0.150170648464164,0.138625668324616,0.0115449801395474,1.08328169147227,0.00995024875621891,200,"False","NOT_AVAILABLE"
"PRJNA607098","SRS6155890","F7: Fascia-like myofibroblast","integrin_x_actomyosin","FERMT2","CNN2",1172,0.800341296928328,0.270477815699659,0.229522184300341,0.216474565807406,0.0130476184929352,1.06027321706026,0.0149253731343284,200,"False","NOT_AVAILABLE"
"PRJNA607098","SRS6155890","F7: Fascia-like myofibroblast","integrin_x_actomyosin","FERMT2","CDC42",1172,0.800341296928328,0.627986348122867,0.51962457337884,0.50260340830994,0.0170211650689001,1.03386599610642,0.00497512437810945,200,"False","NOT_AVAILABLE"
"PRJNA607098","SRS6155890","F7: Fascia-like myofibroblast","integrin_x_mechanosensor","ITGAV","PIEZO2",1172,0,0.184300341296928,0,0,0,NA,1,200,"False","NOT_AVAILABLE"
"PRJNA607098","SRS6155890","F7: Fascia-like myofibroblast","integrin_x_mechanosensor","ITGAV","TMEM63B",1172,0,0.196245733788396,0,0,0,NA,1,200,"False","NOT_AVAILABLE"
"PRJNA607098","SRS6155890","F7: Fascia-like myofibroblast","integrin_x_mechanosensor","ITGAV","PANX1",1172,0,0.0895904436860068,0,0,0,NA,1,200,"False","NOT_AVAILABLE"
"PRJNA607098","SRS6155890","F7: Fascia-like myofibroblast","integrin_x_mechanosensor","ITGB1","PIEZO2",1172,0.866894197952218,0.184300341296928,0.167235494880546,0.159768896550921,0.00746659832962526,1.04673374161563,0.0348258706467662,200,"False","NOT_AVAILABLE"
"PRJNA607098","SRS6155890","F7: Fascia-like myofibroblast","integrin_x_mechanosensor","ITGB1","TMEM63B",1172,0.866894197952218,0.196245733788396,0.174914675767918,0.170124287994036,0.00479038777388202,1.02815816501198,0.114427860696517,200,"False","NOT_AVAILABLE"
"PRJNA607098","SRS6155890","F7: Fascia-like myofibroblast","integrin_x_mechanosensor","ITGB1","PANX1",1172,0.866894197952218,0.0895904436860068,0.0853242320819113,0.0776654358233643,0.00765879625854698,1.09861267341582,0.00497512437810945,200,"False","NOT_AVAILABLE"
"PRJNA607098","SRS6155890","F7: Fascia-like myofibroblast","integrin_x_mechanosensor","ITGA2","PIEZO2",1172,0.0119453924914676,0.184300341296928,0.00426621160409556,0.00220153991310324,0.00206467169099232,1.93783068783069,0.114427860696517,200,"False","NOT_AVAILABLE"
"PRJNA607098","SRS6155890","F7: Fascia-like myofibroblast","integrin_x_mechanosensor","ITGA2","TMEM63B",1172,0.0119453924914676,0.196245733788396,0.00426621160409556,0.00234423231487845,0.00192197928921711,1.81987577639752,0.0895522388059701,200,"False","NOT_AVAILABLE"
"PRJNA607098","SRS6155890","F7: Fascia-like myofibroblast","integrin_x_mechanosensor","ITGA2","PANX1",1172,0.0119453924914676,0.0895904436860068,0.00426621160409556,0.00107019301331407,0.00319601859078149,3.98639455782313,0.0199004975124378,200,"False","NOT_AVAILABLE"
"PRJNA607098","SRS6155890","F7: Fascia-like myofibroblast","integrin_x_mechanosensor","PARVA","PIEZO2",1172,0.443686006825939,0.184300341296928,0.0853242320819113,0.0817714824866917,0.00355274959521952,1.04344729344729,0.313432835820896,200,"False","NOT_AVAILABLE"
"PRJNA607098","SRS6155890","F7: Fascia-like myofibroblast","integrin_x_mechanosensor","PARVA","TMEM63B",1172,0.443686006825939,0.196245733788396,0.104095563139932,0.0870714859811996,0.0170240771587322,1.19551839464883,0.00995024875621891,200,"False","NOT_AVAILABLE"
"PRJNA607098","SRS6155890","F7: Fascia-like myofibroblast","integrin_x_mechanosensor","PARVA","PANX1",1172,0.443686006825939,0.0895904436860068,0.0486348122866894,0.0397500262088085,0.00888478607788094,1.22351648351648,0.0199004975124378,200,"False","NOT_AVAILABLE"
"PRJNA607098","SRS6155890","F7: Fascia-like myofibroblast","integrin_x_mechanosensor","ITGA5","PIEZO2",1172,0.505972696245734,0.184300341296928,0.108361774744027,0.0932509406050158,0.0151108341390115,1.16204484416963,0.00497512437810945,200,"False","NOT_AVAILABLE"
"PRJNA607098","SRS6155890","F7: Fascia-like myofibroblast","integrin_x_mechanosensor","ITGA5","TMEM63B",1172,0.505972696245734,0.196245733788396,0.119453924914676,0.0992949830516372,0.0201589418630386,1.2030207493218,0.00497512437810945,200,"False","NOT_AVAILABLE"
"PRJNA607098","SRS6155890","F7: Fascia-like myofibroblast","integrin_x_mechanosensor","ITGA5","PANX1",1172,0.505972696245734,0.0895904436860068,0.0563139931740614,0.0453303183496604,0.010983674824401,1.24230305950373,0.00995024875621891,200,"False","NOT_AVAILABLE"
"PRJNA607098","SRS6155890","F7: Fascia-like myofibroblast","integrin_x_mechanosensor","FERMT2","PIEZO2",1172,0.800341296928328,0.184300341296928,0.15358361774744,0.147503174177917,0.00608044356952325,1.04122245913291,0.0796019900497512,200,"False","NOT_AVAILABLE"
"PRJNA607098","SRS6155890","F7: Fascia-like myofibroblast","integrin_x_mechanosensor","FERMT2","TMEM63B",1172,0.800341296928328,0.196245733788396,0.169795221843003,0.157063565096856,0.0127316567461473,1.08106053583017,0.0149253731343284,200,"False","NOT_AVAILABLE"
"PRJNA607098","SRS6155890","F7: Fascia-like myofibroblast","integrin_x_mechanosensor","FERMT2","PANX1",1172,0.800341296928328,0.0895904436860068,0.0725255972696246,0.071702931892043,0.000822665377581563,1.01147324601482,0.487562189054726,200,"False","NOT_AVAILABLE"
"PRJNA607098","SRS6155890","F7: Fascia-like myofibroblast","integrin_x_hippo","ITGAV","NF2",1172,0,0.145904436860068,0,0,0,NA,1,200,"False","NOT_AVAILABLE"
"PRJNA607098","SRS6155890","F7: Fascia-like myofibroblast","integrin_x_hippo","ITGAV","TEAD1",1172,0,0.161262798634812,0,0,0,NA,1,200,"False","NOT_AVAILABLE"
"PRJNA607098","SRS6155890","F7: Fascia-like myofibroblast","integrin_x_hippo","ITGB1","NF2",1172,0.866894197952218,0.145904436860068,0.135665529010239,0.126483709769479,0.00918181924075992,1.07259289957176,0.0149253731343284,200,"False","NOT_AVAILABLE"
"PRJNA607098","SRS6155890","F7: Fascia-like myofibroblast","integrin_x_hippo","ITGB1","TEAD1",1172,0.866894197952218,0.161262798634812,0.146757679180887,0.139797784482056,0.00695989469883165,1.04978544348623,0.0497512437810945,200,"False","NOT_AVAILABLE"
"PRJNA607098","SRS6155890","F7: Fascia-like myofibroblast","integrin_x_hippo","ITGA2","NF2",1172,0.0119453924914676,0.145904436860068,0.00426621160409556,0.00174288576454006,0.0025233258395555,2.44778613199666,0.0497512437810945,200,"False","NOT_AVAILABLE"
"PRJNA607098","SRS6155890","F7: Fascia-like myofibroblast","integrin_x_hippo","ITGA2","TEAD1",1172,0.0119453924914676,0.161262798634812,0.00255972696245734,0.00192634742396533,0.000633379538492003,1.32879818594104,0.378109452736318,200,"False","NOT_AVAILABLE"
"PRJNA607098","SRS6155890","F7: Fascia-like myofibroblast","integrin_x_hippo","PARVA","NF2",1172,0.443686006825939,0.145904436860068,0.0810580204778157,0.064735756968631,0.0163222635091847,1.25213675213675,0.00497512437810945,200,"False","NOT_AVAILABLE"
"PRJNA607098","SRS6155890","F7: Fascia-like myofibroblast","integrin_x_hippo","PARVA","TEAD1",1172,0.443686006825939,0.161262798634812,0.0844709897610921,0.0715500471758553,0.0129209425852369,1.18058608058608,0.00995024875621891,200,"False","NOT_AVAILABLE"
"PRJNA607098","SRS6155890","F7: Fascia-like myofibroblast","integrin_x_hippo","ITGA5","NF2",1172,0.505972696245734,0.145904436860068,0.0930034129692833,0.0738236613123042,0.0191797516569791,1.25980493673757,0.00497512437810945,200,"False","NOT_AVAILABLE"
"PRJNA607098","SRS6155890","F7: Fascia-like myofibroblast","integrin_x_hippo","ITGA5","TEAD1",1172,0.505972696245734,0.161262798634812,0.098122866894198,0.0815945730293888,0.0165282938648091,1.20256609295395,0.00497512437810945,200,"False","NOT_AVAILABLE"
"PRJNA607098","SRS6155890","F7: Fascia-like myofibroblast","integrin_x_hippo","FERMT2","NF2",1172,0.800341296928328,0.145904436860068,0.126279863481229,0.116773346224184,0.00950651725704434,1.0814099926433,0.0248756218905473,200,"False","NOT_AVAILABLE"
"PRJNA607098","SRS6155890","F7: Fascia-like myofibroblast","integrin_x_hippo","FERMT2","TEAD1",1172,0.800341296928328,0.161262798634812,0.129692832764505,0.129065277405677,0.000627555358827692,1.00486230976636,0.502487562189055,200,"False","NOT_AVAILABLE"
"PRJNA607098","SRS6155891","F7: Fascia-like myofibroblast","integrin_x_actomyosin","ITGAV","CFL1",34,0,0.941176470588235,0,0,0,NA,1,200,"False","NOT_AVAILABLE"
"PRJNA607098","SRS6155891","F7: Fascia-like myofibroblast","integrin_x_actomyosin","ITGAV","LIMK1",34,0,0.205882352941176,0,0,0,NA,1,200,"False","NOT_AVAILABLE"
"PRJNA607098","SRS6155891","F7: Fascia-like myofibroblast","integrin_x_actomyosin","ITGAV","CNN2",34,0,0.470588235294118,0,0,0,NA,1,200,"False","NOT_AVAILABLE"
"PRJNA607098","SRS6155891","F7: Fascia-like myofibroblast","integrin_x_actomyosin","ITGAV","CDC42",34,0,0.794117647058823,0,0,0,NA,1,200,"False","NOT_AVAILABLE"
"PRJNA607098","SRS6155891","F7: Fascia-like myofibroblast","integrin_x_actomyosin","ITGB1","CFL1",34,0.941176470588235,0.941176470588235,0.882352941176471,0.885813148788927,-0.0034602076124568,0.99609375,1,200,"False","NOT_AVAILABLE"
"PRJNA607098","SRS6155891","F7: Fascia-like myofibroblast","integrin_x_actomyosin","ITGB1","LIMK1",34,0.941176470588235,0.205882352941176,0.205882352941176,0.193771626297578,0.0121107266435986,1.0625,0.592039800995025,200,"False","NOT_AVAILABLE"
"PRJNA607098","SRS6155891","F7: Fascia-like myofibroblast","integrin_x_actomyosin","ITGB1","CNN2",34,0.941176470588235,0.470588235294118,0.470588235294118,0.442906574394464,0.027681660899654,1.0625,0.313432835820896,200,"False","NOT_AVAILABLE"
"PRJNA607098","SRS6155891","F7: Fascia-like myofibroblast","integrin_x_actomyosin","ITGB1","CDC42",34,0.941176470588235,0.794117647058823,0.764705882352941,0.747404844290657,0.0173010380622838,1.02314814814815,0.338308457711443,200,"False","NOT_AVAILABLE"
"PRJNA607098","SRS6155891","F7: Fascia-like myofibroblast","integrin_x_actomyosin","ITGA2","CFL1",34,0.0588235294117647,0.941176470588235,0.0588235294117647,0.055363321799308,0.00346020761245674,1.0625,0.875621890547264,200,"False","NOT_AVAILABLE"
"PRJNA607098","SRS6155891","F7: Fascia-like myofibroblast","integrin_x_actomyosin","ITGA2","LIMK1",34,0.0588235294117647,0.205882352941176,0,0.0121107266435986,-0.0121107266435986,0,1,200,"False","NOT_AVAILABLE"
"PRJNA607098","SRS6155891","F7: Fascia-like myofibroblast","integrin_x_actomyosin","ITGA2","CNN2",34,0.0588235294117647,0.470588235294118,0.0294117647058824,0.027681660899654,0.00173010380622837,1.0625,0.721393034825871,200,"False","NOT_AVAILABLE"
"PRJNA607098","SRS6155891","F7: Fascia-like myofibroblast","integrin_x_actomyosin","ITGA2","CDC42",34,0.0588235294117647,0.794117647058823,0.0588235294117647,0.0467128027681661,0.0121107266435986,1.25925925925926,0.557213930348259,200,"False","NOT_AVAILABLE"
"PRJNA607098","SRS6155891","F7: Fascia-like myofibroblast","integrin_x_actomyosin","PARVA","CFL1",34,0.5,0.941176470588235,0.470588235294118,0.470588235294118,0,1,0.751243781094527,200,"False","NOT_AVAILABLE"
"PRJNA607098","SRS6155891","F7: Fascia-like myofibroblast","integrin_x_actomyosin","PARVA","LIMK1",34,0.5,0.205882352941176,0.147058823529412,0.102941176470588,0.0441176470588235,1.42857142857143,0.159203980099502,200,"False","NOT_AVAILABLE"
"PRJNA607098","SRS6155891","F7: Fascia-like myofibroblast","integrin_x_actomyosin","PARVA","CNN2",34,0.5,0.470588235294118,0.352941176470588,0.235294117647059,0.117647058823529,1.5,0.00995024875621891,200,"False","NOT_AVAILABLE"
"PRJNA607098","SRS6155891","F7: Fascia-like myofibroblast","integrin_x_actomyosin","PARVA","CDC42",34,0.5,0.794117647058823,0.411764705882353,0.397058823529412,0.0147058823529412,1.03703703703704,0.557213930348259,200,"False","NOT_AVAILABLE"
"PRJNA607098","SRS6155891","F7: Fascia-like myofibroblast","integrin_x_actomyosin","ITGA5","CFL1",34,0.529411764705882,0.941176470588235,0.529411764705882,0.498269896193772,0.0311418685121107,1.0625,0.213930348258706,200,"False","NOT_AVAILABLE"
"PRJNA607098","SRS6155891","F7: Fascia-like myofibroblast","integrin_x_actomyosin","ITGA5","LIMK1",34,0.529411764705882,0.205882352941176,0.176470588235294,0.108996539792388,0.0674740484429066,1.61904761904762,0.0796019900497512,200,"False","NOT_AVAILABLE"
"PRJNA607098","SRS6155891","F7: Fascia-like myofibroblast","integrin_x_actomyosin","ITGA5","CNN2",34,0.529411764705882,0.470588235294118,0.352941176470588,0.249134948096886,0.103806228373702,1.41666666666667,0.0398009950248756,200,"False","NOT_AVAILABLE"
"PRJNA607098","SRS6155891","F7: Fascia-like myofibroblast","integrin_x_actomyosin","ITGA5","CDC42",34,0.529411764705882,0.794117647058823,0.470588235294118,0.420415224913495,0.0501730103806229,1.11934156378601,0.199004975124378,200,"False","NOT_AVAILABLE"
"PRJNA607098","SRS6155891","F7: Fascia-like myofibroblast","integrin_x_actomyosin","FERMT2","CFL1",34,0.764705882352941,0.941176470588235,0.735294117647059,0.719723183391003,0.0155709342560555,1.02163461538462,0.417910447761194,200,"False","NOT_AVAILABLE"
"PRJNA607098","SRS6155891","F7: Fascia-like myofibroblast","integrin_x_actomyosin","FERMT2","LIMK1",34,0.764705882352941,0.205882352941176,0.176470588235294,0.157439446366782,0.0190311418685121,1.12087912087912,0.487562189054726,200,"False","NOT_AVAILABLE"
"PRJNA607098","SRS6155891","F7: Fascia-like myofibroblast","integrin_x_actomyosin","FERMT2","CNN2",34,0.764705882352941,0.470588235294118,0.382352941176471,0.359861591695502,0.0224913494809689,1.0625,0.437810945273632,200,"False","NOT_AVAILABLE"
"PRJNA607098","SRS6155891","F7: Fascia-like myofibroblast","integrin_x_actomyosin","FERMT2","CDC42",34,0.764705882352941,0.794117647058823,0.617647058823529,0.607266435986159,0.0103806228373703,1.01709401709402,0.592039800995025,200,"False","NOT_AVAILABLE"
"PRJNA607098","SRS6155891","F7: Fascia-like myofibroblast","integrin_x_mechanosensor","ITGAV","PIEZO2",34,0,0.264705882352941,0,0,0,NA,1,200,"False","NOT_AVAILABLE"
"PRJNA607098","SRS6155891","F7: Fascia-like myofibroblast","integrin_x_mechanosensor","ITGAV","TMEM63B",34,0,0.147058823529412,0,0,0,NA,1,200,"False","NOT_AVAILABLE"
"PRJNA607098","SRS6155891","F7: Fascia-like myofibroblast","integrin_x_mechanosensor","ITGAV","PANX1",34,0,0.264705882352941,0,0,0,NA,1,200,"False","NOT_AVAILABLE"
"PRJNA607098","SRS6155891","F7: Fascia-like myofibroblast","integrin_x_mechanosensor","ITGB1","PIEZO2",34,0.941176470588235,0.264705882352941,0.264705882352941,0.249134948096886,0.0155709342560554,1.0625,0.477611940298507,200,"False","NOT_AVAILABLE"
"PRJNA607098","SRS6155891","F7: Fascia-like myofibroblast","integrin_x_mechanosensor","ITGB1","TMEM63B",34,0.941176470588235,0.147058823529412,0.117647058823529,0.13840830449827,-0.0207612456747405,0.85,0.980099502487562,200,"False","NOT_AVAILABLE"
"PRJNA607098","SRS6155891","F7: Fascia-like myofibroblast","integrin_x_mechanosensor","ITGB1","PANX1",34,0.941176470588235,0.264705882352941,0.264705882352941,0.249134948096886,0.0155709342560554,1.0625,0.507462686567164,200,"False","NOT_AVAILABLE"
"PRJNA607098","SRS6155891","F7: Fascia-like myofibroblast","integrin_x_mechanosensor","ITGA2","PIEZO2",34,0.0588235294117647,0.264705882352941,0.0294117647058824,0.0155709342560554,0.013840830449827,1.88888888888889,0.437810945273632,200,"False","NOT_AVAILABLE"
"PRJNA607098","SRS6155891","F7: Fascia-like myofibroblast","integrin_x_mechanosensor","ITGA2","TMEM63B",34,0.0588235294117647,0.147058823529412,0.0294117647058824,0.00865051903114187,0.0207612456747405,3.4,0.303482587064677,200,"False","NOT_AVAILABLE"
"PRJNA607098","SRS6155891","F7: Fascia-like myofibroblast","integrin_x_mechanosensor","ITGA2","PANX1",34,0.0588235294117647,0.264705882352941,0.0294117647058824,0.0155709342560554,0.013840830449827,1.88888888888889,0.45273631840796,200,"False","NOT_AVAILABLE"
"PRJNA607098","SRS6155891","F7: Fascia-like myofibroblast","integrin_x_mechanosensor","PARVA","PIEZO2",34,0.5,0.264705882352941,0.205882352941176,0.132352941176471,0.0735294117647059,1.55555555555556,0.0895522388059701,200,"False","NOT_AVAILABLE"
"PRJNA607098","SRS6155891","F7: Fascia-like myofibroblast","integrin_x_mechanosensor","PARVA","TMEM63B",34,0.5,0.147058823529412,0.0882352941176471,0.0735294117647059,0.0147058823529412,1.2,0.517412935323383,200,"False","NOT_AVAILABLE"
"PRJNA607098","SRS6155891","F7: Fascia-like myofibroblast","integrin_x_mechanosensor","PARVA","PANX1",34,0.5,0.264705882352941,0.264705882352941,0.132352941176471,0.132352941176471,2,0.00497512437810945,200,"False","NOT_AVAILABLE"
"PRJNA607098","SRS6155891","F7: Fascia-like myofibroblast","integrin_x_mechanosensor","ITGA5","PIEZO2",34,0.529411764705882,0.264705882352941,0.235294117647059,0.140138408304498,0.0951557093425605,1.67901234567901,0.0149253731343284,200,"False","NOT_AVAILABLE"
"PRJNA607098","SRS6155891","F7: Fascia-like myofibroblast","integrin_x_mechanosensor","ITGA5","TMEM63B",34,0.529411764705882,0.147058823529412,0.0882352941176471,0.0778546712802768,0.0103806228373702,1.13333333333333,0.552238805970149,200,"False","NOT_AVAILABLE"
"PRJNA607098","SRS6155891","F7: Fascia-like myofibroblast","integrin_x_mechanosensor","ITGA5","PANX1",34,0.529411764705882,0.264705882352941,0.205882352941176,0.140138408304498,0.0657439446366782,1.46913580246914,0.0895522388059701,200,"False","NOT_AVAILABLE"
"PRJNA607098","SRS6155891","F7: Fascia-like myofibroblast","integrin_x_mechanosensor","FERMT2","PIEZO2",34,0.764705882352941,0.264705882352941,0.205882352941176,0.20242214532872,0.00346020761245672,1.01709401709402,0.616915422885572,200,"False","NOT_AVAILABLE"
"PRJNA607098","SRS6155891","F7: Fascia-like myofibroblast","integrin_x_mechanosensor","FERMT2","TMEM63B",34,0.764705882352941,0.147058823529412,0.0882352941176471,0.112456747404844,-0.0242214532871972,0.784615384615385,0.925373134328358,200,"False","NOT_AVAILABLE"
"PRJNA607098","SRS6155891","F7: Fascia-like myofibroblast","integrin_x_mechanosensor","FERMT2","PANX1",34,0.764705882352941,0.264705882352941,0.264705882352941,0.20242214532872,0.0622837370242214,1.30769230769231,0.0646766169154229,200,"False","NOT_AVAILABLE"
"PRJNA607098","SRS6155891","F7: Fascia-like myofibroblast","integrin_x_hippo","ITGAV","NF2",34,0,0.235294117647059,0,0,0,NA,1,200,"False","NOT_AVAILABLE"
"PRJNA607098","SRS6155891","F7: Fascia-like myofibroblast","integrin_x_hippo","ITGAV","TEAD1",34,0,0.411764705882353,0,0,0,NA,1,200,"False","NOT_AVAILABLE"
"PRJNA607098","SRS6155891","F7: Fascia-like myofibroblast","integrin_x_hippo","ITGB1","NF2",34,0.941176470588235,0.235294117647059,0.235294117647059,0.221453287197232,0.013840830449827,1.0625,0.54726368159204,200,"False","NOT_AVAILABLE"
"PRJNA607098","SRS6155891","F7: Fascia-like myofibroblast","integrin_x_hippo","ITGB1","TEAD1",34,0.941176470588235,0.411764705882353,0.411764705882353,0.387543252595156,0.0242214532871972,1.0625,0.333333333333333,200,"False","NOT_AVAILABLE"
"PRJNA607098","SRS6155891","F7: Fascia-like myofibroblast","integrin_x_hippo","ITGA2","NF2",34,0.0588235294117647,0.235294117647059,0.0294117647058824,0.013840830449827,0.0155709342560554,2.125,0.398009950248756,200,"False","NOT_AVAILABLE"
"PRJNA607098","SRS6155891","F7: Fascia-like myofibroblast","integrin_x_hippo","ITGA2","TEAD1",34,0.0588235294117647,0.411764705882353,0,0.0242214532871972,-0.0242214532871972,0,1,200,"False","NOT_AVAILABLE"
"PRJNA607098","SRS6155891","F7: Fascia-like myofibroblast","integrin_x_hippo","PARVA","NF2",34,0.5,0.235294117647059,0.0882352941176471,0.117647058823529,-0.0294117647058823,0.75,0.91044776119403,200,"False","NOT_AVAILABLE"
"PRJNA607098","SRS6155891","F7: Fascia-like myofibroblast","integrin_x_hippo","PARVA","TEAD1",34,0.5,0.411764705882353,0.294117647058824,0.205882352941176,0.0882352941176471,1.42857142857143,0.0348258706467662,200,"False","NOT_AVAILABLE"
"PRJNA607098","SRS6155891","F7: Fascia-like myofibroblast","integrin_x_hippo","ITGA5","NF2",34,0.529411764705882,0.235294117647059,0.147058823529412,0.124567474048443,0.0224913494809689,1.18055555555556,0.407960199004975,200,"False","NOT_AVAILABLE"
"PRJNA607098","SRS6155891","F7: Fascia-like myofibroblast","integrin_x_hippo","ITGA5","TEAD1",34,0.529411764705882,0.411764705882353,0.294117647058824,0.217993079584775,0.0761245674740485,1.34920634920635,0.124378109452736,200,"False","NOT_AVAILABLE"
"PRJNA607098","SRS6155891","F7: Fascia-like myofibroblast","integrin_x_hippo","FERMT2","NF2",34,0.764705882352941,0.235294117647059,0.147058823529412,0.179930795847751,-0.0328719723183391,0.817307692307692,0.920398009950249,200,"False","NOT_AVAILABLE"
"PRJNA607098","SRS6155891","F7: Fascia-like myofibroblast","integrin_x_hippo","FERMT2","TEAD1",34,0.764705882352941,0.411764705882353,0.352941176470588,0.314878892733564,0.0380622837370242,1.12087912087912,0.253731343283582,200,"False","NOT_AVAILABLE"
"GSE130973","S1","candidate_fibroblast_state","integrin_x_actomyosin","ITGAV","CFL1",1042,0.187140115163148,0.850287907869482,0.161228406909789,0.164304705647042,-0.00307629873725337,0.981276867724885,0.830845771144279,200,"TRUE","metadata_library_proxy"
"GSE130973","S1","candidate_fibroblast_state","integrin_x_actomyosin","ITGB1","CFL1",1042,0.604606525911708,0.850287907869482,0.522072936660269,0.521873721981021,0.000199214679247772,1.00038172966152,0.527363184079602,200,"TRUE","metadata_library_proxy"
"GSE130973","S1","candidate_fibroblast_state","integrin_x_actomyosin","ITGA2","CFL1",1042,0.00671785028790787,0.850287907869482,0.00671785028790787,0.00603303459300458,0.000684815694903288,1.11351098428929,0.467661691542289,200,"TRUE","metadata_library_proxy"
"GSE130973","S1","candidate_fibroblast_state","integrin_x_actomyosin","PARVA","CFL1",1042,0.157389635316699,0.850287907869482,0.141074856046065,0.138967959536429,0.00210689650963633,1.01516102356734,0.313432835820896,200,"TRUE","metadata_library_proxy"
"GSE130973","S1","candidate_fibroblast_state","integrin_x_actomyosin","ITGA5","CFL1",1042,0.206333973128599,0.850287907869482,0.177543186180422,0.18046057797795,-0.00291739179752748,0.983833633748619,0.845771144278607,200,"TRUE","metadata_library_proxy"
"GSE130973","S1","candidate_fibroblast_state","integrin_x_actomyosin","FERMT2","CFL1",1042,0.281190019193858,0.850287907869482,0.241842610364683,0.246548378849976,-0.00470576848529233,0.980913407310799,0.895522388059702,200,"TRUE","metadata_library_proxy"
"GSE130973","S1","candidate_fibroblast_state","integrin_x_actomyosin","ITGAV","LIMK1",1042,0.187140115163148,0.0249520153550864,0.00863723608445298,0.00533090408761367,0.0033063319968393,1.62021974931448,0.114427860696517,200,"TRUE","metadata_library_proxy"
"GSE130973","S1","candidate_fibroblast_state","integrin_x_actomyosin","ITGB1","LIMK1",1042,0.604606525911708,0.0249520153550864,0.0124760076775432,0.0160487993007186,-0.00357279162317541,0.777379506327589,0.950248756218905,200,"TRUE","metadata_library_proxy"
"GSE130973","S1","candidate_fibroblast_state","integrin_x_actomyosin","ITGA2","LIMK1",1042,0.00671785028790787,0.0249520153550864,0,0.000207167015763056,-0.000207167015763056,0,1,200,"TRUE","metadata_library_proxy"
"GSE130973","S1","candidate_fibroblast_state","integrin_x_actomyosin","PARVA","LIMK1",1042,0.157389635316699,0.0249520153550864,0.00575815738963532,0.00448634882535331,0.001271808564282,1.28348410116814,0.318407960199005,200,"TRUE","metadata_library_proxy"
"GSE130973","S1","candidate_fibroblast_state","integrin_x_actomyosin","ITGA5","LIMK1",1042,0.206333973128599,0.0249520153550864,0.00767754318618042,0.00573889162689122,0.0019386515592892,1.33780940385859,0.203980099502488,200,"TRUE","metadata_library_proxy"
"GSE130973","S1","candidate_fibroblast_state","integrin_x_actomyosin","FERMT2","LIMK1",1042,0.281190019193858,0.0249520153550864,0.00863723608445298,0.00787573215206101,0.000761503932391966,1.09668992262423,0.388059701492537,200,"TRUE","metadata_library_proxy"
"GSE130973","S1","candidate_fibroblast_state","integrin_x_actomyosin","ITGAV","CNN2",1042,0.187140115163148,0.177543186180422,0.0335892514395393,0.0396174875025257,-0.00602823606298639,0.847839011431453,0.915422885572139,200,"TRUE","metadata_library_proxy"
"GSE130973","S1","candidate_fibroblast_state","integrin_x_actomyosin","ITGB1","CNN2",1042,0.604606525911708,0.177543186180422,0.111324376199616,0.116059047042212,-0.00473467084259567,0.959204637955767,0.840796019900497,200,"TRUE","metadata_library_proxy"
"GSE130973","S1","candidate_fibroblast_state","integrin_x_actomyosin","ITGA2","CNN2",1042,0.00671785028790787,0.177543186180422,0.000959692898272553,0.00152214902641934,-0.000562456128146792,0.630485505437075,0.870646766169154,200,"TRUE","metadata_library_proxy"
"GSE130973","S1","candidate_fibroblast_state","integrin_x_actomyosin","PARVA","CNN2",1042,0.157389635316699,0.177543186180422,0.0355086372360845,0.0340164099460752,0.00149222729000928,1.04386786531485,0.402985074626866,200,"TRUE","metadata_library_proxy"
"GSE130973","S1","candidate_fibroblast_state","integrin_x_actomyosin","ITGA5","CNN2",1042,0.206333973128599,0.177543186180422,0.0556621880998081,0.0423046959840185,0.0133574921157895,1.31574490266602,0.00497512437810945,200,"TRUE","metadata_library_proxy"
"GSE130973","S1","candidate_fibroblast_state","integrin_x_actomyosin","FERMT2","CNN2",1042,0.281190019193858,0.177543186180422,0.0681381957773513,0.0587154818947743,0.00942271388257698,1.16048090858666,0.0497512437810945,200,"TRUE","metadata_library_proxy"
"GSE130973","S1","candidate_fibroblast_state","integrin_x_actomyosin","ITGAV","CDC42",1042,0.187140115163148,0.564299424184261,0.101727447216891,0.112403370527325,-0.0106759233104345,0.905021324001675,0.965174129353234,200,"TRUE","metadata_library_proxy"
"GSE130973","S1","candidate_fibroblast_state","integrin_x_actomyosin","ITGB1","CDC42",1042,0.604606525911708,0.564299424184261,0.348368522072937,0.351540672806985,-0.00317215073404864,0.990976433228282,0.701492537313433,200,"TRUE","metadata_library_proxy"
"GSE130973","S1","candidate_fibroblast_state","integrin_x_actomyosin","ITGA2","CDC42",1042,0.00671785028790787,0.564299424184261,0.00671785028790787,0.00421640928731207,0.0025014410005958,1.59326332671809,0.0398009950248756,200,"TRUE","metadata_library_proxy"
"GSE130973","S1","candidate_fibroblast_state","integrin_x_actomyosin","PARVA","CDC42",1042,0.157389635316699,0.564299424184261,0.102687140115163,0.0962513282398365,0.0064358118753267,1.06686465520029,0.104477611940299,200,"TRUE","metadata_library_proxy"
"GSE130973","S1","candidate_fibroblast_state","integrin_x_actomyosin","ITGA5","CDC42",1042,0.206333973128599,0.564299424184261,0.130518234165067,0.123338496148861,0.00717973801620586,1.05821165524461,0.119402985074627,200,"TRUE","metadata_library_proxy"
"GSE130973","S1","candidate_fibroblast_state","integrin_x_actomyosin","FERMT2","CDC42",1042,0.281190019193858,0.564299424184261,0.169865642994242,0.169100736253386,0.000764906740856303,1.00452337912775,0.512437810945274,200,"TRUE","metadata_library_proxy"
"GSE130973","S1","candidate_fibroblast_state","integrin_x_mechanosensor","ITGAV","PIEZO2",1042,0.187140115163148,0.0355086372360845,0.00767754318618042,0.00784528074041338,-0.000167737554232956,0.978619305059551,0.626865671641791,200,"TRUE","metadata_library_proxy"
"GSE130973","S1","candidate_fibroblast_state","integrin_x_mechanosensor","ITGB1","PIEZO2",1042,0.604606525911708,0.0355086372360845,0.0259117082533589,0.0231428948376362,0.00276881341572275,1.11963989099669,0.218905472636816,200,"TRUE","metadata_library_proxy"
"GSE130973","S1","candidate_fibroblast_state","integrin_x_mechanosensor","ITGA2","PIEZO2",1042,0.00671785028790787,0.0355086372360845,0.000959692898272553,0.000303594993424906,0.000656097904847646,3.16109593062157,0.243781094527363,200,"TRUE","metadata_library_proxy"
"GSE130973","S1","candidate_fibroblast_state","integrin_x_mechanosensor","PARVA","PIEZO2",1042,0.157389635316699,0.0355086372360845,0.00671785028790787,0.0067041949326492,1.36553552586649e-05,1.00203683744221,0.557213930348259,200,"TRUE","metadata_library_proxy"
"GSE130973","S1","candidate_fibroblast_state","integrin_x_mechanosensor","ITGA5","PIEZO2",1042,0.206333973128599,0.0355086372360845,0.00767754318618042,0.00840037274458714,-0.000722829558406718,0.913952680388798,0.721393034825871,200,"TRUE","metadata_library_proxy"
"GSE130973","S1","candidate_fibroblast_state","integrin_x_mechanosensor","FERMT2","PIEZO2",1042,0.281190019193858,0.0355086372360845,0.0124760076775432,0.0116204982945244,0.000855509383018819,1.07362071413254,0.422885572139304,200,"TRUE","metadata_library_proxy"
"GSE130973","S1","candidate_fibroblast_state","integrin_x_mechanosensor","ITGAV","TMEM63B",1042,0.187140115163148,0.0335892514395393,0.00575815738963532,0.00755737287093161,-0.0017992154812963,0.761925802521042,0.82089552238806,200,"TRUE","metadata_library_proxy"
"GSE130973","S1","candidate_fibroblast_state","integrin_x_mechanosensor","ITGB1","TMEM63B",1042,0.604606525911708,0.0335892514395393,0.0182341650671785,0.0219986456127727,-0.00376448054559424,0.828876713055074,0.945273631840796,200,"TRUE","metadata_library_proxy"
"GSE130973","S1","candidate_fibroblast_state","integrin_x_mechanosensor","ITGA2","TMEM63B",1042,0.00671785028790787,0.0335892514395393,0,0.000288830487297636,-0.000288830487297636,0,1,200,"TRUE","metadata_library_proxy"
"GSE130973","S1","candidate_fibroblast_state","integrin_x_mechanosensor","PARVA","TMEM63B",1042,0.157389635316699,0.0335892514395393,0.00767754318618042,0.00639414030397653,0.00128340288220389,1.20071547091416,0.373134328358209,200,"TRUE","metadata_library_proxy"
"GSE130973","S1","candidate_fibroblast_state","integrin_x_mechanosensor","ITGA5","TMEM63B",1042,0.206333973128599,0.0335892514395393,0.0124760076775432,0.00800173107915085,0.00447427659839234,1.55916358024708,0.0447761194029851,200,"TRUE","metadata_library_proxy"
"GSE130973","S1","candidate_fibroblast_state","integrin_x_mechanosensor","FERMT2","TMEM63B",1042,0.281190019193858,0.0335892514395393,0.00671785028790787,0.0110963583270063,-0.00437850803909841,0.605410359861756,0.975124378109453,200,"TRUE","metadata_library_proxy"
"GSE130973","S1","candidate_fibroblast_state","integrin_x_mechanosensor","ITGAV","PANX1",1042,0.187140115163148,0.0911708253358925,0.0211132437619962,0.0185817279106227,0.0025315158513735,1.1362368377984,0.298507462686567,200,"TRUE","metadata_library_proxy"
"GSE130973","S1","candidate_fibroblast_state","integrin_x_mechanosensor","ITGB1","PANX1",1042,0.604606525911708,0.0911708253358925,0.0508637236084453,0.0571141742692428,-0.00625045066079749,0.890562181091297,0.940298507462687,200,"TRUE","metadata_library_proxy"
"GSE130973","S1","candidate_fibroblast_state","integrin_x_mechanosensor","ITGA2","PANX1",1042,0.00671785028790787,0.0911708253358925,0,0.000687831239781582,-0.000687831239781582,0,1,200,"TRUE","metadata_library_proxy"
"GSE130973","S1","candidate_fibroblast_state","integrin_x_mechanosensor","PARVA","PANX1",1042,0.157389635316699,0.0911708253358925,0.0153550863723608,0.0154681511762062,-0.000113064803845379,0.992690477190364,0.572139303482587,200,"TRUE","metadata_library_proxy"
"GSE130973","S1","candidate_fibroblast_state","integrin_x_mechanosensor","ITGA5","PANX1",1042,0.206333973128599,0.0911708253358925,0.0259117082533589,0.0200036853164859,0.00590802293687302,1.295346724536,0.0597014925373134,200,"TRUE","metadata_library_proxy"
"GSE130973","S1","candidate_fibroblast_state","integrin_x_mechanosensor","FERMT2","PANX1",1042,0.281190019193858,0.0911708253358925,0.0383877159309021,0.0274224230657529,0.0109652928651492,1.39986593594799,0.0298507462686567,200,"TRUE","metadata_library_proxy"
"GSE130973","S1","candidate_fibroblast_state","integrin_x_hippo","ITGAV","NF2",1042,0.187140115163148,0.0412667946257198,0.0115163147792706,0.00898340189580662,0.00253291288346401,1.28195475531896,0.169154228855721,200,"TRUE","metadata_library_proxy"
"GSE130973","S1","candidate_fibroblast_state","integrin_x_hippo","ITGB1","NF2",1042,0.604606525911708,0.0412667946257198,0.0287907869481766,0.0267648774547302,0.00202590949344639,1.07569283651207,0.253731343283582,200,"TRUE","metadata_library_proxy"
"GSE130973","S1","candidate_fibroblast_state","integrin_x_hippo","ITGA2","NF2",1042,0.00671785028790787,0.0412667946257198,0.000959692898272553,0.000348116545187344,0.000611576353085209,2.75681495619831,0.323383084577114,200,"TRUE","metadata_library_proxy"
"GSE130973","S1","candidate_fibroblast_state","integrin_x_hippo","PARVA","NF2",1042,0.157389635316699,0.0412667946257198,0.00767754318618042,0.00784506777820446,-0.000167524592024038,0.978645870659083,0.621890547263682,200,"TRUE","metadata_library_proxy"
"GSE130973","S1","candidate_fibroblast_state","integrin_x_hippo","ITGA5","NF2",1042,0.206333973128599,0.0412667946257198,0.017274472168906,0.00973409368224607,0.00754037848665988,1.77463590682435,0.00995024875621891,200,"TRUE","metadata_library_proxy"
"GSE130973","S1","candidate_fibroblast_state","integrin_x_hippo","FERMT2","NF2",1042,0.281190019193858,0.0412667946257198,0.0115163147792706,0.0134913518602505,-0.00197503708097982,0.85360717729119,0.81592039800995,200,"TRUE","metadata_library_proxy"
"GSE130973","S1","candidate_fibroblast_state","integrin_x_hippo","ITGAV","TEAD1",1042,0.187140115163148,0.150671785028791,0.0383877159309021,0.0331685658920408,0.00521915003886134,1.15735229722771,0.169154228855721,200,"TRUE","metadata_library_proxy"
"GSE130973","S1","candidate_fibroblast_state","integrin_x_hippo","ITGB1","TEAD1",1042,0.604606525911708,0.150671785028791,0.102687140115163,0.0974283725527595,0.00525876756240365,1.05397573031979,0.199004975124378,200,"TRUE","metadata_library_proxy"
"GSE130973","S1","candidate_fibroblast_state","integrin_x_hippo","ITGA2","TEAD1",1042,0.00671785028790787,0.150671785028791,0.000959692898272553,0.00123349021942551,-0.000273797321152961,0.778030407666727,0.746268656716418,200,"TRUE","metadata_library_proxy"
"GSE130973","S1","candidate_fibroblast_state","integrin_x_hippo","PARVA","TEAD1",1042,0.157389635316699,0.150671785028791,0.0345489443378119,0.0284398448859281,0.00610909945188377,1.21480776271415,0.0945273631840796,200,"TRUE","metadata_library_proxy"
"GSE130973","S1","candidate_fibroblast_state","integrin_x_hippo","ITGA5","TEAD1",1042,0.206333973128599,0.150671785028791,0.0412667946257198,0.0352890437116139,0.00597775091410589,1.16939396156373,0.0845771144278607,200,"TRUE","metadata_library_proxy"
"GSE130973","S1","candidate_fibroblast_state","integrin_x_hippo","FERMT2","TEAD1",1042,0.281190019193858,0.150671785028791,0.0575815738963532,0.0491243301945368,0.00845724370181632,1.17215997995952,0.0398009950248756,200,"TRUE","metadata_library_proxy"
"GSE130973","S2","candidate_fibroblast_state","integrin_x_actomyosin","ITGAV","CFL1",1060,0.133962264150943,0.836792452830189,0.119811320754717,0.118512288016659,0.00129903273805812,1.01096116495427,0.432835820895522,200,"TRUE","metadata_library_proxy"
"GSE130973","S2","candidate_fibroblast_state","integrin_x_actomyosin","ITGB1","CFL1",1060,0.500943396226415,0.836792452830189,0.430188679245283,0.429357284309049,0.00083139493623452,1.00193637086552,0.422885572139304,200,"TRUE","metadata_library_proxy"
"GSE130973","S2","candidate_fibroblast_state","integrin_x_actomyosin","ITGA2","CFL1",1060,0.00754716981132075,0.836792452830189,0.00754716981132075,0.00710290767859485,0.000444262132725905,1.06254651655754,0.606965174129353,200,"TRUE","metadata_library_proxy"
"GSE130973","S2","candidate_fibroblast_state","integrin_x_actomyosin","PARVA","CFL1",1060,0.165094339622642,0.836792452830189,0.143396226415094,0.144708904628746,-0.0013126782136515,0.990928835948146,0.671641791044776,200,"TRUE","metadata_library_proxy"
"GSE130973","S2","candidate_fibroblast_state","integrin_x_actomyosin","ITGA5","CFL1",1060,0.123584905660377,0.836792452830189,0.107547169811321,0.10732869640922,0.000218473402100558,1.0020355544175,0.532338308457711,200,"TRUE","metadata_library_proxy"
"GSE130973","S2","candidate_fibroblast_state","integrin_x_actomyosin","FERMT2","CFL1",1060,0.232075471698113,0.836792452830189,0.206603773584906,0.201089430548936,0.00551434303596959,1.0274223414971,0.134328358208955,200,"TRUE","metadata_library_proxy"
"GSE130973","S2","candidate_fibroblast_state","integrin_x_actomyosin","ITGAV","LIMK1",1060,0.133962264150943,0.0235849056603774,0.00660377358490566,0.00378868016532851,0.00281509341957715,1.74302746516822,0.0845771144278607,200,"TRUE","metadata_library_proxy"
"GSE130973","S2","candidate_fibroblast_state","integrin_x_actomyosin","ITGB1","LIMK1",1060,0.500943396226415,0.0235849056603774,0.0160377358490566,0.0128489693622917,0.00318876648676487,1.24817293876683,0.0746268656716418,200,"TRUE","metadata_library_proxy"
"GSE130973","S2","candidate_fibroblast_state","integrin_x_actomyosin","ITGA2","LIMK1",1060,0.00754716981132075,0.0235849056603774,0,0.000266932014978707,-0.000266932014978707,0,1,200,"TRUE","metadata_library_proxy"
"GSE130973","S2","candidate_fibroblast_state","integrin_x_actomyosin","PARVA","LIMK1",1060,0.165094339622642,0.0235849056603774,0.00283018867924528,0.00453778624292004,-0.00170759756367476,0.623693697265051,0.890547263681592,200,"TRUE","metadata_library_proxy"
"GSE130973","S2","candidate_fibroblast_state","integrin_x_actomyosin","ITGA5","LIMK1",1060,0.123584905660377,0.0235849056603774,0.00188679245283019,0.00332783227888215,-0.00144103982605197,0.566973421348019,0.870646766169154,200,"TRUE","metadata_library_proxy"
"GSE130973","S2","candidate_fibroblast_state","integrin_x_actomyosin","FERMT2","LIMK1",1060,0.232075471698113,0.0235849056603774,0.00377358490566038,0.00619326791111029,-0.00241968300544992,0.609304322018886,0.915422885572139,200,"TRUE","metadata_library_proxy"
"GSE130973","S2","candidate_fibroblast_state","integrin_x_actomyosin","ITGAV","CNN2",1060,0.133962264150943,0.14811320754717,0.0320754716981132,0.0234613627353547,0.00861410896275852,1.36716149270296,0.0298507462686567,200,"TRUE","metadata_library_proxy"
"GSE130973","S2","candidate_fibroblast_state","integrin_x_actomyosin","ITGB1","CNN2",1060,0.500943396226415,0.14811320754717,0.0839622641509434,0.0807463701635516,0.00321589398739176,1.03982710282676,0.293532338308458,200,"TRUE","metadata_library_proxy"
"GSE130973","S2","candidate_fibroblast_state","integrin_x_actomyosin","ITGA2","CNN2",1060,0.00754716981132075,0.14811320754717,0.00283018867924528,0.00179367072005396,0.00103651795919132,1.57787527420871,0.298507462686567,200,"TRUE","metadata_library_proxy"
"GSE130973","S2","candidate_fibroblast_state","integrin_x_actomyosin","PARVA","CNN2",1060,0.165094339622642,0.14811320754717,0.0358490566037736,0.0277970978284474,0.00805195877532622,1.28966904476934,0.0447761194029851,200,"TRUE","metadata_library_proxy"
"GSE130973","S2","candidate_fibroblast_state","integrin_x_actomyosin","ITGA5","CNN2",1060,0.123584905660377,0.14811320754717,0.019811320754717,0.0209738997037036,-0.00116257894898664,0.944570205569289,0.646766169154229,200,"TRUE","metadata_library_proxy"
"GSE130973","S2","candidate_fibroblast_state","integrin_x_actomyosin","FERMT2","CNN2",1060,0.232075471698113,0.14811320754717,0.0405660377358491,0.0387044650123238,0.00186157272352528,1.04809710515137,0.353233830845771,200,"TRUE","metadata_library_proxy"
"GSE130973","S2","candidate_fibroblast_state","integrin_x_actomyosin","ITGAV","CDC42",1060,0.133962264150943,0.621698113207547,0.0981132075471698,0.0910818170198259,0.00703139052734393,1.07719861941065,0.0746268656716418,200,"TRUE","metadata_library_proxy"
"GSE130973","S2","candidate_fibroblast_state","integrin_x_actomyosin","ITGB1","CDC42",1060,0.500943396226415,0.621698113207547,0.333018867924528,0.324205708747936,0.00881315917659226,1.0271838494474,0.134328358208955,200,"TRUE","metadata_library_proxy"
"GSE130973","S2","candidate_fibroblast_state","integrin_x_actomyosin","ITGA2","CDC42",1060,0.00754716981132075,0.621698113207547,0.00754716981132075,0.00578299611613584,0.00176417369518492,1.30506223067702,0.0945273631840796,200,"TRUE","metadata_library_proxy"
"GSE130973","S2","candidate_fibroblast_state","integrin_x_actomyosin","PARVA","CDC42",1060,0.165094339622642,0.621698113207547,0.10188679245283,0.110673688961381,-0.00878689650855051,0.920605370698209,0.960199004975124,200,"TRUE","metadata_library_proxy"
"GSE130973","S2","candidate_fibroblast_state","integrin_x_actomyosin","ITGA5","CDC42",1060,0.123584905660377,0.621698113207547,0.080188679245283,0.0819410190588747,-0.00175233981359166,0.978614620202214,0.616915422885572,200,"TRUE","metadata_library_proxy"
"GSE130973","S2","candidate_fibroblast_state","integrin_x_actomyosin","FERMT2","CDC42",1060,0.232075471698113,0.621698113207547,0.15188679245283,0.153221085272839,-0.00133429282000874,0.99129171538217,0.587064676616915,200,"TRUE","metadata_library_proxy"
"GSE130973","S2","candidate_fibroblast_state","integrin_x_mechanosensor","ITGAV","PIEZO2",1060,0.133962264150943,0.0292452830188679,0.00566037735849057,0.00479276804754469,0.000867609310945872,1.18102468184129,0.402985074626866,200,"TRUE","metadata_library_proxy"
"GSE130973","S2","candidate_fibroblast_state","integrin_x_mechanosensor","ITGB1","PIEZO2",1060,0.500943396226415,0.0292452830188679,0.0235849056603774,0.0161099818615677,0.00747492379880962,1.46399330943022,0.00497512437810945,200,"TRUE","metadata_library_proxy"
"GSE130973","S2","candidate_fibroblast_state","integrin_x_mechanosensor","ITGA2","PIEZO2",1060,0.00754716981132075,0.0292452830188679,0,0.000348784920649791,-0.000348784920649791,0,1,200,"TRUE","metadata_library_proxy"
"GSE130973","S2","candidate_fibroblast_state","integrin_x_mechanosensor","PARVA","PIEZO2",1060,0.165094339622642,0.0292452830188679,0.00566037735849057,0.00569163778692379,-3.12604284332281e-05,0.994507656740728,0.567164179104478,200,"TRUE","metadata_library_proxy"
"GSE130973","S2","candidate_fibroblast_state","integrin_x_mechanosensor","ITGA5","PIEZO2",1060,0.123584905660377,0.0292452830188679,0.00377358490566038,0.0041894112208565,-0.000415826315196125,0.900743495141756,0.711442786069652,200,"TRUE","metadata_library_proxy"
"GSE130973","S2","candidate_fibroblast_state","integrin_x_mechanosensor","FERMT2","PIEZO2",1060,0.232075471698113,0.0292452830188679,0.00754716981132075,0.00776706699399795,-0.0002198971826772,0.971688517319713,0.592039800995025,200,"TRUE","metadata_library_proxy"
"GSE130973","S2","candidate_fibroblast_state","integrin_x_mechanosensor","ITGAV","TMEM63B",1060,0.133962264150943,0.019811320754717,0.00471698113207547,0.00292222096213533,0.00179476016994014,1.61417674884813,0.199004975124378,200,"TRUE","metadata_library_proxy"
"GSE130973","S2","candidate_fibroblast_state","integrin_x_mechanosensor","ITGB1","TMEM63B",1060,0.500943396226415,0.019811320754717,0.0132075471698113,0.0102227811792604,0.00298476599055095,1.29197201213759,0.0746268656716418,200,"TRUE","metadata_library_proxy"
"GSE130973","S2","candidate_fibroblast_state","integrin_x_mechanosensor","ITGA2","TMEM63B",1060,0.00754716981132075,0.019811320754717,0.000943396226415094,0.000142332513376713,0.000801063713038381,6.62811471556182,0.124378109452736,200,"TRUE","metadata_library_proxy"
"GSE130973","S2","candidate_fibroblast_state","integrin_x_mechanosensor","PARVA","TMEM63B",1060,0.165094339622642,0.019811320754717,0.00471698113207547,0.00355103032831243,0.00116595080376304,1.3283415504697,0.278606965174129,200,"TRUE","metadata_library_proxy"
"GSE130973","S2","candidate_fibroblast_state","integrin_x_mechanosensor","ITGA5","TMEM63B",1060,0.123584905660377,0.019811320754717,0.00377358490566038,0.00251446015857493,0.00125912474708545,1.50075350877663,0.263681592039801,200,"TRUE","metadata_library_proxy"
"GSE130973","S2","candidate_fibroblast_state","integrin_x_mechanosensor","FERMT2","TMEM63B",1060,0.232075471698113,0.019811320754717,0.00660377358490566,0.00474452295849869,0.00185925062640697,1.39187303816848,0.223880597014925,200,"TRUE","metadata_library_proxy"
"GSE130973","S2","candidate_fibroblast_state","integrin_x_mechanosensor","ITGAV","PANX1",1060,0.133962264150943,0.0584905660377358,0.0113207547169811,0.00980431965633126,0.00151643506064988,1.15467009581543,0.323383084577114,200,"TRUE","metadata_library_proxy"
"GSE130973","S2","candidate_fibroblast_state","integrin_x_mechanosensor","ITGB1","PANX1",1060,0.500943396226415,0.0584905660377358,0.0377358490566038,0.0324462180741288,0.00528963098247495,1.16302765919867,0.0845771144278607,200,"TRUE","metadata_library_proxy"
"GSE130973","S2","candidate_fibroblast_state","integrin_x_mechanosensor","ITGA2","PANX1",1060,0.00754716981132075,0.0584905660377358,0.00188679245283019,0.000690476636589694,0.00119631581624049,2.73259420065126,0.159203980099502,200,"TRUE","metadata_library_proxy"
"GSE130973","S2","candidate_fibroblast_state","integrin_x_mechanosensor","PARVA","PANX1",1060,0.165094339622642,0.0584905660377358,0.00849056603773585,0.0116676780212459,-0.0031771119835101,0.727699720739223,0.890547263681592,200,"TRUE","metadata_library_proxy"
"GSE130973","S2","candidate_fibroblast_state","integrin_x_mechanosensor","ITGA5","PANX1",1060,0.123584905660377,0.0584905660377358,0.010377358490566,0.00844735412676177,0.00193000436380427,1.2284744234517,0.288557213930348,200,"TRUE","metadata_library_proxy"
"GSE130973","S2","candidate_fibroblast_state","integrin_x_mechanosensor","FERMT2","PANX1",1060,0.232075471698113,0.0584905660377358,0.0150943396226415,0.0157137565863528,-0.000619416963711261,0.960581229554668,0.597014925373134,200,"TRUE","metadata_library_proxy"
"GSE130973","S2","candidate_fibroblast_state","integrin_x_hippo","ITGAV","NF2",1060,0.133962264150943,0.0386792452830189,0.00754716981132075,0.00628232348044335,0.00126484633087741,1.20133416160674,0.36318407960199,200,"TRUE","metadata_library_proxy"
"GSE130973","S2","candidate_fibroblast_state","integrin_x_hippo","ITGB1","NF2",1060,0.500943396226415,0.0386792452830189,0.0216981132075472,0.0212606227215961,0.000437490485951028,1.02057750102995,0.497512437810945,200,"TRUE","metadata_library_proxy"
"GSE130973","S2","candidate_fibroblast_state","integrin_x_hippo","ITGA2","NF2",1060,0.00754716981132075,0.0386792452830189,0,0.000473384422251785,-0.000473384422251785,0,1,200,"TRUE","metadata_library_proxy"
"GSE130973","S2","candidate_fibroblast_state","integrin_x_hippo","PARVA","NF2",1060,0.165094339622642,0.0386792452830189,0.0113207547169811,0.00753734573043068,0.00378340898655045,1.50195508098768,0.0796019900497512,200,"TRUE","metadata_library_proxy"
"GSE130973","S2","candidate_fibroblast_state","integrin_x_hippo","ITGA5","NF2",1060,0.123584905660377,0.0386792452830189,0.00566037735849057,0.00557493256061454,8.54447978760296e-05,1.01532660654582,0.54228855721393,200,"TRUE","metadata_library_proxy"
"GSE130973","S2","candidate_fibroblast_state","integrin_x_hippo","FERMT2","NF2",1060,0.232075471698113,0.0386792452830189,0.00754716981132075,0.0103601103855112,-0.00281294057419042,0.7284835325573,0.930348258706468,200,"TRUE","metadata_library_proxy"
"GSE130973","S2","candidate_fibroblast_state","integrin_x_hippo","ITGAV","TEAD1",1060,0.133962264150943,0.123584905660377,0.0245283018867925,0.020973808513354,0.0035544933734385,1.1694729581981,0.18407960199005,200,"TRUE","metadata_library_proxy"
"GSE130973","S2","candidate_fibroblast_state","integrin_x_hippo","ITGB1","TEAD1",1060,0.500943396226415,0.123584905660377,0.0764150943396226,0.0692226022181991,0.00719249212142349,1.10390381018546,0.0945273631840796,200,"TRUE","metadata_library_proxy"
"GSE130973","S2","candidate_fibroblast_state","integrin_x_hippo","ITGA2","TEAD1",1060,0.00754716981132075,0.123584905660377,0.00188679245283019,0.00156603238248701,0.000320760070343177,1.20482339569108,0.587064676616915,200,"TRUE","metadata_library_proxy"
"GSE130973","S2","candidate_fibroblast_state","integrin_x_hippo","PARVA","TEAD1",1060,0.165094339622642,0.123584905660377,0.0264150943396226,0.0248272660387159,0.0015878283009067,1.06395502019556,0.368159203980099,200,"TRUE","metadata_library_proxy"
"GSE130973","S2","candidate_fibroblast_state","integrin_x_hippo","ITGA5","TEAD1",1060,0.123584905660377,0.123584905660377,0.0150943396226415,0.0181646642972306,-0.00307032467458912,0.830972671757153,0.830845771144279,200,"TRUE","metadata_library_proxy"
"GSE130973","S2","candidate_fibroblast_state","integrin_x_hippo","FERMT2","TEAD1",1060,0.232075471698113,0.123584905660377,0.0311320754716981,0.0336543874145267,-0.00252231194282861,0.925052507663834,0.781094527363184,200,"TRUE","metadata_library_proxy"
"GSE130973","S3","candidate_fibroblast_state","integrin_x_actomyosin","ITGAV","CFL1",1253,0.30806065442937,0.936951316839585,0.295291300877893,0.292015348957538,0.00327595192035551,1.01121842373029,0.139303482587065,200,"TRUE","metadata_library_proxy"
"GSE130973","S3","candidate_fibroblast_state","integrin_x_actomyosin","ITGB1","CFL1",1253,0.664006384676776,0.936951316839585,0.620909816440543,0.626864996325639,-0.00595517988509631,0.990500059949108,0.980099502487562,200,"TRUE","metadata_library_proxy"
"GSE130973","S3","candidate_fibroblast_state","integrin_x_actomyosin","ITGA2","CFL1",1253,0.0375099760574621,0.936951316839585,0.0359138068635275,0.0358341892489969,7.96176145306318e-05,1.00222183384637,0.661691542288557,200,"TRUE","metadata_library_proxy"
"GSE130973","S3","candidate_fibroblast_state","integrin_x_actomyosin","PARVA","CFL1",1253,0.177972865123703,0.936951316839585,0.171588188347965,0.168741440979571,0.00284674736839383,1.01687046970719,0.164179104477612,200,"TRUE","metadata_library_proxy"
"GSE130973","S3","candidate_fibroblast_state","integrin_x_actomyosin","ITGA5","CFL1",1253,0.19952114924182,0.936951316839585,0.191540303272147,0.190234550608248,0.00130575266389887,1.00686390910444,0.417910447761194,200,"TRUE","metadata_library_proxy"
"GSE130973","S3","candidate_fibroblast_state","integrin_x_actomyosin","FERMT2","CFL1",1253,0.324022346368715,0.936951316839585,0.308858739026337,0.307637405616441,0.00122133340989561,1.00397004196368,0.368159203980099,200,"TRUE","metadata_library_proxy"
"GSE130973","S3","candidate_fibroblast_state","integrin_x_actomyosin","ITGAV","LIMK1",1253,0.30806065442937,0.0319233838786911,0.0151636073423783,0.0112339788946604,0.00392962844771794,1.34979845383061,0.0995024875621891,200,"TRUE","metadata_library_proxy"
"GSE130973","S3","candidate_fibroblast_state","integrin_x_actomyosin","ITGB1","LIMK1",1253,0.664006384676776,0.0319233838786911,0.0215482841181165,0.0231795246137821,-0.00163124049566555,0.929625800233381,0.791044776119403,200,"TRUE","metadata_library_proxy"
"GSE130973","S3","candidate_fibroblast_state","integrin_x_actomyosin","ITGA2","LIMK1",1253,0.0375099760574621,0.0319233838786911,0.00159616919393456,0.00164978641172517,-5.36172177906136e-05,0.967500509514716,0.626865671641791,200,"TRUE","metadata_library_proxy"
"GSE130973","S3","candidate_fibroblast_state","integrin_x_actomyosin","PARVA","LIMK1",1253,0.177972865123703,0.0319233838786911,0.00558659217877095,0.00673461691682498,-0.00114802473805403,0.829533772710079,0.786069651741294,200,"TRUE","metadata_library_proxy"
"GSE130973","S3","candidate_fibroblast_state","integrin_x_actomyosin","ITGA5","LIMK1",1253,0.19952114924182,0.0319233838786911,0.00638467677573823,0.00790287420011864,-0.00151819742438041,0.807893003743167,0.830845771144279,200,"TRUE","metadata_library_proxy"
"GSE130973","S3","candidate_fibroblast_state","integrin_x_actomyosin","FERMT2","LIMK1",1253,0.324022346368715,0.0319233838786911,0.00957701516360734,0.0122372570697868,-0.00266024190617945,0.78261125912379,0.91044776119403,200,"TRUE","metadata_library_proxy"
"GSE130973","S3","candidate_fibroblast_state","integrin_x_actomyosin","ITGAV","CNN2",1253,0.30806065442937,0.174780526735834,0.0638467677573823,0.0595462051884848,0.00430056256889748,1.07222227773012,0.213930348258706,200,"TRUE","metadata_library_proxy"
"GSE130973","S3","candidate_fibroblast_state","integrin_x_actomyosin","ITGB1","CNN2",1253,0.664006384676776,0.174780526735834,0.129289704708699,0.124150394446604,0.00513931026209545,1.04139584320295,0.174129353233831,200,"TRUE","metadata_library_proxy"
"GSE130973","S3","candidate_fibroblast_state","integrin_x_actomyosin","ITGA2","CNN2",1253,0.0375099760574621,0.174780526735834,0.00798084596967279,0.00846711135831942,-0.000486265388646639,0.942570096451034,0.656716417910448,200,"TRUE","metadata_library_proxy"
"GSE130973","S3","candidate_fibroblast_state","integrin_x_actomyosin","PARVA","CNN2",1253,0.177972865123703,0.174780526735834,0.0415003990422985,0.0358910530139198,0.00560934602837868,1.15628814307017,0.144278606965174,200,"TRUE","metadata_library_proxy"
"GSE130973","S3","candidate_fibroblast_state","integrin_x_actomyosin","ITGA5","CNN2",1253,0.19952114924182,0.174780526735834,0.0510774142059058,0.041138231579065,0.00993918262684088,1.24160451835997,0.0149253731343284,200,"TRUE","metadata_library_proxy"
"GSE130973","S3","candidate_fibroblast_state","integrin_x_actomyosin","FERMT2","CNN2",1253,0.324022346368715,0.174780526735834,0.063048683160415,0.0648637013244384,-0.00181501816402335,0.972017968031998,0.686567164179104,200,"TRUE","metadata_library_proxy"
"GSE130973","S3","candidate_fibroblast_state","integrin_x_actomyosin","ITGAV","CDC42",1253,0.30806065442937,0.711093375897845,0.229050279329609,0.227247830405683,0.00180244892392609,1.00793164414687,0.393034825870647,200,"TRUE","metadata_library_proxy"
"GSE130973","S3","candidate_fibroblast_state","integrin_x_actomyosin","ITGB1","CDC42",1253,0.664006384676776,0.711093375897845,0.49561053471668,0.483696463272637,0.0119140714440431,1.02463129741209,0.0348258706467662,200,"TRUE","metadata_library_proxy"
"GSE130973","S3","candidate_fibroblast_state","integrin_x_actomyosin","ITGA2","CDC42",1253,0.0375099760574621,0.711093375897845,0.0271348762968875,0.0288601383915123,-0.00172526209462482,0.940219895302643,0.800995024875622,200,"TRUE","metadata_library_proxy"
"GSE130973","S3","candidate_fibroblast_state","integrin_x_actomyosin","PARVA","CDC42",1253,0.177972865123703,0.711093375897845,0.128491620111732,0.132007335982333,-0.0035157158706009,0.973367268989722,0.81592039800995,200,"TRUE","metadata_library_proxy"
"GSE130973","S3","candidate_fibroblast_state","integrin_x_actomyosin","ITGA5","CDC42",1253,0.19952114924182,0.711093375897845,0.146847565841979,0.150394229451138,-0.00354666360915901,0.976417555233984,0.805970149253731,200,"TRUE","metadata_library_proxy"
"GSE130973","S3","candidate_fibroblast_state","integrin_x_actomyosin","FERMT2","CDC42",1253,0.324022346368715,0.711093375897845,0.250598563447725,0.240803234879114,0.00979532856861134,1.04067772832673,0.0796019900497512,200,"TRUE","metadata_library_proxy"
"GSE130973","S3","candidate_fibroblast_state","integrin_x_mechanosensor","ITGAV","PIEZO2",1253,0.30806065442937,0.0223463687150838,0.00798084596967279,0.00791594561517991,6.49003544928722e-05,1.00819868625277,0.616915422885572,200,"TRUE","metadata_library_proxy"
"GSE130973","S3","candidate_fibroblast_state","integrin_x_mechanosensor","ITGB1","PIEZO2",1253,0.664006384676776,0.0223463687150838,0.0167597765363128,0.0163097486908201,0.000450027845492786,1.02759256773503,0.562189054726368,200,"TRUE","metadata_library_proxy"
"GSE130973","S3","candidate_fibroblast_state","integrin_x_mechanosensor","ITGA2","PIEZO2",1253,0.0375099760574621,0.0223463687150838,0.00159616919393456,0.00122128826707486,0.000374880926859692,1.30695531674727,0.467661691542289,200,"TRUE","metadata_library_proxy"
"GSE130973","S3","candidate_fibroblast_state","integrin_x_mechanosensor","PARVA","PIEZO2",1253,0.177972865123703,0.0223463687150838,0.00638467677573823,0.00496426523890323,0.001420411536835,1.2861272451165,0.233830845771144,200,"TRUE","metadata_library_proxy"
"GSE130973","S3","candidate_fibroblast_state","integrin_x_mechanosensor","ITGA5","PIEZO2",1253,0.19952114924182,0.0223463687150838,0.00478850758180367,0.00562099707906959,-0.000832489497265919,0.851896472181815,0.766169154228856,200,"TRUE","metadata_library_proxy"
"GSE130973","S3","candidate_fibroblast_state","integrin_x_mechanosensor","FERMT2","PIEZO2",1253,0.324022346368715,0.0223463687150838,0.00957701516360734,0.00885364808364944,0.000723367079957907,1.08170271430754,0.442786069651741,200,"TRUE","metadata_library_proxy"
"GSE130973","S3","candidate_fibroblast_state","integrin_x_mechanosensor","ITGAV","TMEM63B",1253,0.30806065442937,0.0319233838786911,0.014365522745411,0.0108840184393043,0.00348150430610673,1.31987306209757,0.0796019900497512,200,"TRUE","metadata_library_proxy"
"GSE130973","S3","candidate_fibroblast_state","integrin_x_mechanosensor","ITGB1","TMEM63B",1253,0.664006384676776,0.0319233838786911,0.0239425379090184,0.0226689200841969,0.00127361782482145,1.05618343618006,0.348258706467662,200,"TRUE","metadata_library_proxy"
"GSE130973","S3","candidate_fibroblast_state","integrin_x_mechanosensor","ITGA2","TMEM63B",1253,0.0375099760574621,0.0319233838786911,0.00239425379090184,0.00143579885643024,0.0009584549344716,1.66754122987294,0.288557213930348,200,"TRUE","metadata_library_proxy"
"GSE130973","S3","candidate_fibroblast_state","integrin_x_mechanosensor","PARVA","TMEM63B",1253,0.177972865123703,0.0319233838786911,0.00877893056664006,0.00633527434075129,0.00244365622588877,1.38572224255074,0.159203980099502,200,"TRUE","metadata_library_proxy"
"GSE130973","S3","candidate_fibroblast_state","integrin_x_mechanosensor","ITGA5","TMEM63B",1253,0.19952114924182,0.0319233838786911,0.0111731843575419,0.00741697042103224,0.00375621393650966,1.50643507028937,0.0597014925373134,200,"TRUE","metadata_library_proxy"
"GSE130973","S3","candidate_fibroblast_state","integrin_x_mechanosensor","FERMT2","TMEM63B",1253,0.324022346368715,0.0319233838786911,0.0119712689545092,0.0116347690764617,0.00033649987804745,1.02892192151267,0.567164179104478,200,"TRUE","metadata_library_proxy"
"GSE130973","S3","candidate_fibroblast_state","integrin_x_mechanosensor","ITGAV","PANX1",1253,0.30806065442937,0.124501197126895,0.0454908220271349,0.0417726578845325,0.00371816414260236,1.08900951796939,0.228855721393035,200,"TRUE","metadata_library_proxy"
"GSE130973","S3","candidate_fibroblast_state","integrin_x_mechanosensor","ITGB1","PANX1",1253,0.664006384676776,0.124501197126895,0.0909816440542698,0.0875345170957745,0.00344712695849521,1.03938020192336,0.328358208955224,200,"TRUE","metadata_library_proxy"
"GSE130973","S3","candidate_fibroblast_state","integrin_x_mechanosensor","ITGA2","PANX1",1253,0.0375099760574621,0.124501197126895,0.00798084596967279,0.00589652348319725,0.00208432248647553,1.35348328424622,0.144278606965174,200,"TRUE","metadata_library_proxy"
"GSE130973","S3","candidate_fibroblast_state","integrin_x_mechanosensor","PARVA","PANX1",1253,0.177972865123703,0.124501197126895,0.0263367916999202,0.0251566475336137,0.00118014416630645,1.04691182180494,0.462686567164179,200,"TRUE","metadata_library_proxy"
"GSE130973","S3","candidate_fibroblast_state","integrin_x_mechanosensor","ITGA5","PANX1",1253,0.19952114924182,0.124501197126895,0.0319233838786911,0.0286760204396854,0.00324736343900573,1.11324316935245,0.263681592039801,200,"TRUE","metadata_library_proxy"
"GSE130973","S3","candidate_fibroblast_state","integrin_x_mechanosensor","FERMT2","PANX1",1253,0.324022346368715,0.124501197126895,0.0526735833998404,0.0454015541228594,0.00727202927698098,1.16017137336978,0.054726368159204,200,"TRUE","metadata_library_proxy"
"GSE130973","S3","candidate_fibroblast_state","integrin_x_hippo","ITGAV","NF2",1253,0.30806065442937,0.0454908220271349,0.0175578611332801,0.0155056340248301,0.00205222710845,1.13235364030672,0.278606965174129,200,"TRUE","metadata_library_proxy"
"GSE130973","S3","candidate_fibroblast_state","integrin_x_hippo","ITGB1","NF2",1253,0.664006384676776,0.0454908220271349,0.0303272146847566,0.0323033158201916,-0.00197610113543503,0.938826678151726,0.835820895522388,200,"TRUE","metadata_library_proxy"
"GSE130973","S3","candidate_fibroblast_state","integrin_x_hippo","ITGA2","NF2",1253,0.0375099760574621,0.0454908220271349,0.00239425379090184,0.00208848372055397,0.000305770070347863,1.14640768675312,0.527363184079602,200,"TRUE","metadata_library_proxy"
"GSE130973","S3","candidate_fibroblast_state","integrin_x_hippo","PARVA","NF2",1253,0.177972865123703,0.0454908220271349,0.00798084596967279,0.00905317366934087,-0.00107232769966809,0.881552288862016,0.736318407960199,200,"TRUE","metadata_library_proxy"
"GSE130973","S3","candidate_fibroblast_state","integrin_x_hippo","ITGA5","NF2",1253,0.19952114924182,0.0454908220271349,0.00638467677573823,0.0106131162166645,-0.00422843944092628,0.601583610826115,0.990049751243781,200,"TRUE","metadata_library_proxy"
"GSE130973","S3","candidate_fibroblast_state","integrin_x_hippo","FERMT2","NF2",1253,0.324022346368715,0.0454908220271349,0.0215482841181165,0.0165974360260151,0.00495084809210142,1.29828993371876,0.0398009950248756,200,"TRUE","metadata_library_proxy"
"GSE130973","S3","candidate_fibroblast_state","integrin_x_hippo","ITGAV","TEAD1",1253,0.30806065442937,0.213088587390263,0.0742218675179569,0.0701101055345437,0.00411176198341315,1.05864720858803,0.238805970149254,200,"TRUE","metadata_library_proxy"
"GSE130973","S3","candidate_fibroblast_state","integrin_x_hippo","ITGB1","TEAD1",1253,0.664006384676776,0.213088587390263,0.151636073423783,0.147849601966877,0.00378647145690586,1.02561029185425,0.243781094527363,200,"TRUE","metadata_library_proxy"
"GSE130973","S3","candidate_fibroblast_state","integrin_x_hippo","ITGA2","TEAD1",1253,0.0375099760574621,0.213088587390263,0.0103750997605746,0.00957465590639902,0.000800443854175601,1.08360027368092,0.472636815920398,200,"TRUE","metadata_library_proxy"
"GSE130973","S3","candidate_fibroblast_state","integrin_x_hippo","PARVA","TEAD1",1253,0.177972865123703,0.213088587390263,0.0478850758180367,0.0420869952839233,0.00579808053411342,1.13776418333024,0.0895522388059701,200,"TRUE","metadata_library_proxy"
"GSE130973","S3","candidate_fibroblast_state","integrin_x_hippo","ITGA5","TEAD1",1253,0.19952114924182,0.213088587390263,0.0526735833998404,0.04746991893355,0.0052036644662904,1.10962025179724,0.144278606965174,200,"TRUE","metadata_library_proxy"
"GSE130973","S3","candidate_fibroblast_state","integrin_x_hippo","FERMT2","TEAD1",1253,0.324022346368715,0.213088587390263,0.0782122905027933,0.0759212012108575,0.00229108929193582,1.03017720024704,0.383084577114428,200,"TRUE","metadata_library_proxy"
"GSE130973","S4","candidate_fibroblast_state","integrin_x_actomyosin","ITGAV","CFL1",641,0.174726989079563,0.814352574102964,0.154446177847114,0.146366919894187,0.00807925795292683,1.05519866072722,0.0497512437810945,200,"TRUE","metadata_library_proxy"
"GSE130973","S4","candidate_fibroblast_state","integrin_x_actomyosin","ITGB1","CFL1",641,0.552262090483619,0.814352574102964,0.460218408736349,0.456011751339619,0.00420665739673065,1.00922488814021,0.328358208955224,200,"TRUE","metadata_library_proxy"
"GSE130973","S4","candidate_fibroblast_state","integrin_x_actomyosin","ITGA2","CFL1",641,0.0187207488299532,0.814352574102964,0.0187207488299532,0.0164442447263108,0.00227650410364241,1.138437741686,0.154228855721393,200,"TRUE","metadata_library_proxy"
"GSE130973","S4","candidate_fibroblast_state","integrin_x_actomyosin","PARVA","CFL1",641,0.102964118564743,0.814352574102964,0.0826833073322933,0.0858733805873974,-0.00319007325510412,0.962851430405055,0.805970149253731,200,"TRUE","metadata_library_proxy"
"GSE130973","S4","candidate_fibroblast_state","integrin_x_actomyosin","ITGA5","CFL1",641,0.162246489859594,0.814352574102964,0.137285491419657,0.138589500101743,-0.00130400868208641,0.990590855143217,0.671641791044776,200,"TRUE","metadata_library_proxy"
"GSE130973","S4","candidate_fibroblast_state","integrin_x_actomyosin","FERMT2","CFL1",641,0.294851794071763,0.814352574102964,0.251170046801872,0.248223309367157,0.00294673743471477,1.0118713163652,0.388059701492537,200,"TRUE","metadata_library_proxy"
"GSE130973","S4","candidate_fibroblast_state","integrin_x_actomyosin","ITGAV","LIMK1",641,0.174726989079563,0.0093603744149766,0.0015600624024961,0.00200858034321373,-0.000448517940717629,0.776699029126214,0.756218905472637,200,"TRUE","metadata_library_proxy"
"GSE130973","S4","candidate_fibroblast_state","integrin_x_actomyosin","ITGB1","LIMK1",641,0.552262090483619,0.0093603744149766,0.0078003120124805,0.00562597503900156,0.00217433697347894,1.38648180242634,0.228855721393035,200,"TRUE","metadata_library_proxy"
"GSE130973","S4","candidate_fibroblast_state","integrin_x_actomyosin","ITGA2","LIMK1",641,0.0187207488299532,0.0093603744149766,0,0.000243759750390016,-0.000243759750390016,0,1,200,"TRUE","metadata_library_proxy"
"GSE130973","S4","candidate_fibroblast_state","integrin_x_actomyosin","PARVA","LIMK1",641,0.102964118564743,0.0093603744149766,0.0015600624024961,0.00106279251170047,0.000497269890795632,1.46788990825688,0.577114427860697,200,"TRUE","metadata_library_proxy"
"GSE130973","S4","candidate_fibroblast_state","integrin_x_actomyosin","ITGA5","LIMK1",641,0.162246489859594,0.0093603744149766,0.0015600624024961,0.00186232449297972,-0.000302262090483619,0.837696335078534,0.736318407960199,200,"TRUE","metadata_library_proxy"
"GSE130973","S4","candidate_fibroblast_state","integrin_x_actomyosin","FERMT2","LIMK1",641,0.294851794071763,0.0093603744149766,0.0046801872074883,0.00338338533541342,0.00129680187207488,1.38328530259366,0.328358208955224,200,"TRUE","metadata_library_proxy"
"GSE130973","S4","candidate_fibroblast_state","integrin_x_actomyosin","ITGAV","CNN2",641,0.174726989079563,0.141965678627145,0.0218408736349454,0.0271235259348262,-0.00528265229988082,0.8052372574062,0.91044776119403,200,"TRUE","metadata_library_proxy"
"GSE130973","S4","candidate_fibroblast_state","integrin_x_actomyosin","ITGB1","CNN2",641,0.552262090483619,0.141965678627145,0.0842433697347894,0.0817376406236374,0.00250572911115203,1.03065575531706,0.427860696517413,200,"TRUE","metadata_library_proxy"
"GSE130973","S4","candidate_fibroblast_state","integrin_x_actomyosin","ITGA2","CNN2",641,0.0187207488299532,0.141965678627145,0.0062402496099844,0.00320606147227256,0.00303418813771184,1.9463911294131,0.139303482587065,200,"TRUE","metadata_library_proxy"
"GSE130973","S4","candidate_fibroblast_state","integrin_x_actomyosin","PARVA","CNN2",641,0.102964118564743,0.141965678627145,0.0202808112324493,0.015576338892065,0.0047044723403843,1.30202683525208,0.199004975124378,200,"TRUE","metadata_library_proxy"
"GSE130973","S4","candidate_fibroblast_state","integrin_x_actomyosin","ITGA5","CNN2",641,0.162246489859594,0.141965678627145,0.0280811232449298,0.0261793127004583,0.00190181054447147,1.07264554903453,0.437810945273632,200,"TRUE","metadata_library_proxy"
"GSE130973","S4","candidate_fibroblast_state","integrin_x_actomyosin","FERMT2","CNN2",641,0.294851794071763,0.141965678627145,0.0561622464898596,0.0465149925872811,0.00964725390257846,1.20740095539038,0.0895522388059701,200,"TRUE","metadata_library_proxy"
"GSE130973","S4","candidate_fibroblast_state","integrin_x_actomyosin","ITGAV","CDC42",641,0.174726989079563,0.608424336973479,0.118564742589704,0.112716325423203,0.00584841716650032,1.05188615885536,0.218905472636816,200,"TRUE","metadata_library_proxy"
"GSE130973","S4","candidate_fibroblast_state","integrin_x_actomyosin","ITGB1","CDC42",641,0.552262090483619,0.608424336973479,0.336973478939158,0.343832484665846,-0.00685900572668868,0.980051315589466,0.771144278606965,200,"TRUE","metadata_library_proxy"
"GSE130973","S4","candidate_fibroblast_state","integrin_x_actomyosin","ITGA2","CDC42",641,0.0187207488299532,0.608424336973479,0.015600624024961,0.012559531884381,0.00304109214058003,1.24213419485498,0.17910447761194,200,"TRUE","metadata_library_proxy"
"GSE130973","S4","candidate_fibroblast_state","integrin_x_actomyosin","PARVA","CDC42",641,0.102964118564743,0.608424336973479,0.062402496099844,0.0643315592872162,-0.00192906318737222,0.970013734957679,0.701492537313433,200,"TRUE","metadata_library_proxy"
"GSE130973","S4","candidate_fibroblast_state","integrin_x_actomyosin","ITGA5","CDC42",641,0.162246489859594,0.608424336973479,0.115444617784711,0.104574507514462,0.0108701102702493,1.10394608139796,0.0447761194029851,200,"TRUE","metadata_library_proxy"
"GSE130973","S4","candidate_fibroblast_state","integrin_x_actomyosin","FERMT2","CDC42",641,0.294851794071763,0.608424336973479,0.174726989079563,0.190087487039854,-0.0153604979602911,0.919192482369602,0.985074626865672,200,"TRUE","metadata_library_proxy"
"GSE130973","S4","candidate_fibroblast_state","integrin_x_mechanosensor","ITGAV","PIEZO2",641,0.174726989079563,0.0171606864274571,0.0031201248049922,0.00330380761814323,-0.000183682813151035,0.944402690961084,0.641791044776119,200,"TRUE","metadata_library_proxy"
"GSE130973","S4","candidate_fibroblast_state","integrin_x_mechanosensor","ITGB1","PIEZO2",641,0.552262090483619,0.0171606864274571,0.0093603744149766,0.00998506555169039,-0.000624691136713791,0.937437452615618,0.711442786069652,200,"TRUE","metadata_library_proxy"
"GSE130973","S4","candidate_fibroblast_state","integrin_x_mechanosensor","ITGA2","PIEZO2",641,0.0187207488299532,0.0171606864274571,0,0.000428774914971754,-0.000428774914971754,0,1,200,"TRUE","metadata_library_proxy"
"GSE130973","S4","candidate_fibroblast_state","integrin_x_mechanosensor","PARVA","PIEZO2",641,0.102964118564743,0.0171606864274571,0,0.00194814003740274,-0.00194814003740274,0,1,200,"TRUE","metadata_library_proxy"
"GSE130973","S4","candidate_fibroblast_state","integrin_x_mechanosensor","ITGA5","PIEZO2",641,0.162246489859594,0.0171606864274571,0.0031201248049922,0.00335146946250521,-0.000231344657513009,0.930972172027467,0.641791044776119,200,"TRUE","metadata_library_proxy"
"GSE130973","S4","candidate_fibroblast_state","integrin_x_mechanosensor","FERMT2","PIEZO2",641,0.294851794071763,0.0171606864274571,0.0031201248049922,0.00568132818480441,-0.00256120337981221,0.549189327477588,0.935323383084577,200,"TRUE","metadata_library_proxy"
"GSE130973","S4","candidate_fibroblast_state","integrin_x_mechanosensor","ITGAV","TMEM63B",641,0.174726989079563,0.0358814352574103,0.0078003120124805,0.00656782637765138,0.00123248563482912,1.18765502678678,0.467661691542289,200,"TRUE","metadata_library_proxy"
"GSE130973","S4","candidate_fibroblast_state","integrin_x_mechanosensor","ITGB1","TMEM63B",641,0.552262090483619,0.0358814352574103,0.0202808112324493,0.0202776014767299,3.20975571942161e-06,1.00015829069938,0.562189054726368,200,"TRUE","metadata_library_proxy"
"GSE130973","S4","candidate_fibroblast_state","integrin_x_mechanosensor","ITGA2","TMEM63B",641,0.0187207488299532,0.0358814352574103,0.0015600624024961,0.000789175976976967,0.000770886425519133,1.97682449543397,0.383084577114428,200,"TRUE","metadata_library_proxy"
"GSE130973","S4","candidate_fibroblast_state","integrin_x_mechanosensor","PARVA","TMEM63B",641,0.102964118564743,0.0358814352574103,0.0046801872074883,0.00385630953188438,0.000823877675603918,1.21364407312017,0.487562189054726,200,"TRUE","metadata_library_proxy"
"GSE130973","S4","candidate_fibroblast_state","integrin_x_mechanosensor","ITGA5","TMEM63B",641,0.162246489859594,0.0358814352574103,0.0124804992199688,0.00632134136297129,0.00615915785699751,1.97434349821324,0.0348258706467662,200,"TRUE","metadata_library_proxy"
"GSE130973","S4","candidate_fibroblast_state","integrin_x_mechanosensor","FERMT2","TMEM63B",641,0.294851794071763,0.0358814352574103,0.0109204368174727,0.0110198181219174,-9.93813044447237e-05,0.990981583965795,0.592039800995025,200,"TRUE","metadata_library_proxy"
"GSE130973","S4","candidate_fibroblast_state","integrin_x_mechanosensor","ITGAV","PANX1",641,0.174726989079563,0.0998439937597504,0.015600624024961,0.0176941114911677,-0.00209348746620672,0.881684510281756,0.746268656716418,200,"TRUE","metadata_library_proxy"
"GSE130973","S4","candidate_fibroblast_state","integrin_x_mechanosensor","ITGB1","PANX1",641,0.552262090483619,0.0998439937597504,0.0577223088923557,0.0557093075648492,0.00201300132750652,1.03613402168324,0.383084577114428,200,"TRUE","metadata_library_proxy"
"GSE130973","S4","candidate_fibroblast_state","integrin_x_mechanosensor","ITGA2","PANX1",641,0.0187207488299532,0.0998439937597504,0.0031201248049922,0.00201639276751194,0.00110373203748026,1.54737948640937,0.437810945273632,200,"TRUE","metadata_library_proxy"
"GSE130973","S4","candidate_fibroblast_state","integrin_x_mechanosensor","PARVA","PANX1",641,0.102964118564743,0.0998439937597504,0.0109204368174727,0.0105441686611564,0.000376268156316317,1.03568495235688,0.507462686567164,200,"TRUE","metadata_library_proxy"
"GSE130973","S4","candidate_fibroblast_state","integrin_x_mechanosensor","ITGA5","PANX1",641,0.162246489859594,0.0998439937597504,0.0202808112324493,0.0169931129543318,0.00328769827811746,1.19347239596141,0.199004975124378,200,"TRUE","metadata_library_proxy"
"GSE130973","S4","candidate_fibroblast_state","integrin_x_mechanosensor","FERMT2","PANX1",641,0.294851794071763,0.0998439937597504,0.0187207488299532,0.0300742604238331,-0.0113535115938799,0.622484096570417,0.990049751243781,200,"TRUE","metadata_library_proxy"
"GSE130973","S4","candidate_fibroblast_state","integrin_x_hippo","ITGAV","NF2",641,0.174726989079563,0.031201248049922,0.0078003120124805,0.00579912016356431,0.00200119184891619,1.34508542545637,0.303482587064677,200,"TRUE","metadata_library_proxy"
"GSE130973","S4","candidate_fibroblast_state","integrin_x_hippo","ITGB1","NF2",641,0.552262090483619,0.031201248049922,0.0218408736349454,0.0174883237565527,0.00435254987839265,1.24888319423763,0.124378109452736,200,"TRUE","metadata_library_proxy"
"GSE130973","S4","candidate_fibroblast_state","integrin_x_hippo","ITGA2","NF2",641,0.0187207488299532,0.031201248049922,0,0.000574909642348427,-0.000574909642348427,0,1,200,"TRUE","metadata_library_proxy"
"GSE130973","S4","candidate_fibroblast_state","integrin_x_hippo","PARVA","NF2",641,0.102964118564743,0.031201248049922,0.0078003120124805,0.00317572019650972,0.00462459181597078,2.45623402875777,0.0497512437810945,200,"TRUE","metadata_library_proxy"
"GSE130973","S4","candidate_fibroblast_state","integrin_x_hippo","ITGA5","NF2",641,0.162246489859594,0.031201248049922,0.0078003120124805,0.00501745380374221,0.00278285820873829,1.55463554176876,0.189054726368159,200,"TRUE","metadata_library_proxy"
"GSE130973","S4","candidate_fibroblast_state","integrin_x_hippo","FERMT2","NF2",641,0.294851794071763,0.031201248049922,0.0093603744149766,0.00968716388407089,-0.00032678946909429,0.966265723073845,0.616915422885572,200,"TRUE","metadata_library_proxy"
"GSE130973","S4","candidate_fibroblast_state","integrin_x_hippo","ITGAV","TEAD1",641,0.174726989079563,0.115444617784711,0.0249609984399376,0.0219768946037345,0.00298410383620314,1.13578368964358,0.26865671641791,200,"TRUE","metadata_library_proxy"
"GSE130973","S4","candidate_fibroblast_state","integrin_x_hippo","ITGB1","TEAD1",641,0.552262090483619,0.115444617784711,0.0608424336973479,0.0663411086132886,-0.00549867491594074,0.917115118651495,0.840796019900497,200,"TRUE","metadata_library_proxy"
"GSE130973","S4","candidate_fibroblast_state","integrin_x_hippo","ITGA2","TEAD1",641,0.0187207488299532,0.115444617784711,0.0031201248049922,0.002748035387254,0.0003720894177382,1.13540197461213,0.567164179104478,200,"TRUE","metadata_library_proxy"
"GSE130973","S4","candidate_fibroblast_state","integrin_x_hippo","PARVA","TEAD1",641,0.102964118564743,0.115444617784711,0.0140405616224649,0.0126921614131646,0.0013484002093003,1.10623881665275,0.358208955223881,200,"TRUE","metadata_library_proxy"
"GSE130973","S4","candidate_fibroblast_state","integrin_x_hippo","ITGA5","TEAD1",641,0.162246489859594,0.115444617784711,0.0343213728549142,0.0212775312254726,0.0130438416294416,1.61303360296922,0.00995024875621891,200,"TRUE","metadata_library_proxy"
"GSE130973","S4","candidate_fibroblast_state","integrin_x_hippo","FERMT2","TEAD1",641,0.294851794071763,0.115444617784711,0.0405616224648986,0.0367677517659713,0.00379387069892734,1.1031847343584,0.303482587064677,200,"TRUE","metadata_library_proxy"
"GSE130973","S5","candidate_fibroblast_state","integrin_x_actomyosin","ITGAV","CFL1",2450,0.18,0.597959183673469,0.122040816326531,0.118111332582845,0.00392948374368544,1.03326932020625,0.129353233830846,200,"TRUE","metadata_library_proxy"
"GSE130973","S5","candidate_fibroblast_state","integrin_x_actomyosin","ITGB1","CFL1",2450,0.483673469387755,0.597959183673469,0.306938775510204,0.303910834883191,0.00302794062701328,1.00996325329492,0.218905472636816,200,"TRUE","metadata_library_proxy"
"GSE130973","S5","candidate_fibroblast_state","integrin_x_actomyosin","ITGA2","CFL1",2450,0.00285714285714286,0.597959183673469,0.00163265306122449,0.00200046472370361,-0.000367811662479122,0.816136891532801,0.900497512437811,200,"TRUE","metadata_library_proxy"
"GSE130973","S5","candidate_fibroblast_state","integrin_x_actomyosin","PARVA","CFL1",2450,0.0583673469387755,0.597959183673469,0.0448979591836735,0.0382348526377436,0.00666310654592991,1.1742678756751,0.00497512437810945,200,"TRUE","metadata_library_proxy"
"GSE130973","S5","candidate_fibroblast_state","integrin_x_actomyosin","ITGA5","CFL1",2450,0.0930612244897959,0.597959183673469,0.0620408163265306,0.0603740326378975,0.00166678368863313,1.02760762559344,0.303482587064677,200,"TRUE","metadata_library_proxy"
"GSE130973","S5","candidate_fibroblast_state","integrin_x_actomyosin","FERMT2","CFL1",2450,0.162857142857143,0.597959183673469,0.108571428571429,0.107239282238174,0.00133214633325437,1.01242218621247,0.402985074626866,200,"TRUE","metadata_library_proxy"
"GSE130973","S5","candidate_fibroblast_state","integrin_x_actomyosin","ITGAV","LIMK1",2450,0.18,0.0138775510204082,0.00489795918367347,0.00315566872209514,0.00174229046157833,1.55211450092314,0.054726368159204,200,"TRUE","metadata_library_proxy"
"GSE130973","S5","candidate_fibroblast_state","integrin_x_actomyosin","ITGB1","LIMK1",2450,0.483673469387755,0.0138775510204082,0.00693877551020408,0.00761864003939414,-0.000679864529190055,0.910763006826069,0.751243781094527,200,"TRUE","metadata_library_proxy"
"GSE130973","S5","candidate_fibroblast_state","integrin_x_actomyosin","ITGA2","LIMK1",2450,0.00285714285714286,0.0138775510204082,0,5.73546579735136e-05,-5.73546579735136e-05,0,1,200,"TRUE","metadata_library_proxy"
"GSE130973","S5","candidate_fibroblast_state","integrin_x_actomyosin","PARVA","LIMK1",2450,0.0583673469387755,0.0138775510204082,0.000408163265306122,0.00101974709131915,-0.000611583826013025,0.400259308195841,0.920398009950249,200,"TRUE","metadata_library_proxy"
"GSE130973","S5","candidate_fibroblast_state","integrin_x_actomyosin","ITGA5","LIMK1",2450,0.0930612244897959,0.0138775510204082,0.00122448979591837,0.00158138360560407,-0.000356893809685705,0.774315473854065,0.72636815920398,200,"TRUE","metadata_library_proxy"
"GSE130973","S5","candidate_fibroblast_state","integrin_x_actomyosin","FERMT2","LIMK1",2450,0.162857142857143,0.0138775510204082,0.00489795918367347,0.00291876312429632,0.00197919605937715,1.67809410188239,0.0199004975124378,200,"TRUE","metadata_library_proxy"
"GSE130973","S5","candidate_fibroblast_state","integrin_x_actomyosin","ITGAV","CNN2",2450,0.18,0.100408163265306,0.026530612244898,0.0218738155404453,0.0046567967044527,1.21289366255476,0.0199004975124378,200,"TRUE","metadata_library_proxy"
"GSE130973","S5","candidate_fibroblast_state","integrin_x_actomyosin","ITGB1","CNN2",2450,0.483673469387755,0.100408163265306,0.0546938775510204,0.0538245532393488,0.000869324311671638,1.01615107342937,0.407960199004975,200,"TRUE","metadata_library_proxy"
"GSE130973","S5","candidate_fibroblast_state","integrin_x_actomyosin","ITGA2","CNN2",2450,0.00285714285714286,0.100408163265306,0.000408163265306122,0.000390327468159017,1.78357971471057e-05,1.04569444531083,0.621890547263682,200,"TRUE","metadata_library_proxy"
"GSE130973","S5","candidate_fibroblast_state","integrin_x_actomyosin","PARVA","CNN2",2450,0.0583673469387755,0.100408163265306,0.00530612244897959,0.00705912979201346,-0.00175300734303387,0.751668067497898,0.930348258706468,200,"TRUE","metadata_library_proxy"
"GSE130973","S5","candidate_fibroblast_state","integrin_x_actomyosin","ITGA5","CNN2",2450,0.0930612244897959,0.100408163265306,0.0118367346938776,0.0110291898809166,0.000807544812960999,1.07321886935307,0.343283582089552,200,"TRUE","metadata_library_proxy"
"GSE130973","S5","candidate_fibroblast_state","integrin_x_actomyosin","FERMT2","CNN2",2450,0.162857142857143,0.100408163265306,0.023265306122449,0.020057800543647,0.00320750557880203,1.15991312566013,0.0845771144278607,200,"TRUE","metadata_library_proxy"
"GSE130973","S5","candidate_fibroblast_state","integrin_x_actomyosin","ITGAV","CDC42",2450,0.18,0.488979591836735,0.0979591836734694,0.097884108385926,7.50752875434274e-05,1.00076698136992,0.557213930348259,200,"TRUE","metadata_library_proxy"
"GSE130973","S5","candidate_fibroblast_state","integrin_x_actomyosin","ITGB1","CDC42",2450,0.483673469387755,0.488979591836735,0.247755102040816,0.250154114893077,-0.00239901285226071,0.990409860524237,0.701492537313433,200,"TRUE","metadata_library_proxy"
"GSE130973","S5","candidate_fibroblast_state","integrin_x_actomyosin","ITGA2","CDC42",2450,0.00285714285714286,0.488979591836735,0.00122448979591837,0.00166703415915232,-0.000442544363233952,0.734531916575132,0.90547263681592,200,"TRUE","metadata_library_proxy"
"GSE130973","S5","candidate_fibroblast_state","integrin_x_actomyosin","PARVA","CDC42",2450,0.0583673469387755,0.488979591836735,0.0351020408163265,0.0315722784507111,0.00352976236561543,1.11179941831331,0.0845771144278607,200,"TRUE","metadata_library_proxy"
"GSE130973","S5","candidate_fibroblast_state","integrin_x_actomyosin","ITGA5","CDC42",2450,0.0930612244897959,0.488979591836735,0.0461224489795918,0.0498784314160065,-0.00375598243641462,0.924697262327915,0.900497512437811,200,"TRUE","metadata_library_proxy"
"GSE130973","S5","candidate_fibroblast_state","integrin_x_actomyosin","FERMT2","CDC42",2450,0.162857142857143,0.488979591836735,0.0918367346938776,0.0889982622755414,0.00283847241833612,1.03189357124242,0.203980099502488,200,"TRUE","metadata_library_proxy"
"GSE130973","S5","candidate_fibroblast_state","integrin_x_mechanosensor","ITGAV","PIEZO2",2450,0.18,0.02,0.00571428571428571,0.00497876638084419,0.000735519333441527,1.14773124046781,0.338308457711443,200,"TRUE","metadata_library_proxy"
"GSE130973","S5","candidate_fibroblast_state","integrin_x_mechanosensor","ITGB1","PIEZO2",2450,0.483673469387755,0.02,0.0122448979591837,0.0116231309301992,0.000621767028984458,1.05349393659233,0.388059701492537,200,"TRUE","metadata_library_proxy"
"GSE130973","S5","candidate_fibroblast_state","integrin_x_mechanosensor","ITGA2","PIEZO2",2450,0.00285714285714286,0.02,0.000408163265306122,9.60963646233483e-05,0.000312066900682774,4.24743711071617,0.203980099502488,200,"TRUE","metadata_library_proxy"
"GSE130973","S5","candidate_fibroblast_state","integrin_x_mechanosensor","PARVA","PIEZO2",2450,0.0583673469387755,0.02,0.000816326530612245,0.00161055889311579,-0.000794232362503542,0.506859161811202,0.91044776119403,200,"TRUE","metadata_library_proxy"
"GSE130973","S5","candidate_fibroblast_state","integrin_x_mechanosensor","ITGA5","PIEZO2",2450,0.0930612244897959,0.02,0.00408163265306122,0.00249006149928542,0.00159157115377581,1.63916941578854,0.0845771144278607,200,"TRUE","metadata_library_proxy"
"GSE130973","S5","candidate_fibroblast_state","integrin_x_mechanosensor","FERMT2","PIEZO2",2450,0.162857142857143,0.02,0.00408163265306122,0.00453096099930191,-0.000449328346240683,0.900831557298791,0.716417910447761,200,"TRUE","metadata_library_proxy"
"GSE130973","S5","candidate_fibroblast_state","integrin_x_mechanosensor","ITGAV","TMEM63B",2450,0.18,0.0142857142857143,0.00326530612244898,0.00356562178873714,-0.000300315666288162,0.915774671549074,0.681592039800995,200,"TRUE","metadata_library_proxy"
"GSE130973","S5","candidate_fibroblast_state","integrin_x_mechanosensor","ITGB1","TMEM63B",2450,0.483673469387755,0.0142857142857143,0.00816326530612245,0.00830129672778169,-0.000138031421659237,0.983372306016084,0.651741293532338,200,"TRUE","metadata_library_proxy"
"GSE130973","S5","candidate_fibroblast_state","integrin_x_mechanosensor","ITGA2","TMEM63B",2450,0.00285714285714286,0.0142857142857143,0,6.79906918131136e-05,-6.79906918131136e-05,0,1,200,"TRUE","metadata_library_proxy"
"GSE130973","S5","candidate_fibroblast_state","integrin_x_mechanosensor","PARVA","TMEM63B",2450,0.0583673469387755,0.0142857142857143,0.00122448979591837,0.00117050915363168,5.39806422866912e-05,1.04611723207735,0.572139303482587,200,"TRUE","metadata_library_proxy"
"GSE130973","S5","candidate_fibroblast_state","integrin_x_mechanosensor","ITGA5","TMEM63B",2450,0.0930612244897959,0.0142857142857143,0.00122448979591837,0.00177637245706603,-0.000551882661147665,0.689320413096706,0.81592039800995,200,"TRUE","metadata_library_proxy"
"GSE130973","S5","candidate_fibroblast_state","integrin_x_mechanosensor","FERMT2","TMEM63B",2450,0.162857142857143,0.0142857142857143,0.00204081632653061,0.00333896627494801,-0.0012981499484174,0.611212021469846,0.940298507462687,200,"TRUE","metadata_library_proxy"
"GSE130973","S5","candidate_fibroblast_state","integrin_x_mechanosensor","ITGAV","PANX1",2450,0.18,0.0297959183673469,0.00938775510204082,0.00624016052103701,0.00314759458100381,1.5044092328062,0.0298507462686567,200,"TRUE","metadata_library_proxy"
"GSE130973","S5","candidate_fibroblast_state","integrin_x_mechanosensor","ITGB1","PANX1",2450,0.483673469387755,0.0297959183673469,0.0163265306122449,0.0156029434862913,0.000723587125953589,1.04637503984997,0.328358208955224,200,"TRUE","metadata_library_proxy"
"GSE130973","S5","candidate_fibroblast_state","integrin_x_mechanosensor","ITGA2","PANX1",2450,0.00285714285714286,0.0297959183673469,0,0.000108813028849128,-0.000108813028849128,0,1,200,"TRUE","metadata_library_proxy"
"GSE130973","S5","candidate_fibroblast_state","integrin_x_mechanosensor","PARVA","PANX1",2450,0.0583673469387755,0.0297959183673469,0.00448979591836735,0.00198427844799223,0.00250551747037512,2.26268441453381,0.00497512437810945,200,"TRUE","metadata_library_proxy"
"GSE130973","S5","candidate_fibroblast_state","integrin_x_mechanosensor","ITGA5","PANX1",2450,0.0930612244897959,0.0297959183673469,0.00530612244897959,0.00315299408106795,0.00215312836791164,1.68288373290645,0.0597014925373134,200,"TRUE","metadata_library_proxy"
"GSE130973","S5","candidate_fibroblast_state","integrin_x_mechanosensor","FERMT2","PANX1",2450,0.162857142857143,0.0297959183673469,0.00571428571428571,0.0056513631627632,6.29225515225143e-05,1.01113404849596,0.552238805970149,200,"TRUE","metadata_library_proxy"
"GSE130973","S5","candidate_fibroblast_state","integrin_x_hippo","ITGAV","NF2",2450,0.18,0.0163265306122449,0.0036734693877551,0.00345019830448065,0.00022327108327445,1.06471253637349,0.467661691542289,200,"TRUE","metadata_library_proxy"
"GSE130973","S5","candidate_fibroblast_state","integrin_x_hippo","ITGB1","NF2",2450,0.483673469387755,0.0163265306122449,0.00938775510204082,0.00860377365525978,0.000783981446781039,1.0911206498676,0.343283582089552,200,"TRUE","metadata_library_proxy"
"GSE130973","S5","candidate_fibroblast_state","integrin_x_hippo","ITGA2","NF2",2450,0.00285714285714286,0.0163265306122449,0,6.07517623951288e-05,-6.07517623951288e-05,0,1,200,"TRUE","metadata_library_proxy"
"GSE130973","S5","candidate_fibroblast_state","integrin_x_hippo","PARVA","NF2",2450,0.0583673469387755,0.0163265306122449,0.00122448979591837,0.00110427942085665,0.000120210375061721,1.10885865732105,0.557213930348259,200,"TRUE","metadata_library_proxy"
"GSE130973","S5","candidate_fibroblast_state","integrin_x_hippo","ITGA5","NF2",2450,0.0930612244897959,0.0163265306122449,0.00244897959183673,0.0017460698927413,0.000702909699095432,1.40256675979441,0.253731343283582,200,"TRUE","metadata_library_proxy"
"GSE130973","S5","candidate_fibroblast_state","integrin_x_hippo","FERMT2","NF2",2450,0.162857142857143,0.0163265306122449,0.00244897959183673,0.00312462935591806,-0.000675649764081324,0.783766428872071,0.81592039800995,200,"TRUE","metadata_library_proxy"
"GSE130973","S5","candidate_fibroblast_state","integrin_x_hippo","ITGAV","TEAD1",2450,0.18,0.113877551020408,0.0297959183673469,0.0246692666518132,0.00512665171553378,1.20781532697718,0.0348258706467662,200,"TRUE","metadata_library_proxy"
"GSE130973","S5","candidate_fibroblast_state","integrin_x_hippo","ITGB1","TEAD1",2450,0.483673469387755,0.113877551020408,0.063265306122449,0.0609000355482496,0.00236527057419933,1.03883857460683,0.213930348258706,200,"TRUE","metadata_library_proxy"
"GSE130973","S5","candidate_fibroblast_state","integrin_x_hippo","ITGA2","TEAD1",2450,0.00285714285714286,0.113877551020408,0.000816326530612245,0.000440454220050507,0.000375872310561738,1.85337429737564,0.323383084577114,200,"TRUE","metadata_library_proxy"
"GSE130973","S5","candidate_fibroblast_state","integrin_x_hippo","PARVA","TEAD1",2450,0.0583673469387755,0.113877551020408,0.00693877551020408,0.00797556853855459,-0.00103679302835051,0.870003872032625,0.796019900497512,200,"TRUE","metadata_library_proxy"
"GSE130973","S5","candidate_fibroblast_state","integrin_x_hippo","ITGA5","TEAD1",2450,0.0930612244897959,0.113877551020408,0.0138775510204082,0.0124670211511541,0.00141052986925403,1.11314089004521,0.308457711442786,200,"TRUE","metadata_library_proxy"
"GSE130973","S5","candidate_fibroblast_state","integrin_x_hippo","FERMT2","TEAD1",2450,0.162857142857143,0.113877551020408,0.0253061224489796,0.0225455017410633,0.00276062070791631,1.12244662991413,0.159203980099502,200,"TRUE","metadata_library_proxy"
