"source_module","draw_id","GM08401_effect","GM09503_effect","positive_both_lines"
"mechanosensor_channels",1,0.0362470436127141,0.33687948428337,TRUE
"mechanosensor_channels",2,0.281784088896467,0.522439211949158,TRUE
"mechanosensor_channels",3,0.0523001951731909,-0.0998341189425455,FALSE
"mechanosensor_channels",4,0.0493326556414405,0.117052290357625,TRUE
"mechanosensor_channels",5,-0.101750474212382,-0.205047731523893,FALSE
"mechanosensor_channels",6,0.241154090577074,-0.23654016903003,FALSE
"mechanosensor_channels",7,0.123998012119238,0.091719830188477,TRUE
"mechanosensor_channels",8,0.106636290232275,-0.0883135519150836,FALSE
"mechanosensor_channels",9,-0.0408251921216203,0.0956162797274469,FALSE
"mechanosensor_channels",10,-0.237258361504606,-0.363717075912619,FALSE
"mechanosensor_channels",11,0.0231840860804918,0.206749481232738,TRUE
"mechanosensor_channels",12,0.0324826965168561,-0.276890808831428,FALSE
"mechanosensor_channels",13,-0.122694652737234,0.234333805588543,FALSE
"mechanosensor_channels",14,-0.233119341987496,-0.393428749319347,FALSE
"mechanosensor_channels",15,-0.219677370140583,-0.522469450771475,FALSE
"mechanosensor_channels",16,0.0321064237835175,-0.111979734429339,FALSE
"mechanosensor_channels",17,0.220018318774649,-0.0276192567823709,FALSE
"mechanosensor_channels",18,0.0579020868588099,0.430381621965014,TRUE
"mechanosensor_channels",19,0.242873503816595,0.0301472787955345,TRUE
"mechanosensor_channels",20,0.099335642114684,0.107880834938438,TRUE
"mechanosensor_channels",21,-0.198119684680398,0.0710048762672693,FALSE
"mechanosensor_channels",22,0.174199411760572,0.124631606427176,TRUE
"mechanosensor_channels",23,-0.267266198572432,0.290363826496744,FALSE
"mechanosensor_channels",24,0.00962470153904664,-0.0262444866529,FALSE
"mechanosensor_channels",25,-0.0296376932033109,0.13336325728466,FALSE
"mechanosensor_channels",26,-0.0269363728203567,0.134321201553615,FALSE
"mechanosensor_channels",27,-0.67927109485603,-0.860435988983322,FALSE
"mechanosensor_channels",28,-0.146290633550776,-0.243680342994237,FALSE
"mechanosensor_channels",29,-0.0737812249986131,0.078900282783855,FALSE
"mechanosensor_channels",30,0.0365477438133257,0.0132073828775188,TRUE
"mechanosensor_channels",31,0.126926819546206,-0.0271312665407873,FALSE
"mechanosensor_channels",32,0.00268462962779134,-0.348317196221823,FALSE
"mechanosensor_channels",33,-0.134598562199142,-0.223526841671915,FALSE
"mechanosensor_channels",34,-0.11496841426953,0.189669331560717,FALSE
"mechanosensor_channels",35,0.0766161052377728,-0.340526505347909,FALSE
"mechanosensor_channels",36,-0.103242058630865,-0.0672642014483214,FALSE
"mechanosensor_channels",37,0.0781554943306844,-0.0526498746749021,FALSE
"mechanosensor_channels",38,0.0288513388987146,-0.212513453652471,FALSE
"mechanosensor_channels",39,0.317924777931162,0.182778044946798,TRUE
"mechanosensor_channels",40,-0.157274095653316,0.0259654525988565,FALSE
"mechanosensor_channels",41,-0.153172489899265,-0.509283387018965,FALSE
"mechanosensor_channels",42,-0.0291216383302041,-0.0979941927039686,FALSE
"mechanosensor_channels",43,-0.279859421963937,0.0514714194204459,FALSE
"mechanosensor_channels",44,-0.00187209850808104,0.0632009827924356,FALSE
"mechanosensor_channels",45,-0.121283583377574,-0.226059989259004,FALSE
"mechanosensor_channels",46,-0.254543241977846,-0.133148776103932,FALSE
"mechanosensor_channels",47,0.000776436428808119,0.239274654389686,TRUE
"mechanosensor_channels",48,-0.241988355095014,0.141043018413029,FALSE
"mechanosensor_channels",49,-0.0938862209859594,-0.0845569493687693,FALSE
"mechanosensor_channels",50,-0.345877366622021,-0.167280836399718,FALSE
"mechanosensor_channels",51,0.0768527341487714,-0.17975051341447,FALSE
"mechanosensor_channels",52,0.0495774363330889,0.182513173757505,TRUE
"mechanosensor_channels",53,0.0845021514559971,0.180677332638134,TRUE
"mechanosensor_channels",54,-0.167261174390795,-0.47304833675885,FALSE
"mechanosensor_channels",55,-0.178104201860067,-0.000764320601465474,FALSE
"mechanosensor_channels",56,-0.20345404037488,-0.000279926767745298,FALSE
"mechanosensor_channels",57,-0.0954938485543852,0.0138472978581644,FALSE
"mechanosensor_channels",58,-0.155667354214819,-0.310258393087593,FALSE
"mechanosensor_channels",59,-0.414606950944517,-0.249387777740948,FALSE
"mechanosensor_channels",60,-0.330426636032957,-0.393218323459942,FALSE
"mechanosensor_channels",61,-0.295253773098916,-0.0947065340900322,FALSE
"mechanosensor_channels",62,-0.0833294994096314,-0.214467044072612,FALSE
"mechanosensor_channels",63,-0.357376730707881,-0.201189941997637,FALSE
"mechanosensor_channels",64,-0.256199424400627,-0.136005198782701,FALSE
"mechanosensor_channels",65,-0.241757984644708,-0.295898710885424,FALSE
"mechanosensor_channels",66,-0.170640169476161,-0.168222641360127,FALSE
"mechanosensor_channels",67,-0.292331094796864,0.0111920250605332,FALSE
"mechanosensor_channels",68,-0.128230116227922,0.0783671341222496,FALSE
"mechanosensor_channels",69,-0.160251528750684,0.0840130243107541,FALSE
"mechanosensor_channels",70,0.25582319699186,0.373773300088191,TRUE
"mechanosensor_channels",71,-0.13121532287118,-0.405670745277611,FALSE
"mechanosensor_channels",72,-0.237750795082698,-0.461443740723011,FALSE
"mechanosensor_channels",73,0.172812103693667,-0.0840506750527136,FALSE
"mechanosensor_channels",74,-0.24605330413616,-0.115749712185993,FALSE
"mechanosensor_channels",75,-0.222165673071446,0.314854676285258,FALSE
"mechanosensor_channels",76,0.160471638782767,0.319804321666997,TRUE
"mechanosensor_channels",77,-0.225350485519841,-0.467634831225998,FALSE
"mechanosensor_channels",78,-0.0337278465480358,0.245087767816737,FALSE
"mechanosensor_channels",79,0.4299268745829,0.105385758847541,TRUE
"mechanosensor_channels",80,-0.221092071305665,-0.108182890685029,FALSE
"mechanosensor_channels",81,-0.311068796314617,-0.0496043951268339,FALSE
"mechanosensor_channels",82,0.0851522071685408,-0.429614858822058,FALSE
"mechanosensor_channels",83,-0.236751868961175,-0.390050937563799,FALSE
"mechanosensor_channels",84,0.060865838279938,0.204924444052507,TRUE
"mechanosensor_channels",85,0.0683072962647607,-0.310228440659039,FALSE
"mechanosensor_channels",86,-0.11505815723938,0.105125930715115,FALSE
"mechanosensor_channels",87,-0.117308650424105,-0.458668762763694,FALSE
"mechanosensor_channels",88,0.00613116289208565,-0.160375629934827,FALSE
"mechanosensor_channels",89,0.24831747208715,0.227423307437196,TRUE
"mechanosensor_channels",90,0.168137020507932,0.0196884120210374,TRUE
"mechanosensor_channels",91,-0.132647485721416,-0.190107285345738,FALSE
"mechanosensor_channels",92,0.252886924882522,-0.0207074049486001,FALSE
"mechanosensor_channels",93,-0.10663178886255,-0.159027239930774,FALSE
"mechanosensor_channels",94,-0.457545927637174,-0.777855102357322,FALSE
"mechanosensor_channels",95,-0.508431670879666,-0.434099749561227,FALSE
"mechanosensor_channels",96,0.508332085091182,-0.229101427480444,FALSE
"mechanosensor_channels",97,-0.0244371738913765,0.00658483595619741,FALSE
"mechanosensor_channels",98,0.0210002873189549,-0.152133914478677,FALSE
"mechanosensor_channels",99,0.0904696032935408,-0.306859966646186,FALSE
"mechanosensor_channels",100,0.114751678070504,-0.241404576492894,FALSE
"mechanosensor_channels",101,-0.0241406326092213,-0.248953510563883,FALSE
"mechanosensor_channels",102,0.141939991351205,-0.0920860571949468,FALSE
"mechanosensor_channels",103,-0.176137059909866,-0.300685131530237,FALSE
"mechanosensor_channels",104,0.186602913879892,0.101465208109302,TRUE
"mechanosensor_channels",105,-0.185087593967997,-0.109450234205211,FALSE
"mechanosensor_channels",106,0.12381831154845,0.00656093513788053,TRUE
"mechanosensor_channels",107,-0.197958498430218,-0.0145650754096304,FALSE
"mechanosensor_channels",108,-0.148515223125404,0.191277557473141,FALSE
"mechanosensor_channels",109,-0.0323883335432412,-0.079422623445422,FALSE
"mechanosensor_channels",110,-0.243719482770402,-0.106674147845325,FALSE
"mechanosensor_channels",111,-0.14636994859207,-0.391053877623486,FALSE
"mechanosensor_channels",112,-0.25837693866745,0.16860460856832,FALSE
"mechanosensor_channels",113,-0.223999367643137,-0.681536652287521,FALSE
"mechanosensor_channels",114,-0.217899850835263,-0.108908681493392,FALSE
"mechanosensor_channels",115,0.195429295770955,-0.00450176499899271,FALSE
"mechanosensor_channels",116,0.032789371490352,-0.0631666801341036,FALSE
"mechanosensor_channels",117,-0.149626753470831,-0.116022587212141,FALSE
"mechanosensor_channels",118,-0.238540175180705,-0.390658249970521,FALSE
"mechanosensor_channels",119,-0.00968837471927664,-0.132945094096324,FALSE
"mechanosensor_channels",120,0.00464037180790487,-0.373421117347125,FALSE
"mechanosensor_channels",121,-0.0785263146738705,-0.0988221156063369,FALSE
"mechanosensor_channels",122,-0.154636668851217,-0.15005688864735,FALSE
"mechanosensor_channels",123,-0.00946855741411617,-0.0943403237078,FALSE
"mechanosensor_channels",124,-0.251968707043134,-0.245646540882153,FALSE
"mechanosensor_channels",125,-0.281434283889148,-0.281611884088125,FALSE
"mechanosensor_channels",126,-0.300549183733578,-0.445244343038553,FALSE
"mechanosensor_channels",127,0.228143757268195,-0.039012035021164,FALSE
"mechanosensor_channels",128,-0.154578820461527,0.0769622271836877,FALSE
"mechanosensor_channels",129,0.375498873898939,0.277588266324037,TRUE
"mechanosensor_channels",130,-0.433146880012958,0.121066990480625,FALSE
"mechanosensor_channels",131,-0.0523235546369368,-0.192578293856143,FALSE
"mechanosensor_channels",132,0.0230660256008386,-0.420778654106676,FALSE
"mechanosensor_channels",133,0.0427973061416595,0.0860881292006144,TRUE
"mechanosensor_channels",134,-0.184899094148106,-0.274434781614093,FALSE
"mechanosensor_channels",135,0.260980722180259,0.167516608246941,TRUE
"mechanosensor_channels",136,-0.123172559371726,0.0364577730476465,FALSE
"mechanosensor_channels",137,-0.0753677266120643,-0.222931821495907,FALSE
"mechanosensor_channels",138,-0.0495555810545955,-0.15719095424238,FALSE
"mechanosensor_channels",139,-0.00691571795823603,-0.246342672033439,FALSE
"mechanosensor_channels",140,0.00457939751678647,-0.120384347596951,FALSE
"mechanosensor_channels",141,0.0735433432607853,-0.151918507483672,FALSE
"mechanosensor_channels",142,-0.14515761046436,0.130995722304707,FALSE
"mechanosensor_channels",143,0.0292599344922633,0.0640914834089261,TRUE
"mechanosensor_channels",144,0.224794151139522,0.0491385049784524,TRUE
"mechanosensor_channels",145,0.0695189443083103,0.172973917256504,TRUE
"mechanosensor_channels",146,0.0391687245337249,-0.174702383817394,FALSE
"mechanosensor_channels",147,-0.114831204399292,-0.332709627864205,FALSE
"mechanosensor_channels",148,-0.164877019776058,-0.108509346975972,FALSE
"mechanosensor_channels",149,0.171161225021442,0.24283021436961,TRUE
"mechanosensor_channels",150,-0.0678941039338802,0.0613921508761349,FALSE
"mechanosensor_channels",151,-0.108940330203305,-0.175512256174602,FALSE
"mechanosensor_channels",152,0.288158834308615,-0.173388019671055,FALSE
"mechanosensor_channels",153,-0.499169555786104,-0.296412049497159,FALSE
"mechanosensor_channels",154,0.235391049117295,0.0150734405679123,TRUE
"mechanosensor_channels",155,-0.0447009190084312,-0.271721694764827,FALSE
"mechanosensor_channels",156,-0.215980726957707,-0.00568906352698806,FALSE
"mechanosensor_channels",157,-0.233252559027138,-0.612332971354461,FALSE
"mechanosensor_channels",158,0.378289515709979,0.405337660632218,TRUE
"mechanosensor_channels",159,-0.177242548519284,-0.354482781517046,FALSE
"mechanosensor_channels",160,-0.172800814228433,-0.139381152310116,FALSE
"mechanosensor_channels",161,0.213251484493847,-0.0115605016856782,FALSE
"mechanosensor_channels",162,-0.247139093142606,-0.236106636821508,FALSE
"mechanosensor_channels",163,-0.257374170253202,-0.227263598564779,FALSE
"mechanosensor_channels",164,-0.332544654348642,-0.0668599909250938,FALSE
"mechanosensor_channels",165,0.000531623039611785,0.106112766776611,TRUE
"mechanosensor_channels",166,-0.0274862287489674,-0.236468006914356,FALSE
"mechanosensor_channels",167,0.148981824503165,-0.305314828387442,FALSE
"mechanosensor_channels",168,-0.0556004193887828,0.140990557665605,FALSE
"mechanosensor_channels",169,0.0953889068833349,-0.317065012159231,FALSE
"mechanosensor_channels",170,-0.218261008907465,-0.100496006522508,FALSE
"mechanosensor_channels",171,-0.431192194582682,-0.48494188356842,FALSE
"mechanosensor_channels",172,0.217709260414909,-0.331238760807501,FALSE
"mechanosensor_channels",173,0.136106268868485,0.383284486788705,TRUE
"mechanosensor_channels",174,-0.115598637740656,-0.346648459933537,FALSE
"mechanosensor_channels",175,0.150130881273717,0.281229184287898,TRUE
"mechanosensor_channels",176,-0.0246656719975021,-0.106042788078489,FALSE
"mechanosensor_channels",177,-0.355341410244629,-0.173505638325941,FALSE
"mechanosensor_channels",178,-0.0431851603394297,-0.546733739526982,FALSE
"mechanosensor_channels",179,-0.123712261306905,-0.00421666027388024,FALSE
"mechanosensor_channels",180,0.143357562991009,0.0587239158525777,TRUE
"mechanosensor_channels",181,-0.178762981232625,-0.0224903128115501,FALSE
"mechanosensor_channels",182,-0.274649124220274,-0.486414241032786,FALSE
"mechanosensor_channels",183,-0.0401642428071994,-0.233161145612903,FALSE
"mechanosensor_channels",184,-0.166537629825578,-0.169936794318138,FALSE
"mechanosensor_channels",185,-0.195416074888968,0.0783664225799771,FALSE
"mechanosensor_channels",186,-0.226581273810794,-0.0606001524092663,FALSE
"mechanosensor_channels",187,-0.184425646160523,-0.376738014380458,FALSE
"mechanosensor_channels",188,-0.162124428767052,0.0778508913556747,FALSE
"mechanosensor_channels",189,-0.313124574796349,-0.439715814414414,FALSE
"mechanosensor_channels",190,-0.0781561953222564,0.0814531990933716,FALSE
"mechanosensor_channels",191,-0.130236921523061,-0.126109352464122,FALSE
"mechanosensor_channels",192,0.0478838462984572,0.130687791875084,TRUE
"mechanosensor_channels",193,-0.196300596274548,-0.0905733745276387,FALSE
"mechanosensor_channels",194,-0.0461707887414198,-0.0640170522253297,FALSE
"mechanosensor_channels",195,-0.297950099724789,-0.317304411421356,FALSE
"mechanosensor_channels",196,0.0694184410496924,0.189949799371393,TRUE
"mechanosensor_channels",197,0.0472869437748327,-0.0476903642270193,FALSE
"mechanosensor_channels",198,0.212315392006728,-0.323809579569997,FALSE
"mechanosensor_channels",199,0.0823270126565756,0.145078167677937,TRUE
"mechanosensor_channels",200,0.304804737404209,-0.231056834309027,FALSE
"mechanosensor_channels",201,-0.198237610806283,0.108471807645067,FALSE
"mechanosensor_channels",202,0.0482084941632029,0.246810238882873,TRUE
"mechanosensor_channels",203,0.0895496112660862,0.386943659777709,TRUE
"mechanosensor_channels",204,-0.000800919159403148,0.11580649427749,FALSE
"mechanosensor_channels",205,0.14136071881185,-0.121720437194883,FALSE
"mechanosensor_channels",206,-0.0629789686265007,-0.399286612638026,FALSE
"mechanosensor_channels",207,-0.383612378477214,-0.469218278371216,FALSE
"mechanosensor_channels",208,-0.131035355344028,-0.267198869472967,FALSE
"mechanosensor_channels",209,-0.029074176123514,-0.0404347459923838,FALSE
"mechanosensor_channels",210,0.274172617417941,0.147805545371373,TRUE
"mechanosensor_channels",211,-0.10323274590248,-0.480720936961307,FALSE
"mechanosensor_channels",212,-0.28873038552828,0.0810572230572769,FALSE
"mechanosensor_channels",213,-0.0827788873895932,-0.0588972981292571,FALSE
"mechanosensor_channels",214,-0.212587876744716,-0.132950526745196,FALSE
"mechanosensor_channels",215,-0.140361831250778,-0.0166977772749525,FALSE
"mechanosensor_channels",216,0.0389140424629193,-0.435425185448473,FALSE
"mechanosensor_channels",217,-0.0979131589568912,-0.352879290363397,FALSE
"mechanosensor_channels",218,0.112499378063981,-0.238980825478227,FALSE
"mechanosensor_channels",219,-0.038880236431085,0.00923454877114821,FALSE
"mechanosensor_channels",220,-0.0966165832123025,-0.00719608930884863,FALSE
"mechanosensor_channels",221,-0.253348868834652,0.0270707561261544,FALSE
"mechanosensor_channels",222,-0.189271081679175,-0.565158246527952,FALSE
"mechanosensor_channels",223,0.05989727614345,-0.187297593014738,FALSE
"mechanosensor_channels",224,0.235123713501354,0.168389200505504,TRUE
"mechanosensor_channels",225,0.0914885548144437,-0.455284829093636,FALSE
"mechanosensor_channels",226,0.0437347785283648,0.0965388736603429,TRUE
"mechanosensor_channels",227,0.0451867182473925,0.267630178389507,TRUE
"mechanosensor_channels",228,-0.0554828937180058,0.431853185581964,FALSE
"mechanosensor_channels",229,0.222135195540539,-0.1134574237771,FALSE
"mechanosensor_channels",230,-0.020100043916904,-0.302205026614105,FALSE
"mechanosensor_channels",231,-0.568649518633528,-0.349168875887402,FALSE
"mechanosensor_channels",232,-0.11593996221787,-0.156584790389163,FALSE
"mechanosensor_channels",233,-0.00376484431072968,0.0247589675363292,FALSE
"mechanosensor_channels",234,-0.0949848588934465,0.163015907601896,FALSE
"mechanosensor_channels",235,-0.133193537832321,-0.399329012372505,FALSE
"mechanosensor_channels",236,-0.216637041833074,-0.279757956012814,FALSE
"mechanosensor_channels",237,-0.0429800432285958,0.147097051716643,FALSE
"mechanosensor_channels",238,-0.323885957684084,-0.849147694367238,FALSE
"mechanosensor_channels",239,-0.099255133654113,-0.425812247902875,FALSE
"mechanosensor_channels",240,-0.0789430590626578,-0.00847891265640555,FALSE
"mechanosensor_channels",241,0.343888102649183,0.366806891603957,TRUE
"mechanosensor_channels",242,-0.610938099520178,-0.414041005677773,FALSE
"mechanosensor_channels",243,0.0199008584284171,0.0769692050687535,TRUE
"mechanosensor_channels",244,-0.0624654085020873,0.16857608036532,FALSE
"mechanosensor_channels",245,0.281879938540198,-0.531218692063646,FALSE
"mechanosensor_channels",246,-0.178873121545742,-0.415184980027559,FALSE
"mechanosensor_channels",247,-0.453030811708439,-0.261915744053798,FALSE
"mechanosensor_channels",248,-0.0689159289353113,0.153840744197317,FALSE
"mechanosensor_channels",249,-0.239347419499159,0.212804521613844,FALSE
"mechanosensor_channels",250,-0.278765739248695,-0.325606654092985,FALSE
"mechanosensor_channels",251,-0.14130205903179,0.000323218832070871,FALSE
"mechanosensor_channels",252,-0.128861338858629,-0.313154379569566,FALSE
"mechanosensor_channels",253,-0.0208940374163478,0.0655945366082555,FALSE
"mechanosensor_channels",254,0.530076284474794,0.306482697045309,TRUE
"mechanosensor_channels",255,0.0396059828111581,-0.226609326546405,FALSE
"mechanosensor_channels",256,-0.225143377664997,0.0266956666057361,FALSE
"mechanosensor_channels",257,-0.111182817833307,-0.0991729005194778,FALSE
"mechanosensor_channels",258,0.0627381989833084,-0.109154121088021,FALSE
"mechanosensor_channels",259,0.144393749333785,0.00805904660082807,TRUE
"mechanosensor_channels",260,-0.356161241203862,-0.293204029631287,FALSE
"mechanosensor_channels",261,-0.0654905080079947,0.179561410935982,FALSE
"mechanosensor_channels",262,-0.0441307264002992,0.208211406227542,FALSE
"mechanosensor_channels",263,0.228651178024614,0.135148090599253,TRUE
"mechanosensor_channels",264,-0.459640622080704,-0.814676020849856,FALSE
"mechanosensor_channels",265,-0.0787934005245605,0.0752163890397557,FALSE
"mechanosensor_channels",266,-0.102001238398126,-0.220334703746161,FALSE
"mechanosensor_channels",267,-0.0863113290177916,-0.18981178034761,FALSE
"mechanosensor_channels",268,0.0125931760967649,0.0935221377237904,TRUE
"mechanosensor_channels",269,0.00893382157522286,0.177333224215252,TRUE
"mechanosensor_channels",270,-0.132230299843544,-0.0884121983670625,FALSE
"mechanosensor_channels",271,0.0796841847245941,-0.00374032483260353,FALSE
"mechanosensor_channels",272,0.039196924143556,0.064733848590551,TRUE
"mechanosensor_channels",273,0.218127253816311,-0.516441230267984,FALSE
"mechanosensor_channels",274,0.114409066912801,-0.0484415770957292,FALSE
"mechanosensor_channels",275,0.074908399987859,-0.00965227160701965,FALSE
"mechanosensor_channels",276,-0.357992608595526,-0.100036187357753,FALSE
"mechanosensor_channels",277,0.109553739472927,-0.378245362243347,FALSE
"mechanosensor_channels",278,-0.0670672910271988,-0.528988167366429,FALSE
"mechanosensor_channels",279,-0.250403278521737,-0.211594860569445,FALSE
"mechanosensor_channels",280,0.154676428048235,-0.344714608163653,FALSE
"mechanosensor_channels",281,0.126551611527727,0.279994531574973,TRUE
"mechanosensor_channels",282,-0.085653618961656,-0.254432227882139,FALSE
"mechanosensor_channels",283,-0.0167406105852613,0.0489386175227849,FALSE
"mechanosensor_channels",284,-0.0877373948414867,-0.21505020317931,FALSE
"mechanosensor_channels",285,0.0433333789976629,0.263533115473707,TRUE
"mechanosensor_channels",286,0.128780059526928,0.11595636102701,TRUE
"mechanosensor_channels",287,-0.423165396615209,-0.248493577008516,FALSE
"mechanosensor_channels",288,-0.165484163153706,-0.251091957803478,FALSE
"mechanosensor_channels",289,0.085558984504598,0.0528146592719915,TRUE
"mechanosensor_channels",290,0.0703116971910027,0.253367430956205,TRUE
"mechanosensor_channels",291,-0.0275623061528171,-0.463781434352112,FALSE
"mechanosensor_channels",292,-0.125602344242573,0.00335171588097494,FALSE
"mechanosensor_channels",293,-0.147985168732014,0.117526787397003,FALSE
"mechanosensor_channels",294,0.0216573364272447,-0.392058284787169,FALSE
"mechanosensor_channels",295,0.0951565810499133,-0.220807415730465,FALSE
"mechanosensor_channels",296,-0.164413865740363,-0.202751535844765,FALSE
"mechanosensor_channels",297,-0.149836000849616,0.0761772620792937,FALSE
"mechanosensor_channels",298,-0.149752093473784,0.0352820731173132,FALSE
"mechanosensor_channels",299,-0.142775963247823,0.0309059584768902,FALSE
"mechanosensor_channels",300,-0.0244737931590739,-0.436451255039602,FALSE
"mechanosensor_channels",301,0.120941868351563,0.30129757724602,TRUE
"mechanosensor_channels",302,0.0744737593992783,-0.0236775999924052,FALSE
"mechanosensor_channels",303,-0.325345816561182,-0.469909474387106,FALSE
"mechanosensor_channels",304,-0.210816399099043,-0.294209101690365,FALSE
"mechanosensor_channels",305,-0.176392853223487,-0.0766492679998823,FALSE
"mechanosensor_channels",306,0.117515807239751,-0.226481301794034,FALSE
"mechanosensor_channels",307,-0.445008164953048,0.0348722375332743,FALSE
"mechanosensor_channels",308,-0.162960419993505,-0.443124044772882,FALSE
"mechanosensor_channels",309,-0.0139321071483837,0.130258940188535,FALSE
"mechanosensor_channels",310,0.32299702383256,0.493338043416226,TRUE
"mechanosensor_channels",311,-0.272336049931958,-0.0877054092766607,FALSE
"mechanosensor_channels",312,-0.307559071902464,-0.221741992677898,FALSE
"mechanosensor_channels",313,0.0343482532152677,0.365011764175848,TRUE
"mechanosensor_channels",314,-0.106917062127718,-0.180842049783059,FALSE
"mechanosensor_channels",315,-0.332217090365959,-0.168584506797278,FALSE
"mechanosensor_channels",316,-0.234359993025246,-0.0681540943798504,FALSE
"mechanosensor_channels",317,-0.142522841944869,-0.136371663116497,FALSE
"mechanosensor_channels",318,-0.042571804793082,-0.00547723244711845,FALSE
"mechanosensor_channels",319,-0.270102271116644,0.0615623411689805,FALSE
"mechanosensor_channels",320,-0.240506628045121,-0.172847867895406,FALSE
"mechanosensor_channels",321,-0.193830742543722,-0.179258130092327,FALSE
"mechanosensor_channels",322,-0.116909651045937,-0.0471780452350711,FALSE
"mechanosensor_channels",323,-0.0663538448686213,-0.0775946197200968,FALSE
"mechanosensor_channels",324,-0.108379029526742,0.0904810839843876,FALSE
"mechanosensor_channels",325,-0.162803287683329,-0.116140670049062,FALSE
"mechanosensor_channels",326,-0.0745703958145908,-0.0222374577928626,FALSE
"mechanosensor_channels",327,-0.00720552673500741,-0.0283221980692604,FALSE
"mechanosensor_channels",328,-0.140542621030719,-0.266957245577655,FALSE
"mechanosensor_channels",329,-0.516903850356242,-0.342530728530142,FALSE
"mechanosensor_channels",330,0.0892565514056802,0.0769727012781606,TRUE
"mechanosensor_channels",331,0.297086808500983,0.13602066377427,TRUE
"mechanosensor_channels",332,-0.136909632092122,-0.416599148468565,FALSE
"mechanosensor_channels",333,0.0949755499507302,-0.479511725927235,FALSE
"mechanosensor_channels",334,-0.226544834565549,-0.269033771165143,FALSE
"mechanosensor_channels",335,-0.29066050696658,0.625642400782443,FALSE
"mechanosensor_channels",336,0.203864027128703,-0.544436858827509,FALSE
"mechanosensor_channels",337,-0.11971369707122,-0.596235258983116,FALSE
"mechanosensor_channels",338,-0.189934405764548,0.208247155736432,FALSE
"mechanosensor_channels",339,0.108819108795485,0.337530848976037,TRUE
"mechanosensor_channels",340,-0.06831959827516,0.153610217731902,FALSE
"mechanosensor_channels",341,-0.000363203028703477,-0.075531761000812,FALSE
"mechanosensor_channels",342,-0.150565183868158,0.034630781525496,FALSE
"mechanosensor_channels",343,-0.00261726313075573,-0.174621788862898,FALSE
"mechanosensor_channels",344,-0.550358369807985,-0.249457537436133,FALSE
"mechanosensor_channels",345,-0.0300796350055893,-0.196603011060341,FALSE
"mechanosensor_channels",346,-0.180293935376944,-0.448088520550163,FALSE
"mechanosensor_channels",347,-0.087538728530944,0.00526853702664024,FALSE
"mechanosensor_channels",348,0.34665382999912,0.770306241419326,TRUE
"mechanosensor_channels",349,-0.479455762357385,-0.417344887190938,FALSE
"mechanosensor_channels",350,-0.0422180464337699,-0.186905600646084,FALSE
"mechanosensor_channels",351,-0.338387341419881,-0.00744126642683954,FALSE
"mechanosensor_channels",352,-0.09703501585316,-0.0751541210986139,FALSE
"mechanosensor_channels",353,-0.117189003941508,-0.0760670925126151,FALSE
"mechanosensor_channels",354,-0.177221845756592,-0.230441933445085,FALSE
"mechanosensor_channels",355,-0.190761748088984,-0.565254156151819,FALSE
"mechanosensor_channels",356,-0.471408116127423,-0.349197993395722,FALSE
"mechanosensor_channels",357,-0.358400108403932,-0.041526982039858,FALSE
"mechanosensor_channels",358,0.0395337530182737,-0.300779877166902,FALSE
"mechanosensor_channels",359,-0.238860648908623,-0.198596197319743,FALSE
"mechanosensor_channels",360,-0.215313625551636,-0.22354337564306,FALSE
"mechanosensor_channels",361,-0.299936769375268,-0.316526737430567,FALSE
"mechanosensor_channels",362,-0.186571816942763,-0.0639185588605536,FALSE
"mechanosensor_channels",363,-0.0202568861434303,0.198084101909139,FALSE
"mechanosensor_channels",364,-0.11721056839865,-0.459576021793217,FALSE
"mechanosensor_channels",365,0.244234565273361,0.271674603710514,TRUE
"mechanosensor_channels",366,-0.239466012056019,-0.30631058052367,FALSE
"mechanosensor_channels",367,-0.207211709362988,0.0703417695668245,FALSE
"mechanosensor_channels",368,0.0454660284775406,-0.0414538945825596,FALSE
"mechanosensor_channels",369,0.197237167583022,-0.0429336661008961,FALSE
"mechanosensor_channels",370,0.0976261809889515,0.269182486962591,TRUE
"mechanosensor_channels",371,0.236924987444186,-0.00703574483586145,FALSE
"mechanosensor_channels",372,0.026028477480839,-0.121150959886958,FALSE
"mechanosensor_channels",373,-0.171574539463506,-0.478281953156887,FALSE
"mechanosensor_channels",374,-0.27690577619087,-0.488740670184925,FALSE
"mechanosensor_channels",375,-0.289439249902775,0.0295769439514313,FALSE
"mechanosensor_channels",376,-0.0998668895770513,-0.290076509281751,FALSE
"mechanosensor_channels",377,-0.119759026277848,0.0921668032448053,FALSE
"mechanosensor_channels",378,0.399811239895235,0.383163286547677,TRUE
"mechanosensor_channels",379,-0.122626379690896,-0.265513808774976,FALSE
"mechanosensor_channels",380,0.26427128066534,-0.0114408066844947,FALSE
"mechanosensor_channels",381,0.0787836553555388,-0.0503210637825188,FALSE
"mechanosensor_channels",382,0.0202594250679917,0.465151181730565,TRUE
"mechanosensor_channels",383,0.21985567493775,0.50049705319545,TRUE
"mechanosensor_channels",384,0.0487349429802978,-0.042391214396193,FALSE
"mechanosensor_channels",385,-0.194808705687767,-0.187593231753419,FALSE
"mechanosensor_channels",386,0.101334815964875,-0.0353486100915065,FALSE
"mechanosensor_channels",387,-0.119757117336727,-0.208052974867365,FALSE
"mechanosensor_channels",388,-0.315293137714287,-0.310336752130478,FALSE
"mechanosensor_channels",389,0.011845503852497,0.0692064518634877,TRUE
"mechanosensor_channels",390,0.138783085921166,0.122470193850862,TRUE
"mechanosensor_channels",391,0.170526908211994,0.0724962677054438,TRUE
"mechanosensor_channels",392,-0.308874906484499,-0.060985825072277,FALSE
"mechanosensor_channels",393,0.046849674723223,0.292730831267339,TRUE
"mechanosensor_channels",394,-0.0592949073395478,-0.360561955082543,FALSE
"mechanosensor_channels",395,0.176291305484321,0.151200026456906,TRUE
"mechanosensor_channels",396,-0.245698937949035,0.169280962896168,FALSE
"mechanosensor_channels",397,-0.0896455332563493,0.168059277618167,FALSE
"mechanosensor_channels",398,-0.210312517105584,-0.18656452710159,FALSE
"mechanosensor_channels",399,-0.363756973203373,-0.0251990383209452,FALSE
"mechanosensor_channels",400,-0.205533710076007,-0.135496506419416,FALSE
"mechanosensor_channels",401,0.178273386079173,0.0848249341249374,TRUE
"mechanosensor_channels",402,0.0424915875743472,0.196511357879156,TRUE
"mechanosensor_channels",403,-0.312164000583153,-0.483631485388283,FALSE
"mechanosensor_channels",404,-0.190525126578499,-0.160163776650075,FALSE
"mechanosensor_channels",405,0.00864469041115404,-0.441365807485714,FALSE
"mechanosensor_channels",406,0.0368596893482707,0.212083312680781,TRUE
"mechanosensor_channels",407,-0.148034869790513,-0.0957575546189094,FALSE
"mechanosensor_channels",408,0.174280164297573,-0.146445385164011,FALSE
"mechanosensor_channels",409,-0.128128407350258,-0.50650660252971,FALSE
"mechanosensor_channels",410,-0.115247703835235,0.252658122538289,FALSE
"mechanosensor_channels",411,-0.00796248940610297,-0.190805375855851,FALSE
"mechanosensor_channels",412,-0.178092172701708,-0.0841185742208095,FALSE
"mechanosensor_channels",413,0.131654619891014,-0.323490990052327,FALSE
"mechanosensor_channels",414,-0.012459449055583,-0.0207337767880587,FALSE
"mechanosensor_channels",415,0.00937426632177654,-0.261658968435686,FALSE
"mechanosensor_channels",416,-0.270362420511365,-0.18072023782723,FALSE
"mechanosensor_channels",417,-0.290753400741205,-0.422366873826471,FALSE
"mechanosensor_channels",418,0.0778911682269585,0.0324625488173456,TRUE
"mechanosensor_channels",419,0.184703791521493,0.517207482023055,TRUE
"mechanosensor_channels",420,-0.508583390231954,-0.525581191945225,FALSE
"mechanosensor_channels",421,-0.286726931480759,-0.00863613507440497,FALSE
"mechanosensor_channels",422,0.146529702983723,-0.147588994523534,FALSE
"mechanosensor_channels",423,0.0181471480307336,-0.0546878290074476,FALSE
"mechanosensor_channels",424,-0.079405190183294,0.0215515416181598,FALSE
"mechanosensor_channels",425,0.0900291861497521,-0.12322076189627,FALSE
"mechanosensor_channels",426,-0.148147759487213,-0.325442057560765,FALSE
"mechanosensor_channels",427,-0.128540278720302,-0.155109074356528,FALSE
"mechanosensor_channels",428,-0.0628986595100523,-0.0453510478011525,FALSE
"mechanosensor_channels",429,0.156360832484358,-0.302087823916232,FALSE
"mechanosensor_channels",430,0.229950548784616,-0.147747808718382,FALSE
"mechanosensor_channels",431,0.255859874015111,-0.108146256049483,FALSE
"mechanosensor_channels",432,0.0460145133372079,0.216776609255255,TRUE
"mechanosensor_channels",433,-0.153610505355947,-0.347081144105637,FALSE
"mechanosensor_channels",434,-0.150470161058543,-0.301082751398458,FALSE
"mechanosensor_channels",435,-0.114710926101686,-0.114011859274953,FALSE
"mechanosensor_channels",436,-0.0827639196017194,0.0849918986919899,FALSE
"mechanosensor_channels",437,0.130526810007802,0.114894988246807,TRUE
"mechanosensor_channels",438,-0.0250249086150484,0.329382603625562,FALSE
"mechanosensor_channels",439,0.285856017896991,0.162935041431808,TRUE
"mechanosensor_channels",440,0.0373336722442147,-0.0305005858059326,FALSE
"mechanosensor_channels",441,-0.270392452035405,-0.0129794530630124,FALSE
"mechanosensor_channels",442,-0.083459501824105,0.229681162846769,FALSE
"mechanosensor_channels",443,0.0951406626766131,-0.439204965389397,FALSE
"mechanosensor_channels",444,0.0522657340869814,0.0786844064713331,TRUE
"mechanosensor_channels",445,0.304106556758131,-0.164318206711995,FALSE
"mechanosensor_channels",446,-0.315378375613257,0.160482022428028,FALSE
"mechanosensor_channels",447,-0.169907610167453,-0.297883484309117,FALSE
"mechanosensor_channels",448,-0.577192556483249,-0.710321313118755,FALSE
"mechanosensor_channels",449,-0.100565592538933,0.104125347381443,FALSE
"mechanosensor_channels",450,-0.191141010161161,-0.250759282313698,FALSE
"mechanosensor_channels",451,-0.0860356923782126,-0.00540507422708703,FALSE
"mechanosensor_channels",452,0.258953580623731,0.434827818732805,TRUE
"mechanosensor_channels",453,0.236981375061163,0.00295007296394828,TRUE
"mechanosensor_channels",454,-0.151330709292784,0.00310494723235666,FALSE
"mechanosensor_channels",455,0.0866302045700557,0.344751048704937,TRUE
"mechanosensor_channels",456,-0.0208623593847004,0.147220985605806,FALSE
"mechanosensor_channels",457,-0.000204375116680866,0.204869815915398,FALSE
"mechanosensor_channels",458,0.0599704046674316,-0.240906716597243,FALSE
"mechanosensor_channels",459,-0.168673503668501,0.0085513613696,FALSE
"mechanosensor_channels",460,0.155252265362816,-0.367892362039196,FALSE
"mechanosensor_channels",461,-0.23508325274159,-0.555627494237964,FALSE
"mechanosensor_channels",462,-0.325636120011347,-0.207450241733904,FALSE
"mechanosensor_channels",463,0.19353724568126,0.0674628565312492,TRUE
"mechanosensor_channels",464,0.00157791078811676,0.39502635049676,TRUE
"mechanosensor_channels",465,-0.157204700745131,-0.60553628145406,FALSE
"mechanosensor_channels",466,-0.331681231608924,-0.121934781710839,FALSE
"mechanosensor_channels",467,-0.139700188315779,0.071849881228429,FALSE
"mechanosensor_channels",468,0.0433620208111385,-0.2888965478292,FALSE
"mechanosensor_channels",469,-0.233297105783327,-0.332745921077627,FALSE
"mechanosensor_channels",470,-0.133380346818225,0.0410651375108203,FALSE
"mechanosensor_channels",471,-0.172945570682377,-0.162430429540151,FALSE
"mechanosensor_channels",472,-0.103601204603945,-0.0573204049992203,FALSE
"mechanosensor_channels",473,0.178137261135444,0.365270981427212,TRUE
"mechanosensor_channels",474,-0.0495717152506117,-0.379400128131223,FALSE
"mechanosensor_channels",475,-0.0278686070176429,-0.630250262309382,FALSE
"mechanosensor_channels",476,0.0678793761003357,-0.00285197226708232,FALSE
"mechanosensor_channels",477,0.105240822574999,-0.248772177200039,FALSE
"mechanosensor_channels",478,-0.133054324919154,-0.432996435595472,FALSE
"mechanosensor_channels",479,0.223420608229541,-0.0622561407006181,FALSE
"mechanosensor_channels",480,-0.282006788284338,-0.286839750995025,FALSE
"mechanosensor_channels",481,-0.0598465329403519,-0.309177206599074,FALSE
"mechanosensor_channels",482,0.0554955937717961,-0.207599189178815,FALSE
"mechanosensor_channels",483,0.131185731424255,0.302955190505395,TRUE
"mechanosensor_channels",484,0.0520616553870292,-0.0470453988283943,FALSE
"mechanosensor_channels",485,-0.275761608712395,-0.216886263526039,FALSE
"mechanosensor_channels",486,-0.104367084266583,-0.406779430627639,FALSE
"mechanosensor_channels",487,-0.407008615377977,-0.178147542919582,FALSE
"mechanosensor_channels",488,-0.270516171969994,-0.0195136310105573,FALSE
"mechanosensor_channels",489,0.214737919910174,0.191026606478204,TRUE
"mechanosensor_channels",490,0.132774617911866,0.523019890117113,TRUE
"mechanosensor_channels",491,0.126982162382337,-0.202964349684436,FALSE
"mechanosensor_channels",492,-0.0735191855067776,-0.39728857501187,FALSE
"mechanosensor_channels",493,-0.189927322485913,-0.289208099166765,FALSE
"mechanosensor_channels",494,-0.00412933827412444,-0.137439588311677,FALSE
"mechanosensor_channels",495,-0.140015364517277,-0.271675366213244,FALSE
"mechanosensor_channels",496,0.00162383100472271,-0.0747769063355908,FALSE
"mechanosensor_channels",497,0.18880463584083,-0.0970635838888902,FALSE
"mechanosensor_channels",498,0.240519993267222,-0.020723313961523,FALSE
"mechanosensor_channels",499,-0.0741373075972325,-0.202554984871272,FALSE
"mechanosensor_channels",500,-0.0817964903682738,-0.461739272899135,FALSE
"integrin_focal_adhesion",1,-0.0702548731913764,0.145266743931516,FALSE
"integrin_focal_adhesion",2,-0.229583705987159,0.138624867655871,FALSE
"integrin_focal_adhesion",3,0.187230957186522,0.208981351309086,TRUE
"integrin_focal_adhesion",4,-0.118978373005676,-0.332207445856683,FALSE
"integrin_focal_adhesion",5,-0.363470072964132,-0.408599629415344,FALSE
"integrin_focal_adhesion",6,0.135397157269798,0.133805939627668,TRUE
"integrin_focal_adhesion",7,-0.206745054289282,-0.250235709880545,FALSE
"integrin_focal_adhesion",8,-0.25072051048861,-0.283429408637843,FALSE
"integrin_focal_adhesion",9,-0.332811174042076,-0.118209244526781,FALSE
"integrin_focal_adhesion",10,0.0440420448933693,0.193169825642375,TRUE
"integrin_focal_adhesion",11,-0.137828938403217,0.237497751682523,FALSE
"integrin_focal_adhesion",12,0.129896034400815,-0.00423358636034871,FALSE
"integrin_focal_adhesion",13,-0.0856741568898293,0.16096184763911,FALSE
"integrin_focal_adhesion",14,-0.156353930950552,-0.274685933107297,FALSE
"integrin_focal_adhesion",15,-0.0168135618183568,-0.0138932249558174,FALSE
"integrin_focal_adhesion",16,0.0587274059097664,-0.190601154988469,FALSE
"integrin_focal_adhesion",17,-0.275743224209436,-0.408668783894729,FALSE
"integrin_focal_adhesion",18,-0.122725707055548,-0.0380178710138509,FALSE
"integrin_focal_adhesion",19,-0.0709632996819819,-0.00159703438487302,FALSE
"integrin_focal_adhesion",20,-0.244630677738527,-0.221040514138252,FALSE
"integrin_focal_adhesion",21,-0.103617116456253,-0.120397028244887,FALSE
"integrin_focal_adhesion",22,-0.249252946671349,0.00577062803520273,FALSE
"integrin_focal_adhesion",23,-0.0768427299650671,-0.228266840179507,FALSE
"integrin_focal_adhesion",24,-0.160036613846856,-0.317675212808754,FALSE
"integrin_focal_adhesion",25,-0.107135739779472,0.0509957678035926,FALSE
"integrin_focal_adhesion",26,0.258569741497365,0.0299085769202114,TRUE
"integrin_focal_adhesion",27,-0.0682085100824689,-0.0456317970093983,FALSE
"integrin_focal_adhesion",28,-0.261407448734497,-0.720430720103171,FALSE
"integrin_focal_adhesion",29,-0.425237526856578,-0.26656057272413,FALSE
"integrin_focal_adhesion",30,0.0925704695316187,-0.124235396920389,FALSE
"integrin_focal_adhesion",31,-0.0298940070070217,-0.0556263421178551,FALSE
"integrin_focal_adhesion",32,-0.337151408570102,-0.315872550495987,FALSE
"integrin_focal_adhesion",33,-0.172502523949194,0.0820115408100944,FALSE
"integrin_focal_adhesion",34,-0.323978072785393,-0.32777342543023,FALSE
"integrin_focal_adhesion",35,0.0181137022378799,0.0258007522469268,TRUE
"integrin_focal_adhesion",36,-0.047525293502996,-0.214851840903328,FALSE
"integrin_focal_adhesion",37,-0.164072769749828,0.363574615808669,FALSE
"integrin_focal_adhesion",38,-0.160285567221837,-0.134884509172043,FALSE
"integrin_focal_adhesion",39,0.10159324523385,0.12173305469566,TRUE
"integrin_focal_adhesion",40,0.0775224392881178,0.00294629051361271,TRUE
"integrin_focal_adhesion",41,0.157653350067138,0.0192339745455696,TRUE
"integrin_focal_adhesion",42,-0.168053524308677,0.114816515396566,FALSE
"integrin_focal_adhesion",43,-0.143351357383021,-0.491098443850826,FALSE
"integrin_focal_adhesion",44,-0.0149237649324244,-0.101383725438416,FALSE
"integrin_focal_adhesion",45,-0.0699166328742669,-0.326002705196804,FALSE
"integrin_focal_adhesion",46,-0.0170365293295235,-0.0861846633543829,FALSE
"integrin_focal_adhesion",47,-0.182048243556615,-0.215170967034254,FALSE
"integrin_focal_adhesion",48,-0.27586628497901,-0.074723291359847,FALSE
"integrin_focal_adhesion",49,0.157897262617195,-0.0260005275232168,FALSE
"integrin_focal_adhesion",50,-0.108735625711708,0.017832388061665,FALSE
"integrin_focal_adhesion",51,-0.0704529494210399,0.0497632199305866,FALSE
"integrin_focal_adhesion",52,-0.358108305088905,-0.282653828991936,FALSE
"integrin_focal_adhesion",53,-0.138119603814677,0.0680563993408129,FALSE
"integrin_focal_adhesion",54,-0.0396451705835411,0.014641776143117,FALSE
"integrin_focal_adhesion",55,0.0173777941205022,-0.0768570436419539,FALSE
"integrin_focal_adhesion",56,-0.0867806173471656,-0.145603508951858,FALSE
"integrin_focal_adhesion",57,-0.0651565653940818,-0.290300951754436,FALSE
"integrin_focal_adhesion",58,-0.0388641188223311,-0.29953627241617,FALSE
"integrin_focal_adhesion",59,-0.213937875206802,-0.299579928680938,FALSE
"integrin_focal_adhesion",60,0.0274683049077729,0.114949067862829,TRUE
"integrin_focal_adhesion",61,-0.160423241183646,-0.0173676667553774,FALSE
"integrin_focal_adhesion",62,-0.333632811840902,-0.183758746563694,FALSE
"integrin_focal_adhesion",63,-0.1251944714801,-0.0834134535517214,FALSE
"integrin_focal_adhesion",64,-0.110912762986024,-0.00194260410223795,FALSE
"integrin_focal_adhesion",65,-0.239932029353995,-0.129638104603694,FALSE
"integrin_focal_adhesion",66,-0.132176754173285,0.157350376623939,FALSE
"integrin_focal_adhesion",67,-0.236741121896854,-0.218334925515077,FALSE
"integrin_focal_adhesion",68,0.111668983991613,0.247884817615459,TRUE
"integrin_focal_adhesion",69,-0.193495555000934,0.0469898703055538,FALSE
"integrin_focal_adhesion",70,-0.21372459786191,-0.0781966462700039,FALSE
"integrin_focal_adhesion",71,-0.10819349880797,-0.217501514346569,FALSE
"integrin_focal_adhesion",72,-0.0912238304079919,0.0831681697533137,FALSE
"integrin_focal_adhesion",73,-0.187744314786634,-0.197840369674729,FALSE
"integrin_focal_adhesion",74,-0.361083929600735,-0.351297981194536,FALSE
"integrin_focal_adhesion",75,-0.316224084786281,-0.408077843143422,FALSE
"integrin_focal_adhesion",76,-0.211726190878827,0.235367937698913,FALSE
"integrin_focal_adhesion",77,-0.253463319768739,-0.399814904542056,FALSE
"integrin_focal_adhesion",78,0.211970690677283,0.0818351904840199,TRUE
"integrin_focal_adhesion",79,-0.254830682644543,-0.348156937482634,FALSE
"integrin_focal_adhesion",80,-0.0685885110842711,-0.287110459999809,FALSE
"integrin_focal_adhesion",81,-0.0750105318193284,-0.0375715937867382,FALSE
"integrin_focal_adhesion",82,-0.129713872073504,-0.0728687439993627,FALSE
"integrin_focal_adhesion",83,0.00949851828956777,0.139928014643108,TRUE
"integrin_focal_adhesion",84,-0.396814208970098,-0.180215164271296,FALSE
"integrin_focal_adhesion",85,0.0694914646613642,-0.123558241347324,FALSE
"integrin_focal_adhesion",86,0.00181055229464927,0.0375290340196622,TRUE
"integrin_focal_adhesion",87,0.109795183165505,0.0898880103589313,TRUE
"integrin_focal_adhesion",88,-0.133202275775771,-0.170523428897496,FALSE
"integrin_focal_adhesion",89,-0.331768721201776,-0.058636878288031,FALSE
"integrin_focal_adhesion",90,0.141450425280911,0.455372375869363,TRUE
"integrin_focal_adhesion",91,-0.0843165974599518,-0.0135401340393592,FALSE
"integrin_focal_adhesion",92,-0.0905619386427166,0.0610914729379967,FALSE
"integrin_focal_adhesion",93,-0.142870607027166,0.072281403012357,FALSE
"integrin_focal_adhesion",94,-0.332619322152384,-0.45419643082801,FALSE
"integrin_focal_adhesion",95,-0.0460376314586649,-0.0116647451477575,FALSE
"integrin_focal_adhesion",96,-0.210443516272145,-0.103248983931707,FALSE
"integrin_focal_adhesion",97,-0.206317810663791,-0.172256934397444,FALSE
"integrin_focal_adhesion",98,-0.153946275940268,0.0719232346079368,FALSE
"integrin_focal_adhesion",99,-0.0721079015663898,-0.166065860337776,FALSE
"integrin_focal_adhesion",100,-0.121163960261381,-0.0671872582464198,FALSE
"integrin_focal_adhesion",101,-0.266687624200849,-0.195634467295062,FALSE
"integrin_focal_adhesion",102,0.028407964444072,0.0792107261336105,TRUE
"integrin_focal_adhesion",103,0.0207381513923207,-0.147225445283979,FALSE
"integrin_focal_adhesion",104,-0.0589181579933326,0.0782567780874901,FALSE
"integrin_focal_adhesion",105,-0.133329070643878,-0.105856184351434,FALSE
"integrin_focal_adhesion",106,-0.227855317309032,-0.0997073847741239,FALSE
"integrin_focal_adhesion",107,-0.291862732404718,-0.275230049254757,FALSE
"integrin_focal_adhesion",108,-0.0770243488073329,-0.191282263919846,FALSE
"integrin_focal_adhesion",109,-0.306593948172377,-0.148807586751898,FALSE
"integrin_focal_adhesion",110,-0.25965824889728,-0.299382479792373,FALSE
"integrin_focal_adhesion",111,-0.0952275304057615,-0.078227006482781,FALSE
"integrin_focal_adhesion",112,-0.293149677233858,-0.0748015945124412,FALSE
"integrin_focal_adhesion",113,-0.0761784400068985,0.0505754258634082,FALSE
"integrin_focal_adhesion",114,-0.135223292049291,0.0997804848639997,FALSE
"integrin_focal_adhesion",115,0.11135859956049,-0.10218686348221,FALSE
"integrin_focal_adhesion",116,-0.178743666524154,0.160926916609027,FALSE
"integrin_focal_adhesion",117,0.0581790937207898,-0.0457225486750873,FALSE
"integrin_focal_adhesion",118,-0.1358629445051,-0.00575546411342109,FALSE
"integrin_focal_adhesion",119,-0.345131175299663,-0.283525003920754,FALSE
"integrin_focal_adhesion",120,-0.168861229079063,0.0810294921725704,FALSE
"integrin_focal_adhesion",121,-0.0396667191406946,-0.236374264113057,FALSE
"integrin_focal_adhesion",122,-0.0347041440154983,-0.0495260687360088,FALSE
"integrin_focal_adhesion",123,-0.165009875440024,-0.143750617704788,FALSE
"integrin_focal_adhesion",124,-0.225166319690854,0.182486092821046,FALSE
"integrin_focal_adhesion",125,0.0210943840892193,0.148675214363314,TRUE
"integrin_focal_adhesion",126,-0.265307726094289,-0.0765736467453172,FALSE
"integrin_focal_adhesion",127,0.31764680153312,0.132434758981777,TRUE
"integrin_focal_adhesion",128,-0.267724116833654,-0.248538803519057,FALSE
"integrin_focal_adhesion",129,0.150630232859346,0.369735838371332,TRUE
"integrin_focal_adhesion",130,0.0846711028110929,0.136663236060796,TRUE
"integrin_focal_adhesion",131,-0.1819494362514,0.029435881723868,FALSE
"integrin_focal_adhesion",132,-0.26087537749676,-0.1866199799925,FALSE
"integrin_focal_adhesion",133,-0.0620256320842794,0.0613862469150603,FALSE
"integrin_focal_adhesion",134,-0.268047174708858,-0.255746750560698,FALSE
"integrin_focal_adhesion",135,-0.290768219392909,-0.184864121305612,FALSE
"integrin_focal_adhesion",136,0.129433019573247,0.0253571751947265,TRUE
"integrin_focal_adhesion",137,-0.0859135725604887,0.231878690428466,FALSE
"integrin_focal_adhesion",138,-0.24928206968091,-0.570379121526431,FALSE
"integrin_focal_adhesion",139,-0.382548691933525,-0.285260526235854,FALSE
"integrin_focal_adhesion",140,-0.218831367742324,-0.32841591238939,FALSE
"integrin_focal_adhesion",141,-0.405048713297167,-0.119299418384478,FALSE
"integrin_focal_adhesion",142,-0.164215801504206,-0.294688393532287,FALSE
"integrin_focal_adhesion",143,-0.145742316948824,-0.0984415620302131,FALSE
"integrin_focal_adhesion",144,0.049026263838646,0.128661188053341,TRUE
"integrin_focal_adhesion",145,-0.0784163381308578,0.0380852519296548,FALSE
"integrin_focal_adhesion",146,-0.184158564482311,0.0673999105563486,FALSE
"integrin_focal_adhesion",147,0.21159222545648,0.102641121488452,TRUE
"integrin_focal_adhesion",148,0.0167534048536874,-0.2551177522685,FALSE
"integrin_focal_adhesion",149,-0.454715619365578,-0.0501314720897381,FALSE
"integrin_focal_adhesion",150,-0.219747075413886,-0.125862330111106,FALSE
"integrin_focal_adhesion",151,0.0168828076826238,-5.85768673755371e-05,FALSE
"integrin_focal_adhesion",152,-0.299406115092021,-0.25238845668343,FALSE
"integrin_focal_adhesion",153,-0.196436436359696,-0.221650918516281,FALSE
"integrin_focal_adhesion",154,-0.0672898379299369,0.00236559924324387,FALSE
"integrin_focal_adhesion",155,-0.108012090743867,-0.117204449338071,FALSE
"integrin_focal_adhesion",156,-0.338889950274997,-0.0369059492585803,FALSE
"integrin_focal_adhesion",157,0.124799698908291,0.114338570684316,TRUE
"integrin_focal_adhesion",158,0.170037541730174,0.223990630371988,TRUE
"integrin_focal_adhesion",159,-0.136793513209036,-0.0285125757425529,FALSE
"integrin_focal_adhesion",160,-0.149083637420533,0.043761834235563,FALSE
"integrin_focal_adhesion",161,-0.0251648333133202,-0.0463433335302229,FALSE
"integrin_focal_adhesion",162,0.087107522104395,0.37599504794969,TRUE
"integrin_focal_adhesion",163,-0.0472702231755301,-0.0830923585296466,FALSE
"integrin_focal_adhesion",164,-0.285436963686123,-0.0391224026705405,FALSE
"integrin_focal_adhesion",165,-0.293990221360959,-0.336992175336662,FALSE
"integrin_focal_adhesion",166,-0.233341803934509,-0.24358677000126,FALSE
"integrin_focal_adhesion",167,-0.0615590618060109,0.184046849512427,FALSE
"integrin_focal_adhesion",168,-0.143863839115925,-0.237922874831801,FALSE
"integrin_focal_adhesion",169,-0.230205342356509,-0.204427051805313,FALSE
"integrin_focal_adhesion",170,0.187840746982814,0.114894215354503,TRUE
"integrin_focal_adhesion",171,-0.0334072355584029,0.0922870731607895,FALSE
"integrin_focal_adhesion",172,-0.0301724142749127,-0.221135346085758,FALSE
"integrin_focal_adhesion",173,-0.311396171823673,-0.0494718299014813,FALSE
"integrin_focal_adhesion",174,-0.038414839502075,-0.0589330399346801,FALSE
"integrin_focal_adhesion",175,0.178004550213751,0.136270861038359,TRUE
"integrin_focal_adhesion",176,0.0710254509006131,0.0267492105555363,TRUE
"integrin_focal_adhesion",177,-0.296481684582713,-0.186376024237822,FALSE
"integrin_focal_adhesion",178,0.0272834590915719,-0.0938109103723613,FALSE
"integrin_focal_adhesion",179,-0.0370031968064659,0.0841704897408317,FALSE
"integrin_focal_adhesion",180,-0.15216965969334,0.0119503113455856,FALSE
"integrin_focal_adhesion",181,0.121031022857962,-0.0536442855083379,FALSE
"integrin_focal_adhesion",182,-0.0179641820736902,0.0204795685412202,FALSE
"integrin_focal_adhesion",183,0.240054755668689,0.378654340578217,TRUE
"integrin_focal_adhesion",184,0.0415138152127925,0.175494342443073,TRUE
"integrin_focal_adhesion",185,-0.339853035169758,-0.312746612942281,FALSE
"integrin_focal_adhesion",186,0.0869558990622677,0.10520942207006,TRUE
"integrin_focal_adhesion",187,-0.0371614740821876,-0.000357855946171881,FALSE
"integrin_focal_adhesion",188,-0.0942576431394239,-0.25293737846157,FALSE
"integrin_focal_adhesion",189,0.235802377811248,-0.118722063121542,FALSE
"integrin_focal_adhesion",190,-0.179352711251696,-0.0817426191924022,FALSE
"integrin_focal_adhesion",191,-0.0107123501939947,0.0600623922099187,FALSE
"integrin_focal_adhesion",192,0.120615911550931,0.0541919061390688,TRUE
"integrin_focal_adhesion",193,-0.207215944333194,-0.0172815494446728,FALSE
"integrin_focal_adhesion",194,-0.138070964218297,0.205872911597611,FALSE
"integrin_focal_adhesion",195,0.0924402761408846,0.0951686665356947,TRUE
"integrin_focal_adhesion",196,-0.325401856162698,-0.270363623732788,FALSE
"integrin_focal_adhesion",197,-0.112590193171998,0.0749119592721419,FALSE
"integrin_focal_adhesion",198,-0.062220548786699,-0.164872325980664,FALSE
"integrin_focal_adhesion",199,0.112712503194861,0.0100711162099366,TRUE
"integrin_focal_adhesion",200,0.0560272332630807,0.335713420844874,TRUE
"integrin_focal_adhesion",201,-0.212192417476492,-0.363650250764165,FALSE
"integrin_focal_adhesion",202,0.134893269520166,0.286359690499959,TRUE
"integrin_focal_adhesion",203,-0.348756982070684,-0.400296509317813,FALSE
"integrin_focal_adhesion",204,-0.0191740234606831,-0.18104416796304,FALSE
"integrin_focal_adhesion",205,-0.146533103198889,-0.0840335076053548,FALSE
"integrin_focal_adhesion",206,-0.0428763905930026,0.0456001873218788,FALSE
"integrin_focal_adhesion",207,-0.391722429655769,-0.215044025938671,FALSE
"integrin_focal_adhesion",208,-0.125761189689263,-0.189429813381688,FALSE
"integrin_focal_adhesion",209,-0.0346892397787036,-0.108695954614153,FALSE
"integrin_focal_adhesion",210,-0.28268526181228,-0.139007431873141,FALSE
"integrin_focal_adhesion",211,-0.0512955350423015,0.137285218639205,FALSE
"integrin_focal_adhesion",212,0.101279835830815,0.067615714222008,TRUE
"integrin_focal_adhesion",213,-0.440932212682727,-0.177367737335742,FALSE
"integrin_focal_adhesion",214,-0.0762579806534382,-0.0740733057178791,FALSE
"integrin_focal_adhesion",215,-0.189508759779357,-0.200585551477221,FALSE
"integrin_focal_adhesion",216,-0.223324725353817,0.00983162098670254,FALSE
"integrin_focal_adhesion",217,-0.239620168000671,-0.14690755255624,FALSE
"integrin_focal_adhesion",218,-0.307146058015204,-0.207391632188142,FALSE
"integrin_focal_adhesion",219,-0.161078525847226,-0.0894816086137342,FALSE
"integrin_focal_adhesion",220,-0.169659827467247,0.0350343337231384,FALSE
"integrin_focal_adhesion",221,-0.133535885163699,-0.138842886340983,FALSE
"integrin_focal_adhesion",222,-0.0440670914820683,-0.0446680558719283,FALSE
"integrin_focal_adhesion",223,-0.233783012929569,-0.239256284303518,FALSE
"integrin_focal_adhesion",224,-0.450719135408781,-0.193349728739587,FALSE
"integrin_focal_adhesion",225,-0.270385526961089,-0.379514966817501,FALSE
"integrin_focal_adhesion",226,0.0835733570454045,0.147742914183062,TRUE
"integrin_focal_adhesion",227,-0.0170371940593665,-0.0509108821694863,FALSE
"integrin_focal_adhesion",228,-0.0289233137556237,-0.171307295629509,FALSE
"integrin_focal_adhesion",229,-0.0550587599374018,-0.0525574032040455,FALSE
"integrin_focal_adhesion",230,-0.12559905967793,-0.0853111929011057,FALSE
"integrin_focal_adhesion",231,0.26174369121502,0.184580281418993,TRUE
"integrin_focal_adhesion",232,-0.169835998760428,-0.12026277095947,FALSE
"integrin_focal_adhesion",233,-0.228041858509899,-0.452942892953712,FALSE
"integrin_focal_adhesion",234,-0.314189759631612,-0.277367955988115,FALSE
"integrin_focal_adhesion",235,-0.0335548814004877,0.00604849730205242,FALSE
"integrin_focal_adhesion",236,0.0406465923069451,-0.071341354877784,FALSE
"integrin_focal_adhesion",237,0.0557489283633963,-0.169081499866093,FALSE
"integrin_focal_adhesion",238,-0.0590311391941351,-0.0336472466748067,FALSE
"integrin_focal_adhesion",239,-0.0877054988178727,-0.048056770625952,FALSE
"integrin_focal_adhesion",240,-0.00495327899874629,0.116710463804754,FALSE
"integrin_focal_adhesion",241,0.0192091752169578,0.109005754746341,TRUE
"integrin_focal_adhesion",242,0.187410418396976,0.0174212363576004,TRUE
"integrin_focal_adhesion",243,-0.0282307552593303,0.00778304968643939,FALSE
"integrin_focal_adhesion",244,-0.228784923943142,-0.265913132184844,FALSE
"integrin_focal_adhesion",245,-0.100149980830062,-0.346351636413437,FALSE
"integrin_focal_adhesion",246,0.163813057633113,0.154086583248229,TRUE
"integrin_focal_adhesion",247,-0.258079255720148,-0.280718527194122,FALSE
"integrin_focal_adhesion",248,-0.229321661652322,-0.416909233179584,FALSE
"integrin_focal_adhesion",249,-0.454594034549116,-0.351402366282368,FALSE
"integrin_focal_adhesion",250,0.000912053450236178,-0.13728761770477,FALSE
"integrin_focal_adhesion",251,-0.0912916742307938,0.0671483237714483,FALSE
"integrin_focal_adhesion",252,-0.347775162005349,-0.215441444878931,FALSE
"integrin_focal_adhesion",253,-0.389969572059379,-0.270227187871791,FALSE
"integrin_focal_adhesion",254,-0.520557307166317,-0.504403010388765,FALSE
"integrin_focal_adhesion",255,-0.111687798545623,0.139617672354922,FALSE
"integrin_focal_adhesion",256,-0.0112974882384682,-0.0904352651276868,FALSE
"integrin_focal_adhesion",257,-0.217998700185604,-0.0740257999562798,FALSE
"integrin_focal_adhesion",258,-0.248029311724129,0.0857076542192841,FALSE
"integrin_focal_adhesion",259,-0.134562775461028,0.0924682596894265,FALSE
"integrin_focal_adhesion",260,-0.0305109879236704,-0.169093686660533,FALSE
"integrin_focal_adhesion",261,-0.293298788328003,-0.278858824664676,FALSE
"integrin_focal_adhesion",262,-0.0177041645443639,-0.0815714662470826,FALSE
"integrin_focal_adhesion",263,0.128560440512618,0.378271388263438,TRUE
"integrin_focal_adhesion",264,-0.0903209492750451,-0.123738345587224,FALSE
"integrin_focal_adhesion",265,0.139307879282218,0.0807003916706881,TRUE
"integrin_focal_adhesion",266,-0.0277570345542085,-0.191215644400611,FALSE
"integrin_focal_adhesion",267,0.0923758452718491,-0.0385896813475252,FALSE
"integrin_focal_adhesion",268,-0.333070101620788,-0.2810927086839,FALSE
"integrin_focal_adhesion",269,-0.335948065570177,-0.0872237172487156,FALSE
"integrin_focal_adhesion",270,-0.239901114896651,0.0103710673597308,FALSE
"integrin_focal_adhesion",271,-0.272356206338054,-0.243569959549614,FALSE
"integrin_focal_adhesion",272,-0.305668960280924,-0.297166683420044,FALSE
"integrin_focal_adhesion",273,-0.0826443726988853,-0.0542886127105182,FALSE
"integrin_focal_adhesion",274,-0.0156197691962724,0.0680379663270693,FALSE
"integrin_focal_adhesion",275,-0.000977940955851131,0.036256255021045,FALSE
"integrin_focal_adhesion",276,-0.185477732315903,-0.0247302923535596,FALSE
"integrin_focal_adhesion",277,-0.0527420519743232,-0.125210513932644,FALSE
"integrin_focal_adhesion",278,-0.00770571895537113,0.0660257126307556,FALSE
"integrin_focal_adhesion",279,-0.206878657115389,-0.313231773420821,FALSE
"integrin_focal_adhesion",280,0.0777680542263472,0.0193188704927519,TRUE
"integrin_focal_adhesion",281,0.0776554792674949,0.237118982512801,TRUE
"integrin_focal_adhesion",282,-0.392903676208689,-0.346939786252512,FALSE
"integrin_focal_adhesion",283,0.0403329421843893,0.122407547359455,TRUE
"integrin_focal_adhesion",284,-0.102698804125625,0.140543962844682,FALSE
"integrin_focal_adhesion",285,-0.125615669599204,-0.0250441968964538,FALSE
"integrin_focal_adhesion",286,-0.0862751808288022,-0.113636747108676,FALSE
"integrin_focal_adhesion",287,-0.106965991418337,-0.106428800342198,FALSE
"integrin_focal_adhesion",288,-0.124479600168865,-0.213959357326053,FALSE
"integrin_focal_adhesion",289,-0.0103123009522778,0.0294934501195062,FALSE
"integrin_focal_adhesion",290,0.122889934401014,0.0216445678324683,TRUE
"integrin_focal_adhesion",291,-0.173943967287197,-0.412697973404857,FALSE
"integrin_focal_adhesion",292,-0.0902834840885228,0.094541407412145,FALSE
"integrin_focal_adhesion",293,-0.183119572161353,0.0918343423423749,FALSE
"integrin_focal_adhesion",294,-0.193486897831805,-0.101932526066446,FALSE
"integrin_focal_adhesion",295,0.00755108962085648,0.230511161303874,TRUE
"integrin_focal_adhesion",296,-0.279285845415039,-0.24402189356551,FALSE
"integrin_focal_adhesion",297,0.260364206681408,0.00597943832049352,TRUE
"integrin_focal_adhesion",298,-0.107204249174561,-0.166319004226612,FALSE
"integrin_focal_adhesion",299,0.30866884625757,0.438042865626667,TRUE
"integrin_focal_adhesion",300,-0.0245875248153566,-0.0600528310207228,FALSE
"integrin_focal_adhesion",301,-0.173081016926092,-0.130181594314873,FALSE
"integrin_focal_adhesion",302,0.150607365963984,0.175854552992635,TRUE
"integrin_focal_adhesion",303,-0.392795008661729,-0.513255587026771,FALSE
"integrin_focal_adhesion",304,0.173054651862171,0.159930643562801,TRUE
"integrin_focal_adhesion",305,-0.000540591528888551,0.0272597148646049,FALSE
"integrin_focal_adhesion",306,0.11066826340171,0.00266156969152087,TRUE
"integrin_focal_adhesion",307,0.0645884540674463,-0.0440095530709557,FALSE
"integrin_focal_adhesion",308,-0.152840893802521,-0.253848378468065,FALSE
"integrin_focal_adhesion",309,-0.153730181700343,-0.010891379770115,FALSE
"integrin_focal_adhesion",310,-0.197110315410795,-0.27047296543835,FALSE
"integrin_focal_adhesion",311,-0.122565463098043,-0.187302979165548,FALSE
"integrin_focal_adhesion",312,-0.0453649389414623,0.0314593202031882,FALSE
"integrin_focal_adhesion",313,-0.0240116769424161,-0.0297933500481028,FALSE
"integrin_focal_adhesion",314,-0.293333145746711,-0.326605881700551,FALSE
"integrin_focal_adhesion",315,-0.0766651104867232,-0.182906745166375,FALSE
"integrin_focal_adhesion",316,0.0277284109326804,0.160044205242509,TRUE
"integrin_focal_adhesion",317,-0.124673943264925,0.0940352048244049,FALSE
"integrin_focal_adhesion",318,-0.388405468148543,-0.283865550489143,FALSE
"integrin_focal_adhesion",319,-0.0854042116414976,0.0693784101773773,FALSE
"integrin_focal_adhesion",320,-0.131730788061741,0.0844794010601445,FALSE
"integrin_focal_adhesion",321,-0.0463463650600619,0.156068752393903,FALSE
"integrin_focal_adhesion",322,-0.123478157219815,-0.192876293518699,FALSE
"integrin_focal_adhesion",323,-0.0849757184156739,-0.207166689256253,FALSE
"integrin_focal_adhesion",324,0.195774619087007,-0.0233353800426722,FALSE
"integrin_focal_adhesion",325,-0.382745660513798,-0.0913821334858817,FALSE
"integrin_focal_adhesion",326,-0.394250612340383,-0.222006826728699,FALSE
"integrin_focal_adhesion",327,-0.112869941668967,-0.018740903938607,FALSE
"integrin_focal_adhesion",328,-0.30720842125508,-0.234626447689614,FALSE
"integrin_focal_adhesion",329,0.0517399174725445,0.0603915247928504,TRUE
"integrin_focal_adhesion",330,-0.167924508947188,-0.0175503462933093,FALSE
"integrin_focal_adhesion",331,0.00672171318901134,0.0132819409690021,TRUE
"integrin_focal_adhesion",332,-0.15271543461426,0.0372221191991304,FALSE
"integrin_focal_adhesion",333,-0.0599325543227634,-0.0636557859338024,FALSE
"integrin_focal_adhesion",334,-0.109891512897115,-0.244706662911238,FALSE
"integrin_focal_adhesion",335,-0.207289397988983,-0.19953249838993,FALSE
"integrin_focal_adhesion",336,-0.213870696763001,-0.0912311010162314,FALSE
"integrin_focal_adhesion",337,-0.214051273727521,-0.418053825606813,FALSE
"integrin_focal_adhesion",338,0.0111993707273833,-0.218315051867199,FALSE
"integrin_focal_adhesion",339,-0.0360719355797297,-0.247745492299417,FALSE
"integrin_focal_adhesion",340,0.0889009101553994,0.16805868611863,TRUE
"integrin_focal_adhesion",341,0.0494833908669073,0.240224358122401,TRUE
"integrin_focal_adhesion",342,0.0506530015777039,0.225868239400947,TRUE
"integrin_focal_adhesion",343,-0.335813442744935,-0.561617516955741,FALSE
"integrin_focal_adhesion",344,0.150510590911237,0.000500043352899382,TRUE
"integrin_focal_adhesion",345,-0.290804001427367,-0.364031638402928,FALSE
"integrin_focal_adhesion",346,-0.256816408550434,-0.32718565796069,FALSE
"integrin_focal_adhesion",347,-0.22693237770076,0.140748636410725,FALSE
"integrin_focal_adhesion",348,-0.120392449476422,-0.160301374788098,FALSE
"integrin_focal_adhesion",349,-0.251322036671353,-0.210791356590698,FALSE
"integrin_focal_adhesion",350,-0.147913103416635,-0.498988295980397,FALSE
"integrin_focal_adhesion",351,-0.216515157958839,-0.309410977648,FALSE
"integrin_focal_adhesion",352,-0.0509472151790125,0.143329407885582,FALSE
"integrin_focal_adhesion",353,-0.0654107771277034,-0.022272530935812,FALSE
"integrin_focal_adhesion",354,-0.0553095330696004,0.0320363609628055,FALSE
"integrin_focal_adhesion",355,-0.116576131551441,-0.196081749645331,FALSE
"integrin_focal_adhesion",356,0.000631797091214026,0.0740946457613006,TRUE
"integrin_focal_adhesion",357,-0.0627992114808909,-0.0663503926070029,FALSE
"integrin_focal_adhesion",358,-0.193985977124054,-0.312604448346203,FALSE
"integrin_focal_adhesion",359,-0.0852824104102124,0.00409296553961969,FALSE
"integrin_focal_adhesion",360,-0.207636933877515,-0.1377301495646,FALSE
"integrin_focal_adhesion",361,-0.0276650387498357,-0.00190556546349885,FALSE
"integrin_focal_adhesion",362,-0.119071039445141,0.0554486411920075,FALSE
"integrin_focal_adhesion",363,-0.146290840354368,-0.3367896203107,FALSE
"integrin_focal_adhesion",364,-0.196235839159727,-0.23863022233796,FALSE
"integrin_focal_adhesion",365,-0.0962053701100252,0.10312905365188,FALSE
"integrin_focal_adhesion",366,-0.170289615613753,-0.112107922903667,FALSE
"integrin_focal_adhesion",367,-0.185728365365527,-0.185840332855874,FALSE
"integrin_focal_adhesion",368,-0.247976482271681,-0.358122630336852,FALSE
"integrin_focal_adhesion",369,-0.0204038642224115,-0.0329310883002212,FALSE
"integrin_focal_adhesion",370,-0.141941179392791,-0.283789956510411,FALSE
"integrin_focal_adhesion",371,0.00407210620947737,0.00141829125973791,TRUE
"integrin_focal_adhesion",372,0.163166825705286,0.10229100408075,TRUE
"integrin_focal_adhesion",373,-0.231500331211478,-0.256718852723162,FALSE
"integrin_focal_adhesion",374,-0.107092333665769,0.0051267251896443,FALSE
"integrin_focal_adhesion",375,-0.0676912052802177,-0.0641028745086088,FALSE
"integrin_focal_adhesion",376,-0.218041701381195,-0.338169914009702,FALSE
"integrin_focal_adhesion",377,0.0431012554204761,0.308337274683001,TRUE
"integrin_focal_adhesion",378,-0.198359766043464,-0.195584335596035,FALSE
"integrin_focal_adhesion",379,0.185749049934329,0.300622341649234,TRUE
"integrin_focal_adhesion",380,-0.14521508571813,-0.299998485566996,FALSE
"integrin_focal_adhesion",381,-0.18765304014504,0.0543355887556469,FALSE
"integrin_focal_adhesion",382,-0.265268950225002,-0.17348311469497,FALSE
"integrin_focal_adhesion",383,0.186195113158873,-0.00701242878571257,FALSE
"integrin_focal_adhesion",384,0.0990414934666685,0.0502604219452,TRUE
"integrin_focal_adhesion",385,0.241174741759768,0.167690644384465,TRUE
"integrin_focal_adhesion",386,-0.0281686121787446,0.197666581865981,FALSE
"integrin_focal_adhesion",387,-0.0761271117223525,0.0253933829089569,FALSE
"integrin_focal_adhesion",388,-0.0799593851550559,-0.288950942907807,FALSE
"integrin_focal_adhesion",389,0.086510829211568,0.13242466092515,TRUE
"integrin_focal_adhesion",390,0.0876280965977949,-0.0583028035035252,FALSE
"integrin_focal_adhesion",391,0.4335749240572,0.052482849599215,TRUE
"integrin_focal_adhesion",392,0.0845359030323351,0.0854164364203824,TRUE
"integrin_focal_adhesion",393,-0.275777679781676,-0.315817368009755,FALSE
"integrin_focal_adhesion",394,-0.00418266750564929,-0.0305609368083312,FALSE
"integrin_focal_adhesion",395,-0.191620184191706,0.0259933835454189,FALSE
"integrin_focal_adhesion",396,0.054663880991997,-0.088899683088339,FALSE
"integrin_focal_adhesion",397,-0.0507944159292064,-0.322985942877817,FALSE
"integrin_focal_adhesion",398,0.148314217677356,-0.0581683426573196,FALSE
"integrin_focal_adhesion",399,-0.138008308531386,0.17357319865249,FALSE
"integrin_focal_adhesion",400,-0.0278773933467185,0.143428828625431,FALSE
"integrin_focal_adhesion",401,0.0199032645948531,-0.488220675009819,FALSE
"integrin_focal_adhesion",402,0.0504649784461564,-0.186162613298716,FALSE
"integrin_focal_adhesion",403,-0.224556812790721,-0.0513715385141677,FALSE
"integrin_focal_adhesion",404,-0.0991947448204827,-0.149377577749934,FALSE
"integrin_focal_adhesion",405,-0.0507596930503146,-0.235908036859677,FALSE
"integrin_focal_adhesion",406,-0.151346641666944,-0.259734784838515,FALSE
"integrin_focal_adhesion",407,0.015708882517186,0.167772487378242,TRUE
"integrin_focal_adhesion",408,0.118814006948525,0.178050846642522,TRUE
"integrin_focal_adhesion",409,-0.258209972536937,-0.162829446981458,FALSE
"integrin_focal_adhesion",410,-0.467813427607237,-0.354802289777536,FALSE
"integrin_focal_adhesion",411,0.0326858270494601,0.0538120643231391,TRUE
"integrin_focal_adhesion",412,-0.0879992815166126,0.192422847649795,FALSE
"integrin_focal_adhesion",413,-0.08173454092635,-0.00251746597694225,FALSE
"integrin_focal_adhesion",414,-0.268849469008001,-0.0678714634433109,FALSE
"integrin_focal_adhesion",415,0.0670113520140777,-0.24315954466894,FALSE
"integrin_focal_adhesion",416,0.0107699256797845,0.0698311442196172,TRUE
"integrin_focal_adhesion",417,-0.134145418140316,0.0384688382181519,FALSE
"integrin_focal_adhesion",418,-0.508897955876456,-0.329918708170369,FALSE
"integrin_focal_adhesion",419,-0.163309702208867,0.0449080338692476,FALSE
"integrin_focal_adhesion",420,-0.256130983930405,-0.165066108979415,FALSE
"integrin_focal_adhesion",421,0.411523851724876,0.268119168289954,TRUE
"integrin_focal_adhesion",422,-0.104694071830094,-0.128167473796259,FALSE
"integrin_focal_adhesion",423,0.0986164104586994,-0.161547200673334,FALSE
"integrin_focal_adhesion",424,-0.178585939768885,-0.219714265894254,FALSE
"integrin_focal_adhesion",425,-0.0318469736219375,0.0553866420616032,FALSE
"integrin_focal_adhesion",426,-0.0843680846556777,-0.0778880058895048,FALSE
"integrin_focal_adhesion",427,0.00116576817828858,0.190338609792422,TRUE
"integrin_focal_adhesion",428,0.134661414658058,0.119286126526126,TRUE
"integrin_focal_adhesion",429,0.0871375287502878,0.140612509650579,TRUE
"integrin_focal_adhesion",430,-0.0830222268266193,0.242637481700029,FALSE
"integrin_focal_adhesion",431,-0.0630723346116857,0.165401001770938,FALSE
"integrin_focal_adhesion",432,-0.171197022547698,-0.163856125606487,FALSE
"integrin_focal_adhesion",433,-0.473378742371635,-0.467501021805766,FALSE
"integrin_focal_adhesion",434,-0.0803478185666324,-0.162133659562717,FALSE
"integrin_focal_adhesion",435,-0.124703521432083,-0.332140963204862,FALSE
"integrin_focal_adhesion",436,-0.322056221482671,-0.375485738185158,FALSE
"integrin_focal_adhesion",437,-0.097399235074163,-0.127102224217333,FALSE
"integrin_focal_adhesion",438,-0.313751209967181,-0.0910293200292092,FALSE
"integrin_focal_adhesion",439,-0.0686560439491144,-0.0750922199081555,FALSE
"integrin_focal_adhesion",440,-0.0891723450919528,-0.177314876028819,FALSE
"integrin_focal_adhesion",441,-0.106480176280068,0.0357157504096856,FALSE
"integrin_focal_adhesion",442,-0.200138066307117,-0.125071910891224,FALSE
"integrin_focal_adhesion",443,-0.188630098455933,-0.498160623591144,FALSE
"integrin_focal_adhesion",444,0.189885825064191,0.199843798451207,TRUE
"integrin_focal_adhesion",445,0.139735775671665,0.114661580066875,TRUE
"integrin_focal_adhesion",446,0.0510602755173061,-0.0784133925818813,FALSE
"integrin_focal_adhesion",447,-0.136523868514494,0.052398725245033,FALSE
"integrin_focal_adhesion",448,0.0283537335798951,0.17433425224412,TRUE
"integrin_focal_adhesion",449,-0.378264262591034,-0.440336748915757,FALSE
"integrin_focal_adhesion",450,-0.178958408246702,-0.118587374674441,FALSE
"integrin_focal_adhesion",451,-0.305944027488571,-0.229833659254422,FALSE
"integrin_focal_adhesion",452,-0.343097289158646,-0.180799793412001,FALSE
"integrin_focal_adhesion",453,-0.026317788798651,-0.100272425741621,FALSE
"integrin_focal_adhesion",454,-0.143895906147908,0.0500216885514898,FALSE
"integrin_focal_adhesion",455,-0.0383161521087899,-0.0230580989781484,FALSE
"integrin_focal_adhesion",456,-0.252248875687102,-0.21628431501059,FALSE
"integrin_focal_adhesion",457,-0.476601574309262,-0.478995252828897,FALSE
"integrin_focal_adhesion",458,-0.152536429923178,-0.153769101494278,FALSE
"integrin_focal_adhesion",459,-0.365120656305449,-0.277831793072357,FALSE
"integrin_focal_adhesion",460,0.107150325744436,0.270092981029023,TRUE
"integrin_focal_adhesion",461,-0.225628616506985,-0.23574841077244,FALSE
"integrin_focal_adhesion",462,0.363869034458843,0.123115676533323,TRUE
"integrin_focal_adhesion",463,0.186145680929736,0.222554090898993,TRUE
"integrin_focal_adhesion",464,-0.236442982155261,-0.218600171176809,FALSE
"integrin_focal_adhesion",465,-0.185020526575887,-0.00604431178240766,FALSE
"integrin_focal_adhesion",466,0.00909144140764685,0.249515270241604,TRUE
"integrin_focal_adhesion",467,-0.45196083441871,-0.296726677924475,FALSE
"integrin_focal_adhesion",468,0.00781589775388192,0.141291518223791,TRUE
"integrin_focal_adhesion",469,-0.14317741069154,-0.138210254782137,FALSE
"integrin_focal_adhesion",470,-0.168194931119489,-0.375492994483761,FALSE
"integrin_focal_adhesion",471,-0.0320879209200324,-0.0566181761273286,FALSE
"integrin_focal_adhesion",472,0.334139845314011,0.416185883566794,TRUE
"integrin_focal_adhesion",473,-0.151251037093812,-0.150908916515687,FALSE
"integrin_focal_adhesion",474,-0.0749012861538118,0.0102797923869526,FALSE
"integrin_focal_adhesion",475,-0.0297071320141557,-0.118209692820061,FALSE
"integrin_focal_adhesion",476,-0.16346040424736,-0.0582939701728171,FALSE
"integrin_focal_adhesion",477,-0.262452583124151,-0.24912904013274,FALSE
"integrin_focal_adhesion",478,-0.0946517509122983,0.0224741189999454,FALSE
"integrin_focal_adhesion",479,-0.0623268530755014,-0.351716837468395,FALSE
"integrin_focal_adhesion",480,-0.340348290373295,-0.120616091809434,FALSE
"integrin_focal_adhesion",481,-0.0636177173837301,-0.0713747849654995,FALSE
"integrin_focal_adhesion",482,-0.371466199571779,-0.339290830894691,FALSE
"integrin_focal_adhesion",483,-0.216883743643691,-0.186636188607748,FALSE
"integrin_focal_adhesion",484,-0.271806769411772,-0.129851859599749,FALSE
"integrin_focal_adhesion",485,-0.180458452996291,0.0519110269100222,FALSE
"integrin_focal_adhesion",486,-0.357809079249,-0.468774027176174,FALSE
"integrin_focal_adhesion",487,-0.0908232863033821,0.136588876086228,FALSE
"integrin_focal_adhesion",488,-0.160551894201456,-0.418138330510252,FALSE
"integrin_focal_adhesion",489,-0.171449753075532,-0.130068676650288,FALSE
"integrin_focal_adhesion",490,-0.332218140109983,-0.424736255226387,FALSE
"integrin_focal_adhesion",491,-0.286647417203625,-0.0962519429515133,FALSE
"integrin_focal_adhesion",492,-0.245368286503204,-0.0265695181692072,FALSE
"integrin_focal_adhesion",493,-0.313020714842948,-0.102918199081123,FALSE
"integrin_focal_adhesion",494,-0.162904256459826,-0.0846020298978852,FALSE
"integrin_focal_adhesion",495,0.0601574921775232,-0.133908311508302,FALSE
"integrin_focal_adhesion",496,-0.0938139870862223,0.137237976780989,FALSE
"integrin_focal_adhesion",497,-0.40404422996705,-0.418416132029701,FALSE
"integrin_focal_adhesion",498,0.149386575172087,0.0626203051734258,TRUE
"integrin_focal_adhesion",499,-0.136959808610508,-0.171819579864778,FALSE
"integrin_focal_adhesion",500,-0.0896744831205626,0.0707121869242043,FALSE
"hippo_yap_taz",1,-0.0696513637382439,0.0210032388016325,FALSE
"hippo_yap_taz",2,-0.263980670547941,-0.068598649877826,FALSE
"hippo_yap_taz",3,0.370774296093937,0.115724526370944,TRUE
"hippo_yap_taz",4,-0.071690750471316,-0.372499792045349,FALSE
"hippo_yap_taz",5,-0.087840531987167,-0.133875815447917,FALSE
"hippo_yap_taz",6,-0.0448138689226328,0.0783859660459482,FALSE
"hippo_yap_taz",7,-0.327340415294915,-0.169707834774407,FALSE
"hippo_yap_taz",8,0.0752242242835551,-0.0405427158844861,FALSE
"hippo_yap_taz",9,-0.253033107319811,-0.363000454771226,FALSE
"hippo_yap_taz",10,-0.217000411945036,-0.191609546284869,FALSE
"hippo_yap_taz",11,-0.142356121778905,-0.0505629657382408,FALSE
"hippo_yap_taz",12,-0.00163204731215022,-0.224997836973336,FALSE
"hippo_yap_taz",13,0.0263624131709577,0.156205181073262,TRUE
"hippo_yap_taz",14,-0.229770354178709,-0.0810052647639649,FALSE
"hippo_yap_taz",15,-0.0695328207429406,-0.179713153073769,FALSE
"hippo_yap_taz",16,-0.0965169206261471,-0.175561806675434,FALSE
"hippo_yap_taz",17,-0.207322431041527,-0.496808486534186,FALSE
"hippo_yap_taz",18,-0.291987361173681,-0.413699561658454,FALSE
"hippo_yap_taz",19,-0.212588585652121,-0.391985324345346,FALSE
"hippo_yap_taz",20,0.148113242557099,0.0850129227507208,TRUE
"hippo_yap_taz",21,0.0288214857982998,0.00783693201661512,TRUE
"hippo_yap_taz",22,0.0116786470350169,-0.341326858074788,FALSE
"hippo_yap_taz",23,-0.0727550796996404,-0.169732915600515,FALSE
"hippo_yap_taz",24,0.0842762876727591,-0.318907568853846,FALSE
"hippo_yap_taz",25,-0.199159972335066,-0.54037494830531,FALSE
"hippo_yap_taz",26,0.0796951415381212,0.124236213930352,TRUE
"hippo_yap_taz",27,-0.105492356839581,-0.476115626913901,FALSE
"hippo_yap_taz",28,-0.375490223669598,-0.513640539099378,FALSE
"hippo_yap_taz",29,0.0888209459637021,-0.136701756794177,FALSE
"hippo_yap_taz",30,-0.0950518698134759,-0.105696513087943,FALSE
"hippo_yap_taz",31,-0.0312435303142476,-0.315574896376889,FALSE
"hippo_yap_taz",32,-0.31318099535352,-0.38731948857838,FALSE
"hippo_yap_taz",33,0.214336874152316,0.251728892287909,TRUE
"hippo_yap_taz",34,-0.289701730263814,0.137747543823705,FALSE
"hippo_yap_taz",35,-0.460560945131203,-0.513567090830799,FALSE
"hippo_yap_taz",36,0.105747679458437,0.0341366522477277,TRUE
"hippo_yap_taz",37,0.00865814217258013,0.107905493197026,TRUE
"hippo_yap_taz",38,-0.0408607222286038,-0.0980026379217122,FALSE
"hippo_yap_taz",39,-0.260237932039053,-0.19427720572973,FALSE
"hippo_yap_taz",40,-0.0931041742990055,-0.101311154770744,FALSE
"hippo_yap_taz",41,-0.210731808926673,-0.595020655238983,FALSE
"hippo_yap_taz",42,-0.0751596259389728,-0.0663158994398617,FALSE
"hippo_yap_taz",43,-0.047599380656423,0.0465287994684342,FALSE
"hippo_yap_taz",44,-0.164032077507582,-0.355292307593463,FALSE
"hippo_yap_taz",45,0.0479822350208252,-0.0883919764254017,FALSE
"hippo_yap_taz",46,0.116649698651515,-0.0273389121845355,FALSE
"hippo_yap_taz",47,-0.027922356907249,-0.223122005844759,FALSE
"hippo_yap_taz",48,-0.163532984132615,-0.168182754264353,FALSE
"hippo_yap_taz",49,-0.275487506182344,-0.948488052308528,FALSE
"hippo_yap_taz",50,-0.121506531897139,-0.133644078385905,FALSE
"hippo_yap_taz",51,0.0829528655882959,-0.540223947402647,FALSE
"hippo_yap_taz",52,-0.206780341582735,0.248097618450836,FALSE
"hippo_yap_taz",53,-0.227037893032287,-0.112258381833056,FALSE
"hippo_yap_taz",54,0.122706555132947,0.0397112577373854,TRUE
"hippo_yap_taz",55,-0.0515057262473443,0.0573426418500736,FALSE
"hippo_yap_taz",56,0.0995539190251216,0.0903019345026866,TRUE
"hippo_yap_taz",57,0.0711902081560248,0.0380547289514899,TRUE
"hippo_yap_taz",58,-0.0292633842639448,-0.234023813926425,FALSE
"hippo_yap_taz",59,0.25913816406079,-0.0112687278169775,FALSE
"hippo_yap_taz",60,-0.0262715392437155,-0.232238253292995,FALSE
"hippo_yap_taz",61,-0.116283296692805,-0.267805605921336,FALSE
"hippo_yap_taz",62,-0.197484183016799,-0.0662085215668027,FALSE
"hippo_yap_taz",63,-0.404520755847478,-0.310797629728536,FALSE
"hippo_yap_taz",64,0.285487932240717,0.0601876351172313,TRUE
"hippo_yap_taz",65,-0.288995042971564,-0.439860575872246,FALSE
"hippo_yap_taz",66,-0.346679967696794,-0.131602004903456,FALSE
"hippo_yap_taz",67,-0.152857584814995,-0.0856158870823024,FALSE
"hippo_yap_taz",68,0.164138020505463,0.0738971770470804,TRUE
"hippo_yap_taz",69,-0.374644808147753,-0.412676856230466,FALSE
"hippo_yap_taz",70,-0.0953969313218085,-0.183209240681445,FALSE
"hippo_yap_taz",71,0.0405454397594252,0.154627707761232,TRUE
"hippo_yap_taz",72,0.135803335564588,0.314708264430038,TRUE
"hippo_yap_taz",73,-0.0714089497828281,-0.201009007167141,FALSE
"hippo_yap_taz",74,-0.109863631918539,0.0182618418131173,FALSE
"hippo_yap_taz",75,-0.371115231999945,-0.228848762292509,FALSE
"hippo_yap_taz",76,0.00440824709699056,0.114264276150303,TRUE
"hippo_yap_taz",77,0.085135557667944,-0.19623028354257,FALSE
"hippo_yap_taz",78,-0.255035692680809,-0.538091338796704,FALSE
"hippo_yap_taz",79,0.403831189566569,-0.219047157309265,FALSE
"hippo_yap_taz",80,-0.399138413861418,-0.715101126768193,FALSE
"hippo_yap_taz",81,-0.461724707715075,-0.196250103709333,FALSE
"hippo_yap_taz",82,0.172814805769305,-0.19213877287377,FALSE
"hippo_yap_taz",83,0.066036517824253,0.00232183698593813,TRUE
"hippo_yap_taz",84,-0.0326616131885036,-0.182647432819874,FALSE
"hippo_yap_taz",85,0.0804742985499003,-0.0510274435775396,FALSE
"hippo_yap_taz",86,0.0172892048456867,0.219424305508292,TRUE
"hippo_yap_taz",87,0.0261353480625896,0.0502425898089709,TRUE
"hippo_yap_taz",88,-0.200249918998172,-0.0675491732325134,FALSE
"hippo_yap_taz",89,-0.186325894090563,-0.178883936363784,FALSE
"hippo_yap_taz",90,0.0957845060345245,-0.151454580272128,FALSE
"hippo_yap_taz",91,-0.163319641723224,-0.194631402363218,FALSE
"hippo_yap_taz",92,-0.284244715259339,-0.0974586231898941,FALSE
"hippo_yap_taz",93,-0.0837446130020379,0.0450323966148848,FALSE
"hippo_yap_taz",94,0.120384915866818,0.12108215193584,TRUE
"hippo_yap_taz",95,-0.140812832124764,-0.285289743356146,FALSE
"hippo_yap_taz",96,0.240487236111106,0.093938286413055,TRUE
"hippo_yap_taz",97,-0.038868045496121,-0.0606422603443162,FALSE
"hippo_yap_taz",98,-0.131811289783759,-0.160199091996247,FALSE
"hippo_yap_taz",99,-0.232952615417523,-0.665778399671226,FALSE
"hippo_yap_taz",100,-0.0754083460425553,0.124000014542708,FALSE
"hippo_yap_taz",101,0.314073759720463,0.211471296336273,TRUE
"hippo_yap_taz",102,-0.155976686760413,0.0923112204927043,FALSE
"hippo_yap_taz",103,-0.277182918972229,-0.464403004574123,FALSE
"hippo_yap_taz",104,-0.00315706273979302,-0.101361667785911,FALSE
"hippo_yap_taz",105,-0.316706304499029,-0.380717667727966,FALSE
"hippo_yap_taz",106,0.305838709344877,0.195424774079779,TRUE
"hippo_yap_taz",107,-0.0726542425885354,-0.432133920233069,FALSE
"hippo_yap_taz",108,0.00354156730504329,-0.0312733551271231,FALSE
"hippo_yap_taz",109,0.0228007431074082,0.168877784725355,TRUE
"hippo_yap_taz",110,-0.157837899816203,-0.24217265441643,FALSE
"hippo_yap_taz",111,-0.103476844220681,0.112984224326405,FALSE
"hippo_yap_taz",112,-0.10906330551463,-0.168829906593149,FALSE
"hippo_yap_taz",113,0.0790100720397769,0.073132554722684,TRUE
"hippo_yap_taz",114,-0.199282188624105,-0.187079888472189,FALSE
"hippo_yap_taz",115,-0.135063407085956,-0.431586136388032,FALSE
"hippo_yap_taz",116,-0.49563603059451,-0.601632859466506,FALSE
"hippo_yap_taz",117,-0.0652325957959234,-0.288930038834981,FALSE
"hippo_yap_taz",118,0.368041607290307,0.259222627330346,TRUE
"hippo_yap_taz",119,0.0407311766914338,-0.0664741776549818,FALSE
"hippo_yap_taz",120,-0.205916036413918,-0.463594765190056,FALSE
"hippo_yap_taz",121,0.0592887402706795,-0.0282379773414611,FALSE
"hippo_yap_taz",122,-0.147526938722743,-0.313892143605656,FALSE
"hippo_yap_taz",123,0.0354759278135306,-0.130514557062451,FALSE
"hippo_yap_taz",124,0.195315676142795,0.118312509993831,TRUE
"hippo_yap_taz",125,-0.0257475808053742,-0.239385037448461,FALSE
"hippo_yap_taz",126,-0.19746741741075,-0.207750488934036,FALSE
"hippo_yap_taz",127,-0.138238906515721,-0.13659431046563,FALSE
"hippo_yap_taz",128,-0.127382856014597,-0.119439225183021,FALSE
"hippo_yap_taz",129,0.0432188629556414,-0.124447289676149,FALSE
"hippo_yap_taz",130,-0.319138435004814,-0.421017903041,FALSE
"hippo_yap_taz",131,0.321816551540569,0.328268671363086,TRUE
"hippo_yap_taz",132,-0.216589989524947,-0.0847395856444559,FALSE
"hippo_yap_taz",133,-0.0804553678326696,0.114601092678132,FALSE
"hippo_yap_taz",134,-0.0478883062217186,-0.0497554418651719,FALSE
"hippo_yap_taz",135,-0.422043693609799,-0.537430859034367,FALSE
"hippo_yap_taz",136,0.251111521528132,0.370897873159828,TRUE
"hippo_yap_taz",137,-0.220528957777717,-0.387630949549383,FALSE
"hippo_yap_taz",138,0.106067456488086,-0.186506000173021,FALSE
"hippo_yap_taz",139,0.0202321172418479,-0.287068682431587,FALSE
"hippo_yap_taz",140,-0.136158774509481,-0.188947329746476,FALSE
"hippo_yap_taz",141,-0.284169558215065,-0.0998004549624087,FALSE
"hippo_yap_taz",142,0.384575126919981,-0.160723181229035,FALSE
"hippo_yap_taz",143,0.277375595515066,0.0326190980278107,TRUE
"hippo_yap_taz",144,-0.0926294350590017,-0.496273976844773,FALSE
"hippo_yap_taz",145,0.509991008761623,0.179584144015498,TRUE
"hippo_yap_taz",146,-0.407688504867689,-0.10986974899778,FALSE
"hippo_yap_taz",147,0.348710470452793,0.283928004402957,TRUE
"hippo_yap_taz",148,-0.143391732498122,0.0132704465228202,FALSE
"hippo_yap_taz",149,0.228338258777536,0.170864084531463,TRUE
"hippo_yap_taz",150,-0.0946913966912339,0.109288546663166,FALSE
"hippo_yap_taz",151,-0.0710324102488736,-0.10276728035463,FALSE
"hippo_yap_taz",152,0.0890622770329499,0.0699185667437204,TRUE
"hippo_yap_taz",153,-0.289470684069244,-0.355077191798657,FALSE
"hippo_yap_taz",154,-0.0351354565033345,-0.0945472649151677,FALSE
"hippo_yap_taz",155,-0.535868894204093,-0.3776631413242,FALSE
"hippo_yap_taz",156,-0.271685568100647,-0.522902434431274,FALSE
"hippo_yap_taz",157,0.0148065434996529,-0.134713210002482,FALSE
"hippo_yap_taz",158,0.0849098326749858,-0.269188110525113,FALSE
"hippo_yap_taz",159,-0.318108306439894,-0.0687062342891673,FALSE
"hippo_yap_taz",160,0.0760824836625107,0.200974258302635,TRUE
"hippo_yap_taz",161,-0.203536045361018,-0.346389221896972,FALSE
"hippo_yap_taz",162,-0.22415353496322,-0.336286786895706,FALSE
"hippo_yap_taz",163,-0.142492959574197,-0.212618321548737,FALSE
"hippo_yap_taz",164,-0.104952496766772,-0.390934127306117,FALSE
"hippo_yap_taz",165,-0.0742591972507854,0.136734865094065,FALSE
"hippo_yap_taz",166,-0.241262847138077,-0.113878837524143,FALSE
"hippo_yap_taz",167,-0.00741503311137287,-0.103160517694907,FALSE
"hippo_yap_taz",168,-0.0901326003720518,-0.0227431490894073,FALSE
"hippo_yap_taz",169,-0.0220037559600108,-0.215354271088875,FALSE
"hippo_yap_taz",170,-0.103303430463204,-0.247703336298549,FALSE
"hippo_yap_taz",171,-0.0286154667682734,-0.344540547866035,FALSE
"hippo_yap_taz",172,0.143242949579891,0.0193723839219216,TRUE
"hippo_yap_taz",173,-0.0589424382153395,-0.0686878495495766,FALSE
"hippo_yap_taz",174,-0.145946130537042,-0.476690272085148,FALSE
"hippo_yap_taz",175,-0.0267875134988657,0.0954198832362877,FALSE
"hippo_yap_taz",176,-0.278105546158271,-0.262991677702964,FALSE
"hippo_yap_taz",177,-0.216873520137357,-0.310490909585454,FALSE
"hippo_yap_taz",178,0.026443647065984,0.137638897785877,TRUE
"hippo_yap_taz",179,0.0653854866387527,0.204454202997166,TRUE
"hippo_yap_taz",180,-0.00419865551676826,-0.0708368376239978,FALSE
"hippo_yap_taz",181,-0.0895330039593335,-0.281527912947586,FALSE
"hippo_yap_taz",182,-0.370933655178995,-0.122342992848663,FALSE
"hippo_yap_taz",183,0.0672432722360709,0.180142281940729,TRUE
"hippo_yap_taz",184,0.156720568859383,-0.072399200073431,FALSE
"hippo_yap_taz",185,-0.0839708312774702,-0.419166205574201,FALSE
"hippo_yap_taz",186,-0.224404665666144,-0.366065474919343,FALSE
"hippo_yap_taz",187,0.309454371306339,-0.0399184464851567,FALSE
"hippo_yap_taz",188,-0.208893679180287,-0.234547317703545,FALSE
"hippo_yap_taz",189,-0.156773605744682,-0.180393948886944,FALSE
"hippo_yap_taz",190,-0.0572188928276152,-0.197358908926006,FALSE
"hippo_yap_taz",191,-0.117734993044352,-0.0155152303651318,FALSE
"hippo_yap_taz",192,-0.253829005306444,-0.137139246078715,FALSE
"hippo_yap_taz",193,-0.128822800234947,-0.0386584136595141,FALSE
"hippo_yap_taz",194,-0.515895287709555,-0.230098740653495,FALSE
"hippo_yap_taz",195,0.0292949966460029,-0.251364436701627,FALSE
"hippo_yap_taz",196,-0.18596303954896,-0.281983425797172,FALSE
"hippo_yap_taz",197,-0.0552827531409745,-0.197443423045604,FALSE
"hippo_yap_taz",198,-0.172782144118928,-0.195705228104051,FALSE
"hippo_yap_taz",199,0.0595385103054619,-0.209574401316787,FALSE
"hippo_yap_taz",200,-0.229646361187595,-0.463423113261419,FALSE
"hippo_yap_taz",201,-0.0426593369206893,-0.317299296693139,FALSE
"hippo_yap_taz",202,-0.0598626361786135,0.0101418764071267,FALSE
"hippo_yap_taz",203,-0.0252350165132602,-0.184184152748499,FALSE
"hippo_yap_taz",204,-0.00667637265413437,0.310083245466455,FALSE
"hippo_yap_taz",205,0.141057333194749,0.189060725350249,TRUE
"hippo_yap_taz",206,0.107630105410404,0.00605959142267268,TRUE
"hippo_yap_taz",207,-0.33656868658836,-0.0331367627968542,FALSE
"hippo_yap_taz",208,-0.431774656225542,-0.422516276684844,FALSE
"hippo_yap_taz",209,0.295688238263953,0.109734256058856,TRUE
"hippo_yap_taz",210,-0.0643167200094317,-0.139452002194412,FALSE
"hippo_yap_taz",211,-0.298385472514012,0.045491378389923,FALSE
"hippo_yap_taz",212,-0.0479505930600309,-0.138360526760764,FALSE
"hippo_yap_taz",213,-0.0767034859225855,0.0842345077522589,FALSE
"hippo_yap_taz",214,0.0458125486326211,-0.139950856874878,FALSE
"hippo_yap_taz",215,-0.24322750591737,-0.315565287253633,FALSE
"hippo_yap_taz",216,0.253748443744086,-0.11417284665044,FALSE
"hippo_yap_taz",217,-0.0977941133558174,-0.120640172969377,FALSE
"hippo_yap_taz",218,-0.00482480583432068,-0.00836798536078287,FALSE
"hippo_yap_taz",219,-0.280152641580197,0.0556139945735075,FALSE
"hippo_yap_taz",220,-0.251907669670975,-0.366099443145529,FALSE
"hippo_yap_taz",221,0.101655003925879,0.177922744822166,TRUE
"hippo_yap_taz",222,0.161192210836363,0.206197975291447,TRUE
"hippo_yap_taz",223,-0.348079596416581,-0.476428034413673,FALSE
"hippo_yap_taz",224,-0.220132775394422,-0.261774878287372,FALSE
"hippo_yap_taz",225,-0.281126865211988,-0.225342451235163,FALSE
"hippo_yap_taz",226,-0.167800127927281,-0.210281432488424,FALSE
"hippo_yap_taz",227,-0.299956426724964,-0.17570552093177,FALSE
"hippo_yap_taz",228,0.11075375289837,0.320244301916623,TRUE
"hippo_yap_taz",229,-0.549013276702958,-0.601498855636851,FALSE
"hippo_yap_taz",230,-0.101433687908156,-0.146856483188014,FALSE
"hippo_yap_taz",231,-0.0906265485920286,-0.551360547215198,FALSE
"hippo_yap_taz",232,-0.0340139177055632,-0.388554806032681,FALSE
"hippo_yap_taz",233,-0.272833555894165,-0.216493874031143,FALSE
"hippo_yap_taz",234,-0.315415468152674,-0.335585664907342,FALSE
"hippo_yap_taz",235,-0.22108355615514,0.131726888167305,FALSE
"hippo_yap_taz",236,-0.0992626166614778,-0.293340235131531,FALSE
"hippo_yap_taz",237,-0.145285326900041,-0.0419905057011103,FALSE
"hippo_yap_taz",238,0.0823703376165452,0.0857074289994005,TRUE
"hippo_yap_taz",239,-0.253946265861266,0.102473198553473,FALSE
"hippo_yap_taz",240,-0.0647100764443664,-0.201202049556911,FALSE
"hippo_yap_taz",241,-0.496576895387326,-0.29149388870646,FALSE
"hippo_yap_taz",242,-0.0273729366905134,-0.283455397467464,FALSE
"hippo_yap_taz",243,0.254800146228263,0.0771065007395906,TRUE
"hippo_yap_taz",244,-0.222412035608712,-0.431669058750527,FALSE
"hippo_yap_taz",245,-0.125381949483183,-0.536790429578899,FALSE
"hippo_yap_taz",246,-0.375450016519372,-0.458918416280508,FALSE
"hippo_yap_taz",247,0.299770506766855,0.137701465550141,TRUE
"hippo_yap_taz",248,-0.339441596073597,-0.367977464073224,FALSE
"hippo_yap_taz",249,-0.196526377585274,-0.0532293244376707,FALSE
"hippo_yap_taz",250,-0.256719397902022,-0.175269814078872,FALSE
"hippo_yap_taz",251,-0.123992586642638,-0.281486321442991,FALSE
"hippo_yap_taz",252,0.075584092164401,-0.262729891446438,FALSE
"hippo_yap_taz",253,-0.157537472327219,0.0169241461147666,FALSE
"hippo_yap_taz",254,0.0646493872332101,0.238093527610514,TRUE
"hippo_yap_taz",255,-0.0683568118981496,-0.0287498723651749,FALSE
"hippo_yap_taz",256,-0.050671470145529,-0.561724160891467,FALSE
"hippo_yap_taz",257,-0.127547757058671,-0.330187836997672,FALSE
"hippo_yap_taz",258,-0.139646064350086,-0.162925540046734,FALSE
"hippo_yap_taz",259,-0.154418618192764,-0.110689092027611,FALSE
"hippo_yap_taz",260,-0.271145045795213,-0.327761564969063,FALSE
"hippo_yap_taz",261,0.129567942255905,0.0808851553989291,TRUE
"hippo_yap_taz",262,-0.164702449416294,-0.307251306374069,FALSE
"hippo_yap_taz",263,-0.161455660689104,-0.152328726298609,FALSE
"hippo_yap_taz",264,-0.207801386648938,-0.205494719729456,FALSE
"hippo_yap_taz",265,0.0514222137073683,-0.122625608195293,FALSE
"hippo_yap_taz",266,-0.23026679683165,-0.0326549719440521,FALSE
"hippo_yap_taz",267,-0.364194363837972,-0.124957606955443,FALSE
"hippo_yap_taz",268,0.0826867171978841,-0.04716790492126,FALSE
"hippo_yap_taz",269,-0.20780550709403,-0.0797028500661539,FALSE
"hippo_yap_taz",270,0.0404982701440041,-0.0557214173732022,FALSE
"hippo_yap_taz",271,-0.153846970343037,-0.0662252085784296,FALSE
"hippo_yap_taz",272,-0.0265200678996801,-0.0636507653072749,FALSE
"hippo_yap_taz",273,0.0432998396999474,-0.0529404924378177,FALSE
"hippo_yap_taz",274,-0.226376325183055,-0.404975975278078,FALSE
"hippo_yap_taz",275,-0.11179986078169,0.257740472986587,FALSE
"hippo_yap_taz",276,0.0892511403038037,-0.225403600299383,FALSE
"hippo_yap_taz",277,-0.0578421703717916,-0.282431590529702,FALSE
"hippo_yap_taz",278,-0.0799714025925453,-0.282177740939149,FALSE
"hippo_yap_taz",279,-0.336002389602012,-0.676002585070073,FALSE
"hippo_yap_taz",280,0.0633641897448381,0.00495933772700291,TRUE
"hippo_yap_taz",281,-0.493593206584564,-0.292564571476981,FALSE
"hippo_yap_taz",282,-0.330896814090934,-0.337666132413567,FALSE
"hippo_yap_taz",283,-0.161458736077495,-0.00836909725019053,FALSE
"hippo_yap_taz",284,-0.149469087027963,-0.213872492248147,FALSE
"hippo_yap_taz",285,-0.423484614111048,-0.222114010881006,FALSE
"hippo_yap_taz",286,0.0658977387660172,-0.0617939775214668,FALSE
"hippo_yap_taz",287,-0.0903814114415699,-0.0764267068233166,FALSE
"hippo_yap_taz",288,-0.00558048678677794,0.441870715970534,FALSE
"hippo_yap_taz",289,-0.192678259850375,-0.27111772496651,FALSE
"hippo_yap_taz",290,-0.294430724325045,-0.350937248478963,FALSE
"hippo_yap_taz",291,-0.0237283556404374,0.0921142345924245,FALSE
"hippo_yap_taz",292,0.318872277211633,0.126773530393618,TRUE
"hippo_yap_taz",293,0.228838726507226,0.092068609002277,TRUE
"hippo_yap_taz",294,-0.023282917443278,0.0164257553395241,FALSE
"hippo_yap_taz",295,-0.08634806312545,-0.238695078097725,FALSE
"hippo_yap_taz",296,0.111929566961584,0.429053982375459,TRUE
"hippo_yap_taz",297,0.264512200903653,0.0107471587019427,TRUE
"hippo_yap_taz",298,-0.218420429941803,0.138831600748547,FALSE
"hippo_yap_taz",299,0.226481275627152,0.0135149938022485,TRUE
"hippo_yap_taz",300,-0.378917117763739,-0.157894075835237,FALSE
"hippo_yap_taz",301,-0.0356733890586571,-0.0557371931965115,FALSE
"hippo_yap_taz",302,-0.146427897120717,-0.195544601596333,FALSE
"hippo_yap_taz",303,0.199269813358496,0.0404255294791544,TRUE
"hippo_yap_taz",304,0.160364366785861,-0.14344467254533,FALSE
"hippo_yap_taz",305,0.0990293788498555,0.00775768436661711,TRUE
"hippo_yap_taz",306,0.0971650770988896,0.250436744458621,TRUE
"hippo_yap_taz",307,-0.0691222135215495,-0.168237886833466,FALSE
"hippo_yap_taz",308,0.236820197638558,0.0274905850251976,TRUE
"hippo_yap_taz",309,-0.154054720504965,-0.0361043051503797,FALSE
"hippo_yap_taz",310,-0.1555901485921,-0.0874425793860474,FALSE
"hippo_yap_taz",311,0.183332707319854,0.298143029824099,TRUE
"hippo_yap_taz",312,-0.184530967112509,-0.368864449600963,FALSE
"hippo_yap_taz",313,-0.00790818823867089,-0.0644412658388189,FALSE
"hippo_yap_taz",314,-0.203912161154949,0.0511891940052911,FALSE
"hippo_yap_taz",315,-0.256052682965118,-0.470307816099504,FALSE
"hippo_yap_taz",316,0.236667676758782,0.215351413629662,TRUE
"hippo_yap_taz",317,-0.120949267378857,-0.213719665531525,FALSE
"hippo_yap_taz",318,0.0239661736991076,0.109786486104032,TRUE
"hippo_yap_taz",319,-0.264865803735605,-0.307320252386174,FALSE
"hippo_yap_taz",320,-0.124035794201166,-0.238358146433289,FALSE
"hippo_yap_taz",321,-0.135406501865791,-0.108449992759393,FALSE
"hippo_yap_taz",322,-0.156281622883826,-0.329110987300773,FALSE
"hippo_yap_taz",323,-0.20588263947838,-0.353483076494138,FALSE
"hippo_yap_taz",324,-0.260930679326422,-0.338161279368911,FALSE
"hippo_yap_taz",325,-0.00991966313054299,-0.232662780323261,FALSE
"hippo_yap_taz",326,-0.314689791316914,-0.144535034706991,FALSE
"hippo_yap_taz",327,0.171407290818271,0.196898024280997,TRUE
"hippo_yap_taz",328,-0.0864659838239828,-0.251151381535591,FALSE
"hippo_yap_taz",329,0.0767983593587186,0.201805621234203,TRUE
"hippo_yap_taz",330,-0.288822524143296,-0.225795999512942,FALSE
"hippo_yap_taz",331,-0.0438155487670571,-0.0603010567551012,FALSE
"hippo_yap_taz",332,-0.211219834580146,-0.311409623771611,FALSE
"hippo_yap_taz",333,0.108614404778186,0.343941127233545,TRUE
"hippo_yap_taz",334,-0.206155361221224,-0.550298424082064,FALSE
"hippo_yap_taz",335,0.0252916405032181,0.197528374439254,TRUE
"hippo_yap_taz",336,-0.0235201824324951,-0.0766847358754423,FALSE
"hippo_yap_taz",337,-0.237007114169331,-0.035464970461799,FALSE
"hippo_yap_taz",338,0.121875066207201,-0.0724639895472666,FALSE
"hippo_yap_taz",339,-0.0652084622310144,-0.172509408417269,FALSE
"hippo_yap_taz",340,-0.125453215693882,-0.146457839220263,FALSE
"hippo_yap_taz",341,0.117891994972841,0.0703295822734144,TRUE
"hippo_yap_taz",342,-0.225787559719078,0.0925551336641579,FALSE
"hippo_yap_taz",343,-0.106216471137686,-0.166434289215257,FALSE
"hippo_yap_taz",344,-0.0718168798543534,-0.181594131560005,FALSE
"hippo_yap_taz",345,-0.211259288864658,-0.406513338004934,FALSE
"hippo_yap_taz",346,-0.417376929518412,-0.362807122533484,FALSE
"hippo_yap_taz",347,-0.026934555820911,-0.516442402267926,FALSE
"hippo_yap_taz",348,0.236693716614034,0.0944379217328392,TRUE
"hippo_yap_taz",349,0.150376037815677,0.240545725035693,TRUE
"hippo_yap_taz",350,0.151245261101826,0.0872302192421838,TRUE
"hippo_yap_taz",351,0.136395788609899,0.00792177809778855,TRUE
"hippo_yap_taz",352,-0.0685255444079534,-0.0229418996287187,FALSE
"hippo_yap_taz",353,-0.36977453948054,-0.162134811091047,FALSE
"hippo_yap_taz",354,-0.256074946243746,-0.124118734760925,FALSE
"hippo_yap_taz",355,-0.00916323679777432,-0.108360627841761,FALSE
"hippo_yap_taz",356,-0.213631259831961,-0.209877216129799,FALSE
"hippo_yap_taz",357,-0.138603447844905,-0.635851871690244,FALSE
"hippo_yap_taz",358,0.0954950952506257,-0.0674853789279173,FALSE
"hippo_yap_taz",359,-0.0733219946173361,-0.410976791753853,FALSE
"hippo_yap_taz",360,-0.0436683433476095,-0.0522559390271442,FALSE
"hippo_yap_taz",361,-0.0344604385667722,0.0459913106881018,FALSE
"hippo_yap_taz",362,-0.0900723546641733,-0.264397376443409,FALSE
"hippo_yap_taz",363,-0.128019620672437,-0.271499916113518,FALSE
"hippo_yap_taz",364,0.0321515539258659,0.20004077226005,TRUE
"hippo_yap_taz",365,0.123104442195123,-0.129827802931459,FALSE
"hippo_yap_taz",366,-0.259496217002661,-0.135997914332121,FALSE
"hippo_yap_taz",367,-0.289832291807342,-0.382743918460835,FALSE
"hippo_yap_taz",368,-0.243919637057261,-0.202575158558638,FALSE
"hippo_yap_taz",369,-0.175998681580633,-0.227738045975033,FALSE
"hippo_yap_taz",370,-0.200725503926261,-0.182618099038384,FALSE
"hippo_yap_taz",371,-0.249371654993895,-0.513102372857742,FALSE
"hippo_yap_taz",372,-0.0723958000742377,-0.186972529706226,FALSE
"hippo_yap_taz",373,-0.0399767965774805,-0.434653259458459,FALSE
"hippo_yap_taz",374,-0.100458127886275,0.0314550771705099,FALSE
"hippo_yap_taz",375,-0.351478550988591,-0.200947016732584,FALSE
"hippo_yap_taz",376,0.143689876743503,0.0357363833073343,TRUE
"hippo_yap_taz",377,-0.0368826280565236,-0.540001244782106,FALSE
"hippo_yap_taz",378,-0.07415030412395,-0.213839577882025,FALSE
"hippo_yap_taz",379,-0.210945932738518,-0.39413801869413,FALSE
"hippo_yap_taz",380,-0.19907880246949,-0.395362376454364,FALSE
"hippo_yap_taz",381,0.0851712012162458,0.398517310928838,TRUE
"hippo_yap_taz",382,0.0233205562827332,-0.0745021038598466,FALSE
"hippo_yap_taz",383,-0.241508307373214,-0.112583947995764,FALSE
"hippo_yap_taz",384,0.0569856616809459,0.13905785492676,TRUE
"hippo_yap_taz",385,-0.075519947469882,-0.338778621118301,FALSE
"hippo_yap_taz",386,-0.377451562980471,-0.447979830024898,FALSE
"hippo_yap_taz",387,0.300662944095626,0.010844760731797,TRUE
"hippo_yap_taz",388,0.0974043884601904,-0.0694492583902803,FALSE
"hippo_yap_taz",389,-0.214662819091274,-0.0283793686929219,FALSE
"hippo_yap_taz",390,0.0514748915972956,0.166587274431458,TRUE
"hippo_yap_taz",391,0.0303987747149311,-0.0790939374016093,FALSE
"hippo_yap_taz",392,-0.229846431836309,-0.337501695449865,FALSE
"hippo_yap_taz",393,-0.245542549538552,-0.273702992851878,FALSE
"hippo_yap_taz",394,-0.242270015243464,-0.148899924369228,FALSE
"hippo_yap_taz",395,-0.226769372400426,-0.37008013793487,FALSE
"hippo_yap_taz",396,-0.301551291492968,-0.240369082420715,FALSE
"hippo_yap_taz",397,0.14821025994327,-0.0348521071828095,FALSE
"hippo_yap_taz",398,0.182041992190112,-0.137791391086826,FALSE
"hippo_yap_taz",399,-0.150898148355668,0.181924085820814,FALSE
"hippo_yap_taz",400,0.134120855553744,0.171372343600254,TRUE
"hippo_yap_taz",401,-0.0935101288248944,-0.0156679840510452,FALSE
"hippo_yap_taz",402,-0.184834229654048,-0.55850743940788,FALSE
"hippo_yap_taz",403,-0.203195556196302,-0.0477029762391991,FALSE
"hippo_yap_taz",404,-0.0522273266344085,-0.0344067635908163,FALSE
"hippo_yap_taz",405,-0.078080616552212,-0.0477079309026949,FALSE
"hippo_yap_taz",406,0.0279365776036317,0.113872873829013,TRUE
"hippo_yap_taz",407,-0.477879246471189,-0.32418814664895,FALSE
"hippo_yap_taz",408,-0.189124382599503,0.2228804748486,FALSE
"hippo_yap_taz",409,0.0564210681237526,-0.168238751834486,FALSE
"hippo_yap_taz",410,0.0631218482770383,-0.27803378095402,FALSE
"hippo_yap_taz",411,0.0215651648734277,-0.358063592302969,FALSE
"hippo_yap_taz",412,-0.258875696314795,-0.211166590588068,FALSE
"hippo_yap_taz",413,0.0135395224655798,0.104673580296474,TRUE
"hippo_yap_taz",414,-0.155445304957349,0.16933593165355,FALSE
"hippo_yap_taz",415,0.0588921157890487,-0.00861410351520087,FALSE
"hippo_yap_taz",416,-0.278325121063416,-0.265446082248812,FALSE
"hippo_yap_taz",417,-0.263120449253622,-0.659425797171326,FALSE
"hippo_yap_taz",418,-0.123354869999015,0.0897400560936025,FALSE
"hippo_yap_taz",419,-0.623457479313059,-0.787693665610784,FALSE
"hippo_yap_taz",420,-0.272494802404301,-0.622268063193458,FALSE
"hippo_yap_taz",421,0.200953191997632,0.261429270133728,TRUE
"hippo_yap_taz",422,-0.385124662680375,-0.612721068706365,FALSE
"hippo_yap_taz",423,-0.257246655092601,-0.226850320543,FALSE
"hippo_yap_taz",424,-0.175171324787594,-0.202481306641659,FALSE
"hippo_yap_taz",425,-0.122438829846138,-0.269536084980489,FALSE
"hippo_yap_taz",426,-0.214710669636695,-0.383827304414576,FALSE
"hippo_yap_taz",427,-0.399716003430859,-0.217383303239439,FALSE
"hippo_yap_taz",428,0.0580363804877723,0.16598902268131,TRUE
"hippo_yap_taz",429,-0.318365908832153,-0.383721828284677,FALSE
"hippo_yap_taz",430,-0.333152844071924,-0.458591277063217,FALSE
"hippo_yap_taz",431,-0.265656299852379,-0.36799825602718,FALSE
"hippo_yap_taz",432,-0.0706143588874525,-0.150164963071633,FALSE
"hippo_yap_taz",433,-0.0610918181208667,-0.0580041282601501,FALSE
"hippo_yap_taz",434,0.00814578382062398,0.0296503309709339,TRUE
"hippo_yap_taz",435,0.0574837799103259,0.210546610146479,TRUE
"hippo_yap_taz",436,-0.2210570611964,-0.369421457749212,FALSE
"hippo_yap_taz",437,-0.272778165170998,0.0717196285652338,FALSE
"hippo_yap_taz",438,-0.000286696615046572,0.2629555741781,FALSE
"hippo_yap_taz",439,-0.227077103816057,-0.255257052693932,FALSE
"hippo_yap_taz",440,0.00317668646508276,0.00609357773495461,TRUE
"hippo_yap_taz",441,-0.0394460445170251,0.0236047015796554,FALSE
"hippo_yap_taz",442,-0.00110687059069486,0.119262389375357,FALSE
"hippo_yap_taz",443,-0.00754949322327503,0.165639513331362,FALSE
"hippo_yap_taz",444,-0.108315722373637,-0.18603480045939,FALSE
"hippo_yap_taz",445,-0.0131864180417186,-0.616440530114451,FALSE
"hippo_yap_taz",446,0.0048218930233756,-0.0826304454549634,FALSE
"hippo_yap_taz",447,-0.155423083083467,-0.355621946237641,FALSE
"hippo_yap_taz",448,-0.210473135887566,-0.202590593445747,FALSE
"hippo_yap_taz",449,0.203137318295383,0.17726804174794,TRUE
"hippo_yap_taz",450,-0.0425567749744833,0.086100793677607,FALSE
"hippo_yap_taz",451,-0.118468806654908,-0.102722951671765,FALSE
"hippo_yap_taz",452,-0.165159007856698,-0.579199947379763,FALSE
"hippo_yap_taz",453,-0.0499960088972625,-0.332031292919038,FALSE
"hippo_yap_taz",454,-0.059198704738422,-0.0168078466437697,FALSE
"hippo_yap_taz",455,-0.200761379215052,-0.222756609900889,FALSE
"hippo_yap_taz",456,-0.144037174403094,-0.120514726381269,FALSE
"hippo_yap_taz",457,0.301153999012131,0.312977273168931,TRUE
"hippo_yap_taz",458,0.0826346471626531,-0.200333062023778,FALSE
"hippo_yap_taz",459,0.226394607038867,-0.271294273031449,FALSE
"hippo_yap_taz",460,-0.106686931596104,-0.337495894044753,FALSE
"hippo_yap_taz",461,-0.210231759773133,-0.27833931297325,FALSE
"hippo_yap_taz",462,-0.0526009659692003,0.0862922971726422,FALSE
"hippo_yap_taz",463,0.152932331350626,-0.0515663094240979,FALSE
"hippo_yap_taz",464,0.113062393158805,-0.156827677333983,FALSE
"hippo_yap_taz",465,0.0429931997481236,0.0151848422686378,TRUE
"hippo_yap_taz",466,0.332147771627543,0.133405521502017,TRUE
"hippo_yap_taz",467,-0.17274465272725,-0.312294275824032,FALSE
"hippo_yap_taz",468,0.319515298565091,0.172847566388118,TRUE
"hippo_yap_taz",469,-0.158805305381033,-0.136620368393825,FALSE
"hippo_yap_taz",470,0.195929099446594,-0.137596997643137,FALSE
"hippo_yap_taz",471,-0.00596607683165185,-0.312159950851075,FALSE
"hippo_yap_taz",472,-0.0757139591701139,-0.212689319149133,FALSE
"hippo_yap_taz",473,-0.186284224737925,-0.330284825615738,FALSE
"hippo_yap_taz",474,-0.368470586684114,-0.439844157971456,FALSE
"hippo_yap_taz",475,-0.358780167487597,-0.614497109949694,FALSE
"hippo_yap_taz",476,-0.123505598634373,-0.00903711593997447,FALSE
"hippo_yap_taz",477,-0.010886584367581,0.0429967277132697,FALSE
"hippo_yap_taz",478,-0.254976721810121,-0.27204355121524,FALSE
"hippo_yap_taz",479,-0.2245904742319,-0.138622998534406,FALSE
"hippo_yap_taz",480,0.384510466401658,0.0419557143109942,TRUE
"hippo_yap_taz",481,0.075909462737186,0.125469100540607,TRUE
"hippo_yap_taz",482,0.0215699098137005,-0.250106020597893,FALSE
"hippo_yap_taz",483,0.0295176632198894,-0.0766901350773146,FALSE
"hippo_yap_taz",484,-0.395259829235152,-0.665081621332216,FALSE
"hippo_yap_taz",485,-0.0527231515775764,0.0517048437557832,FALSE
"hippo_yap_taz",486,0.0570522867269522,-0.116760616400149,FALSE
"hippo_yap_taz",487,-0.177666899229356,-0.256617854960938,FALSE
"hippo_yap_taz",488,0.151630935732345,0.0529744402510346,TRUE
"hippo_yap_taz",489,-0.0478731126605176,-0.369470116356619,FALSE
"hippo_yap_taz",490,0.132944932755748,-0.149123576658982,FALSE
"hippo_yap_taz",491,-0.0438685442504861,-0.0624979227708051,FALSE
"hippo_yap_taz",492,-0.23897618638289,-0.441529130176739,FALSE
"hippo_yap_taz",493,-0.0365069197816447,0.134029989941661,FALSE
"hippo_yap_taz",494,-0.0774641109757088,-0.271825786887767,FALSE
"hippo_yap_taz",495,0.0550740115621297,-0.483618189133923,FALSE
"hippo_yap_taz",496,0.0214452845510453,0.0312833701457907,TRUE
"hippo_yap_taz",497,-0.344858720251555,-0.74127304461592,FALSE
"hippo_yap_taz",498,-0.189698926432641,-0.0700620991972304,FALSE
"hippo_yap_taz",499,-0.160675325969319,-0.0260374332829617,FALSE
"hippo_yap_taz",500,-0.353401645867306,-0.390380366727156,FALSE
"actomyosin_rho",1,-0.375467339897625,-0.602835423373305,FALSE
"actomyosin_rho",2,-0.0241580633857129,-0.0158804933676763,FALSE
"actomyosin_rho",3,-0.142102292537185,0.00191165194577153,FALSE
"actomyosin_rho",4,0.0192256054294615,0.262855636483039,TRUE
"actomyosin_rho",5,0.0104471464779318,0.00347425491109887,TRUE
"actomyosin_rho",6,-0.162901353203228,-0.086841614275254,FALSE
"actomyosin_rho",7,-0.174081253537813,-0.0225278553291746,FALSE
"actomyosin_rho",8,-0.263623783835704,0.183969121555936,FALSE
"actomyosin_rho",9,-0.44824843734668,0.0335907709748854,FALSE
"actomyosin_rho",10,-0.00713634755014037,0.0733583800606969,FALSE
"actomyosin_rho",11,0.0676251400777897,0.478691110302338,TRUE
"actomyosin_rho",12,-0.253714288208661,-0.158956760303497,FALSE
"actomyosin_rho",13,-0.459962378326092,-0.499504902457335,FALSE
"actomyosin_rho",14,-0.217957496741764,-0.357392460793787,FALSE
"actomyosin_rho",15,-0.174549087407854,-0.00797212954974769,FALSE
"actomyosin_rho",16,-0.173164670163643,-0.182221721963931,FALSE
"actomyosin_rho",17,-0.43716687029913,-0.392163927497849,FALSE
"actomyosin_rho",18,-0.160703491943521,-0.280744463145996,FALSE
"actomyosin_rho",19,-0.045168174744756,-0.000893222634164581,FALSE
"actomyosin_rho",20,-0.511458037637891,-0.688973397004504,FALSE
"actomyosin_rho",21,-0.320179698598264,-0.0341276463673897,FALSE
"actomyosin_rho",22,-0.278113982374669,-0.409374627863197,FALSE
"actomyosin_rho",23,0.0947512415002163,0.118924560053042,TRUE
"actomyosin_rho",24,-0.143187706538374,-0.123158597054872,FALSE
"actomyosin_rho",25,-0.038754134909424,-0.085050453436866,FALSE
"actomyosin_rho",26,-0.0317668466518068,-0.0917846544763541,FALSE
"actomyosin_rho",27,-0.211920821401547,-0.151911642003499,FALSE
"actomyosin_rho",28,0.190583572718131,0.32519632162352,TRUE
"actomyosin_rho",29,0.116642178007962,-0.0799109095036726,FALSE
"actomyosin_rho",30,0.167873172277986,0.175388940784852,TRUE
"actomyosin_rho",31,-0.372887656752321,-0.114984925067537,FALSE
"actomyosin_rho",32,0.0324005444877754,-0.0215944427482196,FALSE
"actomyosin_rho",33,-0.256912684069856,-0.313983827915272,FALSE
"actomyosin_rho",34,-0.139548466513082,0.0716783767150794,FALSE
"actomyosin_rho",35,-0.0720188779094915,0.32591091882312,FALSE
"actomyosin_rho",36,-0.00594764399146576,0.203993911724862,FALSE
"actomyosin_rho",37,0.118570637411209,0.123108983549042,TRUE
"actomyosin_rho",38,0.14652555265263,0.116368491693735,TRUE
"actomyosin_rho",39,-0.180458237416961,0.200626583142864,FALSE
"actomyosin_rho",40,-0.242634505597659,-0.213737038029009,FALSE
"actomyosin_rho",41,0.0104726552476839,0.296276326210212,TRUE
"actomyosin_rho",42,-0.126136672073896,-0.0700466447896244,FALSE
"actomyosin_rho",43,0.0752115541323581,0.144254975081245,TRUE
"actomyosin_rho",44,-0.188361460679035,-0.143283215882034,FALSE
"actomyosin_rho",45,0.127949825825387,0.129886102341137,TRUE
"actomyosin_rho",46,-0.361711397627105,-0.0739896528813533,FALSE
"actomyosin_rho",47,-0.0208181781310748,-0.0943817642940281,FALSE
"actomyosin_rho",48,-0.151205114874212,-0.109548516335302,FALSE
"actomyosin_rho",49,-0.196984303857433,0.0694813060574026,FALSE
"actomyosin_rho",50,0.162233863918409,0.143523348831722,TRUE
"actomyosin_rho",51,-0.00135752349705029,0.115443390044157,FALSE
"actomyosin_rho",52,-0.0303113179578501,-0.215979042138653,FALSE
"actomyosin_rho",53,-0.0103163496555261,-0.150739568136768,FALSE
"actomyosin_rho",54,0.122374238269471,0.0499872673002583,TRUE
"actomyosin_rho",55,-0.0368061676762152,-0.502062194281926,FALSE
"actomyosin_rho",56,0.159010562756911,0.219484870817934,TRUE
"actomyosin_rho",57,0.0981148625916322,0.0911610255298799,TRUE
"actomyosin_rho",58,-0.133410586827681,-0.0657093827117023,FALSE
"actomyosin_rho",59,-0.113427863517204,-0.302958610907007,FALSE
"actomyosin_rho",60,0.0279446480870299,-0.0804421164287037,FALSE
"actomyosin_rho",61,-0.271840582744136,-0.153293912097515,FALSE
"actomyosin_rho",62,0.126885564458198,0.221372894073082,TRUE
"actomyosin_rho",63,-0.0772473845376037,-0.355457628816529,FALSE
"actomyosin_rho",64,0.0866129589961103,0.11187362423464,TRUE
"actomyosin_rho",65,-0.162520193839711,-0.144956734619438,FALSE
"actomyosin_rho",66,-0.243604741771103,0.0592107589169466,FALSE
"actomyosin_rho",67,0.136821323429715,0.267262101847288,TRUE
"actomyosin_rho",68,0.219518290456617,0.17298007896445,TRUE
"actomyosin_rho",69,0.074482056677213,0.188141630343596,TRUE
"actomyosin_rho",70,-0.0409142305817544,0.256836364238145,FALSE
"actomyosin_rho",71,-0.024516916936705,-0.0670823022858913,FALSE
"actomyosin_rho",72,-0.0159392933587083,0.336442250445621,FALSE
"actomyosin_rho",73,0.155622810104867,0.0753808364573147,TRUE
"actomyosin_rho",74,-0.0754026756863794,-0.110797371815623,FALSE
"actomyosin_rho",75,0.0458547374133831,0.235487128584589,TRUE
"actomyosin_rho",76,-0.0595548942216952,0.263244631955136,FALSE
"actomyosin_rho",77,-0.256074220543903,0.0834159593290177,FALSE
"actomyosin_rho",78,-0.215638581440752,0.0957706677893549,FALSE
"actomyosin_rho",79,-0.128606486956585,0.0878425976706757,FALSE
"actomyosin_rho",80,0.0900069025400639,-0.212932284518544,FALSE
"actomyosin_rho",81,0.106780541297285,0.302479222910461,TRUE
"actomyosin_rho",82,-0.192473168983737,0.167233037352515,FALSE
"actomyosin_rho",83,0.119938719179478,0.0796874762444082,TRUE
"actomyosin_rho",84,0.0427186012771296,0.100672372243963,TRUE
"actomyosin_rho",85,-0.261530022338696,-0.103902494650451,FALSE
"actomyosin_rho",86,-0.16345333393172,0.21350271772136,FALSE
"actomyosin_rho",87,0.00115162814855775,-0.0354787802846856,FALSE
"actomyosin_rho",88,-0.272135955933635,-0.222951937591219,FALSE
"actomyosin_rho",89,-0.147112245929392,0.0598874346021829,FALSE
"actomyosin_rho",90,0.0206503848606077,0.113414890078487,TRUE
"actomyosin_rho",91,0.0940963303379906,0.169492947838266,TRUE
"actomyosin_rho",92,-0.331566052883373,-0.224051035782368,FALSE
"actomyosin_rho",93,0.320044757611309,0.364529280490077,TRUE
"actomyosin_rho",94,-0.24556660669173,0.0423353618579455,FALSE
"actomyosin_rho",95,0.0397961395528209,0.0786104905460671,TRUE
"actomyosin_rho",96,0.0171415641015869,0.177967996146626,TRUE
"actomyosin_rho",97,0.11402172077247,-0.11595771149653,FALSE
"actomyosin_rho",98,-0.0784031459623286,-0.170091493393672,FALSE
"actomyosin_rho",99,-0.470849047023792,-0.333263122767104,FALSE
"actomyosin_rho",100,0.0888347122367832,0.271426780016855,TRUE
"actomyosin_rho",101,0.258682178863254,0.0880213071531957,TRUE
"actomyosin_rho",102,0.00557473464540057,0.0564547692562282,TRUE
"actomyosin_rho",103,-0.425569332421466,-0.11440169871223,FALSE
"actomyosin_rho",104,-0.164259003359868,0.146614223097458,FALSE
"actomyosin_rho",105,-0.245111186914113,-0.331552108324694,FALSE
"actomyosin_rho",106,-0.0336851352810767,0.172635049551898,FALSE
"actomyosin_rho",107,-0.469332775323649,-0.348397514906982,FALSE
"actomyosin_rho",108,-0.161752314436124,-0.434014799935998,FALSE
"actomyosin_rho",109,-0.355738394760424,-0.336707708907929,FALSE
"actomyosin_rho",110,0.159713471835929,-0.00220667262603974,FALSE
"actomyosin_rho",111,-0.0556406844084033,0.100647923303362,FALSE
"actomyosin_rho",112,0.135715984893272,0.188817824557071,TRUE
"actomyosin_rho",113,0.045991547288792,-0.00288045030159473,FALSE
"actomyosin_rho",114,-0.135863087959626,0.317651556905262,FALSE
"actomyosin_rho",115,-0.175584028688239,-0.040082973235759,FALSE
"actomyosin_rho",116,0.0138698040576537,0.292932892588024,TRUE
"actomyosin_rho",117,-0.131205156459587,-0.201343897005668,FALSE
"actomyosin_rho",118,-0.0893139615783369,0.0485703848633818,FALSE
"actomyosin_rho",119,0.225907755215023,0.101936150035203,TRUE
"actomyosin_rho",120,-0.0625567689750572,0.0415823946294576,FALSE
"actomyosin_rho",121,-0.306709191983819,-0.353601744509483,FALSE
"actomyosin_rho",122,-0.148601804326358,-0.126994547604052,FALSE
"actomyosin_rho",123,-0.166445145977751,-0.42742229461495,FALSE
"actomyosin_rho",124,0.158031712587921,0.488566363480723,TRUE
"actomyosin_rho",125,-0.0714505281996115,-0.072748222588058,FALSE
"actomyosin_rho",126,0.0385878162988402,-0.290818230304695,FALSE
"actomyosin_rho",127,-0.30759444935081,-0.251689932383217,FALSE
"actomyosin_rho",128,-0.0677696301244087,-0.0366646748950953,FALSE
"actomyosin_rho",129,-0.0136272003938113,-0.181288011688313,FALSE
"actomyosin_rho",130,-0.169098425809907,0.00620735331774691,FALSE
"actomyosin_rho",131,0.00337968829169996,0.0506421961546798,TRUE
"actomyosin_rho",132,-0.189095934708308,0.0434340813744278,FALSE
"actomyosin_rho",133,0.0466742769262733,0.188083352262517,TRUE
"actomyosin_rho",134,0.154846780261805,0.123521524332831,TRUE
"actomyosin_rho",135,-0.133804377736,-0.178148959983411,FALSE
"actomyosin_rho",136,-0.00282858891144463,0.257407061127641,FALSE
"actomyosin_rho",137,-0.0266853574428646,0.035136189138606,FALSE
"actomyosin_rho",138,-0.289205839106214,-0.272941659456304,FALSE
"actomyosin_rho",139,-0.212893168513399,-0.230826530547841,FALSE
"actomyosin_rho",140,-0.096937023617987,-0.0246870587474894,FALSE
"actomyosin_rho",141,-0.199908546250181,-0.164533226691703,FALSE
"actomyosin_rho",142,-0.0618738035196173,-0.023744520694132,FALSE
"actomyosin_rho",143,-0.0286157680084894,0.208367882691652,FALSE
"actomyosin_rho",144,0.103850152242308,0.00142715242215219,TRUE
"actomyosin_rho",145,-0.0620982475810585,-0.0762147570931655,FALSE
"actomyosin_rho",146,0.180952181009808,-0.00575696682083088,FALSE
"actomyosin_rho",147,0.0408908896361844,0.0895489092741305,TRUE
"actomyosin_rho",148,0.128500309357258,-0.248569105691534,FALSE
"actomyosin_rho",149,-0.177220231802481,-0.143750113540294,FALSE
"actomyosin_rho",150,-0.0939542084535919,-0.157659621016141,FALSE
"actomyosin_rho",151,-0.372897773694361,-0.309532124531933,FALSE
"actomyosin_rho",152,-0.357660176415984,-0.264713082703324,FALSE
"actomyosin_rho",153,-0.231354334507352,-0.077567060865433,FALSE
"actomyosin_rho",154,-0.325879593401239,-0.214037611720598,FALSE
"actomyosin_rho",155,0.112921612445459,-0.132927158523905,FALSE
"actomyosin_rho",156,-0.017635403819494,0.132195667909966,FALSE
"actomyosin_rho",157,-0.147251205438224,-0.17031654875976,FALSE
"actomyosin_rho",158,-0.0733482751921243,0.0341470906415863,FALSE
"actomyosin_rho",159,-0.412471513300663,-0.203244596526226,FALSE
"actomyosin_rho",160,0.260478884596407,0.21985739942838,TRUE
"actomyosin_rho",161,-0.235002785105785,-0.105430647519058,FALSE
"actomyosin_rho",162,-0.074302758891914,0.230863965304777,FALSE
"actomyosin_rho",163,-0.276310048976354,-0.066148777642453,FALSE
"actomyosin_rho",164,-0.133901999511653,0.0972913272258921,FALSE
"actomyosin_rho",165,-0.0504916846017907,-0.11772992043361,FALSE
"actomyosin_rho",166,-0.0414195468558618,0.126979840368239,FALSE
"actomyosin_rho",167,0.228289842227835,0.130636876516409,TRUE
"actomyosin_rho",168,-0.120392674396084,0.0301082057237065,FALSE
"actomyosin_rho",169,-0.182075106759483,-0.018533999778444,FALSE
"actomyosin_rho",170,0.0425276176837496,-0.162201452313422,FALSE
"actomyosin_rho",171,-0.0792832794612819,0.0187637063939233,FALSE
"actomyosin_rho",172,-0.519789291407706,-0.35068049011086,FALSE
"actomyosin_rho",173,0.19026805977455,0.316232467232402,TRUE
"actomyosin_rho",174,0.0835005019941871,0.172505610124981,TRUE
"actomyosin_rho",175,-0.00187095034585907,0.0902034836247135,FALSE
"actomyosin_rho",176,-0.256474065846064,-0.0819797405660502,FALSE
"actomyosin_rho",177,0.0852777674633272,0.139117003579099,TRUE
"actomyosin_rho",178,-0.0624955913045963,0.0188742545852875,FALSE
"actomyosin_rho",179,-0.118053129563181,-0.0963440090879993,FALSE
"actomyosin_rho",180,-0.221732434421223,-0.257108008258732,FALSE
"actomyosin_rho",181,-0.0269306511675736,0.139249345867718,FALSE
"actomyosin_rho",182,-0.271596679586807,-0.203272126452923,FALSE
"actomyosin_rho",183,-0.106457783037721,0.0898102061341904,FALSE
"actomyosin_rho",184,-0.287656730218531,0.103507236588445,FALSE
"actomyosin_rho",185,-0.254136959552338,-0.236763561039685,FALSE
"actomyosin_rho",186,0.207424039932629,0.135279710404995,TRUE
"actomyosin_rho",187,-0.0466648521724371,-0.0104540350720914,FALSE
"actomyosin_rho",188,-0.0676344586057205,0.155112507542536,FALSE
"actomyosin_rho",189,-0.218560773365201,-0.0409218675435714,FALSE
"actomyosin_rho",190,0.0951583892901609,0.0094153394010475,TRUE
"actomyosin_rho",191,0.0804576843721169,-0.17888076840069,FALSE
"actomyosin_rho",192,-0.139579091061938,-0.0654034260429678,FALSE
"actomyosin_rho",193,-0.0965871708794681,0.180315558421347,FALSE
"actomyosin_rho",194,-0.197528097125302,0.140991007094792,FALSE
"actomyosin_rho",195,-0.308425172457572,-0.0606830376053967,FALSE
"actomyosin_rho",196,-0.044206928713955,-0.312879693858706,FALSE
"actomyosin_rho",197,0.080184951455002,0.0915286302617138,TRUE
"actomyosin_rho",198,-0.295735919489871,-0.419485814553041,FALSE
"actomyosin_rho",199,-0.0171565876556175,-0.0946330669304509,FALSE
"actomyosin_rho",200,0.00829332060446353,-0.270884579588909,FALSE
"actomyosin_rho",201,0.179427860264019,0.27952421469487,TRUE
"actomyosin_rho",202,0.149195332285261,0.109977926508762,TRUE
"actomyosin_rho",203,-0.0709291399489039,-0.115358684109872,FALSE
"actomyosin_rho",204,0.0998228647059562,0.102297837729494,TRUE
"actomyosin_rho",205,-0.180543632813274,-0.31693553196157,FALSE
"actomyosin_rho",206,-0.23269272147601,0.207197193438969,FALSE
"actomyosin_rho",207,-0.22203042333818,-0.139060825679799,FALSE
"actomyosin_rho",208,0.216302571163941,0.178383322983632,TRUE
"actomyosin_rho",209,-0.0605990318513451,0.00202109979905757,FALSE
"actomyosin_rho",210,-0.0806306545567246,0.0676350038253455,FALSE
"actomyosin_rho",211,-0.424973356460769,-0.153468932606076,FALSE
"actomyosin_rho",212,0.0179520416396342,0.065378261046697,TRUE
"actomyosin_rho",213,-0.141055253306418,-0.30910431409017,FALSE
"actomyosin_rho",214,-0.148881656319082,-0.122174985614396,FALSE
"actomyosin_rho",215,-0.307466048677299,-0.269567831041586,FALSE
"actomyosin_rho",216,-0.05609448106464,-0.0135303583866474,FALSE
"actomyosin_rho",217,-0.404453092400422,-0.0933687431959456,FALSE
"actomyosin_rho",218,-0.109763199654422,-0.247698814241471,FALSE
"actomyosin_rho",219,-0.257527019763655,-0.0698384617776121,FALSE
"actomyosin_rho",220,-0.172319753948743,-0.112541285663944,FALSE
"actomyosin_rho",221,0.235685991456709,0.456855509257946,TRUE
"actomyosin_rho",222,0.350748662742618,0.210902254308479,TRUE
"actomyosin_rho",223,-0.290466372052574,-0.0190017298272065,FALSE
"actomyosin_rho",224,0.165822586507918,-0.0975881629895997,FALSE
"actomyosin_rho",225,-0.106784187602574,-0.124722538434706,FALSE
"actomyosin_rho",226,-0.242201326355453,-0.295554470472035,FALSE
"actomyosin_rho",227,-0.217270779005875,-0.364098716210336,FALSE
"actomyosin_rho",228,-0.186112364489869,0.158863392627269,FALSE
"actomyosin_rho",229,-0.334845097486386,-0.154959931198206,FALSE
"actomyosin_rho",230,0.0750497175416473,-0.064904027940732,FALSE
"actomyosin_rho",231,0.166012771810931,0.0621504524135277,TRUE
"actomyosin_rho",232,-0.00896363406628853,-0.148704406182308,FALSE
"actomyosin_rho",233,-0.157041101087752,-0.240042123681778,FALSE
"actomyosin_rho",234,-0.124258987926974,-0.102078769548337,FALSE
"actomyosin_rho",235,0.399075266419943,0.326871451977704,TRUE
"actomyosin_rho",236,-0.0750607009840229,0.24459702363884,FALSE
"actomyosin_rho",237,0.151908856141801,-0.0445145233975501,FALSE
"actomyosin_rho",238,-0.00528618229198655,0.0656941535395604,FALSE
"actomyosin_rho",239,-0.348153042664652,-0.339136838318453,FALSE
"actomyosin_rho",240,-0.264015493904321,-0.0745986654876535,FALSE
"actomyosin_rho",241,0.168487562420886,-0.0532877096215109,FALSE
"actomyosin_rho",242,-0.0719019317176226,-0.0871935235399747,FALSE
"actomyosin_rho",243,0.106711247461265,-0.00719927705766703,FALSE
"actomyosin_rho",244,0.00164462026016517,0.18802248743917,TRUE
"actomyosin_rho",245,-0.0187280063545014,0.147269914393546,FALSE
"actomyosin_rho",246,-0.119981198893234,-0.210398289600962,FALSE
"actomyosin_rho",247,-0.281977199517966,-0.321056387539627,FALSE
"actomyosin_rho",248,0.0959122633907272,-0.0279610736009435,FALSE
"actomyosin_rho",249,0.0829668302544228,-0.150826727592394,FALSE
"actomyosin_rho",250,-0.35277667272766,-0.639851418279719,FALSE
"actomyosin_rho",251,-0.0326803479295974,0.40217038984062,FALSE
"actomyosin_rho",252,0.00238593351249445,0.181583906771226,TRUE
"actomyosin_rho",253,-0.118743778080558,-0.148630853729285,FALSE
"actomyosin_rho",254,-0.211120214649793,-0.0679579057630244,FALSE
"actomyosin_rho",255,-0.29643728877516,-0.506028019001698,FALSE
"actomyosin_rho",256,-0.381706925123547,-0.364892179257823,FALSE
"actomyosin_rho",257,-0.0815491831859102,0.0398014002000945,FALSE
"actomyosin_rho",258,-0.280788997582941,-0.0326006871511107,FALSE
"actomyosin_rho",259,0.158441647447241,-0.042687608151858,FALSE
"actomyosin_rho",260,0.0496833632726305,0.288403494603158,TRUE
"actomyosin_rho",261,-0.277423862429873,-0.364013825893653,FALSE
"actomyosin_rho",262,-0.462586554020716,-0.70198302405466,FALSE
"actomyosin_rho",263,0.0539050070983756,0.126160982344128,TRUE
"actomyosin_rho",264,-0.486540572875024,-0.288633763547422,FALSE
"actomyosin_rho",265,-0.0850664400945435,-0.113155789354739,FALSE
"actomyosin_rho",266,0.255585362902562,0.232570810080606,TRUE
"actomyosin_rho",267,-0.0686060159582642,-0.10296744836802,FALSE
"actomyosin_rho",268,-0.158349325338769,-0.112416800346538,FALSE
"actomyosin_rho",269,0.120085936131186,0.000850436232001095,TRUE
"actomyosin_rho",270,-0.365164598073678,-0.140116896741817,FALSE
"actomyosin_rho",271,-0.108329482193672,-0.133909319752971,FALSE
"actomyosin_rho",272,0.0174071118351563,-0.0177164748835383,FALSE
"actomyosin_rho",273,-0.255045564080785,0.0346078165348596,FALSE
"actomyosin_rho",274,-0.172179369282297,-0.0312969930140653,FALSE
"actomyosin_rho",275,-0.123618150575177,-0.0664796998511746,FALSE
"actomyosin_rho",276,-0.334715563456269,-0.32711545768034,FALSE
"actomyosin_rho",277,0.0640985403814455,0.0824984387232189,TRUE
"actomyosin_rho",278,-0.32520309456188,-0.127122026354352,FALSE
"actomyosin_rho",279,-0.42035920157283,-0.449387575748786,FALSE
"actomyosin_rho",280,-0.0624043138468922,0.153036707045573,FALSE
"actomyosin_rho",281,-0.00282584064324904,-0.0360356108564043,FALSE
"actomyosin_rho",282,-0.219281727482315,-0.363455652407486,FALSE
"actomyosin_rho",283,-0.0187274989538637,-0.0645202874703177,FALSE
"actomyosin_rho",284,0.0824409249318163,0.217519655696237,TRUE
"actomyosin_rho",285,0.0622736671968819,-0.0845131523981205,FALSE
"actomyosin_rho",286,0.0661507082401256,0.0501078496377498,TRUE
"actomyosin_rho",287,-0.236614623487646,-0.134689995727759,FALSE
"actomyosin_rho",288,-0.344932428239926,-0.190050494563927,FALSE
"actomyosin_rho",289,-0.320861945237527,-0.117077154585571,FALSE
"actomyosin_rho",290,-0.00476332681504376,-0.110189333656002,FALSE
"actomyosin_rho",291,0.320357043393482,0.259703117864834,TRUE
"actomyosin_rho",292,-0.0151085141831936,-0.00626977837761961,FALSE
"actomyosin_rho",293,-0.340218396168427,-0.141515612755,FALSE
"actomyosin_rho",294,-0.19408062702344,-0.233270106488191,FALSE
"actomyosin_rho",295,-0.124040209543086,-0.134374683144456,FALSE
"actomyosin_rho",296,-0.315092106858308,-0.496544186000452,FALSE
"actomyosin_rho",297,-0.17971251744729,-0.346208833185912,FALSE
"actomyosin_rho",298,-0.485524582270373,-0.236170510450036,FALSE
"actomyosin_rho",299,-0.293468218378474,-0.169680525845328,FALSE
"actomyosin_rho",300,-0.0387524554991726,-0.106557116290098,FALSE
"actomyosin_rho",301,-0.00285400738914984,0.0724805391235193,FALSE
"actomyosin_rho",302,0.0188026586740512,0.139701558647625,TRUE
"actomyosin_rho",303,0.108192149005145,0.349024538628872,TRUE
"actomyosin_rho",304,-0.13235236518854,-0.00416255327057624,FALSE
"actomyosin_rho",305,-0.017710365531589,-0.233064210066597,FALSE
"actomyosin_rho",306,-0.0441652511718234,0.0909558147477193,FALSE
"actomyosin_rho",307,-0.00400299287664636,0.209624968336488,FALSE
"actomyosin_rho",308,0.232747639053656,0.118507089009243,TRUE
"actomyosin_rho",309,-0.183587570064152,-0.281350183181021,FALSE
"actomyosin_rho",310,0.214294229932081,-0.0203812248739858,FALSE
"actomyosin_rho",311,0.0914701894804976,0.00391632889614446,TRUE
"actomyosin_rho",312,0.0629354005413016,-0.0162954328495921,FALSE
"actomyosin_rho",313,-0.0948625576033298,0.259238062920607,FALSE
"actomyosin_rho",314,-0.0689115099563567,0.253871020210739,FALSE
"actomyosin_rho",315,0.404575986313901,0.437551380613463,TRUE
"actomyosin_rho",316,-0.135090637223292,-0.0157716057407264,FALSE
"actomyosin_rho",317,-0.0295235073248625,-0.126446543195036,FALSE
"actomyosin_rho",318,-0.197082959760742,-0.0244736782080576,FALSE
"actomyosin_rho",319,-0.188285580336492,-0.368942186657369,FALSE
"actomyosin_rho",320,-0.377664443528851,-0.0871835988926984,FALSE
"actomyosin_rho",321,-0.0852356256626703,0.352505811233789,FALSE
"actomyosin_rho",322,-0.240252183730958,-0.166291188555116,FALSE
"actomyosin_rho",323,0.113453053962694,-0.107147354665867,FALSE
"actomyosin_rho",324,0.0395887773594774,0.141076324450853,TRUE
"actomyosin_rho",325,0.134995454396703,0.297732518822977,TRUE
"actomyosin_rho",326,-0.230441816186499,-0.269570819426977,FALSE
"actomyosin_rho",327,0.271431201350631,0.272740990996212,TRUE
"actomyosin_rho",328,-0.149396811985795,-0.0120797837455152,FALSE
"actomyosin_rho",329,-0.153130529335941,0.0755461333617652,FALSE
"actomyosin_rho",330,0.0814216289525019,0.0412114709765518,TRUE
"actomyosin_rho",331,-0.033200936539837,-0.0821052542846017,FALSE
"actomyosin_rho",332,-0.10688380160016,-0.176026649694292,FALSE
"actomyosin_rho",333,-0.190794790344273,-0.209237234207362,FALSE
"actomyosin_rho",334,-0.0175658282646257,0.0989558460819328,FALSE
"actomyosin_rho",335,-0.386052743349257,-0.106780007115279,FALSE
"actomyosin_rho",336,-0.144711814958892,-0.043848495635234,FALSE
"actomyosin_rho",337,0.225209480244314,0.258535911160794,TRUE
"actomyosin_rho",338,-0.217657707053317,-0.248222188621563,FALSE
"actomyosin_rho",339,-0.115566019823639,-0.161020343732683,FALSE
"actomyosin_rho",340,0.0524731729175076,0.112249389433803,TRUE
"actomyosin_rho",341,-0.0146951076883017,-0.031909223775714,FALSE
"actomyosin_rho",342,-0.194482710423438,0.0688078272525011,FALSE
"actomyosin_rho",343,-0.203535565101913,-0.0593373739699273,FALSE
"actomyosin_rho",344,-0.328668237086354,-0.322065882717637,FALSE
"actomyosin_rho",345,-0.0573078343479064,0.0991083343671138,FALSE
"actomyosin_rho",346,-0.426286918864934,-0.356641951716095,FALSE
"actomyosin_rho",347,0.00285163176473208,0.0162454471545174,TRUE
"actomyosin_rho",348,-0.117633214913417,0.0919563972985873,FALSE
"actomyosin_rho",349,0.0302074290381719,0.237774683620303,TRUE
"actomyosin_rho",350,-0.0678251354132214,0.151365425552907,FALSE
"actomyosin_rho",351,-0.00826761995119413,0.305658139269994,FALSE
"actomyosin_rho",352,-0.32902221465026,-0.489222545367606,FALSE
"actomyosin_rho",353,-0.126901413309768,0.0960754859131582,FALSE
"actomyosin_rho",354,-0.383748509731938,-0.44826411883746,FALSE
"actomyosin_rho",355,0.0741167650490353,-0.186986802938444,FALSE
"actomyosin_rho",356,-0.0406788799882743,0.0367969354704425,FALSE
"actomyosin_rho",357,0.00810268417801185,-0.0283169744736403,FALSE
"actomyosin_rho",358,0.149574317269821,0.41673880549595,TRUE
"actomyosin_rho",359,0.0717911084138427,0.0502483858619978,TRUE
"actomyosin_rho",360,-0.281576557187217,0.047170912572329,FALSE
"actomyosin_rho",361,-0.0781246359249555,0.235144732224731,FALSE
"actomyosin_rho",362,0.0720109084708975,0.279805548610339,TRUE
"actomyosin_rho",363,0.208562825473231,0.0289093172277216,TRUE
"actomyosin_rho",364,0.0548771394901099,0.0498718427849551,TRUE
"actomyosin_rho",365,-0.0880103340931271,0.290818314306364,FALSE
"actomyosin_rho",366,0.0325943494205066,0.027355453138031,TRUE
"actomyosin_rho",367,-0.074729332769176,-0.142480028127273,FALSE
"actomyosin_rho",368,-0.0138750182368795,0.0290769457042404,FALSE
"actomyosin_rho",369,-0.21572872900024,0.0804094532504452,FALSE
"actomyosin_rho",370,-0.0998275777599499,-0.382329867554546,FALSE
"actomyosin_rho",371,0.140411295827326,0.20868928030496,TRUE
"actomyosin_rho",372,-0.0290673976959969,-0.0203905141266117,FALSE
"actomyosin_rho",373,-0.077847772956877,-0.0556217250108874,FALSE
"actomyosin_rho",374,-0.190171384702877,0.0857033754988425,FALSE
"actomyosin_rho",375,0.336340127179649,0.41462715891907,TRUE
"actomyosin_rho",376,0.107259657618219,0.217140418875748,TRUE
"actomyosin_rho",377,-0.377715374342298,-0.582546374623127,FALSE
"actomyosin_rho",378,-0.233906951974944,-0.257888102475279,FALSE
"actomyosin_rho",379,-0.301486212604426,-0.232408100305477,FALSE
"actomyosin_rho",380,-0.404600341608759,-0.297935933375071,FALSE
"actomyosin_rho",381,-0.085982170928043,0.0967836645245659,FALSE
"actomyosin_rho",382,-0.117589884636274,0.0907437989400163,FALSE
"actomyosin_rho",383,-0.158063286271724,-0.288587192175742,FALSE
"actomyosin_rho",384,-0.0838485792317238,-0.0452460618661656,FALSE
"actomyosin_rho",385,-0.0984764139429718,0.124780451394542,FALSE
"actomyosin_rho",386,-0.00167181562456026,0.304793375963083,FALSE
"actomyosin_rho",387,-0.14074304647424,-0.344009215524547,FALSE
"actomyosin_rho",388,-0.0849521818532536,-0.012441363305825,FALSE
"actomyosin_rho",389,0.259331120788213,0.342271109657452,TRUE
"actomyosin_rho",390,0.207636129788924,0.35750405872508,TRUE
"actomyosin_rho",391,0.0912460525230984,0.219609292354719,TRUE
"actomyosin_rho",392,-0.0147907303386436,-0.225096956861487,FALSE
"actomyosin_rho",393,-0.15645996477753,0.219368173333922,FALSE
"actomyosin_rho",394,0.142458308468502,0.368832401541416,TRUE
"actomyosin_rho",395,-0.178180279605565,-0.251261226953722,FALSE
"actomyosin_rho",396,0.0863713439651217,0.263242075848793,TRUE
"actomyosin_rho",397,0.0893578200954392,0.0561545186018645,TRUE
"actomyosin_rho",398,0.104068984572835,0.185331806147093,TRUE
"actomyosin_rho",399,-0.190284657253456,0.043393139832914,FALSE
"actomyosin_rho",400,-0.175731239432909,0.00713899796212103,FALSE
"actomyosin_rho",401,0.0693621674758912,0.281708191222089,TRUE
"actomyosin_rho",402,-0.332640967123366,-0.159780308888217,FALSE
"actomyosin_rho",403,0.115911335395426,0.166428632431768,TRUE
"actomyosin_rho",404,0.295854245271203,-0.0220096403124913,FALSE
"actomyosin_rho",405,0.141024479760746,0.11217213785953,TRUE
"actomyosin_rho",406,0.0723598355681629,0.216767000172067,TRUE
"actomyosin_rho",407,-0.195719053128795,0.244892859421582,FALSE
"actomyosin_rho",408,-0.13391247207894,0.137561873338327,FALSE
"actomyosin_rho",409,-0.161895449082614,0.0626863058539364,FALSE
"actomyosin_rho",410,-0.0688816589027334,0.00132209927887567,FALSE
"actomyosin_rho",411,0.054599537571681,0.191807492529229,TRUE
"actomyosin_rho",412,-0.165921012686157,0.0408855481627,FALSE
"actomyosin_rho",413,0.0716202780206859,-0.0313597835584813,FALSE
"actomyosin_rho",414,-0.277150079740087,-0.391768641069999,FALSE
"actomyosin_rho",415,-0.107803591544622,0.18167047401707,FALSE
"actomyosin_rho",416,-0.11044888311944,0.0926854964435271,FALSE
"actomyosin_rho",417,-0.0291963102729901,0.138575345516781,FALSE
"actomyosin_rho",418,0.0437855216806182,0.0243619230587339,TRUE
"actomyosin_rho",419,-0.523052055659425,-0.306812899197046,FALSE
"actomyosin_rho",420,-0.102619316275496,-0.11079844559161,FALSE
"actomyosin_rho",421,0.0866488699034592,-0.020809801464013,FALSE
"actomyosin_rho",422,0.12973742944293,-0.121083521998395,FALSE
"actomyosin_rho",423,-0.0383032597954339,-0.178898595070179,FALSE
"actomyosin_rho",424,0.0656288287716834,0.231013349517639,TRUE
"actomyosin_rho",425,-0.286127104600888,0.0439035480357953,FALSE
"actomyosin_rho",426,0.155086714643803,-0.0297474182925067,FALSE
"actomyosin_rho",427,-0.364274618141011,0.0929706348849195,FALSE
"actomyosin_rho",428,-0.0245806910326746,-0.0354371301988967,FALSE
"actomyosin_rho",429,0.16830970503285,-0.021178494586831,FALSE
"actomyosin_rho",430,0.0288062120200783,-0.0191581102353983,FALSE
"actomyosin_rho",431,-0.00169965256271112,-0.0331509176583538,FALSE
"actomyosin_rho",432,-0.080593240386591,-0.561043361376299,FALSE
"actomyosin_rho",433,0.0762555875135996,0.152222688532481,TRUE
"actomyosin_rho",434,0.193160294916927,0.239557798912951,TRUE
"actomyosin_rho",435,-0.193998561099807,0.296632122882374,FALSE
"actomyosin_rho",436,0.316703143909565,0.100080770217366,TRUE
"actomyosin_rho",437,-0.273025767498724,-0.0949048744398185,FALSE
"actomyosin_rho",438,0.123234344144399,0.254262392740175,TRUE
"actomyosin_rho",439,0.0157227172353993,0.133587641708766,TRUE
"actomyosin_rho",440,0.141573976648048,0.0359279836155741,TRUE
"actomyosin_rho",441,-0.261654820225434,0.106661048299538,FALSE
"actomyosin_rho",442,-0.370575805390935,-0.518239101849228,FALSE
"actomyosin_rho",443,-0.612064697543339,-0.345590232601225,FALSE
"actomyosin_rho",444,-0.119184653235947,-0.134101121595284,FALSE
"actomyosin_rho",445,-0.0542438414162556,0.219651349216659,FALSE
"actomyosin_rho",446,0.108569960185069,0.0818828911575641,TRUE
"actomyosin_rho",447,-0.032509270996887,-0.301992043179824,FALSE
"actomyosin_rho",448,-0.0249300832584192,0.136586231833181,FALSE
"actomyosin_rho",449,0.245545652063961,0.180618119726881,TRUE
"actomyosin_rho",450,0.0921776787621911,0.302720067112486,TRUE
"actomyosin_rho",451,-0.224633927311507,-0.239347919304779,FALSE
"actomyosin_rho",452,0.0958414951805259,0.264665851652007,TRUE
"actomyosin_rho",453,-0.0302638352340285,0.172919947625887,FALSE
"actomyosin_rho",454,-0.164017531677005,0.0642441451439118,FALSE
"actomyosin_rho",455,0.115092892268929,0.125379337210785,TRUE
"actomyosin_rho",456,0.163451966247134,0.126645396768513,TRUE
"actomyosin_rho",457,-0.196863200848668,0.0836337393143063,FALSE
"actomyosin_rho",458,-0.312259561785033,-0.17060049320631,FALSE
"actomyosin_rho",459,-0.273052802960043,-0.115077637297869,FALSE
"actomyosin_rho",460,-0.168746744395724,0.188974188950977,FALSE
"actomyosin_rho",461,-0.215113967118963,-0.0973469664205765,FALSE
"actomyosin_rho",462,0.182331169700005,0.0286122651200215,TRUE
"actomyosin_rho",463,0.00115551009777609,0.0979955676423591,TRUE
"actomyosin_rho",464,-0.183921648401098,-0.075241108405995,FALSE
"actomyosin_rho",465,-0.311464184463599,-0.555424278349239,FALSE
"actomyosin_rho",466,-0.0805517644542537,-0.279643840986979,FALSE
"actomyosin_rho",467,-0.129590409668834,0.242314402495577,FALSE
"actomyosin_rho",468,-0.0477870317216315,0.00486787628497315,FALSE
"actomyosin_rho",469,-0.450924921165572,-0.421444468953526,FALSE
"actomyosin_rho",470,0.0295698828553648,0.00107910534770378,TRUE
"actomyosin_rho",471,-0.324355483306147,0.0320793550290923,FALSE
"actomyosin_rho",472,-0.166924156703576,-0.306121208103223,FALSE
"actomyosin_rho",473,-0.0782094151766291,-0.187757382824936,FALSE
"actomyosin_rho",474,-0.397579722360414,-0.544873125470221,FALSE
"actomyosin_rho",475,0.295852303143857,0.138709786339351,TRUE
"actomyosin_rho",476,-0.02826061317353,-0.249540111368133,FALSE
"actomyosin_rho",477,-0.106378757627276,-0.114492941537539,FALSE
"actomyosin_rho",478,-0.0605475261866603,0.0817182910285729,FALSE
"actomyosin_rho",479,0.0558312543630673,0.0961261488700685,TRUE
"actomyosin_rho",480,0.00943651846778102,0.183241366659738,TRUE
"actomyosin_rho",481,-0.388100279532915,-0.494266240777903,FALSE
"actomyosin_rho",482,0.0203296108945384,-0.0975144366010199,FALSE
"actomyosin_rho",483,0.209008741105173,0.204492648659415,TRUE
"actomyosin_rho",484,0.00163520419436619,-0.242088846035702,FALSE
"actomyosin_rho",485,-0.0876201567114824,-0.211762694879662,FALSE
"actomyosin_rho",486,-0.371755934310217,-0.0369561605708288,FALSE
"actomyosin_rho",487,-0.210478024195991,-0.121033658582143,FALSE
"actomyosin_rho",488,0.106808403931059,0.216112076427018,TRUE
"actomyosin_rho",489,0.273041578797214,0.283340139455413,TRUE
"actomyosin_rho",490,-0.07380276707086,0.0699104118870971,FALSE
"actomyosin_rho",491,-0.192779812577099,0.203383029073425,FALSE
"actomyosin_rho",492,-0.0786605257467582,-0.173637685981767,FALSE
"actomyosin_rho",493,-0.196579840653045,0.0152897245003588,FALSE
"actomyosin_rho",494,0.0154490842548101,-0.0183262252312201,FALSE
"actomyosin_rho",495,-0.271751993360788,0.210535085380542,FALSE
"actomyosin_rho",496,-0.274403975083962,-0.260287058634123,FALSE
"actomyosin_rho",497,-0.346531488425049,-0.500476294778318,FALSE
"actomyosin_rho",498,0.20485746181578,0.248965954975821,TRUE
"actomyosin_rho",499,-0.186083698244793,0.0998268396298204,FALSE
"actomyosin_rho",500,-0.329047110086891,-0.338380516272339,FALSE
"ecm_remodeling",1,-0.201024561931318,-0.168671760618449,FALSE
"ecm_remodeling",2,-0.0852780833465846,-0.134839119767205,FALSE
"ecm_remodeling",3,-0.118272296650592,-0.300807710674261,FALSE
"ecm_remodeling",4,-0.0728695376265246,0.0992133275878272,FALSE
"ecm_remodeling",5,0.111556003554781,0.187573711257342,TRUE
"ecm_remodeling",6,-0.340427181061521,-0.115474100223356,FALSE
"ecm_remodeling",7,-0.103622501766138,0.0411772234883133,FALSE
"ecm_remodeling",8,-0.160171811620246,-0.249753273337565,FALSE
"ecm_remodeling",9,-0.105796233356751,-0.0747428808693985,FALSE
"ecm_remodeling",10,-0.270740098371773,-0.189200581099246,FALSE
"ecm_remodeling",11,-0.0941450496196654,0.0894914032422623,FALSE
"ecm_remodeling",12,-0.210650209657953,-0.0337825584140954,FALSE
"ecm_remodeling",13,-0.0403786651552459,0.0729413927678169,FALSE
"ecm_remodeling",14,0.0737978076661285,0.387240614061884,TRUE
"ecm_remodeling",15,-0.186674072213902,-0.0262726129810217,FALSE
"ecm_remodeling",16,-0.0944021944978519,-0.0483365921093493,FALSE
"ecm_remodeling",17,-0.0157887499788158,0.180665865775533,FALSE
"ecm_remodeling",18,0.0795930619452961,0.240266375079146,TRUE
"ecm_remodeling",19,-0.0727346573049763,-0.18724763722787,FALSE
"ecm_remodeling",20,0.0493756502438773,0.0488237530383261,TRUE
"ecm_remodeling",21,0.0927815973392954,0.145928674453103,TRUE
"ecm_remodeling",22,-0.161220092343748,-0.179209509071136,FALSE
"ecm_remodeling",23,-0.191943151551425,0.0133997203798745,FALSE
"ecm_remodeling",24,-0.121437487959601,0.0836842222159997,FALSE
"ecm_remodeling",25,0.1101664873213,0.0286000096182193,TRUE
"ecm_remodeling",26,-0.183104063421545,-0.164220690195454,FALSE
"ecm_remodeling",27,-0.0779886615072354,0.00303520962205958,FALSE
"ecm_remodeling",28,-0.23570395289026,0.197268292063203,FALSE
"ecm_remodeling",29,-0.223209328785918,-0.194670409006741,FALSE
"ecm_remodeling",30,-0.0339774223440356,-0.0508260062997776,FALSE
"ecm_remodeling",31,-0.136056301919223,-0.0309597431697395,FALSE
"ecm_remodeling",32,-0.0940536343605336,0.0819739904777042,FALSE
"ecm_remodeling",33,0.116412719568528,0.368985116253197,TRUE
"ecm_remodeling",34,0.0289325066841689,0.0594496056690349,TRUE
"ecm_remodeling",35,-0.0161777689537789,0.0935819814668238,FALSE
"ecm_remodeling",36,-0.244915923156205,-0.125965979963517,FALSE
"ecm_remodeling",37,-0.239221802278444,0.201557915757518,FALSE
"ecm_remodeling",38,-0.279044457195598,0.0835270116807071,FALSE
"ecm_remodeling",39,0.352363687213558,0.432687963930791,TRUE
"ecm_remodeling",40,-0.0939471133515814,-0.0985563565652567,FALSE
"ecm_remodeling",41,0.0162515265967369,0.0217159148449518,TRUE
"ecm_remodeling",42,-0.185939675348069,-0.0910705294029124,FALSE
"ecm_remodeling",43,0.1700849813215,0.330115895042961,TRUE
"ecm_remodeling",44,-0.181597389943763,-0.0321075350562932,FALSE
"ecm_remodeling",45,-0.197674859254022,0.0239052017828337,FALSE
"ecm_remodeling",46,-0.137834069436727,0.125696757782708,FALSE
"ecm_remodeling",47,-0.167490804172113,0.298467326482528,FALSE
"ecm_remodeling",48,-0.170619033326487,-0.153035480688882,FALSE
"ecm_remodeling",49,0.201547819034382,0.465633957954354,TRUE
"ecm_remodeling",50,-0.161090972094805,-0.0860791517162244,FALSE
"ecm_remodeling",51,-0.152945435549949,0.0670381465168188,FALSE
"ecm_remodeling",52,-0.114674107337376,0.22594773364248,FALSE
"ecm_remodeling",53,-0.0980252616882041,-0.0933235843617342,FALSE
"ecm_remodeling",54,-0.262771553154151,-0.0942730062666586,FALSE
"ecm_remodeling",55,-0.247437491522532,0.0193301168946454,FALSE
"ecm_remodeling",56,-0.00951922566173904,0.200802749703855,FALSE
"ecm_remodeling",57,0.14939901507057,0.392108776604105,TRUE
"ecm_remodeling",58,-0.0548310386296514,-0.124748758646893,FALSE
"ecm_remodeling",59,-0.327265283519056,-0.147090064561432,FALSE
"ecm_remodeling",60,-0.0159949314374095,-0.228640681780334,FALSE
"ecm_remodeling",61,-0.0144110872715041,-0.140663886431907,FALSE
"ecm_remodeling",62,-0.231922389898677,-0.212712965955919,FALSE
"ecm_remodeling",63,-0.281092929474053,-0.0825694027707359,FALSE
"ecm_remodeling",64,-0.0276359512197807,0.156347297342501,FALSE
"ecm_remodeling",65,0.359186842867953,0.326770367216935,TRUE
"ecm_remodeling",66,-0.0740740778510555,0.106328369640254,FALSE
"ecm_remodeling",67,0.257974723374143,0.501312501394356,TRUE
"ecm_remodeling",68,0.0491014395071408,0.377945202876349,TRUE
"ecm_remodeling",69,0.00183286566480903,-0.0755170631035256,FALSE
"ecm_remodeling",70,0.0305353625145723,0.23764712145076,TRUE
"ecm_remodeling",71,-0.210360989192799,-0.0841845903196636,FALSE
"ecm_remodeling",72,0.120149251012765,0.315940667991509,TRUE
"ecm_remodeling",73,0.0846989334820327,-0.160353691698532,FALSE
"ecm_remodeling",74,-0.234284688597284,-0.189493238517038,FALSE
"ecm_remodeling",75,0.233200962084882,0.402169870680286,TRUE
"ecm_remodeling",76,0.191002419694938,0.0115473784053064,TRUE
"ecm_remodeling",77,-0.110374992709899,0.198287586661954,FALSE
"ecm_remodeling",78,-0.161812017846516,-0.0854092956937056,FALSE
"ecm_remodeling",79,0.121579422326045,0.066634347740509,TRUE
"ecm_remodeling",80,-0.013842865425346,0.115396685435485,FALSE
"ecm_remodeling",81,0.00295779237062297,0.106351743871485,TRUE
"ecm_remodeling",82,-0.274330830683311,-0.0411105766630191,FALSE
"ecm_remodeling",83,0.00346750575015207,-0.0605329970867748,FALSE
"ecm_remodeling",84,-0.138588613328266,-0.486337893218337,FALSE
"ecm_remodeling",85,-0.121270192580494,0.0409355595173598,FALSE
"ecm_remodeling",86,-0.15812292810975,-0.0750757036384064,FALSE
"ecm_remodeling",87,-0.115368703684833,-0.0338787039948067,FALSE
"ecm_remodeling",88,0.309622958748289,0.0949364551382962,TRUE
"ecm_remodeling",89,-0.0939910608392028,0.0444259400327386,FALSE
"ecm_remodeling",90,-0.0216396825541696,0.0692240442098493,FALSE
"ecm_remodeling",91,-0.24631827932946,-0.239474713821738,FALSE
"ecm_remodeling",92,-0.147358714053913,-0.0834401998042356,FALSE
"ecm_remodeling",93,0.0932451026422984,0.0715823532574723,TRUE
"ecm_remodeling",94,-0.0759716061892217,0.0987463089598301,FALSE
"ecm_remodeling",95,-0.232645188650018,-0.188266052771389,FALSE
"ecm_remodeling",96,-0.0345857357057428,0.140970019277836,FALSE
"ecm_remodeling",97,0.0833857677013605,0.157111190408787,TRUE
"ecm_remodeling",98,-0.199630018665807,-0.0709063071389175,FALSE
"ecm_remodeling",99,-0.148745586930828,0.0045011718830256,FALSE
"ecm_remodeling",100,0.0516933099883428,0.120783042707888,TRUE
"ecm_remodeling",101,-0.0547216590800619,-0.139284686263593,FALSE
"ecm_remodeling",102,-0.0998167714351335,-0.188164292537586,FALSE
"ecm_remodeling",103,-0.0271605766254265,0.241625822347974,FALSE
"ecm_remodeling",104,-0.0776163282206245,-0.121763003287316,FALSE
"ecm_remodeling",105,-0.112180535508105,0.193333383904981,FALSE
"ecm_remodeling",106,-0.120117800627272,-0.26720505669278,FALSE
"ecm_remodeling",107,-0.181830866022447,0.0253098912721456,FALSE
"ecm_remodeling",108,-0.230626653007221,-0.127158498059733,FALSE
"ecm_remodeling",109,0.09241881884542,0.187877778796613,TRUE
"ecm_remodeling",110,-0.0127326027995303,0.0722381767624293,FALSE
"ecm_remodeling",111,-0.126196617919102,0.0542696078964718,FALSE
"ecm_remodeling",112,-0.0913260939524272,0.0899133140427046,FALSE
"ecm_remodeling",113,-0.284036807463661,-0.168806158768676,FALSE
"ecm_remodeling",114,-0.30585727775667,-0.198973913266936,FALSE
"ecm_remodeling",115,-0.0696258879450475,0.11859285942162,FALSE
"ecm_remodeling",116,-0.180262292808737,-0.11205682073508,FALSE
"ecm_remodeling",117,-0.00559930815748587,0.129749649270374,FALSE
"ecm_remodeling",118,-0.146357303123831,0.0721469597533995,FALSE
"ecm_remodeling",119,0.0817816352265806,0.145401303190961,TRUE
"ecm_remodeling",120,-0.165773054413056,0.0337463340433509,FALSE
"ecm_remodeling",121,-0.175686365076127,-0.219753364087675,FALSE
"ecm_remodeling",122,-0.0114209233145202,0.174069075503735,FALSE
"ecm_remodeling",123,0.240690551870246,0.401018751807964,TRUE
"ecm_remodeling",124,-0.115821317520737,-0.0654128338179717,FALSE
"ecm_remodeling",125,0.00265072524317028,0.00821697505439123,TRUE
"ecm_remodeling",126,0.215768452412549,0.297039569336791,TRUE
"ecm_remodeling",127,-0.0245819824239194,-0.0714559914864079,FALSE
"ecm_remodeling",128,-0.0301122408697196,-0.0375973526437178,FALSE
"ecm_remodeling",129,-0.0163184022797125,-0.014874043952679,FALSE
"ecm_remodeling",130,-0.0721386313722144,-0.064889838669397,FALSE
"ecm_remodeling",131,-0.160886842450718,0.203739510781789,FALSE
"ecm_remodeling",132,-0.143581073663501,-0.0222436656724829,FALSE
"ecm_remodeling",133,-0.254893734354694,-0.344877775861371,FALSE
"ecm_remodeling",134,-0.207920665359064,0.117341989655665,FALSE
"ecm_remodeling",135,0.013037589959776,-0.0546321990597978,FALSE
"ecm_remodeling",136,0.279258224121719,0.362193130473034,TRUE
"ecm_remodeling",137,0.0419647809628359,0.310384869335745,TRUE
"ecm_remodeling",138,-0.0275691500068063,0.0382159865868625,FALSE
"ecm_remodeling",139,-0.0723210950881875,-0.174599753127234,FALSE
"ecm_remodeling",140,-0.149203960309094,0.0837553726496879,FALSE
"ecm_remodeling",141,-0.0199004837213033,0.160291716055704,FALSE
"ecm_remodeling",142,0.0655941520621419,0.104879528641855,TRUE
"ecm_remodeling",143,-0.0588152925396704,-0.355743660625658,FALSE
"ecm_remodeling",144,-0.261470076782274,-0.103645353661372,FALSE
"ecm_remodeling",145,-0.158668671114082,-0.0835028231773704,FALSE
"ecm_remodeling",146,-0.148294131857899,-0.0922220336584095,FALSE
"ecm_remodeling",147,-0.0198194720726599,-0.0871718272021952,FALSE
"ecm_remodeling",148,-0.178690804057365,-0.168112645717669,FALSE
"ecm_remodeling",149,-0.137278852156294,0.0694339510895737,FALSE
"ecm_remodeling",150,-0.297455243702264,-0.0605490421363274,FALSE
"ecm_remodeling",151,-0.0161546709046849,-0.0817976750390278,FALSE
"ecm_remodeling",152,-0.155796643662788,-0.0996327753186148,FALSE
"ecm_remodeling",153,0.220070725231373,0.151559230051558,TRUE
"ecm_remodeling",154,-0.624832102837697,-0.533915473644349,FALSE
"ecm_remodeling",155,-0.103708021878597,-0.0648840113709592,FALSE
"ecm_remodeling",156,-0.0687845432967227,0.154430844814602,FALSE
"ecm_remodeling",157,-0.0324842283904913,0.0707191419296955,FALSE
"ecm_remodeling",158,-0.0337580315453657,0.0885841558994126,FALSE
"ecm_remodeling",159,-0.054642684507235,-0.0797891658741031,FALSE
"ecm_remodeling",160,-0.273632932987392,-0.377750972973376,FALSE
"ecm_remodeling",161,-0.223065723983246,-0.147931957534001,FALSE
"ecm_remodeling",162,-0.328266841533049,-0.317586517593769,FALSE
"ecm_remodeling",163,-0.0869715379276106,-0.0558426528596514,FALSE
"ecm_remodeling",164,0.0911776557304588,0.197804339616308,TRUE
"ecm_remodeling",165,0.0156711626298038,0.0259834282567264,TRUE
"ecm_remodeling",166,-0.00479536826447025,0.0363957884147567,FALSE
"ecm_remodeling",167,0.0660066382301793,0.272881821496155,TRUE
"ecm_remodeling",168,-0.185292748720631,0.0761509392469852,FALSE
"ecm_remodeling",169,-0.0901515113143236,0.230085834291885,FALSE
"ecm_remodeling",170,0.0634755654222223,0.456734306051423,TRUE
"ecm_remodeling",171,0.118305257720182,0.532158865503792,TRUE
"ecm_remodeling",172,0.152195389931151,-0.0791468541778778,FALSE
"ecm_remodeling",173,-0.266894701997665,-0.171574859604504,FALSE
"ecm_remodeling",174,-0.230407277161016,0.0780916319365287,FALSE
"ecm_remodeling",175,0.0595191723977205,0.0736738340775053,TRUE
"ecm_remodeling",176,-0.00906087117031762,0.353662053745235,FALSE
"ecm_remodeling",177,-0.130936528748431,-0.0781615266796215,FALSE
"ecm_remodeling",178,-0.179294005357435,0.0847930242827568,FALSE
"ecm_remodeling",179,-0.21355692429685,-0.145372676099059,FALSE
"ecm_remodeling",180,-0.171753895283447,0.00680088020266495,FALSE
"ecm_remodeling",181,-0.0775773920437651,-0.0549375941326424,FALSE
"ecm_remodeling",182,-0.0371452304980072,0.0374759254122468,FALSE
"ecm_remodeling",183,-0.293600544524582,-0.200192045619531,FALSE
"ecm_remodeling",184,-0.236207997064273,-0.127438592426149,FALSE
"ecm_remodeling",185,-0.402643015039279,-0.25424264546388,FALSE
"ecm_remodeling",186,0.253943342067473,0.235958509579987,TRUE
"ecm_remodeling",187,-0.268566867114522,-0.219774690833544,FALSE
"ecm_remodeling",188,-0.35099358188758,0.142446784127793,FALSE
"ecm_remodeling",189,0.0325960225823573,-0.0688390946419036,FALSE
"ecm_remodeling",190,-0.0838965088804863,0.13343481345856,FALSE
"ecm_remodeling",191,-0.186302319972206,-0.129952179247616,FALSE
"ecm_remodeling",192,-0.19725266403095,-0.0469158392097551,FALSE
"ecm_remodeling",193,0.401148469324803,0.290455975196762,TRUE
"ecm_remodeling",194,-0.0941397715924063,-0.0324913932213203,FALSE
"ecm_remodeling",195,-0.0581630941564835,-0.0147255305797783,FALSE
"ecm_remodeling",196,-0.233336440974179,0.0945528481532151,FALSE
"ecm_remodeling",197,0.0686014662040774,0.0192896075633366,TRUE
"ecm_remodeling",198,-0.0824533435823376,-0.135212369199107,FALSE
"ecm_remodeling",199,0.0595765187534162,0.0622957965381783,TRUE
"ecm_remodeling",200,-0.208806980032519,-0.0587931229252296,FALSE
"ecm_remodeling",201,-0.00792913590927657,0.0274932018107942,FALSE
"ecm_remodeling",202,-0.388645532591535,-0.307974768945645,FALSE
"ecm_remodeling",203,0.142024897665489,-0.0176509796458075,FALSE
"ecm_remodeling",204,0.319796154348363,0.15961359271976,TRUE
"ecm_remodeling",205,-0.194155146099802,-0.103338691322785,FALSE
"ecm_remodeling",206,-0.237557606621464,-0.0550034446770055,FALSE
"ecm_remodeling",207,-0.0260305077477389,0.183294916702528,FALSE
"ecm_remodeling",208,0.0303817817653047,0.0698729750188415,TRUE
"ecm_remodeling",209,0.00329957856580956,0.0597576902393302,TRUE
"ecm_remodeling",210,-0.17980693187951,-0.107365432256935,FALSE
"ecm_remodeling",211,-0.125941367148501,-0.0056554173422898,FALSE
"ecm_remodeling",212,-0.255327295366119,-0.0248878952676868,FALSE
"ecm_remodeling",213,-0.228831851939478,-0.0301092137757423,FALSE
"ecm_remodeling",214,0.0584158068431415,0.0149558143410945,TRUE
"ecm_remodeling",215,0.0732674300589293,0.174262901849202,TRUE
"ecm_remodeling",216,-0.128515390685411,-0.110869588565407,FALSE
"ecm_remodeling",217,0.0190514473104419,0.0759665562774076,TRUE
"ecm_remodeling",218,-0.168662737617569,0.107111216654399,FALSE
"ecm_remodeling",219,0.0228493860174632,-0.0215458940408836,FALSE
"ecm_remodeling",220,-0.229502385888536,-0.112993784953288,FALSE
"ecm_remodeling",221,-0.136832800811888,-0.311128022456856,FALSE
"ecm_remodeling",222,0.171912250823926,0.291492603163228,TRUE
"ecm_remodeling",223,0.123259872599596,-0.0264313547268312,FALSE
"ecm_remodeling",224,-0.286801869165229,0.130804017974782,FALSE
"ecm_remodeling",225,0.00268871571461143,-0.325796284830444,FALSE
"ecm_remodeling",226,-0.279731781776644,0.00878553675138627,FALSE
"ecm_remodeling",227,-0.203133965767429,-0.0351264684739104,FALSE
"ecm_remodeling",228,-0.102745116539538,0.0362190052426188,FALSE
"ecm_remodeling",229,-0.32797621996933,-0.181261324811119,FALSE
"ecm_remodeling",230,-0.243888232276112,-0.332144739941536,FALSE
"ecm_remodeling",231,-0.125450111812773,0.0545036992865249,FALSE
"ecm_remodeling",232,0.0758882782587556,0.103977159925315,TRUE
"ecm_remodeling",233,0.021143898001683,0.132083097595444,TRUE
"ecm_remodeling",234,-0.305263905711228,-0.418490322472291,FALSE
"ecm_remodeling",235,-0.034376467896208,0.169648410846934,FALSE
"ecm_remodeling",236,0.00277888894010919,-0.249847428149684,FALSE
"ecm_remodeling",237,0.112398884588481,0.1430231140221,TRUE
"ecm_remodeling",238,-0.167990362211885,-0.0357508048811686,FALSE
"ecm_remodeling",239,-0.178539477033445,0.007163760317559,FALSE
"ecm_remodeling",240,0.014608267539477,0.0321371187384142,TRUE
"ecm_remodeling",241,0.0516899053555873,0.136117796139289,TRUE
"ecm_remodeling",242,-0.0465104492392063,0.112035763792709,FALSE
"ecm_remodeling",243,0.0730388739959338,0.12040665523687,TRUE
"ecm_remodeling",244,-0.00791836301928971,0.12782866829711,FALSE
"ecm_remodeling",245,-0.117596056120975,-0.0965323068695893,FALSE
"ecm_remodeling",246,-0.0932248437832898,0.271909644747149,FALSE
"ecm_remodeling",247,-0.01579659330091,0.121246236309933,FALSE
"ecm_remodeling",248,-0.0986014744994926,0.0312702499757127,FALSE
"ecm_remodeling",249,-0.179415563567708,-0.0776161905785376,FALSE
"ecm_remodeling",250,-0.128703747202634,0.0538343901553742,FALSE
"ecm_remodeling",251,-0.113422232467687,-0.077765753911809,FALSE
"ecm_remodeling",252,0.081186071988214,0.156908310595691,TRUE
"ecm_remodeling",253,0.339116182648826,0.295913866905641,TRUE
"ecm_remodeling",254,-0.37019640631746,-0.373991915760542,FALSE
"ecm_remodeling",255,-0.0345569407957045,0.0706287864828615,FALSE
"ecm_remodeling",256,-0.234211956995802,-0.00190072420246917,FALSE
"ecm_remodeling",257,0.036743727817053,0.43431259248386,TRUE
"ecm_remodeling",258,-0.268031918442386,0.0279842615314665,FALSE
"ecm_remodeling",259,-0.0525437188132263,-0.0610600496509441,FALSE
"ecm_remodeling",260,-0.142672305506747,-0.0243903163719179,FALSE
"ecm_remodeling",261,0.00815700920467342,0.0690886249981847,TRUE
"ecm_remodeling",262,-0.0955487329130186,-0.114893801667917,FALSE
"ecm_remodeling",263,-0.65396827092027,-0.64257532356381,FALSE
"ecm_remodeling",264,0.142440289987218,0.187552677902978,TRUE
"ecm_remodeling",265,-0.0308008336027369,0.140149730967915,FALSE
"ecm_remodeling",266,-0.135930361031281,-0.106929839282438,FALSE
"ecm_remodeling",267,0.0349249204864273,0.254788062207962,TRUE
"ecm_remodeling",268,-0.0698845985189159,0.110024738383601,FALSE
"ecm_remodeling",269,0.0142888455740884,0.205512028419086,TRUE
"ecm_remodeling",270,-0.0898224209531269,0.130799045551464,FALSE
"ecm_remodeling",271,-0.160358835266467,-0.0104250884218806,FALSE
"ecm_remodeling",272,-0.00514353888390745,-0.21640807459655,FALSE
"ecm_remodeling",273,-0.0847892153007648,-0.053155551966143,FALSE
"ecm_remodeling",274,-0.00301920957896026,0.1542903052991,FALSE
"ecm_remodeling",275,-0.418178730396968,0.15250026317676,FALSE
"ecm_remodeling",276,-0.171511451998493,-0.0398678787810315,FALSE
"ecm_remodeling",277,-0.0807998575035362,-0.00984075578233157,FALSE
"ecm_remodeling",278,-0.104258794070037,0.0705340564794495,FALSE
"ecm_remodeling",279,-0.117830915308931,-0.14199346696273,FALSE
"ecm_remodeling",280,-0.159276683006419,-0.0156590811624739,FALSE
"ecm_remodeling",281,-0.37925227251026,-0.118332406881246,FALSE
"ecm_remodeling",282,-0.271196700973584,0.131629442359681,FALSE
"ecm_remodeling",283,0.14220037056211,0.208238758785439,TRUE
"ecm_remodeling",284,-0.00440961625922909,0.240317408110502,FALSE
"ecm_remodeling",285,0.0526474868581773,-0.0278226336963923,FALSE
"ecm_remodeling",286,-0.226704636797082,-0.0657652640209143,FALSE
"ecm_remodeling",287,-0.208320674052641,0.0814622986938408,FALSE
"ecm_remodeling",288,-0.328087445541275,-0.170359976299842,FALSE
"ecm_remodeling",289,-0.00154574771281391,0.0798057053000604,FALSE
"ecm_remodeling",290,0.0983074301069602,0.255409437335843,TRUE
"ecm_remodeling",291,0.114645146331587,0.186553285122097,TRUE
"ecm_remodeling",292,0.00928755351022634,-0.0434358852201561,FALSE
"ecm_remodeling",293,-0.051071782658263,0.0222368015367858,FALSE
"ecm_remodeling",294,-0.426989324361028,-0.32098719777843,FALSE
"ecm_remodeling",295,-0.33993161626868,-0.368989999888904,FALSE
"ecm_remodeling",296,-0.0928298694417289,-0.108476304475293,FALSE
"ecm_remodeling",297,0.351921333770322,0.238767584263605,TRUE
"ecm_remodeling",298,-0.0369970408463135,0.0175780550376506,FALSE
"ecm_remodeling",299,0.17953861002148,0.370756235388399,TRUE
"ecm_remodeling",300,-0.274316380563949,-0.115735976564469,FALSE
"ecm_remodeling",301,0.105279625813472,0.245290616476385,TRUE
"ecm_remodeling",302,0.339903589669045,0.476998186288867,TRUE
"ecm_remodeling",303,0.000369519711511751,0.234941573727103,TRUE
"ecm_remodeling",304,-0.232611509481263,-0.140264729396406,FALSE
"ecm_remodeling",305,-0.10967272642353,0.065494521444481,FALSE
"ecm_remodeling",306,-0.299076166976509,-0.327341193234547,FALSE
"ecm_remodeling",307,-0.301749339257343,-0.239423934378879,FALSE
"ecm_remodeling",308,-0.0781640932662254,-0.0795724508827907,FALSE
"ecm_remodeling",309,0.354348768361122,0.501798356715051,TRUE
"ecm_remodeling",310,0.0331510054921897,0.0166317368440571,TRUE
"ecm_remodeling",311,-0.287579378186199,-0.174956583462885,FALSE
"ecm_remodeling",312,-0.256588980986183,-0.0458060489214007,FALSE
"ecm_remodeling",313,0.0150360145381964,0.269365541160873,TRUE
"ecm_remodeling",314,-0.129740514663185,-0.0747739824940155,FALSE
"ecm_remodeling",315,-0.197647175167181,-0.00423497003901574,FALSE
"ecm_remodeling",316,0.0413556936397043,0.118169389391988,TRUE
"ecm_remodeling",317,0.141988313531581,0.0220380385997624,TRUE
"ecm_remodeling",318,-0.00481617818169464,0.0887634475998183,FALSE
"ecm_remodeling",319,0.0202215579598191,0.0143047482218947,TRUE
"ecm_remodeling",320,-0.269282974097808,-0.296996933645301,FALSE
"ecm_remodeling",321,-0.2662818152577,-0.320793944175749,FALSE
"ecm_remodeling",322,0.242420709982696,0.282605101963167,TRUE
"ecm_remodeling",323,-0.284574412241591,-0.249702762743628,FALSE
"ecm_remodeling",324,-0.117065929191958,0.0365081843259197,FALSE
"ecm_remodeling",325,-0.0787511829139459,-0.0235930399428783,FALSE
"ecm_remodeling",326,0.337703043249726,0.390408383741247,TRUE
"ecm_remodeling",327,-0.10552300580015,0.270882540167583,FALSE
"ecm_remodeling",328,0.0171003309962936,0.0207912150162847,TRUE
"ecm_remodeling",329,-0.0568761680338312,-0.267768419231387,FALSE
"ecm_remodeling",330,-0.254087216605606,-0.117729343887746,FALSE
"ecm_remodeling",331,-0.0583459300482738,-0.0652534345898432,FALSE
"ecm_remodeling",332,0.200319984199976,0.320830096991708,TRUE
"ecm_remodeling",333,-0.149693752100076,0.0271389480029891,FALSE
"ecm_remodeling",334,-0.24096956708687,-0.142184907462334,FALSE
"ecm_remodeling",335,-0.330870282432769,-0.161992265018309,FALSE
"ecm_remodeling",336,-0.128292954384447,0.193254547413363,FALSE
"ecm_remodeling",337,-0.486470944875246,-0.375734253084206,FALSE
"ecm_remodeling",338,-0.189194242230148,-0.0978664970362352,FALSE
"ecm_remodeling",339,-0.162671275113982,-0.1554965229718,FALSE
"ecm_remodeling",340,-0.105807044348081,-0.14069369232099,FALSE
"ecm_remodeling",341,-0.0982902487971896,0.0733937299901172,FALSE
"ecm_remodeling",342,-0.33382000403621,-0.214680801426946,FALSE
"ecm_remodeling",343,-0.057356930020617,-0.29193122255414,FALSE
"ecm_remodeling",344,0.209240916338459,0.181932393811578,TRUE
"ecm_remodeling",345,0.017320150239308,0.0761819511616958,TRUE
"ecm_remodeling",346,-0.236285841486738,-0.0698653178728432,FALSE
"ecm_remodeling",347,-0.130371778673205,0.0524978072580854,FALSE
"ecm_remodeling",348,-0.10186478511988,-0.129046625980286,FALSE
"ecm_remodeling",349,-0.0927439877124743,0.149566241392459,FALSE
"ecm_remodeling",350,-0.261276054358929,0.00517184481876132,FALSE
"ecm_remodeling",351,-0.0791587763229232,0.108804903065672,FALSE
"ecm_remodeling",352,-0.152338964244662,-0.450995503605253,FALSE
"ecm_remodeling",353,-0.067564199421438,0.0350129107184254,FALSE
"ecm_remodeling",354,-0.184520216314673,-0.144589744023752,FALSE
"ecm_remodeling",355,-0.153376983480335,-0.140267851449076,FALSE
"ecm_remodeling",356,0.0791068867032806,0.0585224313575396,TRUE
"ecm_remodeling",357,0.123617776371562,0.147407417841571,TRUE
"ecm_remodeling",358,0.182594779394665,0.358587937891898,TRUE
"ecm_remodeling",359,-0.118854276435302,0.142682663257072,FALSE
"ecm_remodeling",360,0.228821337035312,0.51407170932727,TRUE
"ecm_remodeling",361,-0.0675588205839373,0.108772374545804,FALSE
"ecm_remodeling",362,-0.0835694968952018,-0.0129458925450262,FALSE
"ecm_remodeling",363,-0.274043522438964,-0.287640907578586,FALSE
"ecm_remodeling",364,-0.143983421442845,-0.166335332502331,FALSE
"ecm_remodeling",365,-0.32174825197447,-0.111682528947948,FALSE
"ecm_remodeling",366,0.144350997953712,0.172026153179886,TRUE
"ecm_remodeling",367,0.255994187481891,0.14904531906451,TRUE
"ecm_remodeling",368,0.0965016017570988,0.0563773013184845,TRUE
"ecm_remodeling",369,0.10579783096207,0.261558282461783,TRUE
"ecm_remodeling",370,-0.097350295693501,-0.186723081082196,FALSE
"ecm_remodeling",371,-0.288573675279092,-0.0433380508490823,FALSE
"ecm_remodeling",372,-0.201012500681057,-0.207853630377743,FALSE
"ecm_remodeling",373,0.222562339411301,0.403748762335131,TRUE
"ecm_remodeling",374,0.131563122855082,0.125564839571842,TRUE
"ecm_remodeling",375,-0.021983422128613,0.103240866855172,FALSE
"ecm_remodeling",376,-0.195585007432528,-0.192762608494673,FALSE
"ecm_remodeling",377,-0.201760759841543,-0.084272310155074,FALSE
"ecm_remodeling",378,0.0627132798442321,-0.00346565520887776,FALSE
"ecm_remodeling",379,-0.195205417276608,-0.324091802687506,FALSE
"ecm_remodeling",380,-0.125657252787577,0.0763378099917109,FALSE
"ecm_remodeling",381,0.0466664918977671,0.123927388983047,TRUE
"ecm_remodeling",382,-0.121793079927479,-0.121351038082316,FALSE
"ecm_remodeling",383,0.14983241581049,0.103304991190045,TRUE
"ecm_remodeling",384,-0.311766345648299,-0.14333875448862,FALSE
"ecm_remodeling",385,0.028457349270247,0.117333150631732,TRUE
"ecm_remodeling",386,-0.0581504779054855,0.00793039693777509,FALSE
"ecm_remodeling",387,0.0142713245632415,0.100278175386595,TRUE
"ecm_remodeling",388,-0.163538516478928,-0.150821228807896,FALSE
"ecm_remodeling",389,-0.231647531541352,0.125188031168316,FALSE
"ecm_remodeling",390,-0.0463942260537426,0.110464009638552,FALSE
"ecm_remodeling",391,0.0455786862899769,0.231828134462106,TRUE
"ecm_remodeling",392,0.0987761977470308,0.250402164697711,TRUE
"ecm_remodeling",393,-0.375152595990334,-0.289804555636132,FALSE
"ecm_remodeling",394,-0.0203731926878242,0.150543925376301,FALSE
"ecm_remodeling",395,-0.262639056052263,-0.409622399829704,FALSE
"ecm_remodeling",396,-0.120274059159427,0.048466412258955,FALSE
"ecm_remodeling",397,-0.103269373262383,-0.124228045737373,FALSE
"ecm_remodeling",398,-0.244953906922172,-0.496718215729661,FALSE
"ecm_remodeling",399,-0.30138403774627,-0.204770042432382,FALSE
"ecm_remodeling",400,-0.156548457165814,-0.230345375022303,FALSE
"ecm_remodeling",401,-0.334662637959938,-0.197564693703279,FALSE
"ecm_remodeling",402,-0.231884224206765,0.152855372512542,FALSE
"ecm_remodeling",403,-0.232541336111516,-0.19707090971392,FALSE
"ecm_remodeling",404,-0.000987062573615638,-0.0491175105385494,FALSE
"ecm_remodeling",405,0.125525220886776,0.0867823127425229,TRUE
"ecm_remodeling",406,-0.141420123919199,0.230251527143951,FALSE
"ecm_remodeling",407,-0.409840461831348,-0.324742621198154,FALSE
"ecm_remodeling",408,-0.188553995298296,0.203292028507122,FALSE
"ecm_remodeling",409,-0.0707340041540416,0.105984860959077,FALSE
"ecm_remodeling",410,0.113709525074778,0.333415183203067,TRUE
"ecm_remodeling",411,-0.416671848700768,-0.308671774469851,FALSE
"ecm_remodeling",412,0.133611585904164,0.0201837192433531,TRUE
"ecm_remodeling",413,-0.190598966379457,0.0825366165490136,FALSE
"ecm_remodeling",414,-0.176374294161314,0.119549278153996,FALSE
"ecm_remodeling",415,-0.232309534396601,-0.478922716661495,FALSE
"ecm_remodeling",416,0.368337011044514,0.504314329402849,TRUE
"ecm_remodeling",417,0.100214716359596,-0.0198829292878088,FALSE
"ecm_remodeling",418,-0.0213007374722789,0.0720306962468122,FALSE
"ecm_remodeling",419,0.0667920414851949,-0.0233894638370232,FALSE
"ecm_remodeling",420,-0.0246089148541788,0.0600630021393883,FALSE
"ecm_remodeling",421,0.0274477116659269,0.326218986612985,TRUE
"ecm_remodeling",422,-0.140120185572941,-0.19676075452122,FALSE
"ecm_remodeling",423,-0.247135288946162,-0.198019381066574,FALSE
"ecm_remodeling",424,-0.00569230954455143,0.39221201509678,FALSE
"ecm_remodeling",425,-0.266814199409846,0.0888661875086652,FALSE
"ecm_remodeling",426,-0.0340980278879653,-0.0435717846475618,FALSE
"ecm_remodeling",427,-0.117823918026132,0.079211925533635,FALSE
"ecm_remodeling",428,-0.349324951784597,0.0155539015100393,FALSE
"ecm_remodeling",429,-0.053490450281798,0.0973541444877356,FALSE
"ecm_remodeling",430,-0.197115550632317,-0.443079418409946,FALSE
"ecm_remodeling",431,0.116566207271493,0.264866398656388,TRUE
"ecm_remodeling",432,-0.460665503662419,-0.123735267290448,FALSE
"ecm_remodeling",433,-0.0278465828049543,-0.0340709175163977,FALSE
"ecm_remodeling",434,-0.286951124913695,-0.190682037390869,FALSE
"ecm_remodeling",435,-0.213683075832133,-0.0193268388294159,FALSE
"ecm_remodeling",436,-0.000163311424646317,0.164050741757153,FALSE
"ecm_remodeling",437,-0.277198536881674,-0.0837371826077762,FALSE
"ecm_remodeling",438,-0.199589708247817,-0.0596418651976744,FALSE
"ecm_remodeling",439,-0.0295436480667802,-0.0323302040997903,FALSE
"ecm_remodeling",440,-0.144919204948673,-0.036267166913559,FALSE
"ecm_remodeling",441,0.154440111211031,0.178032301464479,TRUE
"ecm_remodeling",442,-0.0113576459611509,0.0367339914164218,FALSE
"ecm_remodeling",443,-0.098587397370251,-0.239952698611728,FALSE
"ecm_remodeling",444,-0.304305815431712,-0.237262925399636,FALSE
"ecm_remodeling",445,0.253678631132275,0.206208719847326,TRUE
"ecm_remodeling",446,0.135283476764804,-0.0638405182438175,FALSE
"ecm_remodeling",447,-0.383353279648949,-0.0401400099500602,FALSE
"ecm_remodeling",448,-0.200768614724148,-0.228331624226086,FALSE
"ecm_remodeling",449,0.0847448878829624,0.217583444813646,TRUE
"ecm_remodeling",450,-0.150771381456806,0.00468295957857684,FALSE
"ecm_remodeling",451,0.0578499932618177,0.160577170174704,TRUE
"ecm_remodeling",452,0.151602085501496,0.505378038846465,TRUE
"ecm_remodeling",453,-0.0390696871718779,0.215115834466473,FALSE
"ecm_remodeling",454,-0.0819841192435925,0.0769054837499104,FALSE
"ecm_remodeling",455,-0.0610729951315581,0.189976995793342,FALSE
"ecm_remodeling",456,0.0906482179263085,0.129665301799215,TRUE
"ecm_remodeling",457,-0.179166994530704,-0.330032557088677,FALSE
"ecm_remodeling",458,0.0199726058921221,0.134304506407748,TRUE
"ecm_remodeling",459,-0.182571473265638,0.0544974430772213,FALSE
"ecm_remodeling",460,-0.0951969446255015,0.181538853525601,FALSE
"ecm_remodeling",461,-0.0994852800148142,-0.0349985686905169,FALSE
"ecm_remodeling",462,0.0338878657573103,0.087476190312267,TRUE
"ecm_remodeling",463,-0.194685797256001,-0.0142577188143583,FALSE
"ecm_remodeling",464,-0.115057616146559,-0.15003760812747,FALSE
"ecm_remodeling",465,0.383896886592863,0.137658002344164,TRUE
"ecm_remodeling",466,-0.0875749009605703,-0.0583183114471353,FALSE
"ecm_remodeling",467,-0.0494758174638275,-0.0983329932836469,FALSE
"ecm_remodeling",468,0.202169471032081,-0.0272601364699989,FALSE
"ecm_remodeling",469,-0.0803516484201953,-0.0170017185951195,FALSE
"ecm_remodeling",470,-0.0979224300016711,-0.0823269457528712,FALSE
"ecm_remodeling",471,-0.0475753784700649,-0.0446202606974363,FALSE
"ecm_remodeling",472,0.161457463891294,0.214583596443591,TRUE
"ecm_remodeling",473,-0.042426793960905,0.0764781816982001,FALSE
"ecm_remodeling",474,-0.147008702771739,-0.0959871535983169,FALSE
"ecm_remodeling",475,-0.117279669011567,0.0880850507853692,FALSE
"ecm_remodeling",476,-0.18099196828158,-0.190541432729429,FALSE
"ecm_remodeling",477,-0.191657472784054,-0.0685046222617977,FALSE
"ecm_remodeling",478,-0.175703980348917,0.0957489296700448,FALSE
"ecm_remodeling",479,-0.222512011008584,-0.343540551739696,FALSE
"ecm_remodeling",480,-0.0920875381183102,-0.247974510311276,FALSE
"ecm_remodeling",481,-0.0655764773990145,-0.0189117653488016,FALSE
"ecm_remodeling",482,0.110028111005767,0.0500364939802243,TRUE
"ecm_remodeling",483,-0.0634220356493289,-0.04684728191664,FALSE
"ecm_remodeling",484,-0.399444528232977,-0.16004132811778,FALSE
"ecm_remodeling",485,-0.0935437255746326,0.194247880102536,FALSE
"ecm_remodeling",486,-0.0769899455344146,0.0499603697639494,FALSE
"ecm_remodeling",487,-0.0461489831802085,-0.367335036846842,FALSE
"ecm_remodeling",488,-0.203545929342069,0.0121218751573957,FALSE
"ecm_remodeling",489,-0.372110575548529,-0.28826403611667,FALSE
"ecm_remodeling",490,-0.241734808270184,0.0126184852913273,FALSE
"ecm_remodeling",491,-0.159375708464746,-0.233599925981518,FALSE
"ecm_remodeling",492,-0.224900389548675,-0.019006622755659,FALSE
"ecm_remodeling",493,-0.167407979433239,-0.0710766848875259,FALSE
"ecm_remodeling",494,-0.30705643174299,-0.325254877669255,FALSE
"ecm_remodeling",495,0.102466694146596,0.253225264586705,TRUE
"ecm_remodeling",496,-0.0645849154160363,0.238122368850107,FALSE
"ecm_remodeling",497,-0.290684652062628,-0.0939413861716181,FALSE
"ecm_remodeling",498,-0.302737194944048,-0.149166070521104,FALSE
"ecm_remodeling",499,0.0244321650514658,0.120341543573108,TRUE
"ecm_remodeling",500,0.0651738011354632,0.139395264676914,TRUE
"tgf_fibrosis",1,0.0398929193880188,0.139748450611091,TRUE
"tgf_fibrosis",2,-0.0333832263648712,-0.148251691417472,FALSE
"tgf_fibrosis",3,-0.329992709815265,-0.288212443573237,FALSE
"tgf_fibrosis",4,-0.0363343358841934,-0.219325541165945,FALSE
"tgf_fibrosis",5,-0.102005531185158,0.171451303317003,FALSE
"tgf_fibrosis",6,0.119917037967953,-0.0851321662721894,FALSE
"tgf_fibrosis",7,-0.232110978579739,-0.248556945592168,FALSE
"tgf_fibrosis",8,0.0962230773068147,0.310817970052194,TRUE
"tgf_fibrosis",9,-0.300525621788535,-0.338518505452434,FALSE
"tgf_fibrosis",10,-0.0766321482938204,-0.129517758273088,FALSE
"tgf_fibrosis",11,-0.244430757682793,-0.0256300981090969,FALSE
"tgf_fibrosis",12,-0.153372677788723,-0.0312587711264902,FALSE
"tgf_fibrosis",13,-0.0176261103396164,-0.293346951966269,FALSE
"tgf_fibrosis",14,-0.218645843439825,-0.000228124109959871,FALSE
"tgf_fibrosis",15,-0.0220580586157007,0.251888985350556,FALSE
"tgf_fibrosis",16,0.0227966161367272,-0.251444726976677,FALSE
"tgf_fibrosis",17,-0.075872421144236,-0.302929880021026,FALSE
"tgf_fibrosis",18,0.391805468397391,-0.126923618764226,FALSE
"tgf_fibrosis",19,-0.352839852871898,-0.12504864201933,FALSE
"tgf_fibrosis",20,0.0926340007858558,-0.000362050814020964,FALSE
"tgf_fibrosis",21,-0.143243551103551,-0.155272664680991,FALSE
"tgf_fibrosis",22,-0.18330432711037,0.0951071105391688,FALSE
"tgf_fibrosis",23,-0.0466199129431338,-0.138870753262237,FALSE
"tgf_fibrosis",24,0.0245425347961838,-0.00881139929256841,FALSE
"tgf_fibrosis",25,-0.332362474308494,-0.0975170525477749,FALSE
"tgf_fibrosis",26,0.0142915277212928,-0.238616211366847,FALSE
"tgf_fibrosis",27,0.232935898488767,-0.0446927669837285,FALSE
"tgf_fibrosis",28,-0.290064737147608,-0.513255148594916,FALSE
"tgf_fibrosis",29,-0.181905250208676,-0.00836260377060133,FALSE
"tgf_fibrosis",30,-0.0977721806965946,-0.215997211210546,FALSE
"tgf_fibrosis",31,0.204463464327655,0.0893358668112435,TRUE
"tgf_fibrosis",32,-0.252105404336355,-0.0645468098382328,FALSE
"tgf_fibrosis",33,-0.0346576927950549,0.00948540126919317,FALSE
"tgf_fibrosis",34,-0.12422636555767,0.0725060943879626,FALSE
"tgf_fibrosis",35,-0.22641730966775,-0.189550204814256,FALSE
"tgf_fibrosis",36,0.110478183177231,0.149518701500286,TRUE
"tgf_fibrosis",37,0.203241316516625,0.240255071185796,TRUE
"tgf_fibrosis",38,-0.146967822839941,0.0184623112163658,FALSE
"tgf_fibrosis",39,0.0382722809951344,-0.281701742926911,FALSE
"tgf_fibrosis",40,-0.0834371171780304,-0.0172917145459227,FALSE
"tgf_fibrosis",41,0.078907792283145,-0.00102962508659904,FALSE
"tgf_fibrosis",42,0.119585949020772,0.0978255060874689,TRUE
"tgf_fibrosis",43,-0.330041520740306,0.00324453845921852,FALSE
"tgf_fibrosis",44,0.33523699224324,0.346346101130455,TRUE
"tgf_fibrosis",45,-0.406509271133331,-0.209360030123906,FALSE
"tgf_fibrosis",46,-0.466623487802453,-0.275159670676287,FALSE
"tgf_fibrosis",47,-0.373829583413345,-0.328291589832747,FALSE
"tgf_fibrosis",48,-0.0788848882116321,-0.0203264239076456,FALSE
"tgf_fibrosis",49,-0.158696630945698,-0.222950326340105,FALSE
"tgf_fibrosis",50,0.0138939797746325,-0.0640486418569341,FALSE
"tgf_fibrosis",51,-0.446608716639146,-0.181660591044467,FALSE
"tgf_fibrosis",52,-0.180499639041815,0.0879277630597985,FALSE
"tgf_fibrosis",53,-0.047302802926291,-0.00457313067141318,FALSE
"tgf_fibrosis",54,-0.0958665368112867,-0.332010880179925,FALSE
"tgf_fibrosis",55,0.15402732433494,-0.0371011405767723,FALSE
"tgf_fibrosis",56,-0.271523211995935,-0.145956155928156,FALSE
"tgf_fibrosis",57,-0.205823198411585,-0.327435775226334,FALSE
"tgf_fibrosis",58,-0.338921628471696,-0.310951880971505,FALSE
"tgf_fibrosis",59,-0.171610176663492,-0.0233026189199915,FALSE
"tgf_fibrosis",60,-0.0689269492835058,0.00793473171296155,FALSE
"tgf_fibrosis",61,-0.259083593098414,-0.116691468341906,FALSE
"tgf_fibrosis",62,-0.25176083412548,-0.270570907180074,FALSE
"tgf_fibrosis",63,-0.317875960693537,-0.228723293789114,FALSE
"tgf_fibrosis",64,-0.0726778846524757,0.042884086097971,FALSE
"tgf_fibrosis",65,-0.283330177790321,-0.106436165581049,FALSE
"tgf_fibrosis",66,-0.0620529845733202,-0.252351321127728,FALSE
"tgf_fibrosis",67,-0.00166972558905321,-0.0960045335910985,FALSE
"tgf_fibrosis",68,-0.260884040508749,-0.158623595633742,FALSE
"tgf_fibrosis",69,-0.283325030071026,-0.12183944732109,FALSE
"tgf_fibrosis",70,-0.237884749394212,-0.566330242740473,FALSE
"tgf_fibrosis",71,-0.186016025043389,-0.122537109489741,FALSE
"tgf_fibrosis",72,-0.131204917059793,-0.370875844044898,FALSE
"tgf_fibrosis",73,-0.242741462071874,-0.121122692807092,FALSE
"tgf_fibrosis",74,0.250965289851698,0.439078150972433,TRUE
"tgf_fibrosis",75,0.0767928802706707,-0.137783241940419,FALSE
"tgf_fibrosis",76,0.192142773425973,0.118667309212259,TRUE
"tgf_fibrosis",77,-0.481706363886071,-0.257868087337491,FALSE
"tgf_fibrosis",78,0.378278089923064,0.166636786861205,TRUE
"tgf_fibrosis",79,-0.0252307476936585,-0.200959041279494,FALSE
"tgf_fibrosis",80,-0.330686849899284,-0.254252260138906,FALSE
"tgf_fibrosis",81,0.0836604919997748,0.0726545665589705,TRUE
"tgf_fibrosis",82,-0.0301302737932871,-0.151753726803972,FALSE
"tgf_fibrosis",83,0.00828568458501876,-0.0246472707721878,FALSE
"tgf_fibrosis",84,0.222530545163847,0.240773623910547,TRUE
"tgf_fibrosis",85,-0.15169089244581,0.296834503061744,FALSE
"tgf_fibrosis",86,-0.140883359400728,0.215075893801996,FALSE
"tgf_fibrosis",87,0.120845627392199,0.115742541055657,TRUE
"tgf_fibrosis",88,-0.0630879827166137,0.0316553393401562,FALSE
"tgf_fibrosis",89,-0.136701171058071,-0.108009832868402,FALSE
"tgf_fibrosis",90,0.0540590093553518,0.141671601983533,TRUE
"tgf_fibrosis",91,-0.275529507879399,-0.202624736603206,FALSE
"tgf_fibrosis",92,-0.0648267909986126,0.0676174622940979,FALSE
"tgf_fibrosis",93,-0.21392222110968,-0.119265841403749,FALSE
"tgf_fibrosis",94,0.0253983330921344,-0.264066142257888,FALSE
"tgf_fibrosis",95,-0.0917216228768155,-0.330369440194255,FALSE
"tgf_fibrosis",96,-0.0252628818802485,0.013537235908423,FALSE
"tgf_fibrosis",97,-0.283088139507341,-0.184691549756764,FALSE
"tgf_fibrosis",98,-0.0382911372050765,-0.0459350179118229,FALSE
"tgf_fibrosis",99,0.160063850210422,0.237119907743872,TRUE
"tgf_fibrosis",100,0.180757377108574,0.105071145220556,TRUE
"tgf_fibrosis",101,0.102723297467743,0.219381022353261,TRUE
"tgf_fibrosis",102,-0.476464939638411,-0.0605788540414146,FALSE
"tgf_fibrosis",103,-0.00338752409767371,0.0484396494405442,FALSE
"tgf_fibrosis",104,-0.0374901374533945,0.0898683401821985,FALSE
"tgf_fibrosis",105,-0.141783427463534,-0.323716757090982,FALSE
"tgf_fibrosis",106,0.0833477794469927,0.101482367055828,TRUE
"tgf_fibrosis",107,0.118628769849967,0.0741794042794632,TRUE
"tgf_fibrosis",108,-0.0136115855128296,-0.119164281218679,FALSE
"tgf_fibrosis",109,-0.133883030891991,-0.30644290892604,FALSE
"tgf_fibrosis",110,-0.364050091338724,-0.298936910552056,FALSE
"tgf_fibrosis",111,-0.16637041978591,-0.268838999272665,FALSE
"tgf_fibrosis",112,-0.00202214282733787,0.276319192612253,FALSE
"tgf_fibrosis",113,-0.0692604189473225,-0.110361284989676,FALSE
"tgf_fibrosis",114,-0.151366308930478,-0.049147218990457,FALSE
"tgf_fibrosis",115,-0.0460039482189808,0.353767803971406,FALSE
"tgf_fibrosis",116,-0.135156869481752,0.00936232198249998,FALSE
"tgf_fibrosis",117,0.0909790810402793,-0.117569459415448,FALSE
"tgf_fibrosis",118,0.0249853138072685,0.094996632229248,TRUE
"tgf_fibrosis",119,0.201822563394974,-0.0143751701883383,FALSE
"tgf_fibrosis",120,-0.293682802077618,-0.295478960655492,FALSE
"tgf_fibrosis",121,-0.058508499821555,-0.029468051732469,FALSE
"tgf_fibrosis",122,0.108787343735121,-0.0699590248369737,FALSE
"tgf_fibrosis",123,-0.230291214711079,-0.0223520900822395,FALSE
"tgf_fibrosis",124,-0.039823291563319,0.266118906225232,FALSE
"tgf_fibrosis",125,0.0604683415029277,0.182229531533296,TRUE
"tgf_fibrosis",126,-0.10964666234315,-0.252998486683371,FALSE
"tgf_fibrosis",127,0.0912763986471527,0.0154393986051257,TRUE
"tgf_fibrosis",128,-0.260288937532426,-0.183177413377567,FALSE
"tgf_fibrosis",129,0.318346321444429,0.0564727416648931,TRUE
"tgf_fibrosis",130,-0.048035952826829,-0.0640366527289898,FALSE
"tgf_fibrosis",131,-0.0540883251857923,0.185393205824257,FALSE
"tgf_fibrosis",132,0.0249833175579881,-0.283497418084573,FALSE
"tgf_fibrosis",133,0.0850740560551723,-0.211241954542351,FALSE
"tgf_fibrosis",134,0.133843300754784,0.131884958628803,TRUE
"tgf_fibrosis",135,-0.163194781165824,-0.271853215374608,FALSE
"tgf_fibrosis",136,-0.13610798868721,-0.154594491679412,FALSE
"tgf_fibrosis",137,-0.00531810259082318,-0.225755348269969,FALSE
"tgf_fibrosis",138,-0.124566500722694,0.107112826140467,FALSE
"tgf_fibrosis",139,-0.0371253400497096,0.0395628913201118,FALSE
"tgf_fibrosis",140,-0.0766148034219288,0.065595078383723,FALSE
"tgf_fibrosis",141,0.0681400953855687,-0.11313160862104,FALSE
"tgf_fibrosis",142,0.191216708706671,0.241044335762796,TRUE
"tgf_fibrosis",143,-0.247716085550773,-0.30144293786963,FALSE
"tgf_fibrosis",144,-0.0978221646418231,-0.0183922205892237,FALSE
"tgf_fibrosis",145,0.292295992729189,0.294144221642678,TRUE
"tgf_fibrosis",146,-0.219367119915552,-0.00291234971930909,FALSE
"tgf_fibrosis",147,-0.145202108655608,-0.0373913328034645,FALSE
"tgf_fibrosis",148,-0.0835047727497327,-0.0405588159209645,FALSE
"tgf_fibrosis",149,-0.34690988498477,-0.203833076687769,FALSE
"tgf_fibrosis",150,0.102312751127112,-0.0519247720193471,FALSE
"tgf_fibrosis",151,-0.288738794466243,-0.169418280563162,FALSE
"tgf_fibrosis",152,-0.0744898846182612,-0.103098088231868,FALSE
"tgf_fibrosis",153,-0.065276822207965,0.189906165947226,FALSE
"tgf_fibrosis",154,0.0333591406209979,0.00151296381313581,TRUE
"tgf_fibrosis",155,-0.334505400287342,-0.453268143612912,FALSE
"tgf_fibrosis",156,-0.148934383924931,0.00546089669407845,FALSE
"tgf_fibrosis",157,-0.254923660206797,-0.247946714903361,FALSE
"tgf_fibrosis",158,-0.153183687615931,-0.226029106603527,FALSE
"tgf_fibrosis",159,0.0123035534754077,-0.0531221784153436,FALSE
"tgf_fibrosis",160,0.218561758500869,0.120442437951007,TRUE
"tgf_fibrosis",161,-0.229774939398434,0.278071616156337,FALSE
"tgf_fibrosis",162,-0.252360781388426,-0.257603015790827,FALSE
"tgf_fibrosis",163,0.133347506424778,0.199472128539896,TRUE
"tgf_fibrosis",164,-0.260827065144228,-0.286655508715939,FALSE
"tgf_fibrosis",165,0.0298317101349916,-0.387215557309157,FALSE
"tgf_fibrosis",166,0.176242680580543,0.338201543439819,TRUE
"tgf_fibrosis",167,-0.0127857316354713,0.26269681780371,FALSE
"tgf_fibrosis",168,-0.115450905240618,-0.203865984742008,FALSE
"tgf_fibrosis",169,-0.211334771229209,-0.287308995749163,FALSE
"tgf_fibrosis",170,-0.348552010068224,-0.226751294651697,FALSE
"tgf_fibrosis",171,-0.157700602169233,-0.10185580559146,FALSE
"tgf_fibrosis",172,-0.0241584382019477,-0.61674163653002,FALSE
"tgf_fibrosis",173,-0.0672801388851195,-0.0260204089448642,FALSE
"tgf_fibrosis",174,-0.0699152963438642,0.129406786883674,FALSE
"tgf_fibrosis",175,-0.0305517231551623,0.00509091246530124,FALSE
"tgf_fibrosis",176,-0.0709963940662256,-0.0678731402890083,FALSE
"tgf_fibrosis",177,-0.0314761211356018,-0.208842803827946,FALSE
"tgf_fibrosis",178,-0.0332841509431194,0.110946924409446,FALSE
"tgf_fibrosis",179,0.0676958801902397,-0.0196507402907484,FALSE
"tgf_fibrosis",180,-0.0609923106682478,-0.608787656061759,FALSE
"tgf_fibrosis",181,-0.12253741474897,0.0591056361943597,FALSE
"tgf_fibrosis",182,-0.0492970848919149,-0.134455396621143,FALSE
"tgf_fibrosis",183,0.0675203288401571,-0.0451243060392255,FALSE
"tgf_fibrosis",184,0.0104697042660626,0.0145368113875027,TRUE
"tgf_fibrosis",185,-0.366686905462648,0.0763238436376832,FALSE
"tgf_fibrosis",186,0.0870240671746701,-0.0767423955606754,FALSE
"tgf_fibrosis",187,-0.0934622092161674,-0.21916772079623,FALSE
"tgf_fibrosis",188,-0.00312595385166126,-0.22879316781634,FALSE
"tgf_fibrosis",189,-0.277252878074899,-0.201223943821166,FALSE
"tgf_fibrosis",190,-0.130016083664744,-0.212137681464459,FALSE
"tgf_fibrosis",191,0.155541773571677,-0.0892207857886724,FALSE
"tgf_fibrosis",192,-0.117948372929642,-0.238222208681048,FALSE
"tgf_fibrosis",193,-0.0276572463345261,0.251278063433884,FALSE
"tgf_fibrosis",194,-0.0312408278510549,0.0014184224976368,FALSE
"tgf_fibrosis",195,-0.0591097921596896,0.311619316132457,FALSE
"tgf_fibrosis",196,-0.299614682996458,-0.166248298035546,FALSE
"tgf_fibrosis",197,0.266996507866309,0.16116660060867,TRUE
"tgf_fibrosis",198,-0.197621134169175,-0.198944355129339,FALSE
"tgf_fibrosis",199,0.207226265874089,0.440928869429692,TRUE
"tgf_fibrosis",200,-0.353032824748613,-0.332143392600371,FALSE
"tgf_fibrosis",201,-0.0520363270996262,0.0641641297976023,FALSE
"tgf_fibrosis",202,-0.496767844948444,-0.602965180516732,FALSE
"tgf_fibrosis",203,-0.00096088721121422,-0.493416342399769,FALSE
"tgf_fibrosis",204,0.00929803128240053,0.0241167723749092,TRUE
"tgf_fibrosis",205,-0.095056546004497,0.151711656239391,FALSE
"tgf_fibrosis",206,-0.237318407195351,-0.409635164221834,FALSE
"tgf_fibrosis",207,-0.248518778383278,-0.446706993904737,FALSE
"tgf_fibrosis",208,0.498070269385901,0.777879286339852,TRUE
"tgf_fibrosis",209,-0.119780358008652,0.149131725510924,FALSE
"tgf_fibrosis",210,-0.0149991190383169,-0.00426074331662019,FALSE
"tgf_fibrosis",211,-0.154593788221719,-0.21571637331821,FALSE
"tgf_fibrosis",212,-0.197959038618822,-0.27800700865457,FALSE
"tgf_fibrosis",213,0.0605944773426739,-0.0111696856863535,FALSE
"tgf_fibrosis",214,-0.0122287689773741,-0.00925027659647504,FALSE
"tgf_fibrosis",215,-0.0557665441483234,-0.0161704830750755,FALSE
"tgf_fibrosis",216,-0.109371060094951,-0.143371087286606,FALSE
"tgf_fibrosis",217,-0.247965785540555,0.0558958462139911,FALSE
"tgf_fibrosis",218,0.0660821142398936,-0.259161635885577,FALSE
"tgf_fibrosis",219,-0.00805151000878257,-0.38811594525946,FALSE
"tgf_fibrosis",220,-0.280975760655911,-0.186484456358744,FALSE
"tgf_fibrosis",221,0.116409015580342,0.251626903741831,TRUE
"tgf_fibrosis",222,-0.232179059183031,-0.294455577356349,FALSE
"tgf_fibrosis",223,-0.0304113575370585,0.232797308598242,FALSE
"tgf_fibrosis",224,-0.096218043374603,-0.034567700715853,FALSE
"tgf_fibrosis",225,0.0145446437813001,0.0743362221512649,TRUE
"tgf_fibrosis",226,0.0134742703601457,-0.126959654523429,FALSE
"tgf_fibrosis",227,0.0375196901876087,-0.0594757473767072,FALSE
"tgf_fibrosis",228,-0.137757720778419,0.23504252165399,FALSE
"tgf_fibrosis",229,-0.0268619274301025,-0.148964123610959,FALSE
"tgf_fibrosis",230,-0.00355543118947496,0.00348386133418987,FALSE
"tgf_fibrosis",231,-0.141203410754079,-0.0840030504469753,FALSE
"tgf_fibrosis",232,-0.13382890733436,0.0876681281170408,FALSE
"tgf_fibrosis",233,-0.0342184680872897,-0.0999162598603185,FALSE
"tgf_fibrosis",234,-0.213048364284729,0.0568284006422493,FALSE
"tgf_fibrosis",235,-0.106525993861494,0.0927866055000929,FALSE
"tgf_fibrosis",236,0.0858199377208246,0.070289451493783,TRUE
"tgf_fibrosis",237,-0.119139060180214,-0.0480347405344549,FALSE
"tgf_fibrosis",238,0.0586085248070552,0.0337299625640624,TRUE
"tgf_fibrosis",239,0.147900007921148,0.371063189747069,TRUE
"tgf_fibrosis",240,-0.0820670289129068,0.281089213111866,FALSE
"tgf_fibrosis",241,0.0100386404002196,0.103884333623993,TRUE
"tgf_fibrosis",242,0.324272863679935,-0.117933557516367,FALSE
"tgf_fibrosis",243,-0.347994937329205,-0.380094135397085,FALSE
"tgf_fibrosis",244,0.0947420008891767,0.128218298742666,TRUE
"tgf_fibrosis",245,-0.324222975924127,-0.118265660326142,FALSE
"tgf_fibrosis",246,0.104730391660027,-0.00843488843846912,FALSE
"tgf_fibrosis",247,-0.0798439852467974,0.148757522876176,FALSE
"tgf_fibrosis",248,-0.0491111403457908,-0.148968924342706,FALSE
"tgf_fibrosis",249,-0.0984853738277263,-0.137439450447749,FALSE
"tgf_fibrosis",250,0.0661723882525867,0.224501066793597,TRUE
"tgf_fibrosis",251,-0.432541735550701,-0.24282841627047,FALSE
"tgf_fibrosis",252,-0.279840148331082,-0.075117398476928,FALSE
"tgf_fibrosis",253,-0.250598649454266,-0.515759139392262,FALSE
"tgf_fibrosis",254,-0.110153580623456,-0.197149679707798,FALSE
"tgf_fibrosis",255,0.0844468577291827,0.206537333249428,TRUE
"tgf_fibrosis",256,-0.128012834352659,0.0688157644007311,FALSE
"tgf_fibrosis",257,-0.188405296327512,-0.506318276603823,FALSE
"tgf_fibrosis",258,-0.153396802748127,-0.081069614172314,FALSE
"tgf_fibrosis",259,-0.13129278149188,-0.22971035429108,FALSE
"tgf_fibrosis",260,-0.275328840725679,-0.0233347610811293,FALSE
"tgf_fibrosis",261,-0.0245347425238439,-0.037670882969842,FALSE
"tgf_fibrosis",262,0.00706958102169468,0.0732099416933852,TRUE
"tgf_fibrosis",263,0.040418428724507,0.214020549848977,TRUE
"tgf_fibrosis",264,-0.313716056275036,-0.260141950460073,FALSE
"tgf_fibrosis",265,-0.307795597233127,-0.333221758971236,FALSE
"tgf_fibrosis",266,-0.0298230265273871,0.0254643727544109,FALSE
"tgf_fibrosis",267,-0.103677399372407,0.0543898114492858,FALSE
"tgf_fibrosis",268,0.2460695129048,0.308348533278483,TRUE
"tgf_fibrosis",269,-0.033140879110484,-0.201521379762907,FALSE
"tgf_fibrosis",270,-0.172897968894679,-0.101468068490316,FALSE
"tgf_fibrosis",271,-0.34288962592511,-0.482732827825246,FALSE
"tgf_fibrosis",272,0.00683531608772359,-0.0594868600829359,FALSE
"tgf_fibrosis",273,-0.122344805355031,0.0980034410967025,FALSE
"tgf_fibrosis",274,0.252709455764714,0.510464939465134,TRUE
"tgf_fibrosis",275,-0.175395905501145,-0.00102947259769992,FALSE
"tgf_fibrosis",276,-0.0800543469013963,0.0125249383678628,FALSE
"tgf_fibrosis",277,0.14227774167968,0.309327959683701,TRUE
"tgf_fibrosis",278,-0.325443892453883,-0.454555495462522,FALSE
"tgf_fibrosis",279,-0.186099885765197,-0.184856007278335,FALSE
"tgf_fibrosis",280,0.187169962361092,0.160568396369582,TRUE
"tgf_fibrosis",281,0.181443330019301,0.185850267747245,TRUE
"tgf_fibrosis",282,0.13897641961246,0.168586865240303,TRUE
"tgf_fibrosis",283,-0.146403603413617,-0.352398915353667,FALSE
"tgf_fibrosis",284,-0.0166539708971504,0.167402364425216,FALSE
"tgf_fibrosis",285,0.38100347053402,0.215478794624865,TRUE
"tgf_fibrosis",286,-0.136162041654474,0.053690982499451,FALSE
"tgf_fibrosis",287,-0.0559028237737425,-0.151362637632644,FALSE
"tgf_fibrosis",288,0.038371750859935,-0.00299074336114102,FALSE
"tgf_fibrosis",289,-0.00934609557736162,-0.022551444522618,FALSE
"tgf_fibrosis",290,-0.337578691163432,-0.244280863684122,FALSE
"tgf_fibrosis",291,-0.347306346423433,-0.296042126947625,FALSE
"tgf_fibrosis",292,0.113522422390267,0.0379587924318478,TRUE
"tgf_fibrosis",293,0.0688713934624306,-0.00457370469681062,FALSE
"tgf_fibrosis",294,-0.153531470803914,-0.380501424509023,FALSE
"tgf_fibrosis",295,-0.179561990999165,-0.240230267720732,FALSE
"tgf_fibrosis",296,0.0946331793236964,0.143934220537434,TRUE
"tgf_fibrosis",297,0.0526935012860395,0.29438215530747,TRUE
"tgf_fibrosis",298,-0.191979917896663,-0.437436991958191,FALSE
"tgf_fibrosis",299,0.0540605233744132,-0.00504730942483023,FALSE
"tgf_fibrosis",300,0.10992514635654,-0.0384481837005253,FALSE
"tgf_fibrosis",301,-0.26033221141603,-0.17591176631357,FALSE
"tgf_fibrosis",302,-0.0706639238640893,0.0366634669564289,FALSE
"tgf_fibrosis",303,0.283734382923336,0.0625402167212232,TRUE
"tgf_fibrosis",304,-0.204489242437944,-0.144007180689982,FALSE
"tgf_fibrosis",305,-0.126179587152519,-0.185815353339968,FALSE
"tgf_fibrosis",306,0.065883934934684,-0.0905204263167756,FALSE
"tgf_fibrosis",307,-0.0392909723478598,0.00100334691029595,FALSE
"tgf_fibrosis",308,-0.128831847236037,-0.0799243707082027,FALSE
"tgf_fibrosis",309,-0.474612967314083,-0.333994813433159,FALSE
"tgf_fibrosis",310,0.116275699523121,0.209997840947078,TRUE
"tgf_fibrosis",311,-0.0683497641382443,-0.0359611946324668,FALSE
"tgf_fibrosis",312,0.0605715865705945,0.0978814431673751,TRUE
"tgf_fibrosis",313,0.193904876079296,0.313499224519057,TRUE
"tgf_fibrosis",314,-0.298093306324401,-0.518336467183628,FALSE
"tgf_fibrosis",315,-0.172828219327087,-0.280230541082224,FALSE
"tgf_fibrosis",316,0.0794824805036505,0.126946384366377,TRUE
"tgf_fibrosis",317,-0.189110722148601,0.219766670724504,FALSE
"tgf_fibrosis",318,0.360252977565387,0.130813221475942,TRUE
"tgf_fibrosis",319,0.0819536105246508,0.0595668876040577,TRUE
"tgf_fibrosis",320,0.155335004309225,-0.0921725781523306,FALSE
"tgf_fibrosis",321,0.172518812142433,0.29374006239131,TRUE
"tgf_fibrosis",322,-0.0713215313184114,0.0798107291847198,FALSE
"tgf_fibrosis",323,-0.113878964644253,-0.23047028802705,FALSE
"tgf_fibrosis",324,-0.218176848194626,0.121100799041617,FALSE
"tgf_fibrosis",325,-0.304280454646477,-0.297038884644358,FALSE
"tgf_fibrosis",326,-0.208787979416141,-0.11037840801617,FALSE
"tgf_fibrosis",327,-0.100922745471907,0.127770481458011,FALSE
"tgf_fibrosis",328,-0.140920192098395,-0.4717190060834,FALSE
"tgf_fibrosis",329,-0.366532814850614,-0.10859921867306,FALSE
"tgf_fibrosis",330,-0.113955748740313,-0.31257110119026,FALSE
"tgf_fibrosis",331,0.264783475873891,0.104726198397826,TRUE
"tgf_fibrosis",332,0.162388881463418,0.22120990475761,TRUE
"tgf_fibrosis",333,-0.410954107814995,-0.467992151104949,FALSE
"tgf_fibrosis",334,-0.202147518803132,-0.151637401786862,FALSE
"tgf_fibrosis",335,-0.0191021941182131,-0.176263327310066,FALSE
"tgf_fibrosis",336,-0.132782491200206,-0.0595481214518182,FALSE
"tgf_fibrosis",337,-0.541109216485139,-0.587945604409194,FALSE
"tgf_fibrosis",338,-0.141260483870477,-0.116699682408925,FALSE
"tgf_fibrosis",339,-0.0184808440701557,0.0431135855133098,FALSE
"tgf_fibrosis",340,-0.196674099251187,-0.141621540819172,FALSE
"tgf_fibrosis",341,-0.180750817363912,-0.256064060452963,FALSE
"tgf_fibrosis",342,0.0311699957958829,0.0300109919554038,TRUE
"tgf_fibrosis",343,-0.0668196846913225,0.0366458999901127,FALSE
"tgf_fibrosis",344,-0.317446845289634,-0.186271941491647,FALSE
"tgf_fibrosis",345,-0.231139527379181,-0.209477640608224,FALSE
"tgf_fibrosis",346,-0.113762809399099,-0.0313412513047619,FALSE
"tgf_fibrosis",347,-0.142866706929215,-0.328285252507999,FALSE
"tgf_fibrosis",348,-0.142612782544799,-0.168655965401113,FALSE
"tgf_fibrosis",349,0.281450020751721,0.014474942888018,TRUE
"tgf_fibrosis",350,-0.0508325180725624,0.127999961922778,FALSE
"tgf_fibrosis",351,0.31820546616142,0.606437048338539,TRUE
"tgf_fibrosis",352,-0.0630563815830171,0.0877308682911091,FALSE
"tgf_fibrosis",353,-0.151019089451666,-0.474631146556046,FALSE
"tgf_fibrosis",354,0.111208638953348,0.221159055087766,TRUE
"tgf_fibrosis",355,0.0905416324610598,-0.206613961640555,FALSE
"tgf_fibrosis",356,-0.078280622911984,-0.541086248705207,FALSE
"tgf_fibrosis",357,0.127658412442205,0.210410160220854,TRUE
"tgf_fibrosis",358,-0.312602144526706,-0.629346714495251,FALSE
"tgf_fibrosis",359,-0.389356843125618,-0.24314779546847,FALSE
"tgf_fibrosis",360,-0.202378689978451,-0.24244130199993,FALSE
"tgf_fibrosis",361,-0.22565638299969,-0.420300025777143,FALSE
"tgf_fibrosis",362,-0.0633681304389662,-0.182469721998113,FALSE
"tgf_fibrosis",363,-0.519574673368989,-0.286685449644804,FALSE
"tgf_fibrosis",364,-0.0166926317852482,0.126800585558959,FALSE
"tgf_fibrosis",365,-0.115373989795995,-0.107717123034418,FALSE
"tgf_fibrosis",366,0.0288530189948413,0.131074708939281,TRUE
"tgf_fibrosis",367,0.258306515555432,0.487043560521929,TRUE
"tgf_fibrosis",368,-0.0840857037526402,0.0531986464980551,FALSE
"tgf_fibrosis",369,0.177720229831344,0.0116470084925474,TRUE
"tgf_fibrosis",370,-0.481656716994237,-0.123548686593124,FALSE
"tgf_fibrosis",371,0.258362563508684,0.31062007730819,TRUE
"tgf_fibrosis",372,0.00823103114020884,-0.120317024244038,FALSE
"tgf_fibrosis",373,-0.0419871631604868,0.275999354455193,FALSE
"tgf_fibrosis",374,-0.234082694185911,-0.175302343587991,FALSE
"tgf_fibrosis",375,-0.397891218336384,-0.112798903702931,FALSE
"tgf_fibrosis",376,-0.435267634364218,-0.466263790957662,FALSE
"tgf_fibrosis",377,-0.142978097470002,0.0535552503940226,FALSE
"tgf_fibrosis",378,-0.257560544145811,-0.207985079193877,FALSE
"tgf_fibrosis",379,0.061071017774232,-0.0608273832036351,FALSE
"tgf_fibrosis",380,0.0665116789124253,0.167785472289575,TRUE
"tgf_fibrosis",381,-0.198131257189776,-0.158925775387021,FALSE
"tgf_fibrosis",382,-0.0993658037642748,-0.152970984802225,FALSE
"tgf_fibrosis",383,-0.0455724067895868,0.127839384754601,FALSE
"tgf_fibrosis",384,-0.332856997837585,-0.192665379294841,FALSE
"tgf_fibrosis",385,0.222476747149384,0.267774355462733,TRUE
"tgf_fibrosis",386,-0.263421305059326,-0.505621265055187,FALSE
"tgf_fibrosis",387,-0.132837732005635,-0.125340919857539,FALSE
"tgf_fibrosis",388,-0.158255021381992,-0.170552129917523,FALSE
"tgf_fibrosis",389,0.0309049376426485,-0.161566835860604,FALSE
"tgf_fibrosis",390,-0.0443291873185226,-0.0791583761160712,FALSE
"tgf_fibrosis",391,-0.102344801480373,0.143031007147923,FALSE
"tgf_fibrosis",392,-0.400522785242854,-0.156898423711884,FALSE
"tgf_fibrosis",393,0.0482446129682746,0.0616944752703202,TRUE
"tgf_fibrosis",394,-0.0693820328448544,-0.0408564080211816,FALSE
"tgf_fibrosis",395,0.210872497365546,-0.0111037450552204,FALSE
"tgf_fibrosis",396,0.0746641057989103,0.112158636351203,TRUE
"tgf_fibrosis",397,-0.181355970476197,-0.298454432038985,FALSE
"tgf_fibrosis",398,-0.195802098469336,-0.00832030407697976,FALSE
"tgf_fibrosis",399,-0.147620789310107,-0.379395864252277,FALSE
"tgf_fibrosis",400,-0.21211615255762,-0.41763926786282,FALSE
"tgf_fibrosis",401,-0.318661899159394,-0.261919648556912,FALSE
"tgf_fibrosis",402,-0.184733998334138,0.0502481044291845,FALSE
"tgf_fibrosis",403,-0.16289109616469,-0.123233755560744,FALSE
"tgf_fibrosis",404,-0.0821121264909659,-0.0656312674688831,FALSE
"tgf_fibrosis",405,-0.184181952433527,-0.215830583252128,FALSE
"tgf_fibrosis",406,-0.224543686946033,-0.45214051848994,FALSE
"tgf_fibrosis",407,0.00251337145494188,0.0569561632333548,TRUE
"tgf_fibrosis",408,-0.142802659574047,-0.0626368525594114,FALSE
"tgf_fibrosis",409,-0.401905015597394,-0.412441835644605,FALSE
"tgf_fibrosis",410,-0.258898916051623,-0.185483087204687,FALSE
"tgf_fibrosis",411,0.102922394700689,-0.078442353011984,FALSE
"tgf_fibrosis",412,-0.54944900711205,-0.521856715846195,FALSE
"tgf_fibrosis",413,-0.144913374188427,0.170328899789601,FALSE
"tgf_fibrosis",414,-0.0531533878266738,0.109601490753419,FALSE
"tgf_fibrosis",415,-0.1510045185508,0.186627601275375,FALSE
"tgf_fibrosis",416,-0.141443730269256,-0.414746376476498,FALSE
"tgf_fibrosis",417,-0.146545496604758,0.0549077164999814,FALSE
"tgf_fibrosis",418,0.075927984996292,-0.0989484637879609,FALSE
"tgf_fibrosis",419,-0.0486630669215229,-0.285953651062795,FALSE
"tgf_fibrosis",420,0.0787651911876514,0.258125555204672,TRUE
"tgf_fibrosis",421,-0.063263964871725,-0.258406829730588,FALSE
"tgf_fibrosis",422,-0.195046167147684,-0.206574030545068,FALSE
"tgf_fibrosis",423,-0.399779965870842,-0.474085876415464,FALSE
"tgf_fibrosis",424,0.124830362940568,0.172084437688531,TRUE
"tgf_fibrosis",425,-0.144338952560868,-0.0894639623797888,FALSE
"tgf_fibrosis",426,-0.0509713577607112,-0.230196508399634,FALSE
"tgf_fibrosis",427,0.148782274170643,0.390193361261192,TRUE
"tgf_fibrosis",428,-0.248135114665905,-0.363108472972808,FALSE
"tgf_fibrosis",429,-0.0535076201028322,0.00399850362468102,FALSE
"tgf_fibrosis",430,-0.27378079030963,-0.381101624534178,FALSE
"tgf_fibrosis",431,0.130415025216933,0.10206148823194,TRUE
"tgf_fibrosis",432,-0.206683838317395,-0.116514825477139,FALSE
"tgf_fibrosis",433,0.100436247579833,-0.0873435283124451,FALSE
"tgf_fibrosis",434,-0.241542976224088,0.0440209744125589,FALSE
"tgf_fibrosis",435,-0.322174887946111,-0.514619856227979,FALSE
"tgf_fibrosis",436,0.237233000106681,0.175728185779005,TRUE
"tgf_fibrosis",437,-0.228736040665129,-0.226979588868659,FALSE
"tgf_fibrosis",438,0.1373419804938,0.166267028687465,TRUE
"tgf_fibrosis",439,-0.248153324283906,0.0496420045210652,FALSE
"tgf_fibrosis",440,0.0277998967819562,-0.207543582049088,FALSE
"tgf_fibrosis",441,-0.227041696567221,-0.202167541383256,FALSE
"tgf_fibrosis",442,-0.354009154820367,-0.0813501733238957,FALSE
"tgf_fibrosis",443,-0.2901718527125,0.28900623813181,FALSE
"tgf_fibrosis",444,0.145526762979713,0.00980451886708383,TRUE
"tgf_fibrosis",445,-0.0779413800987932,-0.187088310351409,FALSE
"tgf_fibrosis",446,-0.220835865193682,0.102068510068346,FALSE
"tgf_fibrosis",447,0.00891804587752623,-0.218868752926531,FALSE
"tgf_fibrosis",448,-0.126885427941611,-0.117338490394189,FALSE
"tgf_fibrosis",449,0.0364616002474346,-0.0316076788433509,FALSE
"tgf_fibrosis",450,0.149049629760321,0.126991221813203,TRUE
"tgf_fibrosis",451,-0.315349641939421,0.246989595916625,FALSE
"tgf_fibrosis",452,-0.180316947107358,-0.128460523890059,FALSE
"tgf_fibrosis",453,0.0213081491388799,0.0240390171605969,TRUE
"tgf_fibrosis",454,0.0882419917785815,0.30430982137135,TRUE
"tgf_fibrosis",455,-0.0244523387564883,-0.113308436735017,FALSE
"tgf_fibrosis",456,0.196824268218211,-0.218381811050015,FALSE
"tgf_fibrosis",457,-0.391822315628427,-0.299129057226532,FALSE
"tgf_fibrosis",458,-0.271529285532983,-0.443979124076365,FALSE
"tgf_fibrosis",459,-0.426733287960519,-0.338611478454515,FALSE
"tgf_fibrosis",460,0.00493825362968818,0.00858897239019607,TRUE
"tgf_fibrosis",461,-0.269246437786088,-0.117016634622672,FALSE
"tgf_fibrosis",462,0.06317907790964,0.118295604831809,TRUE
"tgf_fibrosis",463,-0.00101495050675665,0.212916086051456,FALSE
"tgf_fibrosis",464,0.324118534333101,0.0764395246456984,TRUE
"tgf_fibrosis",465,-0.205534811885459,-0.163422268351482,FALSE
"tgf_fibrosis",466,0.232593626254357,0.363101547032997,TRUE
"tgf_fibrosis",467,-0.123862231441601,-0.019833956356883,FALSE
"tgf_fibrosis",468,-0.246427132154354,-0.247186183369754,FALSE
"tgf_fibrosis",469,-0.0855727127308872,-0.018085968177605,FALSE
"tgf_fibrosis",470,-0.0871872953457156,0.182815886977669,FALSE
"tgf_fibrosis",471,-0.182944004527007,-0.464590222027443,FALSE
"tgf_fibrosis",472,-0.121867814140214,-0.245465971281565,FALSE
"tgf_fibrosis",473,-0.395271166685968,-0.468910756335568,FALSE
"tgf_fibrosis",474,-0.0114614521459047,-0.328240748087863,FALSE
"tgf_fibrosis",475,0.163263021570339,0.293443013705467,TRUE
"tgf_fibrosis",476,-0.0288152729387434,0.376946331126894,FALSE
"tgf_fibrosis",477,-0.343486459971175,-0.284399004293907,FALSE
"tgf_fibrosis",478,0.0703212004344341,0.370570334372507,TRUE
"tgf_fibrosis",479,-0.235017219674846,-0.0917475798504094,FALSE
"tgf_fibrosis",480,-0.173614009136141,0.0147972952354204,FALSE
"tgf_fibrosis",481,0.075923443820872,0.128149847911333,TRUE
"tgf_fibrosis",482,-0.305813722181171,0.0218309044451663,FALSE
"tgf_fibrosis",483,-0.0258889849143948,-0.0647873017132352,FALSE
"tgf_fibrosis",484,-0.0948301424185099,0.066281482764355,FALSE
"tgf_fibrosis",485,-0.000439181404816566,0.0370698151623877,FALSE
"tgf_fibrosis",486,-0.242215783054918,-0.154711311457383,FALSE
"tgf_fibrosis",487,-0.0950615139233148,-0.0525948347216109,FALSE
"tgf_fibrosis",488,-0.360587740653111,-0.0175788233981095,FALSE
"tgf_fibrosis",489,-0.0698481777247489,-0.0633156318494786,FALSE
"tgf_fibrosis",490,0.253803892741552,0.226494969676821,TRUE
"tgf_fibrosis",491,-0.278985038792078,-0.27647718744075,FALSE
"tgf_fibrosis",492,-0.35257864646048,-0.376585540908001,FALSE
"tgf_fibrosis",493,0.100773988721018,0.118674752572028,TRUE
"tgf_fibrosis",494,-0.237145320242241,-0.270623240959283,FALSE
"tgf_fibrosis",495,0.0158063339697539,0.214380227887289,TRUE
"tgf_fibrosis",496,-0.0028811616680329,0.00926975121144252,FALSE
"tgf_fibrosis",497,-0.293412047162224,0.0603660480670296,FALSE
"tgf_fibrosis",498,-0.290302621611243,-0.398021687194957,FALSE
"tgf_fibrosis",499,0.0461475192735762,-0.108874271594795,FALSE
"tgf_fibrosis",500,0.0130193136983135,0.15751833784376,TRUE
"inflammation_ap1_nfkb",1,0.101809411939617,-0.0919050016611059,FALSE
"inflammation_ap1_nfkb",2,-0.114478969555716,-0.077820642508477,FALSE
"inflammation_ap1_nfkb",3,-0.170875678062454,-0.168189436490173,FALSE
"inflammation_ap1_nfkb",4,-0.289059365992397,-0.00411759297773751,FALSE
"inflammation_ap1_nfkb",5,-0.0430469197957294,-0.273855038345559,FALSE
"inflammation_ap1_nfkb",6,0.0216447950422472,-0.172459563556328,FALSE
"inflammation_ap1_nfkb",7,-0.00364383082479003,0.319772462385466,FALSE
"inflammation_ap1_nfkb",8,-0.203970538606264,-0.00485519048458077,FALSE
"inflammation_ap1_nfkb",9,-0.233559244777711,-0.383367721607284,FALSE
"inflammation_ap1_nfkb",10,0.107682433279117,-0.053920658026735,FALSE
"inflammation_ap1_nfkb",11,-0.114693436763117,-0.388244801092299,FALSE
"inflammation_ap1_nfkb",12,-0.0514773598711356,-0.102892013814824,FALSE
"inflammation_ap1_nfkb",13,-0.0993246254855921,-0.479298081826723,FALSE
"inflammation_ap1_nfkb",14,-0.212891415392751,-0.112689486537689,FALSE
"inflammation_ap1_nfkb",15,-0.266378811383924,-0.402771762250034,FALSE
"inflammation_ap1_nfkb",16,-0.0673633953235005,-0.0203231110063002,FALSE
"inflammation_ap1_nfkb",17,-0.531348394839574,-0.105535972695074,FALSE
"inflammation_ap1_nfkb",18,0.156042590094766,-0.176185409211611,FALSE
"inflammation_ap1_nfkb",19,-0.0132756204112529,-0.0629881235604535,FALSE
"inflammation_ap1_nfkb",20,-0.0702868749159288,-0.157785627869572,FALSE
"inflammation_ap1_nfkb",21,0.180348376681645,-0.262081743720865,FALSE
"inflammation_ap1_nfkb",22,0.230883994611729,-0.00629501167386629,FALSE
"inflammation_ap1_nfkb",23,-0.131275161069488,0.0462680789867618,FALSE
"inflammation_ap1_nfkb",24,-0.0397727072416848,0.0641545454960296,FALSE
"inflammation_ap1_nfkb",25,-0.0165452480744061,-0.403234091682481,FALSE
"inflammation_ap1_nfkb",26,-0.211832164097412,-0.189981205356418,FALSE
"inflammation_ap1_nfkb",27,0.304341906213984,0.685184161902263,TRUE
"inflammation_ap1_nfkb",28,-0.220009648199721,-0.0497366321431317,FALSE
"inflammation_ap1_nfkb",29,-0.330452551403758,-0.573176277241738,FALSE
"inflammation_ap1_nfkb",30,0.026541952547195,0.0463408853319897,TRUE
"inflammation_ap1_nfkb",31,0.12324891730047,0.0637129281445906,TRUE
"inflammation_ap1_nfkb",32,-0.142990704932315,-0.290171527090827,FALSE
"inflammation_ap1_nfkb",33,-0.605447658381885,-0.448969373432618,FALSE
"inflammation_ap1_nfkb",34,-0.498471117576435,-0.515390723656853,FALSE
"inflammation_ap1_nfkb",35,0.201624099690475,-0.0208623041737787,FALSE
"inflammation_ap1_nfkb",36,-0.246633890142179,-0.413017440571512,FALSE
"inflammation_ap1_nfkb",37,-0.16940901800741,-0.171750366478758,FALSE
"inflammation_ap1_nfkb",38,-0.197376261219942,-0.0347541895928357,FALSE
"inflammation_ap1_nfkb",39,-0.0807623849573355,-0.14812684148725,FALSE
"inflammation_ap1_nfkb",40,-0.126023950319041,-0.0119464230264224,FALSE
"inflammation_ap1_nfkb",41,-0.24010123916284,-0.332693786630985,FALSE
"inflammation_ap1_nfkb",42,-0.00348749667737103,-0.158937189231087,FALSE
"inflammation_ap1_nfkb",43,0.089635042681506,0.504787899533984,TRUE
"inflammation_ap1_nfkb",44,-0.0197460201089616,0.28933779165207,FALSE
"inflammation_ap1_nfkb",45,-0.431571545403156,-0.517638194000112,FALSE
"inflammation_ap1_nfkb",46,-0.021955992866867,-0.280547992055742,FALSE
"inflammation_ap1_nfkb",47,-0.356539822390456,-0.222122406576793,FALSE
"inflammation_ap1_nfkb",48,0.151637413944598,0.136543272169408,TRUE
"inflammation_ap1_nfkb",49,0.509617843170212,-0.174915063323285,FALSE
"inflammation_ap1_nfkb",50,0.231819966675381,-0.171181153454888,FALSE
"inflammation_ap1_nfkb",51,0.0851885588957169,0.319795680181154,TRUE
"inflammation_ap1_nfkb",52,-0.169397560384829,0.249044715789993,FALSE
"inflammation_ap1_nfkb",53,0.0825515533916645,-0.161847018775764,FALSE
"inflammation_ap1_nfkb",54,-0.240022767693234,0.0125563872643527,FALSE
"inflammation_ap1_nfkb",55,-0.094506553392281,-0.0160267599023048,FALSE
"inflammation_ap1_nfkb",56,0.0611714249628294,-0.272903052701165,FALSE
"inflammation_ap1_nfkb",57,-0.0230577896505716,-0.338840645886607,FALSE
"inflammation_ap1_nfkb",58,-0.0459695122311341,-0.0984737005363715,FALSE
"inflammation_ap1_nfkb",59,0.207821513022269,0.11351090431179,TRUE
"inflammation_ap1_nfkb",60,-0.512240435296718,-0.170210127855146,FALSE
"inflammation_ap1_nfkb",61,0.129650629633869,0.239947140215686,TRUE
"inflammation_ap1_nfkb",62,0.251078256309982,0.257691617724659,TRUE
"inflammation_ap1_nfkb",63,-0.259247982973861,-0.142795804158478,FALSE
"inflammation_ap1_nfkb",64,-0.177210278797382,-0.222468806157636,FALSE
"inflammation_ap1_nfkb",65,-0.0691845775344515,0.399370406614101,FALSE
"inflammation_ap1_nfkb",66,-0.321653892739286,-0.267557265419185,FALSE
"inflammation_ap1_nfkb",67,-0.0151671117499301,0.262901371177563,FALSE
"inflammation_ap1_nfkb",68,-0.0417606811431916,-0.347169531403028,FALSE
"inflammation_ap1_nfkb",69,0.0619121006152351,0.363277469380182,TRUE
"inflammation_ap1_nfkb",70,0.0940499799317991,0.173834263497265,TRUE
"inflammation_ap1_nfkb",71,-0.0166942843188584,0.142370017511929,FALSE
"inflammation_ap1_nfkb",72,-0.170099070378109,-0.0067287076477941,FALSE
"inflammation_ap1_nfkb",73,-0.34605845591859,0.106980801785419,FALSE
"inflammation_ap1_nfkb",74,-0.22786867231961,-0.400445312036079,FALSE
"inflammation_ap1_nfkb",75,-0.0191444021553235,0.1783064838658,FALSE
"inflammation_ap1_nfkb",76,0.125778344241873,-0.0875545969681009,FALSE
"inflammation_ap1_nfkb",77,0.075085660093055,0.0583347065134405,TRUE
"inflammation_ap1_nfkb",78,-0.173703929473386,-0.0578594417610156,FALSE
"inflammation_ap1_nfkb",79,-0.00450951830623311,-0.369654263350046,FALSE
"inflammation_ap1_nfkb",80,-0.048148945212349,-0.0111803214382007,FALSE
"inflammation_ap1_nfkb",81,-0.258904078223764,-0.212898218546824,FALSE
"inflammation_ap1_nfkb",82,-0.134075647592824,0.00224481954504209,FALSE
"inflammation_ap1_nfkb",83,-0.0546825074235266,-0.0202829938666307,FALSE
"inflammation_ap1_nfkb",84,-0.0152185297267271,-0.0644176947487209,FALSE
"inflammation_ap1_nfkb",85,0.237502578448201,0.25407452496697,TRUE
"inflammation_ap1_nfkb",86,-0.0554886378883457,-0.00198723479863216,FALSE
"inflammation_ap1_nfkb",87,-0.268088025940658,0.186516831407852,FALSE
"inflammation_ap1_nfkb",88,0.0737949688305152,0.140031817311128,TRUE
"inflammation_ap1_nfkb",89,0.113988182924014,0.0322365500214855,TRUE
"inflammation_ap1_nfkb",90,-0.580121933104504,-0.239544473617456,FALSE
"inflammation_ap1_nfkb",91,-0.155284139090558,-0.293477286173767,FALSE
"inflammation_ap1_nfkb",92,-0.312437937673414,0.298468014535279,FALSE
"inflammation_ap1_nfkb",93,0.162542749788141,0.156300254196612,TRUE
"inflammation_ap1_nfkb",94,-0.0132143553867505,-0.0437587133806196,FALSE
"inflammation_ap1_nfkb",95,-0.521275744771247,-0.191817368850082,FALSE
"inflammation_ap1_nfkb",96,-0.0654303378534999,-0.0314297272113398,FALSE
"inflammation_ap1_nfkb",97,0.0549030859321884,0.119867934654705,TRUE
"inflammation_ap1_nfkb",98,-0.415185632909438,-0.1814166775841,FALSE
"inflammation_ap1_nfkb",99,-0.0894601770347302,-0.331448430767912,FALSE
"inflammation_ap1_nfkb",100,-0.0844857947062193,-0.00204682533409067,FALSE
"inflammation_ap1_nfkb",101,-0.151151770447592,-0.266072383973403,FALSE
"inflammation_ap1_nfkb",102,-0.492442830720709,-0.364153226677328,FALSE
"inflammation_ap1_nfkb",103,-0.0484830485447098,0.0267561189070709,FALSE
"inflammation_ap1_nfkb",104,-0.154287140539825,-0.0198740059061837,FALSE
"inflammation_ap1_nfkb",105,0.169230913072172,0.0506175626736321,TRUE
"inflammation_ap1_nfkb",106,0.139008640310182,-0.0374701618747712,FALSE
"inflammation_ap1_nfkb",107,0.0221939663995651,-0.167326877162074,FALSE
"inflammation_ap1_nfkb",108,0.0399289488834399,0.0782145793422201,TRUE
"inflammation_ap1_nfkb",109,0.0121722940154905,-0.476562784424456,FALSE
"inflammation_ap1_nfkb",110,0.10978069079771,-0.186844035772289,FALSE
"inflammation_ap1_nfkb",111,-0.26776096897183,-0.589644257061486,FALSE
"inflammation_ap1_nfkb",112,0.111277513434286,0.181689984699686,TRUE
"inflammation_ap1_nfkb",113,-0.198101405245761,-0.387659831435117,FALSE
"inflammation_ap1_nfkb",114,-0.104840935630747,0.152437051624678,FALSE
"inflammation_ap1_nfkb",115,0.0049735188550481,-0.0701652899896476,FALSE
"inflammation_ap1_nfkb",116,-0.263427096594092,-0.191460649473032,FALSE
"inflammation_ap1_nfkb",117,-0.151750147098551,0.321496301867227,FALSE
"inflammation_ap1_nfkb",118,-0.129066002987885,-0.00809743629925674,FALSE
"inflammation_ap1_nfkb",119,-0.118441391060572,-0.216085596029916,FALSE
"inflammation_ap1_nfkb",120,-0.11840034248729,0.242545571030462,FALSE
"inflammation_ap1_nfkb",121,0.0655730591933508,-0.0212782201138444,FALSE
"inflammation_ap1_nfkb",122,-0.0173024385900645,0.259033612741361,FALSE
"inflammation_ap1_nfkb",123,0.293090842854767,-0.130366369130287,FALSE
"inflammation_ap1_nfkb",124,-0.126261132958124,-0.104017331115268,FALSE
"inflammation_ap1_nfkb",125,-0.22305650801271,-0.274441900600498,FALSE
"inflammation_ap1_nfkb",126,-0.518997773061756,-0.418198322951137,FALSE
"inflammation_ap1_nfkb",127,-0.0993584662081474,-0.141232356664789,FALSE
"inflammation_ap1_nfkb",128,0.0408324999572251,-0.0344441676515861,FALSE
"inflammation_ap1_nfkb",129,-0.084651078252795,0.232993351207629,FALSE
"inflammation_ap1_nfkb",130,-0.2190076834854,-0.377617577058636,FALSE
"inflammation_ap1_nfkb",131,-0.0671458821967281,0.155303490350331,FALSE
"inflammation_ap1_nfkb",132,0.100939903071411,-0.0040461582131289,FALSE
"inflammation_ap1_nfkb",133,-0.169922806559777,0.153391079687561,FALSE
"inflammation_ap1_nfkb",134,-0.0518499202338894,-0.305773122245122,FALSE
"inflammation_ap1_nfkb",135,0.0383195341395751,0.0300727061471023,TRUE
"inflammation_ap1_nfkb",136,0.0636076212570884,0.345165138040343,TRUE
"inflammation_ap1_nfkb",137,-0.257463059519558,0.143002104482346,FALSE
"inflammation_ap1_nfkb",138,-0.0872456973195296,-0.283965411176001,FALSE
"inflammation_ap1_nfkb",139,0.114532196741803,0.0111479101255278,TRUE
"inflammation_ap1_nfkb",140,-0.241383001102943,0.203812442574713,FALSE
"inflammation_ap1_nfkb",141,0.575797937486325,0.296651950613476,TRUE
"inflammation_ap1_nfkb",142,0.0549558941347251,-0.0156442372077426,FALSE
"inflammation_ap1_nfkb",143,-0.161867907758885,-0.114546569484476,FALSE
"inflammation_ap1_nfkb",144,0.141522146800605,0.0346800399094792,TRUE
"inflammation_ap1_nfkb",145,-0.251764852781888,-0.335888995466558,FALSE
"inflammation_ap1_nfkb",146,-0.0336057041807585,-0.209162246983592,FALSE
"inflammation_ap1_nfkb",147,0.0383540782679457,0.0696148850964995,TRUE
"inflammation_ap1_nfkb",148,0.0517744281256169,-0.00215251549291318,FALSE
"inflammation_ap1_nfkb",149,-0.0194921438719475,0.266679347847447,FALSE
"inflammation_ap1_nfkb",150,-0.166236279377593,-0.21251235139839,FALSE
"inflammation_ap1_nfkb",151,0.132958865926751,0.082686191478725,TRUE
"inflammation_ap1_nfkb",152,0.171444760844955,0.117332454006145,TRUE
"inflammation_ap1_nfkb",153,0.0194565978897835,-0.108090069336754,FALSE
"inflammation_ap1_nfkb",154,-0.216801228057038,0.158652795773079,FALSE
"inflammation_ap1_nfkb",155,0.0717513098466721,0.144066870503272,TRUE
"inflammation_ap1_nfkb",156,-0.543306507105039,-0.295069997018861,FALSE
"inflammation_ap1_nfkb",157,-0.00953929146915337,-0.302162311842626,FALSE
"inflammation_ap1_nfkb",158,0.121836751846644,0.208031626094973,TRUE
"inflammation_ap1_nfkb",159,0.0631629807587153,0.251886986488254,TRUE
"inflammation_ap1_nfkb",160,0.518819933042853,-0.204083864104456,FALSE
"inflammation_ap1_nfkb",161,0.057445489871399,0.0940927260153621,TRUE
"inflammation_ap1_nfkb",162,-0.0483562848391738,-0.033214039996505,FALSE
"inflammation_ap1_nfkb",163,-0.110881981055775,-0.0183746476262973,FALSE
"inflammation_ap1_nfkb",164,0.00710563238642056,-0.2101260459949,FALSE
"inflammation_ap1_nfkb",165,-0.010880548770504,0.0505369199706431,FALSE
"inflammation_ap1_nfkb",166,-0.104950904590651,-0.277611216471528,FALSE
"inflammation_ap1_nfkb",167,0.146947576220215,0.0559370046464358,TRUE
"inflammation_ap1_nfkb",168,-0.0563303503190302,0.0637227742976467,FALSE
"inflammation_ap1_nfkb",169,0.103284934402324,0.372237641617053,TRUE
"inflammation_ap1_nfkb",170,-0.137155250700688,0.100254143386404,FALSE
"inflammation_ap1_nfkb",171,-0.0951020352139378,0.187197288023799,FALSE
"inflammation_ap1_nfkb",172,-0.133310268806636,-0.397154220509693,FALSE
"inflammation_ap1_nfkb",173,-0.324543240227899,-0.211521669591771,FALSE
"inflammation_ap1_nfkb",174,-0.147317174878407,-0.893803129513967,FALSE
"inflammation_ap1_nfkb",175,-0.0358873554325856,0.00341166571836848,FALSE
"inflammation_ap1_nfkb",176,-0.273434042537442,-0.21192376265341,FALSE
"inflammation_ap1_nfkb",177,-0.179000853968275,-0.0308473754072122,FALSE
"inflammation_ap1_nfkb",178,0.0939556988953721,0.0344636735494749,TRUE
"inflammation_ap1_nfkb",179,0.0935024202722326,0.0997425774143308,TRUE
"inflammation_ap1_nfkb",180,0.153919959914338,-0.0609483977134645,FALSE
"inflammation_ap1_nfkb",181,-0.300589887201693,0.0833101947191855,FALSE
"inflammation_ap1_nfkb",182,-0.239147053600512,-0.192982086251524,FALSE
"inflammation_ap1_nfkb",183,-0.228506681287082,0.168521050628928,FALSE
"inflammation_ap1_nfkb",184,-0.216570592351247,-0.18861690473808,FALSE
"inflammation_ap1_nfkb",185,-0.00390171060300942,-0.0449454428122923,FALSE
"inflammation_ap1_nfkb",186,-0.198253288724179,-0.435061816294477,FALSE
"inflammation_ap1_nfkb",187,-0.208957811154493,-0.475406442568658,FALSE
"inflammation_ap1_nfkb",188,-0.12939043462837,-0.340833879155722,FALSE
"inflammation_ap1_nfkb",189,0.0692198869544927,0.236345890144632,TRUE
"inflammation_ap1_nfkb",190,-0.318744594854099,0.15021331972137,FALSE
"inflammation_ap1_nfkb",191,0.215024689546426,0.275214650296013,TRUE
"inflammation_ap1_nfkb",192,-0.0627249065901492,0.0201692163696131,FALSE
"inflammation_ap1_nfkb",193,0.0366377104947763,-0.271059842701903,FALSE
"inflammation_ap1_nfkb",194,0.152248080413471,0.404478092342606,TRUE
"inflammation_ap1_nfkb",195,-0.0311489372862809,0.170429067993035,FALSE
"inflammation_ap1_nfkb",196,0.0413551159648047,-0.0711252789375623,FALSE
"inflammation_ap1_nfkb",197,-0.146260773711469,-0.112667644807598,FALSE
"inflammation_ap1_nfkb",198,-0.103975510011523,0.0285038639932982,FALSE
"inflammation_ap1_nfkb",199,0.208926176176259,0.0175342869205118,TRUE
"inflammation_ap1_nfkb",200,-0.0189161923131635,-0.0671176422155779,FALSE
"inflammation_ap1_nfkb",201,-0.196255391717544,0.0347488645346544,FALSE
"inflammation_ap1_nfkb",202,0.0107926826890223,0.287160670737039,TRUE
"inflammation_ap1_nfkb",203,-0.0831252835985378,-0.162703639304625,FALSE
"inflammation_ap1_nfkb",204,-0.00185426910226093,0.0977827982149379,FALSE
"inflammation_ap1_nfkb",205,-0.105674692067267,-0.127906836099979,FALSE
"inflammation_ap1_nfkb",206,-0.0954210973294094,-0.165336610002714,FALSE
"inflammation_ap1_nfkb",207,-0.295317206455717,-0.650049515761553,FALSE
"inflammation_ap1_nfkb",208,-0.254852973161287,0.0682585476150056,FALSE
"inflammation_ap1_nfkb",209,0.199723636616104,0.284552429183421,TRUE
"inflammation_ap1_nfkb",210,-0.0867764546025308,-0.0346457065626105,FALSE
"inflammation_ap1_nfkb",211,-0.232108808197281,-0.136877669972191,FALSE
"inflammation_ap1_nfkb",212,-0.226673968813724,-0.295049518964559,FALSE
"inflammation_ap1_nfkb",213,0.112790673422358,-0.254168277094142,FALSE
"inflammation_ap1_nfkb",214,-0.0160033074647546,-0.106653519931965,FALSE
"inflammation_ap1_nfkb",215,-0.0691077947077159,-0.0675756131301978,FALSE
"inflammation_ap1_nfkb",216,0.0311130897496775,-0.070920352794731,FALSE
"inflammation_ap1_nfkb",217,-0.210970879907554,-0.114186278681057,FALSE
"inflammation_ap1_nfkb",218,0.0278513716190409,-0.0572060252367153,FALSE
"inflammation_ap1_nfkb",219,-0.0171265650581401,-0.236442548014264,FALSE
"inflammation_ap1_nfkb",220,0.215365955655219,-0.148014733648441,FALSE
"inflammation_ap1_nfkb",221,-0.0685936621167944,-0.191892948480201,FALSE
"inflammation_ap1_nfkb",222,-0.0454040996424118,0.00941061573713814,FALSE
"inflammation_ap1_nfkb",223,-0.415844832029772,-0.641847372905076,FALSE
"inflammation_ap1_nfkb",224,-0.102414249507295,-0.026970294133193,FALSE
"inflammation_ap1_nfkb",225,-0.0803450700595161,4.98346052594245e-05,FALSE
"inflammation_ap1_nfkb",226,-0.0557812435240809,-0.0781538815378612,FALSE
"inflammation_ap1_nfkb",227,0.0319706435863228,-0.0992994581367753,FALSE
"inflammation_ap1_nfkb",228,-0.168732601437277,-0.256664088187228,FALSE
"inflammation_ap1_nfkb",229,-0.198086827944399,-0.284979418149174,FALSE
"inflammation_ap1_nfkb",230,-0.262003458673491,-0.601503182314617,FALSE
"inflammation_ap1_nfkb",231,0.0342544145176978,-0.182853467750865,FALSE
"inflammation_ap1_nfkb",232,-0.461725168456294,-0.611646056463734,FALSE
"inflammation_ap1_nfkb",233,0.0900948375308269,-0.117918816777926,FALSE
"inflammation_ap1_nfkb",234,-0.0440725977003765,0.0555176578681743,FALSE
"inflammation_ap1_nfkb",235,-0.3529624044617,-0.424760752855407,FALSE
"inflammation_ap1_nfkb",236,-0.127675782560997,0.213237497900705,FALSE
"inflammation_ap1_nfkb",237,-0.264504665064912,0.0439235495804695,FALSE
"inflammation_ap1_nfkb",238,-0.00325154198663762,0.0153832671554132,FALSE
"inflammation_ap1_nfkb",239,0.031853761758498,0.103212542711425,TRUE
"inflammation_ap1_nfkb",240,0.245091398573506,-0.0939942730545371,FALSE
"inflammation_ap1_nfkb",241,0.057033739697423,0.185841589044399,TRUE
"inflammation_ap1_nfkb",242,0.106247192211081,-0.00953568317723991,FALSE
"inflammation_ap1_nfkb",243,-0.112245108777971,-0.143272422044557,FALSE
"inflammation_ap1_nfkb",244,0.0450290379646043,-0.278364778132087,FALSE
"inflammation_ap1_nfkb",245,0.0390244949789393,0.0128917048063864,TRUE
"inflammation_ap1_nfkb",246,0.292968286822251,0.194416987629639,TRUE
"inflammation_ap1_nfkb",247,0.149329103395234,0.250859914126277,TRUE
"inflammation_ap1_nfkb",248,0.0864506324892266,0.143676942762271,TRUE
"inflammation_ap1_nfkb",249,-0.164470243123458,-0.0231443087069257,FALSE
"inflammation_ap1_nfkb",250,0.175529365695741,-0.029604771283496,FALSE
"inflammation_ap1_nfkb",251,0.195415194854125,-0.0183445234815836,FALSE
"inflammation_ap1_nfkb",252,-0.136703035731082,0.124969838174059,FALSE
"inflammation_ap1_nfkb",253,-0.291547419748499,-0.256831316359588,FALSE
"inflammation_ap1_nfkb",254,-0.187233319689996,-0.195955187919291,FALSE
"inflammation_ap1_nfkb",255,-0.0461569481548222,-0.13999000928648,FALSE
"inflammation_ap1_nfkb",256,0.425130282109243,0.292761514471186,TRUE
"inflammation_ap1_nfkb",257,-0.0343677018381049,0.237075048783157,FALSE
"inflammation_ap1_nfkb",258,-0.463858618501326,0.0158027325916778,FALSE
"inflammation_ap1_nfkb",259,0.0873208187707585,0.152536998742262,TRUE
"inflammation_ap1_nfkb",260,-0.194691286175893,-0.302228953693059,FALSE
"inflammation_ap1_nfkb",261,-0.344602337070098,-0.326606933253168,FALSE
"inflammation_ap1_nfkb",262,-0.0790839784191105,-0.197417915993502,FALSE
"inflammation_ap1_nfkb",263,0.0649665918936536,-0.416493885855659,FALSE
"inflammation_ap1_nfkb",264,-0.142808910590319,-0.223465058573459,FALSE
"inflammation_ap1_nfkb",265,0.252567857791133,0.433298515741352,TRUE
"inflammation_ap1_nfkb",266,-0.141421995340962,-0.222226177626107,FALSE
"inflammation_ap1_nfkb",267,0.191604466942897,0.165723043259518,TRUE
"inflammation_ap1_nfkb",268,0.244544803734497,0.16122858557718,TRUE
"inflammation_ap1_nfkb",269,0.0533494342625345,-0.0494626840445928,FALSE
"inflammation_ap1_nfkb",270,-0.19172837115943,0.094891089367602,FALSE
"inflammation_ap1_nfkb",271,-0.112951146000795,-0.146956404647923,FALSE
"inflammation_ap1_nfkb",272,-0.012991544064345,-0.380273271623119,FALSE
"inflammation_ap1_nfkb",273,-0.146577057592298,-0.504995495406823,FALSE
"inflammation_ap1_nfkb",274,-0.0269446995046524,-0.0817257821494406,FALSE
"inflammation_ap1_nfkb",275,-0.249268092663024,0.115063100227919,FALSE
"inflammation_ap1_nfkb",276,0.0361384450660208,-0.180915570366915,FALSE
"inflammation_ap1_nfkb",277,-0.215156409919715,-0.393154568415019,FALSE
"inflammation_ap1_nfkb",278,-0.0339072270880689,0.0276477249288559,FALSE
"inflammation_ap1_nfkb",279,-0.16316207930948,-0.154757296236046,FALSE
"inflammation_ap1_nfkb",280,-0.380826295770613,-0.0289098150519055,FALSE
"inflammation_ap1_nfkb",281,0.177368018947999,0.14702232327828,TRUE
"inflammation_ap1_nfkb",282,-0.0336704569729297,0.216534887403386,FALSE
"inflammation_ap1_nfkb",283,-0.337242063567879,-0.249687345785566,FALSE
"inflammation_ap1_nfkb",284,-0.303152273216266,-0.153065411553449,FALSE
"inflammation_ap1_nfkb",285,-0.176664031458948,-0.297774112335599,FALSE
"inflammation_ap1_nfkb",286,0.0485123107833093,-0.0675534863186577,FALSE
"inflammation_ap1_nfkb",287,0.110445661600633,0.443286884391191,TRUE
"inflammation_ap1_nfkb",288,0.11504271061814,-0.0105086022224735,FALSE
"inflammation_ap1_nfkb",289,-0.208581166154289,0.0266881358072483,FALSE
"inflammation_ap1_nfkb",290,0.0846320328439725,0.790942351318108,TRUE
"inflammation_ap1_nfkb",291,0.0384788006185269,-0.0566860615155986,FALSE
"inflammation_ap1_nfkb",292,-0.0249590175136332,-0.215802676103073,FALSE
"inflammation_ap1_nfkb",293,-0.353225250517018,0.0367497633377349,FALSE
"inflammation_ap1_nfkb",294,-0.161128229362913,0.133494242002595,FALSE
"inflammation_ap1_nfkb",295,-0.31251713529303,-0.527610534033481,FALSE
"inflammation_ap1_nfkb",296,-0.172104354634432,-0.0959742183581592,FALSE
"inflammation_ap1_nfkb",297,-0.110494061816156,-0.0591607498476272,FALSE
"inflammation_ap1_nfkb",298,0.152855594238745,0.27695590828912,TRUE
"inflammation_ap1_nfkb",299,-0.000956801772839244,-0.0537066298741839,FALSE
"inflammation_ap1_nfkb",300,-0.0604319161794082,-0.2494126919277,FALSE
"inflammation_ap1_nfkb",301,0.0425627890251333,0.201576207504827,TRUE
"inflammation_ap1_nfkb",302,-0.428701591468527,-0.397026124873292,FALSE
"inflammation_ap1_nfkb",303,0.0350973744634855,0.0062316124633443,TRUE
"inflammation_ap1_nfkb",304,-0.38305504510911,-0.35645756970032,FALSE
"inflammation_ap1_nfkb",305,-0.222838319421007,-0.0019073085568531,FALSE
"inflammation_ap1_nfkb",306,0.0907880017861526,-0.252370996959423,FALSE
"inflammation_ap1_nfkb",307,-0.154585139590628,-0.216358660247443,FALSE
"inflammation_ap1_nfkb",308,-0.560031326196288,0.0772484181662306,FALSE
"inflammation_ap1_nfkb",309,-0.0774083436407493,-0.0477771141747744,FALSE
"inflammation_ap1_nfkb",310,-0.0505042600259569,0.149375017132928,FALSE
"inflammation_ap1_nfkb",311,0.0599652911529361,0.269327923805497,TRUE
"inflammation_ap1_nfkb",312,-0.023272881260731,-0.143981822006404,FALSE
"inflammation_ap1_nfkb",313,-0.137096823961755,-0.0454427281278721,FALSE
"inflammation_ap1_nfkb",314,0.0267120118629134,0.124841197345856,TRUE
"inflammation_ap1_nfkb",315,-0.180048818946426,-0.186302410978505,FALSE
"inflammation_ap1_nfkb",316,-0.190740212192696,0.0865336918997898,FALSE
"inflammation_ap1_nfkb",317,-0.139722335631748,-0.412897200786186,FALSE
"inflammation_ap1_nfkb",318,-0.079578837071453,0.206411278727848,FALSE
"inflammation_ap1_nfkb",319,0.0933488596488667,0.102805468243293,TRUE
"inflammation_ap1_nfkb",320,-0.278062361623004,-0.301596016989466,FALSE
"inflammation_ap1_nfkb",321,0.0998596011359976,0.0490308209581319,TRUE
"inflammation_ap1_nfkb",322,-0.207652391045594,-0.246525806117286,FALSE
"inflammation_ap1_nfkb",323,-0.105353726238008,-0.555846682174068,FALSE
"inflammation_ap1_nfkb",324,-0.323476590865994,-0.421934272680298,FALSE
"inflammation_ap1_nfkb",325,0.135298843217103,-0.285715671594458,FALSE
"inflammation_ap1_nfkb",326,-0.0588141953760343,0.424007951532656,FALSE
"inflammation_ap1_nfkb",327,0.191358592105035,0.497405496570479,TRUE
"inflammation_ap1_nfkb",328,-0.253440207411795,-0.0484726205353175,FALSE
"inflammation_ap1_nfkb",329,0.00737721073458145,-0.484008583408179,FALSE
"inflammation_ap1_nfkb",330,0.191410020406668,0.23900813642122,TRUE
"inflammation_ap1_nfkb",331,-0.358766354945058,-0.709327447713162,FALSE
"inflammation_ap1_nfkb",332,0.281903277829362,0.112315938375353,TRUE
"inflammation_ap1_nfkb",333,-0.293841815527411,-0.243247452523848,FALSE
"inflammation_ap1_nfkb",334,-0.051583440538415,-0.105670537764163,FALSE
"inflammation_ap1_nfkb",335,-0.0101081043268621,0.068968790311721,FALSE
"inflammation_ap1_nfkb",336,-0.0214582242481034,-0.248218370280434,FALSE
"inflammation_ap1_nfkb",337,-0.171643003899663,-0.141054632839178,FALSE
"inflammation_ap1_nfkb",338,0.126086546454732,0.0680699377590864,TRUE
"inflammation_ap1_nfkb",339,-0.0449698884740252,0.0870788497676185,FALSE
"inflammation_ap1_nfkb",340,0.152132421231967,-0.0766944862307879,FALSE
"inflammation_ap1_nfkb",341,-0.182843549725037,-0.0113456581045581,FALSE
"inflammation_ap1_nfkb",342,0.156452064579046,0.0683854455115345,TRUE
"inflammation_ap1_nfkb",343,-0.155821741986999,0.0204349149722944,FALSE
"inflammation_ap1_nfkb",344,-0.12743899203918,0.0927676142306046,FALSE
"inflammation_ap1_nfkb",345,-0.00320254047565745,-0.263271297737017,FALSE
"inflammation_ap1_nfkb",346,-0.248111354256859,-0.0285417261544392,FALSE
"inflammation_ap1_nfkb",347,0.111745849246137,0.118443093519737,TRUE
"inflammation_ap1_nfkb",348,-0.0216070771982664,-0.232295218299233,FALSE
"inflammation_ap1_nfkb",349,-0.0341250600248802,0.0989481423172973,FALSE
"inflammation_ap1_nfkb",350,-0.161796756293991,-0.323101426539845,FALSE
"inflammation_ap1_nfkb",351,-0.0379955770185058,0.107162925923707,FALSE
"inflammation_ap1_nfkb",352,-0.118649803624024,0.0821372961776861,FALSE
"inflammation_ap1_nfkb",353,0.146329689145772,0.476700930006398,TRUE
"inflammation_ap1_nfkb",354,-0.312462396449158,0.158699565366694,FALSE
"inflammation_ap1_nfkb",355,-0.136760491535544,-0.582847849053264,FALSE
"inflammation_ap1_nfkb",356,-0.0495225542690322,-0.0862547307248062,FALSE
"inflammation_ap1_nfkb",357,0.0385351040201828,0.106293564327213,TRUE
"inflammation_ap1_nfkb",358,-0.00739485212563773,-0.0661222970892066,FALSE
"inflammation_ap1_nfkb",359,-0.469049002381737,-0.00125938332048009,FALSE
"inflammation_ap1_nfkb",360,0.0656659960976534,0.18194128877373,TRUE
"inflammation_ap1_nfkb",361,-0.208837069781865,0.0476489312292863,FALSE
"inflammation_ap1_nfkb",362,0.085874667771739,0.482024210782324,TRUE
"inflammation_ap1_nfkb",363,0.0724824801226757,0.164800064174012,TRUE
"inflammation_ap1_nfkb",364,-0.0549580650505999,-0.391160086244168,FALSE
"inflammation_ap1_nfkb",365,-0.108984817261375,-0.0882445253119169,FALSE
"inflammation_ap1_nfkb",366,-0.000417936330149721,-0.042978361902131,FALSE
"inflammation_ap1_nfkb",367,0.288242793221707,0.113904996006834,TRUE
"inflammation_ap1_nfkb",368,0.0295210219022877,-0.106905285471425,FALSE
"inflammation_ap1_nfkb",369,-0.242996075405125,-0.449123212261965,FALSE
"inflammation_ap1_nfkb",370,-0.335523950497301,-0.561745971090828,FALSE
"inflammation_ap1_nfkb",371,0.0749042972185655,0.242308486515111,TRUE
"inflammation_ap1_nfkb",372,-0.218003849123314,-0.285509311995556,FALSE
"inflammation_ap1_nfkb",373,-0.158405474252285,0.204854997994467,FALSE
"inflammation_ap1_nfkb",374,0.0827351414757061,0.102357736837051,TRUE
"inflammation_ap1_nfkb",375,-0.0902162424321331,-0.363936001876807,FALSE
"inflammation_ap1_nfkb",376,-0.128547724203286,-0.358799232666683,FALSE
"inflammation_ap1_nfkb",377,-0.359131762083831,-0.25005437938951,FALSE
"inflammation_ap1_nfkb",378,0.214826339703943,0.090899571523754,TRUE
"inflammation_ap1_nfkb",379,-0.334492993539091,-0.0383456964275976,FALSE
"inflammation_ap1_nfkb",380,-0.0456832189450467,0.220319951176833,FALSE
"inflammation_ap1_nfkb",381,-0.0671124506303457,-0.276620502960451,FALSE
"inflammation_ap1_nfkb",382,-0.0804789378030456,-0.136636316494464,FALSE
"inflammation_ap1_nfkb",383,-0.263182514501418,-0.0972353623957575,FALSE
"inflammation_ap1_nfkb",384,-0.228102545843536,-0.180467313031393,FALSE
"inflammation_ap1_nfkb",385,-0.143704259817106,-0.0590948104897724,FALSE
"inflammation_ap1_nfkb",386,0.246174789485248,-0.0567050847197934,FALSE
"inflammation_ap1_nfkb",387,0.14233864165973,0.0191405637597658,TRUE
"inflammation_ap1_nfkb",388,-0.334046444538567,-0.612534601242011,FALSE
"inflammation_ap1_nfkb",389,0.297348128827307,0.19011517736446,TRUE
"inflammation_ap1_nfkb",390,-0.0233516680651216,-0.626842908598599,FALSE
"inflammation_ap1_nfkb",391,-0.0462752063266949,-0.201216817198293,FALSE
"inflammation_ap1_nfkb",392,0.0170609826638525,-0.0696490489989217,FALSE
"inflammation_ap1_nfkb",393,-0.0640765857700851,0.336143546948369,FALSE
"inflammation_ap1_nfkb",394,-0.280462558794844,-0.295367281036266,FALSE
"inflammation_ap1_nfkb",395,0.00306334029318379,0.169469586090721,TRUE
"inflammation_ap1_nfkb",396,0.413366805137776,0.350551448937742,TRUE
"inflammation_ap1_nfkb",397,-0.0484861382075399,0.0743219113995757,FALSE
"inflammation_ap1_nfkb",398,0.0952594924547165,-0.220743934912367,FALSE
"inflammation_ap1_nfkb",399,-0.137153303630155,-0.387996440376601,FALSE
"inflammation_ap1_nfkb",400,0.0986936757938895,0.202802704958873,TRUE
"inflammation_ap1_nfkb",401,-0.235169966524234,0.215334970070949,FALSE
"inflammation_ap1_nfkb",402,-0.230004881123621,-0.255661316224654,FALSE
"inflammation_ap1_nfkb",403,-0.304273308813913,-0.529448898864835,FALSE
"inflammation_ap1_nfkb",404,0.03541784101532,-0.236377496463507,FALSE
"inflammation_ap1_nfkb",405,-0.393704570110594,-0.33671341532805,FALSE
"inflammation_ap1_nfkb",406,0.0919775585282585,0.490559992266161,TRUE
"inflammation_ap1_nfkb",407,0.174417707560078,0.066325623925916,TRUE
"inflammation_ap1_nfkb",408,-0.125484516735209,-0.0991081440567955,FALSE
"inflammation_ap1_nfkb",409,-0.471959036305364,-0.411242821660723,FALSE
"inflammation_ap1_nfkb",410,-0.254898176375662,-0.141018983027353,FALSE
"inflammation_ap1_nfkb",411,0.0294484975011025,-0.210302683099454,FALSE
"inflammation_ap1_nfkb",412,-0.249757784887484,-0.114961253971273,FALSE
"inflammation_ap1_nfkb",413,0.10373505405035,-0.187612866636998,FALSE
"inflammation_ap1_nfkb",414,-0.0273417347632802,0.220277266713538,FALSE
"inflammation_ap1_nfkb",415,-0.353877762046652,-0.221625076408607,FALSE
"inflammation_ap1_nfkb",416,-0.0344355946535309,0.245227733554453,FALSE
"inflammation_ap1_nfkb",417,0.138453998356678,-0.256709886872301,FALSE
"inflammation_ap1_nfkb",418,-0.1419727393329,-0.0178251681091625,FALSE
"inflammation_ap1_nfkb",419,-0.170204462953113,0.0428866656408284,FALSE
"inflammation_ap1_nfkb",420,0.00590127856994793,-0.179265364431939,FALSE
"inflammation_ap1_nfkb",421,-0.269540447603702,-0.577841210786337,FALSE
"inflammation_ap1_nfkb",422,-0.172081044471738,0.203900177926939,FALSE
"inflammation_ap1_nfkb",423,-0.0398106568714009,0.368591748500504,FALSE
"inflammation_ap1_nfkb",424,-0.014169158930318,0.0107809679726786,FALSE
"inflammation_ap1_nfkb",425,-0.0265298129042996,0.320954798369894,FALSE
"inflammation_ap1_nfkb",426,0.171324054581727,0.203633508604556,TRUE
"inflammation_ap1_nfkb",427,-0.314492829536019,-0.176041913437426,FALSE
"inflammation_ap1_nfkb",428,-0.0622366608330406,0.382457370442608,FALSE
"inflammation_ap1_nfkb",429,-0.0820348749910275,-0.0230686172726792,FALSE
"inflammation_ap1_nfkb",430,0.0960452953975856,0.206358841418696,TRUE
"inflammation_ap1_nfkb",431,0.0772736817673644,-0.0733555259360988,FALSE
"inflammation_ap1_nfkb",432,-0.0416142211003396,0.0254529167316086,FALSE
"inflammation_ap1_nfkb",433,-0.197661308919055,-0.179267999045773,FALSE
"inflammation_ap1_nfkb",434,0.0608460420675016,0.0226424637047556,TRUE
"inflammation_ap1_nfkb",435,-0.291301741113893,-0.281805630232076,FALSE
"inflammation_ap1_nfkb",436,0.122142838013927,0.0371443746746466,TRUE
"inflammation_ap1_nfkb",437,0.16575696066567,-0.0562090952021983,FALSE
"inflammation_ap1_nfkb",438,0.142502885680028,0.0998122427615082,TRUE
"inflammation_ap1_nfkb",439,-0.0607385361459687,0.230366480434045,FALSE
"inflammation_ap1_nfkb",440,-0.258633272968218,-0.135131120540063,FALSE
"inflammation_ap1_nfkb",441,-0.246877627579369,-0.171480030347149,FALSE
"inflammation_ap1_nfkb",442,-0.367293876782433,-0.506848521077311,FALSE
"inflammation_ap1_nfkb",443,0.256813081504664,-0.178659134134499,FALSE
"inflammation_ap1_nfkb",444,0.043504308518284,0.292420549281781,TRUE
"inflammation_ap1_nfkb",445,0.041586059028521,-0.223009293096605,FALSE
"inflammation_ap1_nfkb",446,-0.261595458407055,-0.470444624851608,FALSE
"inflammation_ap1_nfkb",447,-0.0281280834831139,0.0104682168476916,FALSE
"inflammation_ap1_nfkb",448,0.057542983616924,0.053299795974335,TRUE
"inflammation_ap1_nfkb",449,-0.0336025036581099,0.017124309255627,FALSE
"inflammation_ap1_nfkb",450,-0.0620919546716748,0.137352331108299,FALSE
"inflammation_ap1_nfkb",451,-0.206250915669895,-0.110483952608153,FALSE
"inflammation_ap1_nfkb",452,-0.168368351432421,0.120391869608833,FALSE
"inflammation_ap1_nfkb",453,-0.237261112016464,0.255026737810346,FALSE
"inflammation_ap1_nfkb",454,0.392604956279288,0.233103610607932,TRUE
"inflammation_ap1_nfkb",455,0.0399932734523828,-0.599253717289031,FALSE
"inflammation_ap1_nfkb",456,-0.243674451330995,0.222481444810021,FALSE
"inflammation_ap1_nfkb",457,0.0843598553124388,-0.0501077527331487,FALSE
"inflammation_ap1_nfkb",458,-0.344774919670483,0.0996938182391,FALSE
"inflammation_ap1_nfkb",459,-0.190280443436925,-0.289858517535125,FALSE
"inflammation_ap1_nfkb",460,0.0439598433573404,-0.104909525258768,FALSE
"inflammation_ap1_nfkb",461,0.0886823995415414,0.161636895925437,TRUE
"inflammation_ap1_nfkb",462,0.0458172963811535,-0.151493025705827,FALSE
"inflammation_ap1_nfkb",463,0.150867599869911,0.439118195421032,TRUE
"inflammation_ap1_nfkb",464,0.0739380356226195,-0.252692734951736,FALSE
"inflammation_ap1_nfkb",465,0.0546916424129117,0.0901265517297865,TRUE
"inflammation_ap1_nfkb",466,0.143393013220115,0.333796227592993,TRUE
"inflammation_ap1_nfkb",467,-0.165673285926923,-0.099900178421071,FALSE
"inflammation_ap1_nfkb",468,-0.236503518084293,-0.146331654370217,FALSE
"inflammation_ap1_nfkb",469,-0.189685578622515,-0.162159731050928,FALSE
"inflammation_ap1_nfkb",470,-0.262703603828291,-0.00240060123152519,FALSE
"inflammation_ap1_nfkb",471,-0.131946203404032,0.042468801179871,FALSE
"inflammation_ap1_nfkb",472,0.13412969713662,-0.0245178760611816,FALSE
"inflammation_ap1_nfkb",473,-0.0928131249843104,0.036809321890771,FALSE
"inflammation_ap1_nfkb",474,0.0210001496602543,0.114753944056228,TRUE
"inflammation_ap1_nfkb",475,0.2211947110712,-0.0755465435982978,FALSE
"inflammation_ap1_nfkb",476,0.248552618619313,-0.265168309874191,FALSE
"inflammation_ap1_nfkb",477,0.0711704695606241,0.356947377292349,TRUE
"inflammation_ap1_nfkb",478,-0.171993685534016,-0.200575563528255,FALSE
"inflammation_ap1_nfkb",479,-0.258454335525738,-0.13345481968124,FALSE
"inflammation_ap1_nfkb",480,-0.225053217457516,-0.136845332458935,FALSE
"inflammation_ap1_nfkb",481,-0.05528514723034,0.140053385611804,FALSE
"inflammation_ap1_nfkb",482,0.298949577362556,-0.133412556174171,FALSE
"inflammation_ap1_nfkb",483,-0.156712312295324,-0.175505507878697,FALSE
"inflammation_ap1_nfkb",484,-0.275598708608342,0.0955761732272674,FALSE
"inflammation_ap1_nfkb",485,0.0506271769406799,-0.107566481630174,FALSE
"inflammation_ap1_nfkb",486,0.0127168600051965,-0.212483498853284,FALSE
"inflammation_ap1_nfkb",487,-0.113516108928995,0.00680196455090581,FALSE
"inflammation_ap1_nfkb",488,-0.196198016279275,-0.0456858817020638,FALSE
"inflammation_ap1_nfkb",489,0.0290806790317095,0.119805007115441,TRUE
"inflammation_ap1_nfkb",490,0.168526295029733,-0.171444834304333,FALSE
"inflammation_ap1_nfkb",491,0.0807064875494303,-0.0961909839567485,FALSE
"inflammation_ap1_nfkb",492,-0.167836881619633,-0.308377161295522,FALSE
"inflammation_ap1_nfkb",493,-0.266462090745119,-0.154173293352123,FALSE
"inflammation_ap1_nfkb",494,-0.418429989698642,0.176325023980267,FALSE
"inflammation_ap1_nfkb",495,-0.115634516997621,-0.0196110662754372,FALSE
"inflammation_ap1_nfkb",496,-0.266117233288671,-0.00107078593280219,FALSE
"inflammation_ap1_nfkb",497,-0.439321977257702,-0.285882254773347,FALSE
"inflammation_ap1_nfkb",498,0.0525027458398884,0.0760291576795547,TRUE
"inflammation_ap1_nfkb",499,-0.224392530532171,0.0830342138949068,FALSE
"inflammation_ap1_nfkb",500,-0.0310565634950447,0.0545470086026323,FALSE
"hypoxia",1,0.333585733866873,0.287142323051153,TRUE
"hypoxia",2,-0.304350559679143,0.0803685510087507,FALSE
"hypoxia",3,-0.202148642053958,0.00226701076531377,FALSE
"hypoxia",4,-0.140346408922418,-0.228998718747291,FALSE
"hypoxia",5,-0.017709442522849,-0.0356062922038872,FALSE
"hypoxia",6,-0.0255893329880759,-0.00991926710746394,FALSE
"hypoxia",7,0.366301672334603,0.140108321714688,TRUE
"hypoxia",8,-0.351866511704805,-0.379256329741873,FALSE
"hypoxia",9,0.233348053832226,-0.0728622951298436,FALSE
"hypoxia",10,-0.202696441060629,-0.406602458114877,FALSE
"hypoxia",11,-0.0506702072929487,-0.296234766740916,FALSE
"hypoxia",12,-0.243305456494103,-0.392955863880474,FALSE
"hypoxia",13,-0.56125596192796,-0.147674767498244,FALSE
"hypoxia",14,-0.121672160210926,-0.245672247055473,FALSE
"hypoxia",15,-0.215819251576375,-0.0499881793984666,FALSE
"hypoxia",16,0.0164788780947443,0.21984892628693,TRUE
"hypoxia",17,-0.461696112936652,-0.186638559778723,FALSE
"hypoxia",18,0.201519087371802,-0.0841093121196646,FALSE
"hypoxia",19,0.0212145099392669,-0.318170004661606,FALSE
"hypoxia",20,0.091365319183817,0.0332068422598125,TRUE
"hypoxia",21,-0.0907693858373253,-0.00656676197609124,FALSE
"hypoxia",22,-0.359239359188538,-0.246086154896972,FALSE
"hypoxia",23,0.372807989533527,0.286469699447417,TRUE
"hypoxia",24,0.0297542219240354,0.0687148478341155,TRUE
"hypoxia",25,-0.0146658492349189,0.0435868955950527,FALSE
"hypoxia",26,-0.0746505257325575,-0.24533720875532,FALSE
"hypoxia",27,-0.00956660196895609,0.0220066269915256,FALSE
"hypoxia",28,-0.227192170800339,-0.374202826037158,FALSE
"hypoxia",29,-0.107535741309955,-0.31328172904682,FALSE
"hypoxia",30,-0.16766754271043,-0.0109064339498653,FALSE
"hypoxia",31,0.173735939813982,-0.406798084129572,FALSE
"hypoxia",32,-0.180586387112972,-0.0154320909246999,FALSE
"hypoxia",33,-0.316142319641175,-0.285982209478915,FALSE
"hypoxia",34,0.256402456260923,0.229672243257075,TRUE
"hypoxia",35,-0.105941405073641,-0.287358342544737,FALSE
"hypoxia",36,-0.420259992015605,-0.123014015034834,FALSE
"hypoxia",37,-0.135018755993094,-0.281624449816916,FALSE
"hypoxia",38,0.129437962696436,0.129266512867239,TRUE
"hypoxia",39,-0.23142616025599,-0.129459945416092,FALSE
"hypoxia",40,-0.231506310184411,-0.343912938145591,FALSE
"hypoxia",41,-0.180748223873308,-0.606701911716591,FALSE
"hypoxia",42,-0.254561395011045,-0.06536184035876,FALSE
"hypoxia",43,-0.172624863802735,-0.170037199712761,FALSE
"hypoxia",44,0.335041159710941,0.09267406402345,TRUE
"hypoxia",45,-0.352715129306373,-0.330691696487306,FALSE
"hypoxia",46,-0.389613463358001,-0.465721064301308,FALSE
"hypoxia",47,-0.0664265069668401,-0.252456112575032,FALSE
"hypoxia",48,-0.217139998073972,0.0326870598111292,FALSE
"hypoxia",49,-0.276248349258536,-0.0458691086162352,FALSE
"hypoxia",50,-0.311241604165558,-0.260103413097556,FALSE
"hypoxia",51,0.00025847303834553,-0.150484777259492,FALSE
"hypoxia",52,-0.179351727117511,-0.345446345451985,FALSE
"hypoxia",53,-0.402899841231431,-0.186967507277873,FALSE
"hypoxia",54,-0.198458302506739,-0.134444535868123,FALSE
"hypoxia",55,-0.550136544457158,-0.458940294561002,FALSE
"hypoxia",56,0.0895862796438782,0.252449714374259,TRUE
"hypoxia",57,-0.397582877930925,-0.194813382588167,FALSE
"hypoxia",58,-0.0347967073825012,-0.0645973312813576,FALSE
"hypoxia",59,-0.031762404724186,0.197870674581467,FALSE
"hypoxia",60,-0.0860351926649596,-0.253095315475156,FALSE
"hypoxia",61,-0.168989730165738,-0.338131899719898,FALSE
"hypoxia",62,0.11912337778656,-0.0498352331385351,FALSE
"hypoxia",63,-0.230772107307065,0.0407964391584298,FALSE
"hypoxia",64,-0.0535112986926502,-0.353405768069877,FALSE
"hypoxia",65,0.0272997566762185,0.238665844693391,TRUE
"hypoxia",66,0.191994151621282,0.0324392494035324,TRUE
"hypoxia",67,-0.44287088417031,-0.378204338694253,FALSE
"hypoxia",68,0.13201063114554,0.15110565634169,TRUE
"hypoxia",69,-0.0291285947671719,0.335392846986209,FALSE
"hypoxia",70,-0.274966275293274,-0.475822072040543,FALSE
"hypoxia",71,-0.201245551265484,-0.439659705301698,FALSE
"hypoxia",72,-0.108484520426221,0.154024509901023,FALSE
"hypoxia",73,-0.476402363223853,-0.469751929479193,FALSE
"hypoxia",74,0.235205214345307,0.142269858605917,TRUE
"hypoxia",75,-0.131891948344158,-0.0235449060167167,FALSE
"hypoxia",76,0.128178503122354,-0.046842239995004,FALSE
"hypoxia",77,0.0190821757875436,0.0191446311167154,TRUE
"hypoxia",78,-0.120166067093588,-0.111702546832018,FALSE
"hypoxia",79,0.118291292255043,0.0264971875703158,TRUE
"hypoxia",80,0.384137673319218,0.257365251514687,TRUE
"hypoxia",81,-0.0105847352112622,-0.122782422691203,FALSE
"hypoxia",82,-0.0692295238865455,0.281415752888373,FALSE
"hypoxia",83,0.128568485245178,0.23054745019938,TRUE
"hypoxia",84,-0.0302011187216858,-0.0297250483700803,FALSE
"hypoxia",85,-0.0149912307113614,0.0762388314410984,FALSE
"hypoxia",86,-0.243411203205931,0.0184649417654207,FALSE
"hypoxia",87,-0.049362300361151,-0.102872964161833,FALSE
"hypoxia",88,0.0681339106604462,-0.0155767607743947,FALSE
"hypoxia",89,-0.32728315306951,-0.304078981137424,FALSE
"hypoxia",90,0.13699303319856,0.155843329910328,TRUE
"hypoxia",91,-0.0516960424188628,-0.15341131747079,FALSE
"hypoxia",92,0.24700111662593,0.116726308003188,TRUE
"hypoxia",93,-0.000702958418292182,0.199354805240174,FALSE
"hypoxia",94,-0.254516521973037,-0.215242060317175,FALSE
"hypoxia",95,-0.116230372013231,0.115799686482719,FALSE
"hypoxia",96,0.0678073327853901,-0.307156979847152,FALSE
"hypoxia",97,-0.0639176673851379,-0.205715048258939,FALSE
"hypoxia",98,-0.281030153409391,-0.293600709133686,FALSE
"hypoxia",99,0.0231829071985687,0.428096208959804,TRUE
"hypoxia",100,-0.290236931460861,-0.27882612192244,FALSE
"hypoxia",101,-0.143350264117503,-0.295131784531456,FALSE
"hypoxia",102,0.0886266378343698,0.118215844362216,TRUE
"hypoxia",103,-0.14481136151715,-0.153330093071175,FALSE
"hypoxia",104,0.220956991598446,0.0521529505994065,TRUE
"hypoxia",105,0.0546815205964195,0.143353897091785,TRUE
"hypoxia",106,-0.213023455262421,-0.103703994013876,FALSE
"hypoxia",107,-0.176638087899947,-0.0133050119822481,FALSE
"hypoxia",108,-0.0236452525172396,0.25724296444785,FALSE
"hypoxia",109,-0.141057709946628,0.145832033930853,FALSE
"hypoxia",110,0.117750360061339,-0.505309257787672,FALSE
"hypoxia",111,0.149868100707516,-0.138369866201184,FALSE
"hypoxia",112,-0.310407820390655,-0.23821752251106,FALSE
"hypoxia",113,-0.254775075021019,-0.490651447794267,FALSE
"hypoxia",114,-0.307999619486112,-0.537276756860917,FALSE
"hypoxia",115,-0.0459265197031615,0.0939475816269502,FALSE
"hypoxia",116,-0.104818154127754,-0.119407861028353,FALSE
"hypoxia",117,-0.0705299525438708,0.0677878073129582,FALSE
"hypoxia",118,-0.208149132752908,-0.0325677597798353,FALSE
"hypoxia",119,0.0366215812545791,-0.0494240516782935,FALSE
"hypoxia",120,0.00669758234094493,0.0212164177726993,TRUE
"hypoxia",121,0.349892507205125,0.299396037655388,TRUE
"hypoxia",122,-0.294700346467201,-0.081286641751387,FALSE
"hypoxia",123,-0.199891259863319,-0.536461365013372,FALSE
"hypoxia",124,-0.264029404952243,-0.442071190502922,FALSE
"hypoxia",125,-0.0906176046496278,-0.640599656731802,FALSE
"hypoxia",126,-0.101174178341398,-0.199102793604729,FALSE
"hypoxia",127,0.00823995910523756,-0.119537331673971,FALSE
"hypoxia",128,0.154762905860047,-0.0164624528775962,FALSE
"hypoxia",129,0.41812106478647,0.200911925618868,TRUE
"hypoxia",130,-0.317992867250911,-0.218240951656776,FALSE
"hypoxia",131,-0.248243217304178,-0.287414585940986,FALSE
"hypoxia",132,-0.302501860704638,-0.380388258631145,FALSE
"hypoxia",133,-0.234508231983425,-0.104873181882768,FALSE
"hypoxia",134,0.325728521248551,0.10342184381565,TRUE
"hypoxia",135,-0.23125802288636,-0.372680392059731,FALSE
"hypoxia",136,0.0255339685417708,-0.0856716605161089,FALSE
"hypoxia",137,-0.207350624966166,-0.129583986336025,FALSE
"hypoxia",138,0.0333115293861101,0.0400380161497836,TRUE
"hypoxia",139,0.29917329552042,0.339750444956894,TRUE
"hypoxia",140,-0.00876968748735951,0.17797324517789,FALSE
"hypoxia",141,-0.344896096648132,-0.288304632705538,FALSE
"hypoxia",142,0.213614177351063,0.281349749741655,TRUE
"hypoxia",143,-0.213181870144345,-0.233337333063132,FALSE
"hypoxia",144,-0.0377503863685763,0.0398784049191096,FALSE
"hypoxia",145,0.0813592632197841,-0.0219912328134648,FALSE
"hypoxia",146,-0.0814524850289216,0.035152368157592,FALSE
"hypoxia",147,0.064371725809637,0.0297754397177466,TRUE
"hypoxia",148,-0.180388939525277,-0.236742961032274,FALSE
"hypoxia",149,-0.307001528014873,-0.314944920779656,FALSE
"hypoxia",150,-0.0194176667483907,-0.0553374327517248,FALSE
"hypoxia",151,-0.196261777057424,0.083057809073226,FALSE
"hypoxia",152,0.185238057123228,-0.425088721344629,FALSE
"hypoxia",153,-0.0891526766412954,0.161604365386054,FALSE
"hypoxia",154,-0.186263450107355,-0.256212729331178,FALSE
"hypoxia",155,-0.178047577288549,0.183688100271788,FALSE
"hypoxia",156,-0.100276708409713,-0.334830030404716,FALSE
"hypoxia",157,0.0557119030676331,-0.315910001683588,FALSE
"hypoxia",158,0.246713843043131,0.0659719122495188,TRUE
"hypoxia",159,-0.167751346380162,0.051562207522387,FALSE
"hypoxia",160,-0.285086254380624,-0.292380385900473,FALSE
"hypoxia",161,0.0986963283222141,-0.094445069848569,FALSE
"hypoxia",162,-0.0664232130763895,-0.497046820792234,FALSE
"hypoxia",163,0.0109286267828035,-0.382059114550593,FALSE
"hypoxia",164,-0.346764459770863,0.295665531806135,FALSE
"hypoxia",165,-0.095930510340545,-0.301230151825005,FALSE
"hypoxia",166,0.239173616172754,0.329974327097806,TRUE
"hypoxia",167,-0.24738780821643,-0.145750055849806,FALSE
"hypoxia",168,-0.0806366806527468,0.309157413255065,FALSE
"hypoxia",169,-0.209035567261204,-0.191068945933146,FALSE
"hypoxia",170,0.0720475899977595,-0.258895181997534,FALSE
"hypoxia",171,0.055071778244382,0.135810719310225,TRUE
"hypoxia",172,0.11910854879941,-0.0388299944543961,FALSE
"hypoxia",173,-0.0678293118821867,-0.141403458141947,FALSE
"hypoxia",174,-0.609741037359796,-0.296531436327452,FALSE
"hypoxia",175,0.104136289479183,-0.0729812067237922,FALSE
"hypoxia",176,0.0594185251427692,-0.167106509362157,FALSE
"hypoxia",177,-0.118225834289413,-0.360419127230021,FALSE
"hypoxia",178,-0.0854129956010966,0.0972785345533261,FALSE
"hypoxia",179,-0.111855695430171,-0.242508138787038,FALSE
"hypoxia",180,-0.0512561265048674,-0.361201339718583,FALSE
"hypoxia",181,-0.15931279725531,-0.350242274887095,FALSE
"hypoxia",182,-0.243949898032916,-0.450681194608221,FALSE
"hypoxia",183,-0.11818778117832,-0.0886810761001147,FALSE
"hypoxia",184,-0.389573872143109,-0.344631367060145,FALSE
"hypoxia",185,-0.292454555025446,-0.386280982746296,FALSE
"hypoxia",186,0.118745974838459,0.139889340285611,TRUE
"hypoxia",187,-0.112901817048362,0.0156364538801086,FALSE
"hypoxia",188,-0.421189069124018,-0.717470231680284,FALSE
"hypoxia",189,-0.223921267632532,-0.194724938869623,FALSE
"hypoxia",190,0.102884745852105,0.0883920297152809,TRUE
"hypoxia",191,-0.172283032528936,-0.173522474448755,FALSE
"hypoxia",192,-0.0266664360319401,-0.36611914425451,FALSE
"hypoxia",193,-0.25190178920595,-0.242649134838959,FALSE
"hypoxia",194,-0.0653028372347771,0.053426616784578,FALSE
"hypoxia",195,-0.207219488929519,-0.456693875548319,FALSE
"hypoxia",196,-0.0725289590231284,-0.361311034082309,FALSE
"hypoxia",197,0.0409753942389249,-0.125594424343475,FALSE
"hypoxia",198,-0.173741865938243,-0.0961760269920916,FALSE
"hypoxia",199,-0.0797942404089005,0.0220984538363083,FALSE
"hypoxia",200,0.00446458261910865,0.272047468549163,TRUE
"hypoxia",201,0.00941715872206891,-0.155181705567696,FALSE
"hypoxia",202,-0.0816056647046833,-0.393051804051394,FALSE
"hypoxia",203,-0.126112639857184,-0.114941848588756,FALSE
"hypoxia",204,-0.153813261616807,-0.365666009395759,FALSE
"hypoxia",205,0.00734558696108017,-0.0442269217674574,FALSE
"hypoxia",206,-0.131748747472655,0.0863023148670322,FALSE
"hypoxia",207,-0.223303933595216,0.0967622557701065,FALSE
"hypoxia",208,-0.377119692660384,-0.283174656602072,FALSE
"hypoxia",209,-0.32881525714805,-0.229212306454185,FALSE
"hypoxia",210,0.00982411984066139,0.0043138652098762,TRUE
"hypoxia",211,-0.29360110634013,-0.449511543610216,FALSE
"hypoxia",212,0.0728192353466425,-0.00468249136560323,FALSE
"hypoxia",213,-0.00997839632166697,0.084431051122386,FALSE
"hypoxia",214,0.221241924561785,0.263784437139713,TRUE
"hypoxia",215,0.269767338481311,-0.383331415640544,FALSE
"hypoxia",216,-0.0961599601410068,0.206549507848439,FALSE
"hypoxia",217,0.328830085160778,0.43173051287936,TRUE
"hypoxia",218,-0.429897778863966,-0.432630599732929,FALSE
"hypoxia",219,0.0212306145269034,0.180734968388226,TRUE
"hypoxia",220,-0.00220313030119536,-0.480651593909794,FALSE
"hypoxia",221,0.139051814974858,-0.162736903254726,FALSE
"hypoxia",222,-0.515020269627816,-0.241921829612038,FALSE
"hypoxia",223,-0.0633054206549706,-0.519539860986094,FALSE
"hypoxia",224,-0.128675282056371,-0.0108359666837348,FALSE
"hypoxia",225,0.000597779818732422,-0.0919355202413987,FALSE
"hypoxia",226,0.185108321252238,0.142195560192955,TRUE
"hypoxia",227,-0.453407939310411,-0.367338397286592,FALSE
"hypoxia",228,0.198127811229067,0.00135295168298194,TRUE
"hypoxia",229,-0.203570450882958,-0.465689891803459,FALSE
"hypoxia",230,-0.408495192035818,-0.16684449985637,FALSE
"hypoxia",231,-0.200330553581379,-0.231306826382025,FALSE
"hypoxia",232,-0.164673905055862,-0.318917295383379,FALSE
"hypoxia",233,-0.243768766701228,0.00834574406521782,FALSE
"hypoxia",234,0.0516695430481766,-0.0521001835330956,FALSE
"hypoxia",235,-0.127114531194533,0.0946041621563291,FALSE
"hypoxia",236,0.139184886675577,0.152605108882534,TRUE
"hypoxia",237,-0.127881144040218,-0.0811725450880399,FALSE
"hypoxia",238,-0.0960613799851005,-0.0675667990931643,FALSE
"hypoxia",239,-0.0187619425286609,-0.0116664457048457,FALSE
"hypoxia",240,-0.0561153235552756,0.26390296299926,FALSE
"hypoxia",241,-0.0594858047144868,-0.403015766697917,FALSE
"hypoxia",242,-0.190973161935932,-0.120675109391816,FALSE
"hypoxia",243,-0.155553041588328,0.211315857697086,FALSE
"hypoxia",244,0.110737922265783,-0.049968478155373,FALSE
"hypoxia",245,-0.204803793761479,-0.290442168896817,FALSE
"hypoxia",246,0.284244317530409,0.0327151368070053,TRUE
"hypoxia",247,-0.0616286998773073,-0.212842465035348,FALSE
"hypoxia",248,0.10751305111953,0.205232706155345,TRUE
"hypoxia",249,-0.504925707799131,-0.406130269568509,FALSE
"hypoxia",250,0.209476106390072,-0.0276817732569701,FALSE
"hypoxia",251,-0.0459791782595564,-0.00237894555547008,FALSE
"hypoxia",252,-0.137417794438034,-0.00865789882186846,FALSE
"hypoxia",253,0.289954598699065,-0.149483314045906,FALSE
"hypoxia",254,-0.169323618100579,-0.0923866808342893,FALSE
"hypoxia",255,0.0905396081431439,-0.141179036444073,FALSE
"hypoxia",256,-0.212331870132132,-0.146473707951021,FALSE
"hypoxia",257,0.105145940335338,0.00616345604340779,TRUE
"hypoxia",258,-0.199604062036862,-0.100856737580716,FALSE
"hypoxia",259,-0.237598137822817,0.0228594753197202,FALSE
"hypoxia",260,0.152441790472301,-0.110360770295694,FALSE
"hypoxia",261,-0.461750372113095,-0.385647989799771,FALSE
"hypoxia",262,-0.234725941566683,-0.36792450673266,FALSE
"hypoxia",263,0.0139853800108818,0.0937083715445708,TRUE
"hypoxia",264,0.330070448017237,0.0320146588045025,TRUE
"hypoxia",265,-0.0906789768800256,-0.0694471485613301,FALSE
"hypoxia",266,0.00863735411314251,-0.155074524797751,FALSE
"hypoxia",267,-0.216216699788219,-0.0733256299310696,FALSE
"hypoxia",268,0.0332580889094535,-0.192853006438555,FALSE
"hypoxia",269,-0.0965794361990394,-0.14287293555037,FALSE
"hypoxia",270,0.118350878652765,-0.107033054279598,FALSE
"hypoxia",271,-0.273111855361657,-0.342676370643577,FALSE
"hypoxia",272,-0.0357097985041881,-0.0773478498924666,FALSE
"hypoxia",273,-0.352008409763207,-0.660472938805022,FALSE
"hypoxia",274,-0.278340817964964,-0.27010697102444,FALSE
"hypoxia",275,0.232855537757357,0.349311988906027,TRUE
"hypoxia",276,0.124117550442761,0.252917045749252,TRUE
"hypoxia",277,-0.0463603304582078,0.0891016479135308,FALSE
"hypoxia",278,0.0373733120528354,0.207160665149084,TRUE
"hypoxia",279,-0.162718647576613,0.0823264474408137,FALSE
"hypoxia",280,0.129346546015532,-0.134358883917226,FALSE
"hypoxia",281,-0.314666973949241,-0.498274711890711,FALSE
"hypoxia",282,-0.100378903841005,-0.490081698027741,FALSE
"hypoxia",283,0.188378440019116,0.402054308913323,TRUE
"hypoxia",284,-0.126612094973969,-0.236488269844266,FALSE
"hypoxia",285,-0.272069196812883,0.00820418353956703,FALSE
"hypoxia",286,-0.359609692561946,-0.16336154784635,FALSE
"hypoxia",287,0.138711123871301,0.132337291860665,TRUE
"hypoxia",288,-0.158244913918719,-0.336500983942826,FALSE
"hypoxia",289,-0.0462472528558233,-0.317594591881557,FALSE
"hypoxia",290,0.0281429532796706,0.156794704845069,TRUE
"hypoxia",291,-0.301902283755413,0.00807265578521837,FALSE
"hypoxia",292,-0.0460461931498227,0.106610016020451,FALSE
"hypoxia",293,0.0509061483674624,0.111982979597618,TRUE
"hypoxia",294,0.198746698394182,0.257611252697927,TRUE
"hypoxia",295,0.0344990533406523,-0.546477438376098,FALSE
"hypoxia",296,0.0724854852332492,-0.132547995563458,FALSE
"hypoxia",297,-0.506566743360357,-0.286380873859883,FALSE
"hypoxia",298,0.0276837986212066,0.00551832148650877,TRUE
"hypoxia",299,-0.133021054797656,-0.239541739563822,FALSE
"hypoxia",300,-0.619573669208237,-0.511620257213924,FALSE
"hypoxia",301,0.00369913352280458,0.249788143175899,TRUE
"hypoxia",302,-0.0358853486911097,-0.167082692079046,FALSE
"hypoxia",303,-0.315515911476701,-0.0838641956947166,FALSE
"hypoxia",304,0.325529799222541,0.0329633592322422,TRUE
"hypoxia",305,-0.30058410251065,0.0777199071370973,FALSE
"hypoxia",306,-0.151598862706298,-0.2154886775835,FALSE
"hypoxia",307,-0.315163348454341,-0.519572257470767,FALSE
"hypoxia",308,-0.0434238116006757,-0.346455858386005,FALSE
"hypoxia",309,-0.229518542926219,0.213266838341427,FALSE
"hypoxia",310,-0.0682935792622457,0.208568494174616,FALSE
"hypoxia",311,-0.0127767697327245,0.237624589081741,FALSE
"hypoxia",312,-0.195598317974367,0.0192263956673702,FALSE
"hypoxia",313,0.177032970256071,-0.291429089888614,FALSE
"hypoxia",314,0.18289492634398,0.208911872862994,TRUE
"hypoxia",315,-0.119009294922193,0.109875245931314,FALSE
"hypoxia",316,-0.0515709789774951,-0.280274646369383,FALSE
"hypoxia",317,0.30649432685521,0.38791381565539,TRUE
"hypoxia",318,-0.161665445816287,-0.200200455241696,FALSE
"hypoxia",319,-0.396534071270941,-0.194473362403546,FALSE
"hypoxia",320,-0.122093068721239,0.049102459397329,FALSE
"hypoxia",321,0.14271764108422,0.0934903759108847,TRUE
"hypoxia",322,0.0474014460148204,-0.108586243620068,FALSE
"hypoxia",323,-0.263704896230384,-0.155352528331177,FALSE
"hypoxia",324,-0.069734053850037,-0.237926093287211,FALSE
"hypoxia",325,-0.384787469231882,-0.560610186213491,FALSE
"hypoxia",326,-0.381721543234427,-0.165004498655522,FALSE
"hypoxia",327,0.0760259073296221,0.0479961976886161,TRUE
"hypoxia",328,0.159309834639263,0.411322632998453,TRUE
"hypoxia",329,0.0960521188460389,0.312040841733117,TRUE
"hypoxia",330,0.0545909620724457,0.010674327226175,TRUE
"hypoxia",331,-0.0629529475253721,0.118241847230901,FALSE
"hypoxia",332,-0.155696971473246,-0.279087966130555,FALSE
"hypoxia",333,-0.0319707280133802,-0.0504781532355259,FALSE
"hypoxia",334,0.134536786216579,0.40098706021115,TRUE
"hypoxia",335,-0.107950504501459,0.0391624723295635,FALSE
"hypoxia",336,0.122785616877435,0.29482025307464,TRUE
"hypoxia",337,0.26321501850514,0.255891442222682,TRUE
"hypoxia",338,-0.223539155199857,0.0989626937144418,FALSE
"hypoxia",339,-0.379036032634833,-0.260379068481799,FALSE
"hypoxia",340,0.158560203166567,-0.0996023479104919,FALSE
"hypoxia",341,0.0422461445649897,-0.0730504738281346,FALSE
"hypoxia",342,-0.310878570805525,-0.161379848038752,FALSE
"hypoxia",343,-0.141521215865996,-0.35991187951479,FALSE
"hypoxia",344,-0.255207326127972,-0.349405583388072,FALSE
"hypoxia",345,0.114888843649884,0.107327819565595,TRUE
"hypoxia",346,-0.407329305172617,0.190758620701712,FALSE
"hypoxia",347,0.0360253854773518,-0.170170249377651,FALSE
"hypoxia",348,-0.0326559973458432,-0.0539505235851121,FALSE
"hypoxia",349,0.0617493232898188,0.0634450346550747,TRUE
"hypoxia",350,0.180024341055042,-0.0171876670681069,FALSE
"hypoxia",351,-0.0828363694820119,-0.0352147391059044,FALSE
"hypoxia",352,-0.241717699422934,-0.0573655472418951,FALSE
"hypoxia",353,-0.0624740454376597,-0.363523848132349,FALSE
"hypoxia",354,-0.0491713651416922,0.274186869892349,FALSE
"hypoxia",355,-0.332459080774655,-0.388240888819869,FALSE
"hypoxia",356,-0.170412105978639,-0.0280971464599529,FALSE
"hypoxia",357,-0.286919615210487,-0.340821474174712,FALSE
"hypoxia",358,0.0380073264689006,0.280497973274774,TRUE
"hypoxia",359,-0.0584983136465059,-0.171320347310383,FALSE
"hypoxia",360,-0.165540664398052,-0.0669932501424207,FALSE
"hypoxia",361,-0.000764723551773983,0.00657050150684912,FALSE
"hypoxia",362,0.12612345117071,-0.203454873361834,FALSE
"hypoxia",363,0.0220036455180451,0.138012448100944,TRUE
"hypoxia",364,-0.194115632887109,0.340715155168258,FALSE
"hypoxia",365,-0.165761721492427,-0.312665657036985,FALSE
"hypoxia",366,0.0552888167569076,0.0455758356505323,TRUE
"hypoxia",367,-0.0397588879484319,0.0501955499325615,FALSE
"hypoxia",368,-0.0152458418882001,-0.31646518022314,FALSE
"hypoxia",369,-0.20932978775143,0.00535027115182812,FALSE
"hypoxia",370,-0.0257246818279639,0.135843319137791,FALSE
"hypoxia",371,-0.238437473258593,-0.0238973182016678,FALSE
"hypoxia",372,-0.0650641533467718,-0.588267846126076,FALSE
"hypoxia",373,0.0702228359190991,-0.290973505684206,FALSE
"hypoxia",374,0.0496081721153636,-0.248751576499657,FALSE
"hypoxia",375,-0.0927023853529577,0.03448627182152,FALSE
"hypoxia",376,0.0293103592559187,-0.14066900105106,FALSE
"hypoxia",377,-0.0744119711952727,0.0413100729380792,FALSE
"hypoxia",378,0.26782180206625,0.21567534828274,TRUE
"hypoxia",379,-0.113671824616503,-0.177871105393959,FALSE
"hypoxia",380,0.0485871727060008,0.185499402149688,TRUE
"hypoxia",381,0.462753185229923,0.0752050571489889,TRUE
"hypoxia",382,-0.0518209564494271,-0.0142330151395051,FALSE
"hypoxia",383,0.0726577540203397,0.0850329328906793,TRUE
"hypoxia",384,-0.0603851462515164,-0.686934078800918,FALSE
"hypoxia",385,-0.441356026368062,-0.171267914682946,FALSE
"hypoxia",386,-0.114468568304955,-0.0730113052660825,FALSE
"hypoxia",387,-0.187169098284469,-0.337091248465827,FALSE
"hypoxia",388,-0.083278374179336,-0.256167425513584,FALSE
"hypoxia",389,-0.0728830044996269,-0.250776612956227,FALSE
"hypoxia",390,-0.220722655456383,-0.2770394864682,FALSE
"hypoxia",391,-0.215332741477623,-0.0111376672762338,FALSE
"hypoxia",392,-0.24201761696421,0.073086148829175,FALSE
"hypoxia",393,0.00972622804227714,0.03807186512096,TRUE
"hypoxia",394,0.150405815726475,-0.0714312291069868,FALSE
"hypoxia",395,-0.247382826692656,-0.0457996883754591,FALSE
"hypoxia",396,-0.0716798161484118,0.0488168745036216,FALSE
"hypoxia",397,0.118987873153609,-0.121027978756403,FALSE
"hypoxia",398,0.0516304559905497,0.016720500795669,TRUE
"hypoxia",399,-0.506537814927326,-0.514161317390208,FALSE
"hypoxia",400,-0.34952229503607,-0.0920898779362011,FALSE
"hypoxia",401,0.0459635780238562,-0.41921950559383,FALSE
"hypoxia",402,0.0612198095244511,0.193260024621661,TRUE
"hypoxia",403,-0.176524913354278,-0.245188830721572,FALSE
"hypoxia",404,0.055506194544659,-0.0547565653151342,FALSE
"hypoxia",405,-0.0713562032330962,-0.302823737710782,FALSE
"hypoxia",406,-0.0182048433720811,0.408640418276063,FALSE
"hypoxia",407,0.120356883439521,0.107864624528393,TRUE
"hypoxia",408,-0.0145708046475773,0.203551984400513,FALSE
"hypoxia",409,-0.24795757052324,-0.504169261130101,FALSE
"hypoxia",410,-0.186370756971237,-0.217682780822149,FALSE
"hypoxia",411,0.206564498069171,-0.139740701261458,FALSE
"hypoxia",412,-0.0840156420832701,-0.128578247066779,FALSE
"hypoxia",413,-0.211023443809583,-0.0842478684236158,FALSE
"hypoxia",414,-0.166685252253099,-0.0211050760569138,FALSE
"hypoxia",415,-0.21089515368651,-0.160585277599502,FALSE
"hypoxia",416,-0.00324517483229222,-0.0864241011393271,FALSE
"hypoxia",417,-0.0857035306986239,-0.279194875920105,FALSE
"hypoxia",418,0.0674259251850014,0.535524809563378,TRUE
"hypoxia",419,-0.0296861939102546,-0.180771639732569,FALSE
"hypoxia",420,-0.193046277266273,-0.145110813000934,FALSE
"hypoxia",421,-0.0465648611012122,-0.0870381324663322,FALSE
"hypoxia",422,-0.231682057592775,-0.147973396141886,FALSE
"hypoxia",423,-0.0294243750397873,-0.278934310122547,FALSE
"hypoxia",424,-0.142529252726189,-0.150947102128847,FALSE
"hypoxia",425,0.0376696580527588,-0.0233471493923132,FALSE
"hypoxia",426,0.0329769741271491,-0.211718297681752,FALSE
"hypoxia",427,-0.0278519270847329,-0.0901500455574326,FALSE
"hypoxia",428,-0.268523464755294,0.218735910040449,FALSE
"hypoxia",429,-0.0671233594822079,0.205644698773663,FALSE
"hypoxia",430,-0.132673587026937,-0.227742377558623,FALSE
"hypoxia",431,-0.140967837054087,0.0605855673461881,FALSE
"hypoxia",432,-0.12437458749807,-0.372345575063226,FALSE
"hypoxia",433,-0.0141795774488888,0.0217291054838205,FALSE
"hypoxia",434,0.227157001962311,-0.1342213325059,FALSE
"hypoxia",435,0.00568160014212688,-0.206739512364772,FALSE
"hypoxia",436,-0.330166621745865,-0.173869742405907,FALSE
"hypoxia",437,-0.000578254432482446,0.228391445472376,FALSE
"hypoxia",438,-0.138960644820301,-0.19811908169013,FALSE
"hypoxia",439,-0.237223427380825,0.0235652784451562,FALSE
"hypoxia",440,-0.0725368005723347,-0.130074213845183,FALSE
"hypoxia",441,-0.219676452864465,-0.293041709286689,FALSE
"hypoxia",442,-0.0244713070138441,0.100519111549649,FALSE
"hypoxia",443,-0.171019333687984,0.054829769156901,FALSE
"hypoxia",444,0.255459910744975,0.197407747344023,TRUE
"hypoxia",445,-0.155518964464898,-0.144230406555516,FALSE
"hypoxia",446,0.251319724968441,0.157823256424037,TRUE
"hypoxia",447,-0.228955484908435,-0.204462480283415,FALSE
"hypoxia",448,-0.0566082272919896,0.0416736325057471,FALSE
"hypoxia",449,-0.0737833037739529,-0.223540568912721,FALSE
"hypoxia",450,-0.0317195247987463,0.021989339693587,FALSE
"hypoxia",451,0.0396578650076782,0.292828869193659,TRUE
"hypoxia",452,-0.123322595183522,-0.310078426938206,FALSE
"hypoxia",453,-0.302513679618932,-0.098658330353775,FALSE
"hypoxia",454,0.0153572613692093,-0.26886188056193,FALSE
"hypoxia",455,-0.125389401353548,-0.250737274386355,FALSE
"hypoxia",456,-0.228962270539117,-0.289440108826219,FALSE
"hypoxia",457,-0.245079590093512,-0.177404030450694,FALSE
"hypoxia",458,-0.0330897546570148,-0.0215909835353143,FALSE
"hypoxia",459,-0.0784428279045175,0.0479345322316268,FALSE
"hypoxia",460,-0.287863966909181,-0.256244752115353,FALSE
"hypoxia",461,-0.216258365897145,-0.239750752232571,FALSE
"hypoxia",462,0.147782093457545,0.0340712255430294,TRUE
"hypoxia",463,-0.0630168553060792,-0.265797849211695,FALSE
"hypoxia",464,0.0743470544772089,0.167175963655023,TRUE
"hypoxia",465,-0.0381420331348536,0.146469260817317,FALSE
"hypoxia",466,-0.183652565093024,-0.558273534499356,FALSE
"hypoxia",467,-0.365542254777539,-0.258446106936074,FALSE
"hypoxia",468,-0.0523680437819824,-0.343897227663445,FALSE
"hypoxia",469,0.0393556397260726,0.249793648736111,TRUE
"hypoxia",470,0.0991720389747087,-0.0282664145711254,FALSE
"hypoxia",471,-0.00620741110947379,-0.114468668439849,FALSE
"hypoxia",472,0.362312123802895,0.210877863522496,TRUE
"hypoxia",473,-0.200410299646406,-0.230113914062949,FALSE
"hypoxia",474,-0.126296880198269,-0.507116535087681,FALSE
"hypoxia",475,-0.284451264481347,-0.220098382575535,FALSE
"hypoxia",476,-0.179592319380834,-0.0577003724441781,FALSE
"hypoxia",477,0.0520552745604405,-0.0317155925018628,FALSE
"hypoxia",478,0.351875897945,0.181676750659929,TRUE
"hypoxia",479,-0.0175942998379243,0.259477659222611,FALSE
"hypoxia",480,-0.292222961032901,-0.0465390222471618,FALSE
"hypoxia",481,-0.0685446284681417,0.318780476842689,FALSE
"hypoxia",482,0.0810739168303188,0.344469092727545,TRUE
"hypoxia",483,0.14146775391348,-0.0126824371030367,FALSE
"hypoxia",484,0.217552628531611,-0.190756386068422,FALSE
"hypoxia",485,0.0344236623474483,0.312063537101638,TRUE
"hypoxia",486,-0.0695399099098591,-0.0515999420192852,FALSE
"hypoxia",487,0.0626433885322878,-0.140783598236935,FALSE
"hypoxia",488,0.0636048382751506,-0.0875601879058823,FALSE
"hypoxia",489,0.182036298225364,-0.0915209303414644,FALSE
"hypoxia",490,-0.0816411355226633,-0.211014508649511,FALSE
"hypoxia",491,-0.0597691539089834,-0.231422079239576,FALSE
"hypoxia",492,-0.0373026902299212,0.122831049580624,FALSE
"hypoxia",493,0.150737763528841,0.0107956294184233,TRUE
"hypoxia",494,0.203304061263402,0.509480499366153,TRUE
"hypoxia",495,-0.139291640574918,-0.130647256477167,FALSE
"hypoxia",496,0.178360701541502,0.169150261384999,TRUE
"hypoxia",497,0.124538661969382,0.167354751760275,TRUE
"hypoxia",498,-0.151153260580709,-0.688143091908023,FALSE
"hypoxia",499,-0.0382182436576727,-0.0455765171261103,FALSE
"hypoxia",500,-0.00405846583761843,0.0306036766041315,FALSE
"cell_cycle",1,0.0853805692126956,-0.255868242009601,FALSE
"cell_cycle",2,-0.465424878607827,-0.692880047736466,FALSE
"cell_cycle",3,0.0545274814727149,-0.164122863203303,FALSE
"cell_cycle",4,-0.0247702896445615,-0.213773527358899,FALSE
"cell_cycle",5,0.0511405770913265,-0.106178226650106,FALSE
"cell_cycle",6,-0.0438811826135029,-0.314233118428427,FALSE
"cell_cycle",7,-0.0989417164009057,-0.439998858664156,FALSE
"cell_cycle",8,-0.0355031051603262,-0.540933179635564,FALSE
"cell_cycle",9,0.00644105090306077,-0.120326896318917,FALSE
"cell_cycle",10,-0.418243145643386,-0.394164525199656,FALSE
"cell_cycle",11,-0.189477697651352,-0.240822487646662,FALSE
"cell_cycle",12,-0.0957701875860322,-0.139837907173356,FALSE
"cell_cycle",13,-0.0947444043223986,0.0325241950261203,FALSE
"cell_cycle",14,-0.196268849587237,-0.22054937084771,FALSE
"cell_cycle",15,0.0801123522531664,-0.309287795274143,FALSE
"cell_cycle",16,0.186222235393376,-0.0883246593794721,FALSE
"cell_cycle",17,-0.0626570117740044,-0.177363448752336,FALSE
"cell_cycle",18,-0.0779536293893502,-0.396451160975112,FALSE
"cell_cycle",19,-0.283488274315354,-0.632468610567721,FALSE
"cell_cycle",20,-0.185512643753939,-0.286103535476338,FALSE
"cell_cycle",21,-0.239527281004864,-0.325022392065497,FALSE
"cell_cycle",22,-0.0825638195296368,-0.5567301314157,FALSE
"cell_cycle",23,-0.0775014209061574,-0.0492826700188097,FALSE
"cell_cycle",24,0.147289254155614,-0.222018929806716,FALSE
"cell_cycle",25,-0.206389478948355,-0.0746226921610803,FALSE
"cell_cycle",26,0.054834748167703,-0.112632993458134,FALSE
"cell_cycle",27,-0.0354783511045799,-0.349777276219466,FALSE
"cell_cycle",28,0.127218985030139,-0.124328144201333,FALSE
"cell_cycle",29,0.0748928969925177,0.00173776275242182,TRUE
"cell_cycle",30,-0.00895691117708836,-0.16742698394979,FALSE
"cell_cycle",31,0.348122449873445,-0.107627253651608,FALSE
"cell_cycle",32,0.0696288450742611,-0.142535008077191,FALSE
"cell_cycle",33,-0.109737269595014,-0.40988639699615,FALSE
"cell_cycle",34,-0.105848216688221,-0.383358441021017,FALSE
"cell_cycle",35,-0.235502306993564,-0.445642626226585,FALSE
"cell_cycle",36,-0.0681335702636033,-0.129566096996532,FALSE
"cell_cycle",37,0.011405875671926,-0.29406740688402,FALSE
"cell_cycle",38,0.0631542306071233,-0.149150782611761,FALSE
"cell_cycle",39,-0.0766059653373029,-0.360757477579421,FALSE
"cell_cycle",40,0.0402340521022113,-0.392438834825083,FALSE
"cell_cycle",41,0.00295758594185988,-0.168807555299848,FALSE
"cell_cycle",42,0.145835604245484,0.258801966606799,TRUE
"cell_cycle",43,-0.26370250798895,-0.554008643949193,FALSE
"cell_cycle",44,0.0317525970028181,0.0989973165662578,TRUE
"cell_cycle",45,-0.448813589473346,-0.297440631421364,FALSE
"cell_cycle",46,-0.189251521247796,-0.11836807660804,FALSE
"cell_cycle",47,0.0561197523154335,-0.243321370021793,FALSE
"cell_cycle",48,-0.0809863675329984,-0.0966697465541543,FALSE
"cell_cycle",49,-0.146017204330726,-0.336857169393828,FALSE
"cell_cycle",50,-0.212414143180327,0.0133637351508373,FALSE
"cell_cycle",51,-0.42057422473229,-0.142521916941778,FALSE
"cell_cycle",52,-0.113599872175842,-0.0181618525598169,FALSE
"cell_cycle",53,0.191177576477549,0.227714400016509,TRUE
"cell_cycle",54,0.0509589617379407,-0.0980322445540904,FALSE
"cell_cycle",55,-0.0731048149994167,-0.225987477332842,FALSE
"cell_cycle",56,-0.263507684325929,-0.603301930570209,FALSE
"cell_cycle",57,-0.134053615998067,-0.393641403795253,FALSE
"cell_cycle",58,-0.0743477163388687,-0.147425983158369,FALSE
"cell_cycle",59,-0.171520464784493,-0.425842915833356,FALSE
"cell_cycle",60,-0.113417415157262,-0.357029149488936,FALSE
"cell_cycle",61,-0.154006381044988,-0.303690380616044,FALSE
"cell_cycle",62,-0.0135894703682881,-0.393954046628245,FALSE
"cell_cycle",63,-0.238743046398787,-0.171464637926244,FALSE
"cell_cycle",64,0.0832836984949026,-0.0823047016958443,FALSE
"cell_cycle",65,-0.0890186148554277,0.0163912108976845,FALSE
"cell_cycle",66,-0.0205788744276613,-0.498114885530127,FALSE
"cell_cycle",67,-0.239579182714439,-0.383030892483327,FALSE
"cell_cycle",68,0.0383188082386541,-0.063701527527426,FALSE
"cell_cycle",69,-0.117982084112625,-0.213753635826287,FALSE
"cell_cycle",70,0.0799084999256711,-0.0782525548416167,FALSE
"cell_cycle",71,0.215585310996501,-0.21186197199553,FALSE
"cell_cycle",72,-0.36251998816062,-0.339118587989768,FALSE
"cell_cycle",73,-0.04219973814232,-0.228526568436337,FALSE
"cell_cycle",74,0.0171804963287565,-0.261784992072011,FALSE
"cell_cycle",75,-0.0703693605874814,-0.640456047066498,FALSE
"cell_cycle",76,-0.327396054660398,-0.575390827737003,FALSE
"cell_cycle",77,-0.109465451093314,-0.31195430944972,FALSE
"cell_cycle",78,0.225526017829556,-0.206549460660539,FALSE
"cell_cycle",79,0.0967124253470115,-0.114991595267902,FALSE
"cell_cycle",80,0.104428942339567,-0.418128402507618,FALSE
"cell_cycle",81,0.0230302595591454,-0.188651776167663,FALSE
"cell_cycle",82,-0.18830813424172,-0.287976821347792,FALSE
"cell_cycle",83,-0.0438535021111991,-0.116346049219203,FALSE
"cell_cycle",84,-0.0674535769554623,-0.311050322249086,FALSE
"cell_cycle",85,-0.355085380036082,-0.332270800168067,FALSE
"cell_cycle",86,0.000458869231452719,-0.351870544234045,FALSE
"cell_cycle",87,-0.157801605813288,-0.223079325623909,FALSE
"cell_cycle",88,0.0681251714287757,-0.075462672698821,FALSE
"cell_cycle",89,0.226855941926028,-0.0966690110047867,FALSE
"cell_cycle",90,-0.0839999082226933,-0.325005475329102,FALSE
"cell_cycle",91,0.0574527218370768,-0.090656838200558,FALSE
"cell_cycle",92,0.0586748750430168,-0.328038953559002,FALSE
"cell_cycle",93,0.0040467064630372,-0.31341470994224,FALSE
"cell_cycle",94,-0.297235591329302,-0.675330458587856,FALSE
"cell_cycle",95,-0.25468738422946,-0.48465644019765,FALSE
"cell_cycle",96,-0.164610607446821,0.304076648291646,FALSE
"cell_cycle",97,0.100904791203573,-0.0839723802535607,FALSE
"cell_cycle",98,-0.0145237283814647,-0.106432046012713,FALSE
"cell_cycle",99,0.0587941739262861,-0.154065500448112,FALSE
"cell_cycle",100,-0.0643395002576745,-0.3083072664249,FALSE
"cell_cycle",101,-0.134234549576357,-0.429836795481186,FALSE
"cell_cycle",102,-0.351098727700125,-0.551239358180454,FALSE
"cell_cycle",103,0.183092242116595,-0.234083035171518,FALSE
"cell_cycle",104,-0.022818822032606,-0.0747346694343738,FALSE
"cell_cycle",105,-0.142722186016589,-0.0464365238882855,FALSE
"cell_cycle",106,-0.189447307108773,-0.0342380092679508,FALSE
"cell_cycle",107,-0.0522556194102002,-0.0652716721817593,FALSE
"cell_cycle",108,0.00816198692077374,0.0966103703364194,TRUE
"cell_cycle",109,0.255247851192242,-0.30331742577211,FALSE
"cell_cycle",110,0.180603162621814,0.118943464595007,TRUE
"cell_cycle",111,-0.15477423730976,-0.268769359515987,FALSE
"cell_cycle",112,0.136526818047899,0.0355464154243965,TRUE
"cell_cycle",113,-0.0369682522946994,0.0268653029014249,FALSE
"cell_cycle",114,0.113022276624879,-0.051980846382523,FALSE
"cell_cycle",115,0.365819879683775,0.191465723788746,TRUE
"cell_cycle",116,0.125565470131673,-0.0366005853508989,FALSE
"cell_cycle",117,-0.311800282380218,-0.225637859800333,FALSE
"cell_cycle",118,-0.0139573125574447,-0.21496148267321,FALSE
"cell_cycle",119,-0.127292339008058,-0.563610957182588,FALSE
"cell_cycle",120,-0.123182397831149,-0.620289629647399,FALSE
"cell_cycle",121,-0.0267790154546313,-0.173597959249423,FALSE
"cell_cycle",122,-0.191002740211335,-0.298416095316356,FALSE
"cell_cycle",123,-0.106401682950063,-0.318506870374577,FALSE
"cell_cycle",124,0.0295516317196342,-0.0526961081832725,FALSE
"cell_cycle",125,-0.0686577662262749,0.0618544601248446,FALSE
"cell_cycle",126,0.0935355780301461,0.219844865195869,TRUE
"cell_cycle",127,-0.229774323468767,-0.137565407767711,FALSE
"cell_cycle",128,0.00982186558888828,-0.176923660595372,FALSE
"cell_cycle",129,0.284080605535544,0.131303810951554,TRUE
"cell_cycle",130,0.0668226535126927,-0.402057584786849,FALSE
"cell_cycle",131,-0.0149422793425524,-0.139269217268186,FALSE
"cell_cycle",132,-0.302045181420088,-0.185811840419715,FALSE
"cell_cycle",133,0.131285693727825,-0.20098372541758,FALSE
"cell_cycle",134,-0.184367505532744,-0.359707695880834,FALSE
"cell_cycle",135,-0.0856161102284739,0.0402316565991002,FALSE
"cell_cycle",136,-0.293328304299587,-0.311524196352493,FALSE
"cell_cycle",137,-0.0912955420416421,-0.0433716851264365,FALSE
"cell_cycle",138,-0.168202738552783,-0.276205534073843,FALSE
"cell_cycle",139,-0.327906065647218,-0.415582232742275,FALSE
"cell_cycle",140,0.186973039325832,0.145629379333142,TRUE
"cell_cycle",141,-0.00795976900166939,-0.269286170827395,FALSE
"cell_cycle",142,-0.0342503277683464,-0.143661100326996,FALSE
"cell_cycle",143,0.122685653683501,-0.145456551581127,FALSE
"cell_cycle",144,0.206265618523049,-0.0972603367078848,FALSE
"cell_cycle",145,-0.289801490192152,-0.476588948319791,FALSE
"cell_cycle",146,-0.199693025313872,-0.211072885951586,FALSE
"cell_cycle",147,0.041831937934546,-0.115179844283977,FALSE
"cell_cycle",148,-0.175239360169611,0.0823468807092867,FALSE
"cell_cycle",149,-0.297202159412456,-0.553880334019166,FALSE
"cell_cycle",150,0.235689347106751,-0.337539353038333,FALSE
"cell_cycle",151,0.140112148422141,-0.0471678601587397,FALSE
"cell_cycle",152,-0.19776151318964,-0.279493371200375,FALSE
"cell_cycle",153,-0.0874998687830661,-0.257309666719795,FALSE
"cell_cycle",154,0.0193341827073928,-0.104656079021091,FALSE
"cell_cycle",155,-0.0280434647272929,-0.501038456555007,FALSE
"cell_cycle",156,-0.186949363308287,-0.351157203130571,FALSE
"cell_cycle",157,0.0142787347280833,-0.164388840207142,FALSE
"cell_cycle",158,-0.214199863547678,-0.082600025442977,FALSE
"cell_cycle",159,-0.174737154092993,-0.320387006963129,FALSE
"cell_cycle",160,-0.183153061834373,-0.30315278298847,FALSE
"cell_cycle",161,0.0644358747159804,-0.0566147800649816,FALSE
"cell_cycle",162,0.0968333656581883,0.174753627229484,TRUE
"cell_cycle",163,0.187061612595472,-0.287941952356785,FALSE
"cell_cycle",164,0.102555067950428,-0.142397951994183,FALSE
"cell_cycle",165,-0.128980767285761,-0.366883016023883,FALSE
"cell_cycle",166,-0.22033622355271,-0.282897820326085,FALSE
"cell_cycle",167,-0.082022822906773,-0.00690404831790287,FALSE
"cell_cycle",168,-0.0376926602640817,-0.490281385959857,FALSE
"cell_cycle",169,0.0321936068741584,-0.403830551563663,FALSE
"cell_cycle",170,-0.056803366172562,0.0365127626018468,FALSE
"cell_cycle",171,0.236864251436506,0.150615123873365,TRUE
"cell_cycle",172,0.0729608200263133,0.154024747436779,TRUE
"cell_cycle",173,0.038891673061045,-0.19414648812437,FALSE
"cell_cycle",174,-0.0713600627923739,-0.17398103284283,FALSE
"cell_cycle",175,-0.188735810562033,-0.139880749172892,FALSE
"cell_cycle",176,0.0776487694700519,-0.331637676877422,FALSE
"cell_cycle",177,0.173458018561002,-0.171492689620746,FALSE
"cell_cycle",178,0.0664469397716516,0.198574424258842,TRUE
"cell_cycle",179,-0.230128682641752,-0.0502694340845987,FALSE
"cell_cycle",180,-0.0184274752394605,0.0623079025945187,FALSE
"cell_cycle",181,-0.165482256695462,-0.540521050089677,FALSE
"cell_cycle",182,-0.0353592434985768,-0.357082793721096,FALSE
"cell_cycle",183,-0.150979126532531,-0.210908481019734,FALSE
"cell_cycle",184,-0.138894399276957,-0.368824899613598,FALSE
"cell_cycle",185,0.0205844672319962,-0.419161249960922,FALSE
"cell_cycle",186,0.0280688076203113,0.099961623403292,TRUE
"cell_cycle",187,-0.266610130644697,-0.249291955195964,FALSE
"cell_cycle",188,0.0718381979966467,-0.01900371969919,FALSE
"cell_cycle",189,-0.00675409402991281,-0.476301720004055,FALSE
"cell_cycle",190,0.0743187397226441,0.255369792312703,TRUE
"cell_cycle",191,-0.0877721884849473,-0.66092830954198,FALSE
"cell_cycle",192,-0.326916667463769,-0.15053074760098,FALSE
"cell_cycle",193,-0.119589598472937,-0.19740925722766,FALSE
"cell_cycle",194,0.067949862626361,-0.144389153265064,FALSE
"cell_cycle",195,0.0788051888265309,-0.128200549411827,FALSE
"cell_cycle",196,-0.058530619189467,0.164067835275522,FALSE
"cell_cycle",197,0.140328653952246,-0.126559485658777,FALSE
"cell_cycle",198,0.0117378154362306,-0.467264646002716,FALSE
"cell_cycle",199,-0.0223650202142824,-0.221365934228609,FALSE
"cell_cycle",200,-0.0659942487607912,-0.10617550951496,FALSE
"cell_cycle",201,-0.0729329301893116,-0.305991539567618,FALSE
"cell_cycle",202,-0.0050341186841429,-0.28983019597593,FALSE
"cell_cycle",203,-0.111212483193945,-0.166703908512928,FALSE
"cell_cycle",204,-0.277047045494133,-0.0786603561268356,FALSE
"cell_cycle",205,0.21090803372261,-0.0820414708481455,FALSE
"cell_cycle",206,-0.00484913451981822,-0.349573117020943,FALSE
"cell_cycle",207,0.0109928575474625,0.0616813500216884,TRUE
"cell_cycle",208,-0.241304152173342,-0.488029126403095,FALSE
"cell_cycle",209,-0.246647202391273,-0.274401803621987,FALSE
"cell_cycle",210,-0.266578095120923,-0.215916897158018,FALSE
"cell_cycle",211,0.0203344529624591,-0.168943415343691,FALSE
"cell_cycle",212,-0.112322561322455,-0.256045721913795,FALSE
"cell_cycle",213,-0.378527751607141,-0.16188592489075,FALSE
"cell_cycle",214,-0.460468045749663,-0.557616444394866,FALSE
"cell_cycle",215,-0.293906352500919,-0.481991614023656,FALSE
"cell_cycle",216,-0.344931484085623,-0.339520466246773,FALSE
"cell_cycle",217,-0.320208764859791,-0.299048144190469,FALSE
"cell_cycle",218,-0.288616785244164,0.00910166034864046,FALSE
"cell_cycle",219,0.0755417945765211,-0.344944104241997,FALSE
"cell_cycle",220,0.025567089829782,-0.247976276879242,FALSE
"cell_cycle",221,-0.184766207991937,-0.106155024554508,FALSE
"cell_cycle",222,-0.388109249932929,-0.0658559937686855,FALSE
"cell_cycle",223,0.0920466142160385,-0.258009413772413,FALSE
"cell_cycle",224,-0.163378554681052,-0.342086453053898,FALSE
"cell_cycle",225,-0.181383861219595,-0.420192071072226,FALSE
"cell_cycle",226,-0.188229835127138,-0.00531399311741476,FALSE
"cell_cycle",227,0.0757663192148758,0.0898962505316312,TRUE
"cell_cycle",228,0.0258880546908467,0.0499400036918306,TRUE
"cell_cycle",229,-0.0869847231836278,-0.187175829599201,FALSE
"cell_cycle",230,0.090054355952469,-0.293313830982874,FALSE
"cell_cycle",231,-0.275682077542275,-0.392560960132645,FALSE
"cell_cycle",232,-0.174361835607271,-0.228480589983798,FALSE
"cell_cycle",233,-0.0418786898468954,-0.0659961757152907,FALSE
"cell_cycle",234,-0.12314228011,-0.475403660119555,FALSE
"cell_cycle",235,-0.0110800935652066,-0.108400941899736,FALSE
"cell_cycle",236,-0.165366913846884,-0.220918904344009,FALSE
"cell_cycle",237,-0.0717786068869406,-0.513920753884999,FALSE
"cell_cycle",238,0.0863165201474488,-0.154970595570518,FALSE
"cell_cycle",239,0.0683519133816158,0.20011646761313,TRUE
"cell_cycle",240,0.217870380189237,-0.0601328646460077,FALSE
"cell_cycle",241,0.00668363821028995,-0.288365669795108,FALSE
"cell_cycle",242,-0.554792385032605,-0.586845901074212,FALSE
"cell_cycle",243,0.266399225052333,0.20784129674679,TRUE
"cell_cycle",244,-0.0671391472211857,-0.246382522342797,FALSE
"cell_cycle",245,0.082354459455934,-0.187949789759735,FALSE
"cell_cycle",246,0.0754107075885656,0.101923984129298,TRUE
"cell_cycle",247,-0.0178615531359059,-0.211259226040321,FALSE
"cell_cycle",248,-0.0761615007827434,-0.0131503814675788,FALSE
"cell_cycle",249,-0.210892379006436,-0.398684977055478,FALSE
"cell_cycle",250,-0.0903470959705625,0.033177174052081,FALSE
"cell_cycle",251,-0.110322584187878,-0.20669622110529,FALSE
"cell_cycle",252,0.00691623167581304,0.0746843096307996,TRUE
"cell_cycle",253,-0.105233460174097,-0.306128951765741,FALSE
"cell_cycle",254,0.054821837274642,-0.20569563508732,FALSE
"cell_cycle",255,0.00118033477994941,-0.110801833707998,FALSE
"cell_cycle",256,0.0435990807097978,-0.277873156923082,FALSE
"cell_cycle",257,-0.0361315974210932,-0.280109793150469,FALSE
"cell_cycle",258,0.128552388023774,0.0072277031088106,TRUE
"cell_cycle",259,-0.231340651957156,-0.494496041922998,FALSE
"cell_cycle",260,0.306264265435909,0.183220273949,TRUE
"cell_cycle",261,-0.0878361036789503,-0.15119191643593,FALSE
"cell_cycle",262,0.034671366079249,-0.0964101470753148,FALSE
"cell_cycle",263,-0.22720845686981,-0.471695038264884,FALSE
"cell_cycle",264,-0.254399516571579,-0.498016061314029,FALSE
"cell_cycle",265,-0.00102720683170405,-0.242603410720945,FALSE
"cell_cycle",266,0.166931276657127,-0.328518330240928,FALSE
"cell_cycle",267,-0.161385985993107,-0.120406889549779,FALSE
"cell_cycle",268,-0.111890403386236,-0.544478830778997,FALSE
"cell_cycle",269,0.0774355443652903,0.210818124800342,TRUE
"cell_cycle",270,-0.478632417452556,-0.114863420051985,FALSE
"cell_cycle",271,0.209050305307475,-0.0918461082198023,FALSE
"cell_cycle",272,-0.0862030801014183,-0.25641231011397,FALSE
"cell_cycle",273,-0.00306349364886566,-0.0808545297442528,FALSE
"cell_cycle",274,0.0438735961846476,-0.224224956399767,FALSE
"cell_cycle",275,0.169046396871587,0.139750894199746,TRUE
"cell_cycle",276,0.271692376448563,0.205690229013849,TRUE
"cell_cycle",277,-0.0248495248378424,-0.371016175515359,FALSE
"cell_cycle",278,0.211520952129569,0.0860501003647058,TRUE
"cell_cycle",279,0.29015335747423,-0.111997773529517,FALSE
"cell_cycle",280,-0.215288761666229,-0.488822538309716,FALSE
"cell_cycle",281,-0.121307975238972,-0.244184942215212,FALSE
"cell_cycle",282,-0.163041080890771,-0.0908264422822319,FALSE
"cell_cycle",283,-0.0911775499876814,-0.0878570699394246,FALSE
"cell_cycle",284,0.110649165286345,-0.0381096042253399,FALSE
"cell_cycle",285,-0.211545574730105,-0.277546512256421,FALSE
"cell_cycle",286,0.109630550698101,-0.0833421881644957,FALSE
"cell_cycle",287,0.123510119872553,0.0884554182565259,TRUE
"cell_cycle",288,-0.227420953167635,0.159255982237161,FALSE
"cell_cycle",289,0.119301677970803,-0.285800032571496,FALSE
"cell_cycle",290,-0.100882381625684,0.0880925152759789,FALSE
"cell_cycle",291,-0.416601956353932,-0.29325302390477,FALSE
"cell_cycle",292,-0.318695232028632,-0.457613703104645,FALSE
"cell_cycle",293,-0.221727345632236,-0.553042688351918,FALSE
"cell_cycle",294,-0.321032600744542,-0.500164663553776,FALSE
"cell_cycle",295,-0.0202865557600873,0.00507014077925294,FALSE
"cell_cycle",296,0.0336722613348066,-0.0963221975747612,FALSE
"cell_cycle",297,-0.197332278991985,-0.362074268647084,FALSE
"cell_cycle",298,0.352580141547904,-0.118055381008336,FALSE
"cell_cycle",299,0.0706440021530322,-0.0318058707673689,FALSE
"cell_cycle",300,-0.171120776319959,-0.209524170440104,FALSE
"cell_cycle",301,0.232792507833298,0.133365389929206,TRUE
"cell_cycle",302,0.0320420725470311,0.0125142703711051,TRUE
"cell_cycle",303,0.0206863304188033,0.143628310314936,TRUE
"cell_cycle",304,-0.0925645068368537,-0.481905832053473,FALSE
"cell_cycle",305,-0.0866900897778869,-0.0429593870598393,FALSE
"cell_cycle",306,0.123608122445583,0.0216916580429871,TRUE
"cell_cycle",307,-0.22175070305312,-0.358027768855404,FALSE
"cell_cycle",308,-0.286910050308108,-0.240236660497812,FALSE
"cell_cycle",309,-0.175446924227347,-0.153969382572091,FALSE
"cell_cycle",310,0.0083677798444703,-0.0293702103569174,FALSE
"cell_cycle",311,0.020160846162814,-0.0514360844157833,FALSE
"cell_cycle",312,-0.266009697209633,-0.326282326004669,FALSE
"cell_cycle",313,0.0825580199869969,-0.253626874085259,FALSE
"cell_cycle",314,0.238641762926389,-0.0246734587866848,FALSE
"cell_cycle",315,-0.193575051390876,-0.418922540199795,FALSE
"cell_cycle",316,-0.136302934458457,-0.279262944948327,FALSE
"cell_cycle",317,-0.113380026112212,-0.111443113569959,FALSE
"cell_cycle",318,-0.0772604154377136,-0.0925707617154767,FALSE
"cell_cycle",319,-0.124888354254194,-0.142303957661262,FALSE
"cell_cycle",320,-0.0620637942746094,-0.262504658842306,FALSE
"cell_cycle",321,-0.310116624896977,-0.329864136429835,FALSE
"cell_cycle",322,-0.261449042907832,-0.349403170081626,FALSE
"cell_cycle",323,-0.159943448662838,-0.719648100391994,FALSE
"cell_cycle",324,-0.111775423215149,-0.226541773855639,FALSE
"cell_cycle",325,-0.416935484762584,-0.492813076339869,FALSE
"cell_cycle",326,-0.183879563615014,-0.433465994948384,FALSE
"cell_cycle",327,0.0556570464302725,-0.294466571635131,FALSE
"cell_cycle",328,0.16390306753951,-0.288381476196997,FALSE
"cell_cycle",329,-0.112246679793499,-0.288429449687925,FALSE
"cell_cycle",330,-0.387263666376873,-0.229693196484767,FALSE
"cell_cycle",331,0.123986757803367,-0.376171013890579,FALSE
"cell_cycle",332,-0.281313838378529,-0.381324368426464,FALSE
"cell_cycle",333,-0.398864074358709,-0.376171767428788,FALSE
"cell_cycle",334,0.388552734590245,0.0951931644887547,TRUE
"cell_cycle",335,-0.0241594533072688,-0.0212040558506076,FALSE
"cell_cycle",336,-0.0860680417197351,-0.536988547575849,FALSE
"cell_cycle",337,-0.0664122085996257,-0.307446750429057,FALSE
"cell_cycle",338,-0.0833903006260754,-0.262461758290294,FALSE
"cell_cycle",339,-0.291079714723549,-0.381385249222082,FALSE
"cell_cycle",340,0.230592323668827,0.167039796636868,TRUE
"cell_cycle",341,0.469129899135234,0.411077658083118,TRUE
"cell_cycle",342,-0.285154904461513,-0.531084931769493,FALSE
"cell_cycle",343,-0.186617072630336,0.105620481331513,FALSE
"cell_cycle",344,-0.0485042014680939,0.187569319095981,FALSE
"cell_cycle",345,0.023105154994947,-0.145036077685149,FALSE
"cell_cycle",346,0.075948806229038,0.0604588450826349,TRUE
"cell_cycle",347,-0.101882776842871,-0.220431775064746,FALSE
"cell_cycle",348,-0.275600010131234,-0.771561709089276,FALSE
"cell_cycle",349,0.0149103130169299,-0.248602640987211,FALSE
"cell_cycle",350,-0.113477010840068,-0.0951588105996616,FALSE
"cell_cycle",351,0.24907885979139,-0.09891660313637,FALSE
"cell_cycle",352,-0.192955945084157,-0.312343450857276,FALSE
"cell_cycle",353,0.10700227688091,0.142203054338005,TRUE
"cell_cycle",354,-0.113801615362591,-0.440978858441665,FALSE
"cell_cycle",355,-0.178848359033334,-0.331780720362826,FALSE
"cell_cycle",356,0.247850632967337,-0.030964704926881,FALSE
"cell_cycle",357,-0.487698514545784,-0.333853455565429,FALSE
"cell_cycle",358,-0.0808173246396658,-0.268061391527156,FALSE
"cell_cycle",359,-0.181216108279334,-0.205317287606994,FALSE
"cell_cycle",360,-0.000566154407308478,-0.390558239668984,FALSE
"cell_cycle",361,-0.234231632542083,-0.426455482368234,FALSE
"cell_cycle",362,0.208540424399423,0.144938098476786,TRUE
"cell_cycle",363,-0.341816358790523,0.0453854917382576,FALSE
"cell_cycle",364,0.589080095219197,0.1463879174282,TRUE
"cell_cycle",365,-0.359979376119018,-0.215273164384851,FALSE
"cell_cycle",366,0.0421526453086455,-0.202332174821268,FALSE
"cell_cycle",367,-0.058059700217752,0.153140165952651,FALSE
"cell_cycle",368,0.0506376286145234,0.0976164968117891,TRUE
"cell_cycle",369,-0.131363346345853,-0.206262360443548,FALSE
"cell_cycle",370,-0.0656061290908112,-0.134712144402049,FALSE
"cell_cycle",371,-0.222428193621809,-0.384997167141736,FALSE
"cell_cycle",372,0.0136134241643374,-0.137536706623269,FALSE
"cell_cycle",373,0.0789997441629421,-0.209847017186938,FALSE
"cell_cycle",374,-0.0453501246176583,-0.409981582616111,FALSE
"cell_cycle",375,-0.0201304560505881,-0.38876135685463,FALSE
"cell_cycle",376,0.10475893776055,0.0159422748768246,TRUE
"cell_cycle",377,0.0522574855918509,-0.0041668301360225,FALSE
"cell_cycle",378,-0.125113252775256,0.159617411407893,FALSE
"cell_cycle",379,-0.155296973557007,-0.338684019147531,FALSE
"cell_cycle",380,0.11382511140028,-0.16338731267846,FALSE
"cell_cycle",381,-0.137954131115993,-0.27202644573343,FALSE
"cell_cycle",382,-0.0382292853310611,-0.127003428946301,FALSE
"cell_cycle",383,0.134449294758913,0.118844702182927,TRUE
"cell_cycle",384,-0.252461862295917,-0.47008313877512,FALSE
"cell_cycle",385,-0.0112078089654217,-0.13380394903137,FALSE
"cell_cycle",386,0.100814011802122,-0.317523991756512,FALSE
"cell_cycle",387,0.111949937789612,0.141135507886917,TRUE
"cell_cycle",388,-0.068919825703559,0.208346609745693,FALSE
"cell_cycle",389,0.16729360552913,-0.26149272200292,FALSE
"cell_cycle",390,-0.139559371336017,0.0725604760327585,FALSE
"cell_cycle",391,0.178888912480907,0.0850829568950354,TRUE
"cell_cycle",392,-0.304212536874342,0.115906048497398,FALSE
"cell_cycle",393,-0.0901635219229945,-0.193425806463897,FALSE
"cell_cycle",394,-0.271141821853876,-0.0417260250803851,FALSE
"cell_cycle",395,-0.0937021809892126,-0.239481270030553,FALSE
"cell_cycle",396,-0.280461046225804,-0.343051365897044,FALSE
"cell_cycle",397,0.146259530137326,-0.116998746009,FALSE
"cell_cycle",398,-0.0802330499415944,-0.292661821495768,FALSE
"cell_cycle",399,-0.132679482035768,-0.0029659627402483,FALSE
"cell_cycle",400,-0.197947920296528,-0.494660987915288,FALSE
"cell_cycle",401,-0.069906745901752,-0.254123613396824,FALSE
"cell_cycle",402,-0.188309361951548,-0.243304614910719,FALSE
"cell_cycle",403,-0.0301086053479264,-0.386624085633963,FALSE
"cell_cycle",404,-0.0263435432769978,-0.0772635921092007,FALSE
"cell_cycle",405,-0.100849994543468,0.0131553336877395,FALSE
"cell_cycle",406,0.0984629122908304,0.375973938656444,TRUE
"cell_cycle",407,0.069575062004725,0.0518361127228291,TRUE
"cell_cycle",408,-0.0724988433106278,0.183492266787882,FALSE
"cell_cycle",409,-0.214125818967504,0.081383966180628,FALSE
"cell_cycle",410,0.04046021477792,0.209331697121314,TRUE
"cell_cycle",411,0.0173506249650129,-0.0296111534526965,FALSE
"cell_cycle",412,-0.159520037053647,-0.0557702670773633,FALSE
"cell_cycle",413,-0.0081808695840056,-0.319562854644075,FALSE
"cell_cycle",414,-0.142472985908784,-0.144386402298723,FALSE
"cell_cycle",415,-0.0491964946364332,-0.340544965059719,FALSE
"cell_cycle",416,-0.276300339420836,-0.239381731841687,FALSE
"cell_cycle",417,-0.329402124459452,-0.619586082306817,FALSE
"cell_cycle",418,-0.407850013443054,-0.184132010681034,FALSE
"cell_cycle",419,0.00894438075732956,0.0253901443880129,TRUE
"cell_cycle",420,0.153258444122299,-0.106592524708809,FALSE
"cell_cycle",421,-0.111917685443313,-0.177292317062714,FALSE
"cell_cycle",422,-0.00129581571803792,-0.223991692259967,FALSE
"cell_cycle",423,0.120826033288377,0.151016117603358,TRUE
"cell_cycle",424,-0.148362469252722,-0.303629953096296,FALSE
"cell_cycle",425,0.194742659883969,-0.151053073369302,FALSE
"cell_cycle",426,0.0969143066072197,-0.399567685683362,FALSE
"cell_cycle",427,-0.181030252779966,0.108907635578685,FALSE
"cell_cycle",428,-0.0546551352181231,-0.545286033616259,FALSE
"cell_cycle",429,-0.211784622738497,-0.402133394897609,FALSE
"cell_cycle",430,-0.24991944996733,-0.640950081603584,FALSE
"cell_cycle",431,-0.0217078386827577,0.000887769239271918,FALSE
"cell_cycle",432,0.0830799322906244,0.0295494592041788,TRUE
"cell_cycle",433,-0.41654688905141,-0.686199244897942,FALSE
"cell_cycle",434,-0.381505963006617,-0.343862187245128,FALSE
"cell_cycle",435,0.282938799175855,-0.0994498200707557,FALSE
"cell_cycle",436,0.0548256941534587,-0.251413986038806,FALSE
"cell_cycle",437,0.178419586584915,-0.0469104514016349,FALSE
"cell_cycle",438,-0.0147776420720168,-0.603283829987309,FALSE
"cell_cycle",439,-0.232513537343429,-0.326785204315921,FALSE
"cell_cycle",440,-0.225546540278861,-0.379398522533166,FALSE
"cell_cycle",441,-0.0821970971532185,-0.0279638384532908,FALSE
"cell_cycle",442,-0.303571932809713,-0.239806266018553,FALSE
"cell_cycle",443,-0.231147462661952,-0.324841480757323,FALSE
"cell_cycle",444,0.259357164047591,-0.256872228080584,FALSE
"cell_cycle",445,-0.103994843326719,-0.282207024479335,FALSE
"cell_cycle",446,-0.197794037436526,-0.118363215588102,FALSE
"cell_cycle",447,-0.040243389951931,-0.140074318461075,FALSE
"cell_cycle",448,0.0335377741319152,-0.197290273766898,FALSE
"cell_cycle",449,0.134391268199468,0.0613515684359615,TRUE
"cell_cycle",450,0.222640361302355,0.151940405586715,TRUE
"cell_cycle",451,-0.137881690920837,-0.104997197767987,FALSE
"cell_cycle",452,0.222208171765847,-0.0753889477713725,FALSE
"cell_cycle",453,0.252332872287608,0.182096377380997,TRUE
"cell_cycle",454,0.118155688568361,-0.144218998923955,FALSE
"cell_cycle",455,-0.112261144647186,-0.535314406600419,FALSE
"cell_cycle",456,-0.00558191799425159,-0.396985212036371,FALSE
"cell_cycle",457,0.00215158492702361,-0.418479313419906,FALSE
"cell_cycle",458,0.176933783798042,-0.0131809564254549,FALSE
"cell_cycle",459,0.051645313962033,0.115740105506424,TRUE
"cell_cycle",460,-0.122053752864753,-0.326292037531713,FALSE
"cell_cycle",461,0.138684125128091,-0.458836148478002,FALSE
"cell_cycle",462,-0.0611553901349527,0.0175381212193162,FALSE
"cell_cycle",463,-0.0579683687419947,-0.210007544537334,FALSE
"cell_cycle",464,-0.225076589568538,-0.118823815609846,FALSE
"cell_cycle",465,-0.214634301074111,-0.282414446000174,FALSE
"cell_cycle",466,0.159480785440732,0.09711624028546,TRUE
"cell_cycle",467,0.0059135143005323,0.109563412938337,TRUE
"cell_cycle",468,-0.208060831896241,-0.397263640584277,FALSE
"cell_cycle",469,-0.026690141678039,-0.375549508146205,FALSE
"cell_cycle",470,-0.0763606342649819,0.0832365696486905,FALSE
"cell_cycle",471,-0.0690659252342703,-0.430228144447386,FALSE
"cell_cycle",472,-0.196032229533286,-0.34543972054037,FALSE
"cell_cycle",473,-0.0758214718662972,-0.211796308521626,FALSE
"cell_cycle",474,0.00900580673443249,0.0722181282854623,TRUE
"cell_cycle",475,-0.278422387787791,-0.458932659636877,FALSE
"cell_cycle",476,0.0433732038520215,-0.19551357757002,FALSE
"cell_cycle",477,0.0436053015385235,-0.0348817452243939,FALSE
"cell_cycle",478,-0.215211996645123,-0.227831770819497,FALSE
"cell_cycle",479,0.0250131540086033,-0.387115759709235,FALSE
"cell_cycle",480,0.0678211718065886,0.37934817847951,TRUE
"cell_cycle",481,-0.214947176195818,-0.258334368554569,FALSE
"cell_cycle",482,-0.117155033612901,-0.134501343167454,FALSE
"cell_cycle",483,-0.0234168464522336,-0.49148201942807,FALSE
"cell_cycle",484,0.118300255881877,-0.162357039192336,FALSE
"cell_cycle",485,0.404054237339569,0.0920125214844242,TRUE
"cell_cycle",486,-0.254319144280258,-0.125863678926075,FALSE
"cell_cycle",487,-0.254553090120083,-0.660511716032972,FALSE
"cell_cycle",488,-0.301597882863797,-0.203727678506501,FALSE
"cell_cycle",489,-0.02047907665203,-0.289189017684371,FALSE
"cell_cycle",490,0.0434230827896985,-0.171703050180197,FALSE
"cell_cycle",491,-0.14733957942363,-0.476604569646606,FALSE
"cell_cycle",492,-0.221711674609107,-0.192873090157985,FALSE
"cell_cycle",493,-0.0266356673563646,-0.275753448002952,FALSE
"cell_cycle",494,-0.258482522401112,-0.26085802330144,FALSE
"cell_cycle",495,0.103507937242494,-0.244642097519305,FALSE
"cell_cycle",496,-0.0928862402047722,-0.380436795713754,FALSE
"cell_cycle",497,0.0287514654142799,-0.127095692083692,FALSE
"cell_cycle",498,0.193653442518578,-0.11513332908131,FALSE
"cell_cycle",499,-0.180148437459439,0.00529497114758948,FALSE
"cell_cycle",500,-0.0840263023807679,-0.491684946639687,FALSE
