"sample","source","seurat_cluster","reproduced_identity","singlet_cells","gene","percent_cells_expressing","mean_log_normalized_expression"
"Dermis1","Dermis","0","FB",1765,"CNN1",0.793201133144476,0.00790691230905584
"Dermis1","Dermis","0","FB",1765,"ITGA8",0.906515580736544,0.0133097833153113
"Dermis1","Dermis","0","FB",1765,"TAGLN",18.1303116147309,0.29735607175978
"Dermis1","Dermis","0","FB",1765,"ACTA2",20.7365439093484,0.262956748801685
"Dermis1","Dermis","0","FB",1765,"TPM1",48.2152974504249,0.870348468771104
"Dermis1","Dermis","0","FB",1765,"TPM2",30.1416430594901,0.436797084923922
"Dermis1","Dermis","0","FB",1765,"ITGB1",46.2322946175637,0.787863341347514
"Dermis1","Dermis","0","FB",1765,"ITGAV",8.95184135977337,0.128263080175096
"Dermis1","Dermis","0","FB",1765,"BCAR1",5.4957507082153,0.070116426376742
"Dermis1","Dermis","0","FB",1765,"PIEZO2",0.623229461756374,0.00847898345746782
"Dermis1","Dermis","0","FB",1765,"TEAD2",5.77903682719547,0.0718799817772993
"Dermis1","Dermis","0","FB",1765,"LIMK1",2.43626062322946,0.0383931979823212
"Dermis1","Dermis","0","FB",1765,"CNN2",18.300283286119,0.263561372979811
"Dermis1","Dermis","0","FB",1765,"TEAD3",3.28611898016997,0.0412536741236006
"Dermis1","Dermis","0","FB",1765,"PFN1",73.7677053824363,1.47624877523827
"Dermis1","Dermis","0","FB",1765,"CFL1",73.0878186968839,1.53804281749032
"Dermis1","Dermis","0","FB",1765,"TMEM63B",2.32294617563739,0.0320539819478003
"Dermis1","Dermis","0","FB",1765,"ITGA5",11.5580736543909,0.17036619670776
"Dermis1","Dermis","0","FB",1765,"MYLK",4.70254957507082,0.0518979564727139
"Dermis1","Dermis","0","FB",1765,"ILK",29.2351274787535,0.427908049052437
"Dermis1","Dermis","0","FB",1765,"MYL9",44.8725212464589,0.743804991045066
"Dermis1","Dermis","0","FB",1765,"NF2",4.41926345609065,0.0594598535524747
"Dermis1","Dermis","0","FB",1765,"PARVA",19.1501416430595,0.269126492270987
"Dermis1","Dermis","0","FB",1765,"PKD2",5.26912181303116,0.0772483901979726
"Dermis1","Dermis","0","FB",1765,"VCL",13.0878186968839,0.187995163026037
"Dermis1","Dermis","0","FB",1765,"TEAD4",0.679886685552408,0.00783869293812027
"Dermis1","Dermis","0","FB",1765,"ITGA2",0.226628895184136,0.00313617068662547
"Dermis1","Dermis","0","FB",1765,"WWTR1",15.3541076487252,0.218076817960611
"Dermis1","Dermis","0","FB",1765,"FLNA",27.5354107648725,0.437544088666486
"Dermis1","Dermis","0","FB",1765,"PANX1",2.4929178470255,0.033800815191634
"Dermis1","Dermis","0","FB",1765,"TEAD1",5.3257790368272,0.0763777723867756
"Dermis1","Dermis","0","FB",1765,"CDC42",51.7847025495751,0.888344824870796
"Dermis1","Dermis","0","FB",1765,"FERMT2",17.7903682719547,0.2444669778311
"Dermis1","Dermis","0","FB",1765,"TLN1",17.5070821529745,0.25330029556274
"Dermis1","Dermis","0","FB",1765,"PKD1",11.8413597733711,0.18219736801431
"Dermis1","Dermis","0","FB",1765,"TLN2",4.24929178470255,0.0606182815505546
"Dermis1","Dermis","0","FB",1765,"RAC1",71.4447592067989,1.37231421969459
"Dermis1","Dermis","0","FB",1765,"YAP1",9.97167138810198,0.144155518672699
"Dermis1","Dermis","0","FB",1765,"PIEZO1",3.73937677053824,0.0571773097619637
"Dermis1","Dermis","0","FB",1765,"TRPV4",0.679886685552408,0.0101329490550401
"Dermis1","Dermis","0","FB",1765,"TRPA1",0,0
"Dermis1","Dermis","0","FB",1765,"TRPC1",2.09631728045326,0.0317135656371553
"Dermis1","Dermis","0","FB",1765,"TRPC3",0.056657223796034,0.00128586753356163
"Dermis1","Dermis","0","FB",1765,"TRPC6",1.58640226628895,0.024690832950677
"Dermis1","Dermis","0","FB",1765,"ASIC1",0.679886685552408,0.00866670189384942
"Dermis1","Dermis","0","FB",1765,"ASIC2",0.339943342776204,0.00425948071842649
"Dermis1","Dermis","0","FB",1765,"ASIC3",0.113314447592068,0.00121770558690317
"Dermis1","Dermis","0","FB",1765,"KCNK2",1.01983002832861,0.0139651224831015
"Dermis1","Dermis","0","FB",1765,"KCNK4",0.396600566572238,0.00398833212211258
"Dermis1","Dermis","0","FB",1765,"TMEM63A",4.53257790368272,0.0653970519017214
"Dermis1","Dermis","0","FB",1765,"TMEM150C",6.45892351274788,0.0959747605574993
"Dermis1","Dermis","0","FB",1765,"P2RX4",5.3257790368272,0.06868587828166
"Dermis1","Dermis","0","FB",1765,"P2RX7",1.58640226628895,0.0205911679163
"Dermis1","Dermis","0","FB",1765,"PDPN",5.89235127478754,0.0769902816272362
"Dermis1","Dermis","0","FB",1765,"SCX",0.169971671388102,0.00224653161815716
"Dermis1","Dermis","0","FB",1765,"FAP",9.46175637393768,0.142396395353658
"Dermis1","Dermis","0","FB",1765,"POSTN",18.0169971671388,0.407485416945051
"Dermis1","Dermis","0","FB",1765,"PDGFRA",33.5410764872521,0.543936499913881
"Dermis1","Dermis","0","FB",1765,"APOD",92.6345609065156,3.80237136051241
"Dermis2","Dermis","0","FB",283,"CNN1",0,0
"Dermis2","Dermis","0","FB",283,"ITGA8",1.76678445229682,0.0320938679351013
"Dermis2","Dermis","0","FB",283,"TAGLN",16.6077738515901,0.313409212397382
"Dermis2","Dermis","0","FB",283,"ACTA2",12.3674911660777,0.183536874704863
"Dermis2","Dermis","0","FB",283,"TPM1",34.2756183745583,0.694943365348923
"Dermis2","Dermis","0","FB",283,"TPM2",21.2014134275618,0.351615403859865
"Dermis2","Dermis","0","FB",283,"ITGB1",55.8303886925795,1.2377146036905
"Dermis2","Dermis","0","FB",283,"ITGAV",9.89399293286219,0.158991887122425
"Dermis2","Dermis","0","FB",283,"BCAR1",2.82685512367491,0.0477557828741556
"Dermis2","Dermis","0","FB",283,"PIEZO2",2.12014134275618,0.0446272714016025
"Dermis2","Dermis","0","FB",283,"TEAD2",1.06007067137809,0.0139784982698445
"Dermis2","Dermis","0","FB",283,"LIMK1",1.76678445229682,0.0369329299315437
"Dermis2","Dermis","0","FB",283,"CNN2",15.547703180212,0.259784622650044
"Dermis2","Dermis","0","FB",283,"TEAD3",1.41342756183746,0.0185977950383103
"Dermis2","Dermis","0","FB",283,"PFN1",55.8303886925795,1.09096810472256
"Dermis2","Dermis","0","FB",283,"CFL1",56.8904593639576,1.20345564717517
"Dermis2","Dermis","0","FB",283,"TMEM63B",1.06007067137809,0.0187902802299714
"Dermis2","Dermis","0","FB",283,"ITGA5",8.48056537102473,0.141948009428796
"Dermis2","Dermis","0","FB",283,"MYLK",3.886925795053,0.0515789046061226
"Dermis2","Dermis","0","FB",283,"ILK",20.8480565371025,0.358801240642178
"Dermis2","Dermis","0","FB",283,"MYL9",30.0353356890459,0.512642962217312
"Dermis2","Dermis","0","FB",283,"NF2",4.24028268551237,0.0627642745047284
"Dermis2","Dermis","0","FB",283,"PARVA",14.4876325088339,0.245588360977809
"Dermis2","Dermis","0","FB",283,"PKD2",5.65371024734982,0.0984717820626774
"Dermis2","Dermis","0","FB",283,"VCL",10.6007067137809,0.174115311242829
"Dermis2","Dermis","0","FB",283,"TEAD4",0,0
"Dermis2","Dermis","0","FB",283,"ITGA2",1.06007067137809,0.0159589975932134
"Dermis2","Dermis","0","FB",283,"WWTR1",22.9681978798587,0.435057743939522
"Dermis2","Dermis","0","FB",283,"FLNA",21.9081272084806,0.398069238786515
"Dermis2","Dermis","0","FB",283,"PANX1",1.06007067137809,0.0119935772111132
"Dermis2","Dermis","0","FB",283,"TEAD1",4.59363957597173,0.100277252890536
"Dermis2","Dermis","0","FB",283,"CDC42",50.1766784452297,1.00210408684067
"Dermis2","Dermis","0","FB",283,"FERMT2",20.8480565371025,0.357189792485321
"Dermis2","Dermis","0","FB",283,"TLN1",17.3144876325088,0.298986629031348
"Dermis2","Dermis","0","FB",283,"PKD1",7.42049469964664,0.13854886330018
"Dermis2","Dermis","0","FB",283,"TLN2",5.30035335689046,0.0831935443184604
"Dermis2","Dermis","0","FB",283,"RAC1",54.7703180212014,1.14481408136229
"Dermis2","Dermis","0","FB",283,"YAP1",9.18727915194346,0.176081160302333
"Dermis2","Dermis","0","FB",283,"PIEZO1",2.82685512367491,0.0494774602955874
"Dermis2","Dermis","0","FB",283,"TRPV4",0,0
"Dermis2","Dermis","0","FB",283,"TRPA1",0,0
"Dermis2","Dermis","0","FB",283,"TRPC1",1.76678445229682,0.027132644820074
"Dermis2","Dermis","0","FB",283,"TRPC3",0,0
"Dermis2","Dermis","0","FB",283,"TRPC6",0.706713780918728,0.0105735336315795
"Dermis2","Dermis","0","FB",283,"ASIC1",0,0
"Dermis2","Dermis","0","FB",283,"ASIC2",0,0
"Dermis2","Dermis","0","FB",283,"ASIC3",0,0
"Dermis2","Dermis","0","FB",283,"KCNK2",0.353356890459364,0.00464556182215014
"Dermis2","Dermis","0","FB",283,"KCNK4",0.706713780918728,0.0128420434517525
"Dermis2","Dermis","0","FB",283,"TMEM63A",2.12014134275618,0.0360595450028828
"Dermis2","Dermis","0","FB",283,"TMEM150C",0.706713780918728,0.0158835751945878
"Dermis2","Dermis","0","FB",283,"P2RX4",4.9469964664311,0.0841149544381516
"Dermis2","Dermis","0","FB",283,"P2RX7",2.12014134275618,0.0344211387542559
"Dermis2","Dermis","0","FB",283,"PDPN",8.8339222614841,0.14835752455369
"Dermis2","Dermis","0","FB",283,"SCX",2.82685512367491,0.0405903935922415
"Dermis2","Dermis","0","FB",283,"FAP",12.3674911660777,0.230833777430861
"Dermis2","Dermis","0","FB",283,"POSTN",32.5088339222615,0.828087659980257
"Dermis2","Dermis","0","FB",283,"PDGFRA",37.8091872791519,0.755522904106174
"Dermis2","Dermis","0","FB",283,"APOD",61.13074204947,2.42468145197137
"Dermis3","Dermis","0","FB",389,"CNN1",0,0
"Dermis3","Dermis","0","FB",389,"ITGA8",2.5706940874036,0.0340286811406944
"Dermis3","Dermis","0","FB",389,"TAGLN",12.853470437018,0.209572879553093
"Dermis3","Dermis","0","FB",389,"ACTA2",10.7969151670951,0.127273418599392
"Dermis3","Dermis","0","FB",389,"TPM1",54.4987146529563,0.994528840605351
"Dermis3","Dermis","0","FB",389,"TPM2",34.4473007712082,0.458969981171695
"Dermis3","Dermis","0","FB",389,"ITGB1",68.1233933161954,1.28579042150827
"Dermis3","Dermis","0","FB",389,"ITGAV",17.7377892030848,0.232881284019213
"Dermis3","Dermis","0","FB",389,"BCAR1",9.51156812339332,0.108537953784336
"Dermis3","Dermis","0","FB",389,"PIEZO2",2.5706940874036,0.0285072649740012
"Dermis3","Dermis","0","FB",389,"TEAD2",8.9974293059126,0.0837474000640264
"Dermis3","Dermis","0","FB",389,"LIMK1",2.82776349614396,0.0315084121733452
"Dermis3","Dermis","0","FB",389,"CNN2",28.0205655526992,0.395567151350227
"Dermis3","Dermis","0","FB",389,"TEAD3",8.74035989717224,0.0807995921416163
"Dermis3","Dermis","0","FB",389,"PFN1",77.120822622108,1.56195106178037
"Dermis3","Dermis","0","FB",389,"CFL1",73.0077120822622,1.55270004984842
"Dermis3","Dermis","0","FB",389,"TMEM63B",4.88431876606684,0.0560710803647718
"Dermis3","Dermis","0","FB",389,"ITGA5",21.8508997429306,0.275436391324852
"Dermis3","Dermis","0","FB",389,"MYLK",7.19794344473008,0.0666311256749371
"Dermis3","Dermis","0","FB",389,"ILK",35.4755784061697,0.462542903819717
"Dermis3","Dermis","0","FB",389,"MYL9",46.5295629820051,0.680824926522672
"Dermis3","Dermis","0","FB",389,"NF2",6.16966580976864,0.0667382127311635
"Dermis3","Dermis","0","FB",389,"PARVA",26.4781491002571,0.330891678780218
"Dermis3","Dermis","0","FB",389,"PKD2",11.0539845758355,0.157630387369041
"Dermis3","Dermis","0","FB",389,"VCL",21.3367609254499,0.290318070617242
"Dermis3","Dermis","0","FB",389,"TEAD4",1.54241645244216,0.00923020267607269
"Dermis3","Dermis","0","FB",389,"ITGA2",0,0
"Dermis3","Dermis","0","FB",389,"WWTR1",29.5629820051414,0.397039669527161
"Dermis3","Dermis","0","FB",389,"FLNA",35.9897172236504,0.528828824409475
"Dermis3","Dermis","0","FB",389,"PANX1",1.54241645244216,0.0126974051865903
"Dermis3","Dermis","0","FB",389,"TEAD1",16.1953727506427,0.215822155946373
"Dermis3","Dermis","0","FB",389,"CDC42",63.7532133676092,1.07950345934899
"Dermis3","Dermis","0","FB",389,"FERMT2",25.9640102827763,0.311372067600126
"Dermis3","Dermis","0","FB",389,"TLN1",29.5629820051414,0.362058195377382
"Dermis3","Dermis","0","FB",389,"PKD1",10.7969151670951,0.136391351673628
"Dermis3","Dermis","0","FB",389,"TLN2",12.3393316195373,0.166294579280873
"Dermis3","Dermis","0","FB",389,"RAC1",68.3804627249357,1.20322364202005
"Dermis3","Dermis","0","FB",389,"YAP1",13.3676092544987,0.184419450333766
"Dermis3","Dermis","0","FB",389,"PIEZO1",5.1413881748072,0.0824678785696087
"Dermis3","Dermis","0","FB",389,"TRPV4",1.02827763496144,0.00932529473000891
"Dermis3","Dermis","0","FB",389,"TRPA1",0,0
"Dermis3","Dermis","0","FB",389,"TRPC1",2.82776349614396,0.0397042564548758
"Dermis3","Dermis","0","FB",389,"TRPC3",0.51413881748072,0.00710432422530229
"Dermis3","Dermis","0","FB",389,"TRPC6",2.05655526992288,0.0294468753164722
"Dermis3","Dermis","0","FB",389,"ASIC1",0.51413881748072,0.00542700624563568
"Dermis3","Dermis","0","FB",389,"ASIC2",1.02827763496144,0.0117351023557378
"Dermis3","Dermis","0","FB",389,"ASIC3",0.51413881748072,0.00674635557679355
"Dermis3","Dermis","0","FB",389,"KCNK2",0.51413881748072,0.00398190489779803
"Dermis3","Dermis","0","FB",389,"KCNK4",1.79948586118252,0.017175985425254
"Dermis3","Dermis","0","FB",389,"TMEM63A",6.16966580976864,0.0946168821579221
"Dermis3","Dermis","0","FB",389,"TMEM150C",2.5706940874036,0.0410986923736504
"Dermis3","Dermis","0","FB",389,"P2RX4",7.45501285347044,0.0897501164964566
"Dermis3","Dermis","0","FB",389,"P2RX7",2.31362467866324,0.0389196114998417
"Dermis3","Dermis","0","FB",389,"PDPN",13.3676092544987,0.141580657719182
"Dermis3","Dermis","0","FB",389,"SCX",1.2853470437018,0.00755279819505571
"Dermis3","Dermis","0","FB",389,"FAP",12.3393316195373,0.179612439183461
"Dermis3","Dermis","0","FB",389,"POSTN",38.8174807197943,0.795879334324214
"Dermis3","Dermis","0","FB",389,"PDGFRA",52.4421593830334,0.845279532661127
"Dermis3","Dermis","0","FB",389,"APOD",65.5526992287918,2.40765882734043
"SF1","SF","0","FB",1199,"CNN1",0.417014178482068,0.00360200370862336
"SF1","SF","0","FB",1199,"ITGA8",1.66805671392827,0.0218694938117364
"SF1","SF","0","FB",1199,"TAGLN",10.5087572977481,0.199265255469924
"SF1","SF","0","FB",1199,"ACTA2",0.500417014178482,0.0120146352096064
"SF1","SF","0","FB",1199,"TPM1",55.1292743953294,0.842380406307715
"SF1","SF","0","FB",1199,"TPM2",30.3586321934946,0.287498476273887
"SF1","SF","0","FB",1199,"ITGB1",66.8890742285238,1.00885237353331
"SF1","SF","0","FB",1199,"ITGAV",16.7639699749791,0.189210963723543
"SF1","SF","0","FB",1199,"BCAR1",5.83819849874896,0.0581846705494775
"SF1","SF","0","FB",1199,"PIEZO2",4.67055879899917,0.0562176140025236
"SF1","SF","0","FB",1199,"TEAD2",4.83736447039199,0.0496631824800204
"SF1","SF","0","FB",1199,"LIMK1",2.25187656380317,0.0240232340379032
"SF1","SF","0","FB",1199,"CNN2",5.42118432026689,0.0601556896407826
"SF1","SF","0","FB",1199,"TEAD3",3.25271059216013,0.0354428276386819
"SF1","SF","0","FB",1199,"PFN1",84.6538782318599,1.60892836561695
"SF1","SF","0","FB",1199,"CFL1",89.324437030859,1.80821199725996
"SF1","SF","0","FB",1199,"TMEM63B",5.00417014178482,0.056041024912264
"SF1","SF","0","FB",1199,"ITGA5",19.4328607172644,0.236287059638862
"SF1","SF","0","FB",1199,"MYLK",13.0942452043369,0.153029877728157
"SF1","SF","0","FB",1199,"ILK",41.9516263552961,0.51743801513259
"SF1","SF","0","FB",1199,"MYL9",53.0442035029191,0.798726171506136
"SF1","SF","0","FB",1199,"NF2",6.0884070058382,0.0673082952079737
"SF1","SF","0","FB",1199,"PARVA",22.1017514595496,0.253084687751748
"SF1","SF","0","FB",1199,"PKD2",10.0917431192661,0.115201912463034
"SF1","SF","0","FB",1199,"VCL",15.7631359466222,0.183012068895602
"SF1","SF","0","FB",1199,"TEAD4",0.583819849874896,0.00561361591478333
"SF1","SF","0","FB",1199,"ITGA2",0.667222685571309,0.00652074081550816
"SF1","SF","0","FB",1199,"WWTR1",8.84070058381985,0.0930060765233553
"SF1","SF","0","FB",1199,"FLNA",47.2060050041701,0.655072843679634
"SF1","SF","0","FB",1199,"PANX1",11.8432026688907,0.137834958635095
"SF1","SF","0","FB",1199,"TEAD1",5.42118432026689,0.0636750378191019
"SF1","SF","0","FB",1199,"CDC42",68.3069224353628,1.05729824243123
"SF1","SF","0","FB",1199,"FERMT2",29.7748123436197,0.365643750480357
"SF1","SF","0","FB",1199,"TLN1",28.3569641367807,0.337827173677165
"SF1","SF","0","FB",1199,"PKD1",14.7623019182652,0.180117670178895
"SF1","SF","0","FB",1199,"TLN2",7.9232693911593,0.0854661261439652
"SF1","SF","0","FB",1199,"RAC1",83.3194328607173,1.48544159858083
"SF1","SF","0","FB",1199,"YAP1",7.17264386989158,0.0808537960161647
"SF1","SF","0","FB",1199,"PIEZO1",5.33778148457047,0.0634681132795154
"SF1","SF","0","FB",1199,"TRPV4",0.0834028356964137,0.000782846580708207
"SF1","SF","0","FB",1199,"TRPA1",0,0
"SF1","SF","0","FB",1199,"TRPC1",2.25187656380317,0.0249192229202707
"SF1","SF","0","FB",1199,"TRPC3",0,0
"SF1","SF","0","FB",1199,"TRPC6",0.583819849874896,0.00681746122326996
"SF1","SF","0","FB",1199,"ASIC1",0.500417014178482,0.00435743391469071
"SF1","SF","0","FB",1199,"ASIC2",0.333611342785655,0.00276576881397092
"SF1","SF","0","FB",1199,"ASIC3",0.166805671392827,0.00309253855491496
"SF1","SF","0","FB",1199,"KCNK2",1.8348623853211,0.0215613865015669
"SF1","SF","0","FB",1199,"KCNK4",0,0
"SF1","SF","0","FB",1199,"TMEM63A",3.50291909924937,0.0394620885505283
"SF1","SF","0","FB",1199,"TMEM150C",0.834028356964137,0.00904692961992085
"SF1","SF","0","FB",1199,"P2RX4",6.33861551292744,0.0654137295399849
"SF1","SF","0","FB",1199,"P2RX7",0.667222685571309,0.00851836559946139
"SF1","SF","0","FB",1199,"PDPN",24.3536280233528,0.323564637021074
"SF1","SF","0","FB",1199,"SCX",15.8465387823186,0.227255696482953
"SF1","SF","0","FB",1199,"FAP",12.09341117598,0.141354587397224
"SF1","SF","0","FB",1199,"POSTN",0.583819849874896,0.00679209680462629
"SF1","SF","0","FB",1199,"PDGFRA",25.2710592160133,0.323566165687971
"SF1","SF","0","FB",1199,"APOD",49.7080900750626,1.91665865907416
"SF2","SF","0","FB",885,"CNN1",2.71186440677966,0.0164406412262099
"SF2","SF","0","FB",885,"ITGA8",12.8813559322034,0.145127539086561
"SF2","SF","0","FB",885,"TAGLN",45.1977401129944,0.743127314677771
"SF2","SF","0","FB",885,"ACTA2",11.7514124293785,0.0713926060308071
"SF2","SF","0","FB",885,"TPM1",74.4632768361582,1.15332957023063
"SF2","SF","0","FB",885,"TPM2",41.0169491525424,0.39439465893852
"SF2","SF","0","FB",885,"ITGB1",88.2485875706215,1.44236425636328
"SF2","SF","0","FB",885,"ITGAV",47.2316384180791,0.536486242050252
"SF2","SF","0","FB",885,"BCAR1",15.1412429378531,0.13238385482104
"SF2","SF","0","FB",885,"PIEZO2",22.2598870056497,0.237000942280531
"SF2","SF","0","FB",885,"TEAD2",10.7344632768362,0.0920182069853674
"SF2","SF","0","FB",885,"LIMK1",9.83050847457627,0.0856302451888171
"SF2","SF","0","FB",885,"CNN2",17.9661016949153,0.182222747980214
"SF2","SF","0","FB",885,"TEAD3",6.32768361581921,0.0518579355749547
"SF2","SF","0","FB",885,"PFN1",75.9322033898305,1.04455392947949
"SF2","SF","0","FB",885,"CFL1",87.683615819209,1.57930821908277
"SF2","SF","0","FB",885,"TMEM63B",9.94350282485876,0.0837929870708571
"SF2","SF","0","FB",885,"ITGA5",26.4406779661017,0.278196952235019
"SF2","SF","0","FB",885,"MYLK",22.1468926553672,0.264004564961952
"SF2","SF","0","FB",885,"ILK",61.2429378531073,0.712796781203964
"SF2","SF","0","FB",885,"MYL9",57.8531073446328,0.689639083430687
"SF2","SF","0","FB",885,"NF2",15.1412429378531,0.122827564803537
"SF2","SF","0","FB",885,"PARVA",39.6610169491525,0.407889763198687
"SF2","SF","0","FB",885,"PKD2",40.6779661016949,0.43125528641697
"SF2","SF","0","FB",885,"VCL",45.1977401129944,0.478699241152617
"SF2","SF","0","FB",885,"TEAD4",0.112994350282486,0.00126849108015796
"SF2","SF","0","FB",885,"ITGA2",9.03954802259887,0.0876580849470732
"SF2","SF","0","FB",885,"WWTR1",27.683615819209,0.276317040548019
"SF2","SF","0","FB",885,"FLNA",75.2542372881356,1.01132471041651
"SF2","SF","0","FB",885,"PANX1",5.42372881355932,0.0453861028851481
"SF2","SF","0","FB",885,"TEAD1",25.3107344632768,0.253436277286451
"SF2","SF","0","FB",885,"CDC42",87.683615819209,1.36477834899877
"SF2","SF","0","FB",885,"FERMT2",52.4293785310734,0.562397659094668
"SF2","SF","0","FB",885,"TLN1",60.5649717514124,0.683534264575361
"SF2","SF","0","FB",885,"PKD1",37.2881355932203,0.370328877851787
"SF2","SF","0","FB",885,"TLN2",18.7570621468927,0.179094480966403
"SF2","SF","0","FB",885,"RAC1",86.4406779661017,1.35540121749988
"SF2","SF","0","FB",885,"YAP1",31.1864406779661,0.303912058074097
"SF2","SF","0","FB",885,"PIEZO1",14.5762711864407,0.12657945005942
"SF2","SF","0","FB",885,"TRPV4",1.01694915254237,0.00753673811281845
"SF2","SF","0","FB",885,"TRPA1",0.677966101694915,0.00823349368857053
"SF2","SF","0","FB",885,"TRPC1",11.7514124293785,0.108831864911853
"SF2","SF","0","FB",885,"TRPC3",0.225988700564972,0.00171406880280449
"SF2","SF","0","FB",885,"TRPC6",0,0
"SF2","SF","0","FB",885,"ASIC1",1.01694915254237,0.0106171701204553
"SF2","SF","0","FB",885,"ASIC2",0,0
"SF2","SF","0","FB",885,"ASIC3",0.338983050847458,0.00234445962864075
"SF2","SF","0","FB",885,"KCNK2",6.66666666666667,0.0637460654995294
"SF2","SF","0","FB",885,"KCNK4",0.338983050847458,0.00272776650391412
"SF2","SF","0","FB",885,"TMEM63A",8.24858757062147,0.0744969388411925
"SF2","SF","0","FB",885,"TMEM150C",5.31073446327684,0.0526742480182182
"SF2","SF","0","FB",885,"P2RX4",9.71751412429379,0.0792473484771949
"SF2","SF","0","FB",885,"P2RX7",5.87570621468927,0.0580979510201531
"SF2","SF","0","FB",885,"PDPN",16.4971751412429,0.150023333702932
"SF2","SF","0","FB",885,"SCX",18.6440677966102,0.273728884720445
"SF2","SF","0","FB",885,"FAP",44.6327683615819,0.54746943511296
"SF2","SF","0","FB",885,"POSTN",3.27683615819209,0.0744153309660093
"SF2","SF","0","FB",885,"PDGFRA",64.4067796610169,0.885696817954712
"SF2","SF","0","FB",885,"APOD",40.5649717514124,1.06673978088856
"SF3","SF","0","FB",369,"CNN1",1.0840108401084,0.00809104275600987
"SF3","SF","0","FB",369,"ITGA8",6.23306233062331,0.0667317250929309
"SF3","SF","0","FB",369,"TAGLN",22.7642276422764,0.328699039869286
"SF3","SF","0","FB",369,"ACTA2",13.8211382113821,0.140244749365143
"SF3","SF","0","FB",369,"TPM1",76.9647696476965,1.28068032049264
"SF3","SF","0","FB",369,"TPM2",33.6043360433604,0.384532448570799
"SF3","SF","0","FB",369,"ITGB1",86.1788617886179,1.42253319727201
"SF3","SF","0","FB",369,"ITGAV",38.2113821138211,0.457221425389837
"SF3","SF","0","FB",369,"BCAR1",8.13008130081301,0.0830441096632625
"SF3","SF","0","FB",369,"PIEZO2",13.2791327913279,0.153686024050578
"SF3","SF","0","FB",369,"TEAD2",5.14905149051491,0.0527791573709216
"SF3","SF","0","FB",369,"LIMK1",6.23306233062331,0.0628020613018636
"SF3","SF","0","FB",369,"CNN2",14.3631436314363,0.146290201701391
"SF3","SF","0","FB",369,"TEAD3",4.8780487804878,0.0500713755360775
"SF3","SF","0","FB",369,"PFN1",71.8157181571816,1.03512012310287
"SF3","SF","0","FB",369,"CFL1",84.8238482384824,1.48520463085329
"SF3","SF","0","FB",369,"TMEM63B",7.31707317073171,0.071979335920319
"SF3","SF","0","FB",369,"ITGA5",24.390243902439,0.270421128757499
"SF3","SF","0","FB",369,"MYLK",18.1571815718157,0.214394918521195
"SF3","SF","0","FB",369,"ILK",46.6124661246612,0.548822646992957
"SF3","SF","0","FB",369,"MYL9",59.0785907859079,0.897047821020788
"SF3","SF","0","FB",369,"NF2",10.0271002710027,0.0985997505137798
"SF3","SF","0","FB",369,"PARVA",33.3333333333333,0.362844432723717
"SF3","SF","0","FB",369,"PKD2",33.6043360433604,0.386592451291547
"SF3","SF","0","FB",369,"VCL",31.1653116531165,0.339794582865892
"SF3","SF","0","FB",369,"TEAD4",0,0
"SF3","SF","0","FB",369,"ITGA2",2.1680216802168,0.0250322543470722
"SF3","SF","0","FB",369,"WWTR1",18.970189701897,0.204765127400978
"SF3","SF","0","FB",369,"FLNA",60.4336043360434,0.785720523779316
"SF3","SF","0","FB",369,"PANX1",4.3360433604336,0.0402284548095278
"SF3","SF","0","FB",369,"TEAD1",18.6991869918699,0.210541330884382
"SF3","SF","0","FB",369,"CDC42",80.7588075880759,1.32507037487471
"SF3","SF","0","FB",369,"FERMT2",36.3143631436314,0.402617683355018
"SF3","SF","0","FB",369,"TLN1",59.0785907859079,0.77052130143796
"SF3","SF","0","FB",369,"PKD1",34.6883468834688,0.377577530419632
"SF3","SF","0","FB",369,"TLN2",19.5121951219512,0.211199996160244
"SF3","SF","0","FB",369,"RAC1",83.739837398374,1.40628436214659
"SF3","SF","0","FB",369,"YAP1",22.7642276422764,0.251795583349336
"SF3","SF","0","FB",369,"PIEZO1",10.5691056910569,0.112291417910234
"SF3","SF","0","FB",369,"TRPV4",0.5420054200542,0.00587797447040285
"SF3","SF","0","FB",369,"TRPA1",0.813008130081301,0.00772025631077624
"SF3","SF","0","FB",369,"TRPC1",10.0271002710027,0.107320229197319
"SF3","SF","0","FB",369,"TRPC3",0,0
"SF3","SF","0","FB",369,"TRPC6",0.5420054200542,0.0060144899777349
"SF3","SF","0","FB",369,"ASIC1",2.1680216802168,0.0224420268738972
"SF3","SF","0","FB",369,"ASIC2",0,0
"SF3","SF","0","FB",369,"ASIC3",0,0
"SF3","SF","0","FB",369,"KCNK2",1.3550135501355,0.0137227824478025
"SF3","SF","0","FB",369,"KCNK4",0,0
"SF3","SF","0","FB",369,"TMEM63A",9.75609756097561,0.100612771305046
"SF3","SF","0","FB",369,"TMEM150C",2.9810298102981,0.037594724157629
"SF3","SF","0","FB",369,"P2RX4",6.50406504065041,0.0586360933439307
"SF3","SF","0","FB",369,"P2RX7",4.6070460704607,0.0478989273152813
"SF3","SF","0","FB",369,"PDPN",18.4281842818428,0.191716814755228
"SF3","SF","0","FB",369,"SCX",13.550135501355,0.205826297262532
"SF3","SF","0","FB",369,"FAP",33.0623306233062,0.425868131427671
"SF3","SF","0","FB",369,"POSTN",0.5420054200542,0.00564540389534278
"SF3","SF","0","FB",369,"PDGFRA",64.4986449864499,0.968371298449913
"SF3","SF","0","FB",369,"APOD",55.2845528455285,1.61788740121171
"DD1","DD","0","FB",831,"CNN1",0.962695547533093,0.0121071206837745
"DD1","DD","0","FB",831,"ITGA8",0.962695547533093,0.0124250244658377
"DD1","DD","0","FB",831,"TAGLN",21.4199759326113,0.358243107946958
"DD1","DD","0","FB",831,"ACTA2",14.560770156438,0.16777405567329
"DD1","DD","0","FB",831,"TPM1",47.7737665463297,0.906304028059438
"DD1","DD","0","FB",831,"TPM2",26.9554753309266,0.401460795150237
"DD1","DD","0","FB",831,"ITGB1",51.1432009626955,0.913350268290143
"DD1","DD","0","FB",831,"ITGAV",14.8014440433213,0.228645330187971
"DD1","DD","0","FB",831,"BCAR1",4.57280385078219,0.0585621283238547
"DD1","DD","0","FB",831,"PIEZO2",5.29482551143201,0.0839693638296855
"DD1","DD","0","FB",831,"TEAD2",3.85078219013237,0.0528118274259625
"DD1","DD","0","FB",831,"LIMK1",3.73044524669073,0.0590179150699293
"DD1","DD","0","FB",831,"CNN2",10.1083032490975,0.151829667927844
"DD1","DD","0","FB",831,"TEAD3",0.962695547533093,0.0158702102714914
"DD1","DD","0","FB",831,"PFN1",72.6835138387485,1.58175268768116
"DD1","DD","0","FB",831,"CFL1",74.488567990373,1.63085907653293
"DD1","DD","0","FB",831,"TMEM63B",3.73044524669073,0.0578785050791771
"DD1","DD","0","FB",831,"ITGA5",9.14560770156438,0.135149068401442
"DD1","DD","0","FB",831,"MYLK",6.2575210589651,0.0963493399765005
"DD1","DD","0","FB",831,"ILK",39.3501805054152,0.642721919269542
"DD1","DD","0","FB",831,"MYL9",53.7906137184115,0.978226764965353
"DD1","DD","0","FB",831,"NF2",5.89651022864019,0.081024735026744
"DD1","DD","0","FB",831,"PARVA",17.4488567990373,0.255655287989284
"DD1","DD","0","FB",831,"PKD2",7.46089049338147,0.113429937528746
"DD1","DD","0","FB",831,"VCL",12.9963898916967,0.205191279866096
"DD1","DD","0","FB",831,"TEAD4",0.601684717208183,0.0073928533928993
"DD1","DD","0","FB",831,"ITGA2",0.601684717208183,0.00793204429869652
"DD1","DD","0","FB",831,"WWTR1",8.78459687123947,0.118518979832633
"DD1","DD","0","FB",831,"FLNA",32.2503008423586,0.588233598141257
"DD1","DD","0","FB",831,"PANX1",3.6101083032491,0.0525881218410615
"DD1","DD","0","FB",831,"TEAD1",7.5812274368231,0.118021408084353
"DD1","DD","0","FB",831,"CDC42",52.1058965102286,0.930030087819658
"DD1","DD","0","FB",831,"FERMT2",17.9302045728039,0.267297600338091
"DD1","DD","0","FB",831,"TLN1",18.7725631768953,0.283045485312356
"DD1","DD","0","FB",831,"PKD1",12.2743682310469,0.218895177830113
"DD1","DD","0","FB",831,"TLN2",6.37785800240674,0.0876565790537064
"DD1","DD","0","FB",831,"RAC1",65.9446450060168,1.29898518602733
"DD1","DD","0","FB",831,"YAP1",9.62695547533093,0.149532113190513
"DD1","DD","0","FB",831,"PIEZO1",6.13718411552347,0.0883058096323863
"DD1","DD","0","FB",831,"TRPV4",0.36101083032491,0.00305758058072275
"DD1","DD","0","FB",831,"TRPA1",0,0
"DD1","DD","0","FB",831,"TRPC1",2.04572803850782,0.0309670480211225
"DD1","DD","0","FB",831,"TRPC3",0,0
"DD1","DD","0","FB",831,"TRPC6",0.240673886883273,0.00375919042740249
"DD1","DD","0","FB",831,"ASIC1",0.962695547533093,0.0204134220846251
"DD1","DD","0","FB",831,"ASIC2",0,0
"DD1","DD","0","FB",831,"ASIC3",0.120336943441637,0.000760240373368227
"DD1","DD","0","FB",831,"KCNK2",1.323706377858,0.0163367532886814
"DD1","DD","0","FB",831,"KCNK4",0.36101083032491,0.00496637204102967
"DD1","DD","0","FB",831,"TMEM63A",3.85078219013237,0.0551666909062919
"DD1","DD","0","FB",831,"TMEM150C",5.29482551143201,0.0723309532241965
"DD1","DD","0","FB",831,"P2RX4",5.17448856799037,0.0706039131944027
"DD1","DD","0","FB",831,"P2RX7",1.08303249097473,0.0153889502759461
"DD1","DD","0","FB",831,"PDPN",8.78459687123947,0.123073018804723
"DD1","DD","0","FB",831,"SCX",1.92539109506619,0.0319684089680501
"DD1","DD","0","FB",831,"FAP",19.3742478941035,0.307554254187468
"DD1","DD","0","FB",831,"POSTN",2.647412755716,0.0441173507978377
"DD1","DD","0","FB",831,"PDGFRA",25.2707581227437,0.436607927177755
"DD1","DD","0","FB",831,"APOD",51.8652226233454,1.91941172507726
"DD2","DD","0","FB",1426,"CNN1",2.59467040673212,0.0218944329120248
"DD2","DD","0","FB",1426,"ITGA8",4.20757363253857,0.0403876787712836
"DD2","DD","0","FB",1426,"TAGLN",33.3800841514727,0.421130891342292
"DD2","DD","0","FB",1426,"ACTA2",25.4558204768583,0.232493997187701
"DD2","DD","0","FB",1426,"TPM1",62.9032258064516,0.902948997308188
"DD2","DD","0","FB",1426,"TPM2",39.5511921458626,0.412145448992222
"DD2","DD","0","FB",1426,"ITGB1",69.2847124824684,1.00302332549831
"DD2","DD","0","FB",1426,"ITGAV",30.5049088359046,0.339131975742291
"DD2","DD","0","FB",1426,"BCAR1",14.4460028050491,0.144214880947379
"DD2","DD","0","FB",1426,"PIEZO2",9.67741935483871,0.104745456184954
"DD2","DD","0","FB",1426,"TEAD2",11.3604488078541,0.110827988992248
"DD2","DD","0","FB",1426,"LIMK1",5.11921458625526,0.0485543239542834
"DD2","DD","0","FB",1426,"CNN2",26.7882187938289,0.289965044667633
"DD2","DD","0","FB",1426,"TEAD3",3.92706872370266,0.0350938626089883
"DD2","DD","0","FB",1426,"PFN1",81.2061711079944,1.50071529441398
"DD2","DD","0","FB",1426,"CFL1",83.5904628330996,1.67813701650718
"DD2","DD","0","FB",1426,"TMEM63B",4.97896213183731,0.0521850474770408
"DD2","DD","0","FB",1426,"ITGA5",22.3001402524544,0.242635582250662
"DD2","DD","0","FB",1426,"MYLK",7.3632538569425,0.0775978757542376
"DD2","DD","0","FB",1426,"ILK",47.3352033660589,0.606152487886415
"DD2","DD","0","FB",1426,"MYL9",67.8120617110799,1.07003021036586
"DD2","DD","0","FB",1426,"NF2",7.92426367461431,0.0808466164083307
"DD2","DD","0","FB",1426,"PARVA",31.9775596072931,0.363513906816712
"DD2","DD","0","FB",1426,"PKD2",12.9032258064516,0.137404903700106
"DD2","DD","0","FB",1426,"VCL",29.0322580645161,0.332136254033748
"DD2","DD","0","FB",1426,"TEAD4",2.03366058906031,0.01842151877278
"DD2","DD","0","FB",1426,"ITGA2",1.05189340813464,0.0111298091514301
"DD2","DD","0","FB",1426,"WWTR1",21.7391304347826,0.223492311475235
"DD2","DD","0","FB",1426,"FLNA",50.6311360448808,0.662847036003388
"DD2","DD","0","FB",1426,"PANX1",5.53997194950912,0.0499587974231795
"DD2","DD","0","FB",1426,"TEAD1",8.90603085553997,0.0978536537184297
"DD2","DD","0","FB",1426,"CDC42",62.4824684431978,0.858560846131269
"DD2","DD","0","FB",1426,"FERMT2",35.0631136044881,0.417141513554721
"DD2","DD","0","FB",1426,"TLN1",26.577840112202,0.291714556339648
"DD2","DD","0","FB",1426,"PKD1",18.0925666199158,0.202819292005635
"DD2","DD","0","FB",1426,"TLN2",7.3632538569425,0.0790501329280896
"DD2","DD","0","FB",1426,"RAC1",83.3099579242637,1.56494879041274
"DD2","DD","0","FB",1426,"YAP1",16.7601683029453,0.177978868303866
"DD2","DD","0","FB",1426,"PIEZO1",6.94249649368864,0.0758265388982066
"DD2","DD","0","FB",1426,"TRPV4",0.981767180925666,0.00859094684996739
"DD2","DD","0","FB",1426,"TRPA1",0,0
"DD2","DD","0","FB",1426,"TRPC1",3.78681626928471,0.0442120513472169
"DD2","DD","0","FB",1426,"TRPC3",0.210378681626928,0.00178798474394248
"DD2","DD","0","FB",1426,"TRPC6",0.0701262272089762,0.000767005304803955
"DD2","DD","0","FB",1426,"ASIC1",1.7531556802244,0.0174043447553519
"DD2","DD","0","FB",1426,"ASIC2",0.140252454417952,0.00154879049072788
"DD2","DD","0","FB",1426,"ASIC3",0.420757363253857,0.0058757124579967
"DD2","DD","0","FB",1426,"KCNK2",2.10378681626928,0.0194624837428431
"DD2","DD","0","FB",1426,"KCNK4",0.420757363253857,0.00311897602368637
"DD2","DD","0","FB",1426,"TMEM63A",3.71669004207574,0.0424265878808261
"DD2","DD","0","FB",1426,"TMEM150C",5.46984572230014,0.0670361229300691
"DD2","DD","0","FB",1426,"P2RX4",7.57363253856942,0.0706219256329321
"DD2","DD","0","FB",1426,"P2RX7",1.33239831697055,0.0145624738203031
"DD2","DD","0","FB",1426,"PDPN",29.1725105189341,0.325822268467374
"DD2","DD","0","FB",1426,"SCX",12.0617110799439,0.0976440021961364
"DD2","DD","0","FB",1426,"FAP",32.468443197756,0.396159663876455
"DD2","DD","0","FB",1426,"POSTN",6.1711079943899,0.143788720107042
"DD2","DD","0","FB",1426,"PDGFRA",45.0911640953717,0.62280838589341
"DD2","DD","0","FB",1426,"APOD",67.8821879382889,1.77003681792126
"DD3","DD","0","FB",568,"CNN1",0.528169014084507,0.00931671134122596
"DD3","DD","0","FB",568,"ITGA8",4.92957746478873,0.0698783812450418
"DD3","DD","0","FB",568,"TAGLN",42.6056338028169,0.774668735710985
"DD3","DD","0","FB",568,"ACTA2",23.0633802816901,0.29038038199777
"DD3","DD","0","FB",568,"TPM1",52.9929577464789,0.908511410560176
"DD3","DD","0","FB",568,"TPM2",37.5,0.563611080560397
"DD3","DD","0","FB",568,"ITGB1",66.9014084507042,1.26218333288551
"DD3","DD","0","FB",568,"ITGAV",23.0633802816901,0.322699716794571
"DD3","DD","0","FB",568,"BCAR1",12.8521126760563,0.152352293502735
"DD3","DD","0","FB",568,"PIEZO2",4.75352112676056,0.0665918888277456
"DD3","DD","0","FB",568,"TEAD2",5.63380281690141,0.0705087426541407
"DD3","DD","0","FB",568,"LIMK1",3.69718309859155,0.0460792360164058
"DD3","DD","0","FB",568,"CNN2",9.33098591549296,0.107793209469136
"DD3","DD","0","FB",568,"TEAD3",2.46478873239437,0.0372778445220812
"DD3","DD","0","FB",568,"PFN1",71.3028169014084,1.50306780908091
"DD3","DD","0","FB",568,"CFL1",69.0140845070423,1.48649881136891
"DD3","DD","0","FB",568,"TMEM63B",4.92957746478873,0.0628272374071359
"DD3","DD","0","FB",568,"ITGA5",11.9718309859155,0.148464816201659
"DD3","DD","0","FB",568,"MYLK",10.5633802816901,0.164680617366757
"DD3","DD","0","FB",568,"ILK",36.9718309859155,0.549472565565378
"DD3","DD","0","FB",568,"MYL9",54.7535211267606,0.939990853010656
"DD3","DD","0","FB",568,"NF2",6.33802816901408,0.072394740331125
"DD3","DD","0","FB",568,"PARVA",21.6549295774648,0.271130841875397
"DD3","DD","0","FB",568,"PKD2",12.8521126760563,0.181613281546197
"DD3","DD","0","FB",568,"VCL",20.2464788732394,0.271937233669744
"DD3","DD","0","FB",568,"TEAD4",0,0
"DD3","DD","0","FB",568,"ITGA2",1.40845070422535,0.0211326542339337
"DD3","DD","0","FB",568,"WWTR1",19.8943661971831,0.272150627072607
"DD3","DD","0","FB",568,"FLNA",36.7957746478873,0.583437378611759
"DD3","DD","0","FB",568,"PANX1",2.99295774647887,0.0358215962666623
"DD3","DD","0","FB",568,"TEAD1",9.15492957746479,0.146509691763098
"DD3","DD","0","FB",568,"CDC42",58.8028169014084,1.04220515607166
"DD3","DD","0","FB",568,"FERMT2",30.6338028169014,0.437853977265793
"DD3","DD","0","FB",568,"TLN1",28.6971830985916,0.375508322466696
"DD3","DD","0","FB",568,"PKD1",14.4366197183099,0.218237017104968
"DD3","DD","0","FB",568,"TLN2",7.57042253521127,0.101772340162514
"DD3","DD","0","FB",568,"RAC1",67.7816901408451,1.41254394105416
"DD3","DD","0","FB",568,"YAP1",15.8450704225352,0.226887651599843
"DD3","DD","0","FB",568,"PIEZO1",7.57042253521127,0.117601940768303
"DD3","DD","0","FB",568,"TRPV4",0.704225352112676,0.00327534246400578
"DD3","DD","0","FB",568,"TRPA1",0,0
"DD3","DD","0","FB",568,"TRPC1",3.87323943661972,0.044712740219574
"DD3","DD","0","FB",568,"TRPC3",0.176056338028169,0.00168150217441752
"DD3","DD","0","FB",568,"TRPC6",0.176056338028169,0.00193087985110468
"DD3","DD","0","FB",568,"ASIC1",0.704225352112676,0.00745677144022816
"DD3","DD","0","FB",568,"ASIC2",0,0
"DD3","DD","0","FB",568,"ASIC3",0.528169014084507,0.00645269426667074
"DD3","DD","0","FB",568,"KCNK2",2.11267605633803,0.0235415417207409
"DD3","DD","0","FB",568,"KCNK4",0.704225352112676,0.00533527584817188
"DD3","DD","0","FB",568,"TMEM63A",3.87323943661972,0.0401810899555723
"DD3","DD","0","FB",568,"TMEM150C",5.63380281690141,0.0755209722519278
"DD3","DD","0","FB",568,"P2RX4",7.57042253521127,0.0938566071687612
"DD3","DD","0","FB",568,"P2RX7",1.93661971830986,0.0274625011499654
"DD3","DD","0","FB",568,"PDPN",16.3732394366197,0.220668963523579
"DD3","DD","0","FB",568,"SCX",8.80281690140845,0.121036656966222
"DD3","DD","0","FB",568,"FAP",28.5211267605634,0.464714580913942
"DD3","DD","0","FB",568,"POSTN",23.943661971831,0.684930618838903
"DD3","DD","0","FB",568,"PDGFRA",30.9859154929577,0.474947619993479
"DD3","DD","0","FB",568,"APOD",41.3732394366197,1.29045545827134
"Dermis2","Dermis","1","Myofib",4,"CNN1",0,0
"Dermis2","Dermis","1","Myofib",4,"ITGA8",0,0
"Dermis2","Dermis","1","Myofib",4,"TAGLN",75,1.69198204886404
"Dermis2","Dermis","1","Myofib",4,"ACTA2",0,0
"Dermis2","Dermis","1","Myofib",4,"TPM1",50,1.11489296845398
"Dermis2","Dermis","1","Myofib",4,"TPM2",75,1.38822916567685
"Dermis2","Dermis","1","Myofib",4,"ITGB1",75,1.6165739025413
"Dermis2","Dermis","1","Myofib",4,"ITGAV",75,1.16283087803054
"Dermis2","Dermis","1","Myofib",4,"BCAR1",25,0.438841718190166
"Dermis2","Dermis","1","Myofib",4,"PIEZO2",0,0
"Dermis2","Dermis","1","Myofib",4,"TEAD2",25,0.311509816026233
"Dermis2","Dermis","1","Myofib",4,"LIMK1",0,0
"Dermis2","Dermis","1","Myofib",4,"CNN2",0,0
"Dermis2","Dermis","1","Myofib",4,"TEAD3",25,0.279530350984207
"Dermis2","Dermis","1","Myofib",4,"PFN1",100,2.91898536591634
"Dermis2","Dermis","1","Myofib",4,"CFL1",100,2.08143394147383
"Dermis2","Dermis","1","Myofib",4,"TMEM63B",0,0
"Dermis2","Dermis","1","Myofib",4,"ITGA5",0,0
"Dermis2","Dermis","1","Myofib",4,"MYLK",0,0
"Dermis2","Dermis","1","Myofib",4,"ILK",75,1.27019753964847
"Dermis2","Dermis","1","Myofib",4,"MYL9",50,0.790277737142596
"Dermis2","Dermis","1","Myofib",4,"NF2",0,0
"Dermis2","Dermis","1","Myofib",4,"PARVA",50,0.901093296190645
"Dermis2","Dermis","1","Myofib",4,"PKD2",25,0.386181720140547
"Dermis2","Dermis","1","Myofib",4,"VCL",0,0
"Dermis2","Dermis","1","Myofib",4,"TEAD4",0,0
"Dermis2","Dermis","1","Myofib",4,"ITGA2",25,0.284472207276573
"Dermis2","Dermis","1","Myofib",4,"WWTR1",25,0.328705313007156
"Dermis2","Dermis","1","Myofib",4,"FLNA",50,0.665577170379598
"Dermis2","Dermis","1","Myofib",4,"PANX1",0,0
"Dermis2","Dermis","1","Myofib",4,"TEAD1",0,0
"Dermis2","Dermis","1","Myofib",4,"CDC42",75,1.49559701581668
"Dermis2","Dermis","1","Myofib",4,"FERMT2",0,0
"Dermis2","Dermis","1","Myofib",4,"TLN1",0,0
"Dermis2","Dermis","1","Myofib",4,"PKD1",25,0.438138756719811
"Dermis2","Dermis","1","Myofib",4,"TLN2",0,0
"Dermis2","Dermis","1","Myofib",4,"RAC1",75,1.20280372313492
"Dermis2","Dermis","1","Myofib",4,"YAP1",50,0.689740285876377
"Dermis2","Dermis","1","Myofib",4,"PIEZO1",0,0
"Dermis2","Dermis","1","Myofib",4,"TRPV4",0,0
"Dermis2","Dermis","1","Myofib",4,"TRPA1",0,0
"Dermis2","Dermis","1","Myofib",4,"TRPC1",0,0
"Dermis2","Dermis","1","Myofib",4,"TRPC3",0,0
"Dermis2","Dermis","1","Myofib",4,"TRPC6",0,0
"Dermis2","Dermis","1","Myofib",4,"ASIC1",0,0
"Dermis2","Dermis","1","Myofib",4,"ASIC2",0,0
"Dermis2","Dermis","1","Myofib",4,"ASIC3",0,0
"Dermis2","Dermis","1","Myofib",4,"KCNK2",0,0
"Dermis2","Dermis","1","Myofib",4,"KCNK4",0,0
"Dermis2","Dermis","1","Myofib",4,"TMEM63A",0,0
"Dermis2","Dermis","1","Myofib",4,"TMEM150C",0,0
"Dermis2","Dermis","1","Myofib",4,"P2RX4",0,0
"Dermis2","Dermis","1","Myofib",4,"P2RX7",0,0
"Dermis2","Dermis","1","Myofib",4,"PDPN",50,0.687883081081951
"Dermis2","Dermis","1","Myofib",4,"SCX",0,0
"Dermis2","Dermis","1","Myofib",4,"FAP",25,0.531264491672787
"Dermis2","Dermis","1","Myofib",4,"POSTN",100,4.58406722438176
"Dermis2","Dermis","1","Myofib",4,"PDGFRA",25,0.467768678206696
"Dermis2","Dermis","1","Myofib",4,"APOD",25,0.37374923667096
"SF1","SF","1","Myofib",1,"CNN1",0,0
"SF1","SF","1","Myofib",1,"ITGA8",0,0
"SF1","SF","1","Myofib",1,"TAGLN",0,0
"SF1","SF","1","Myofib",1,"ACTA2",0,0
"SF1","SF","1","Myofib",1,"TPM1",0,0
"SF1","SF","1","Myofib",1,"TPM2",0,0
"SF1","SF","1","Myofib",1,"ITGB1",100,2.57837732559715
"SF1","SF","1","Myofib",1,"ITGAV",100,1.39644065819362
"SF1","SF","1","Myofib",1,"BCAR1",0,0
"SF1","SF","1","Myofib",1,"PIEZO2",0,0
"SF1","SF","1","Myofib",1,"TEAD2",100,1.19829213122452
"SF1","SF","1","Myofib",1,"LIMK1",0,0
"SF1","SF","1","Myofib",1,"CNN2",0,0
"SF1","SF","1","Myofib",1,"TEAD3",0,0
"SF1","SF","1","Myofib",1,"PFN1",100,2.71383372075796
"SF1","SF","1","Myofib",1,"CFL1",100,2.29941915304992
"SF1","SF","1","Myofib",1,"TMEM63B",0,0
"SF1","SF","1","Myofib",1,"ITGA5",0,0
"SF1","SF","1","Myofib",1,"MYLK",100,1.85545443060464
"SF1","SF","1","Myofib",1,"ILK",100,1.94184313258135
"SF1","SF","1","Myofib",1,"MYL9",0,0
"SF1","SF","1","Myofib",1,"NF2",0,0
"SF1","SF","1","Myofib",1,"PARVA",0,0
"SF1","SF","1","Myofib",1,"PKD2",0,0
"SF1","SF","1","Myofib",1,"VCL",0,0
"SF1","SF","1","Myofib",1,"TEAD4",0,0
"SF1","SF","1","Myofib",1,"ITGA2",0,0
"SF1","SF","1","Myofib",1,"WWTR1",0,0
"SF1","SF","1","Myofib",1,"FLNA",100,1.27487198789141
"SF1","SF","1","Myofib",1,"PANX1",0,0
"SF1","SF","1","Myofib",1,"TEAD1",0,0
"SF1","SF","1","Myofib",1,"CDC42",100,1.27615388065369
"SF1","SF","1","Myofib",1,"FERMT2",0,0
"SF1","SF","1","Myofib",1,"TLN1",100,1.40165530988673
"SF1","SF","1","Myofib",1,"PKD1",0,0
"SF1","SF","1","Myofib",1,"TLN2",0,0
"SF1","SF","1","Myofib",1,"RAC1",100,1.11316153879827
"SF1","SF","1","Myofib",1,"YAP1",0,0
"SF1","SF","1","Myofib",1,"PIEZO1",0,0
"SF1","SF","1","Myofib",1,"TRPV4",0,0
"SF1","SF","1","Myofib",1,"TRPA1",0,0
"SF1","SF","1","Myofib",1,"TRPC1",0,0
"SF1","SF","1","Myofib",1,"TRPC3",0,0
"SF1","SF","1","Myofib",1,"TRPC6",0,0
"SF1","SF","1","Myofib",1,"ASIC1",0,0
"SF1","SF","1","Myofib",1,"ASIC2",0,0
"SF1","SF","1","Myofib",1,"ASIC3",0,0
"SF1","SF","1","Myofib",1,"KCNK2",0,0
"SF1","SF","1","Myofib",1,"KCNK4",0,0
"SF1","SF","1","Myofib",1,"TMEM63A",0,0
"SF1","SF","1","Myofib",1,"TMEM150C",0,0
"SF1","SF","1","Myofib",1,"P2RX4",0,0
"SF1","SF","1","Myofib",1,"P2RX7",0,0
"SF1","SF","1","Myofib",1,"PDPN",0,0
"SF1","SF","1","Myofib",1,"SCX",0,0
"SF1","SF","1","Myofib",1,"FAP",0,0
"SF1","SF","1","Myofib",1,"POSTN",0,0
"SF1","SF","1","Myofib",1,"PDGFRA",0,0
"SF1","SF","1","Myofib",1,"APOD",0,0
"SF2","SF","1","Myofib",13,"CNN1",7.69230769230769,0.00683086277941997
"SF2","SF","1","Myofib",13,"ITGA8",38.4615384615385,0.575905209414405
"SF2","SF","1","Myofib",13,"TAGLN",38.4615384615385,0.942471351569802
"SF2","SF","1","Myofib",13,"ACTA2",0,0
"SF2","SF","1","Myofib",13,"TPM1",84.6153846153846,1.38447504105479
"SF2","SF","1","Myofib",13,"TPM2",38.4615384615385,0.384458420524214
"SF2","SF","1","Myofib",13,"ITGB1",92.3076923076923,1.92212171348422
"SF2","SF","1","Myofib",13,"ITGAV",53.8461538461538,0.652277438283128
"SF2","SF","1","Myofib",13,"BCAR1",0,0
"SF2","SF","1","Myofib",13,"PIEZO2",30.7692307692308,0.336666257562469
"SF2","SF","1","Myofib",13,"TEAD2",15.3846153846154,0.198833533689069
"SF2","SF","1","Myofib",13,"LIMK1",15.3846153846154,0.120690703011142
"SF2","SF","1","Myofib",13,"CNN2",38.4615384615385,0.589327098849255
"SF2","SF","1","Myofib",13,"TEAD3",0,0
"SF2","SF","1","Myofib",13,"PFN1",84.6153846153846,1.17020586699019
"SF2","SF","1","Myofib",13,"CFL1",92.3076923076923,1.93607015122597
"SF2","SF","1","Myofib",13,"TMEM63B",7.69230769230769,0.0930159651655308
"SF2","SF","1","Myofib",13,"ITGA5",7.69230769230769,0.093601683238158
"SF2","SF","1","Myofib",13,"MYLK",38.4615384615385,0.544779030344011
"SF2","SF","1","Myofib",13,"ILK",46.1538461538462,0.666229889038276
"SF2","SF","1","Myofib",13,"MYL9",53.8461538461538,0.740212003137887
"SF2","SF","1","Myofib",13,"NF2",30.7692307692308,0.268553651463293
"SF2","SF","1","Myofib",13,"PARVA",30.7692307692308,0.286108526026597
"SF2","SF","1","Myofib",13,"PKD2",53.8461538461538,0.776922635216249
"SF2","SF","1","Myofib",13,"VCL",30.7692307692308,0.330017978012211
"SF2","SF","1","Myofib",13,"TEAD4",0,0
"SF2","SF","1","Myofib",13,"ITGA2",0,0
"SF2","SF","1","Myofib",13,"WWTR1",53.8461538461538,0.676567758429808
"SF2","SF","1","Myofib",13,"FLNA",69.2307692307692,1.09680071157741
"SF2","SF","1","Myofib",13,"PANX1",15.3846153846154,0.202310131865287
"SF2","SF","1","Myofib",13,"TEAD1",7.69230769230769,0.0506692787321735
"SF2","SF","1","Myofib",13,"CDC42",76.9230769230769,1.37976456054752
"SF2","SF","1","Myofib",13,"FERMT2",38.4615384615385,0.463134818046207
"SF2","SF","1","Myofib",13,"TLN1",38.4615384615385,0.523639814712972
"SF2","SF","1","Myofib",13,"PKD1",53.8461538461538,0.791375381364652
"SF2","SF","1","Myofib",13,"TLN2",7.69230769230769,0.0983899929736944
"SF2","SF","1","Myofib",13,"RAC1",69.2307692307692,0.988774563545663
"SF2","SF","1","Myofib",13,"YAP1",23.0769230769231,0.2926587491746
"SF2","SF","1","Myofib",13,"PIEZO1",0,0
"SF2","SF","1","Myofib",13,"TRPV4",7.69230769230769,0.0804455853693233
"SF2","SF","1","Myofib",13,"TRPA1",0,0
"SF2","SF","1","Myofib",13,"TRPC1",7.69230769230769,0.121501666872261
"SF2","SF","1","Myofib",13,"TRPC3",0,0
"SF2","SF","1","Myofib",13,"TRPC6",0,0
"SF2","SF","1","Myofib",13,"ASIC1",0,0
"SF2","SF","1","Myofib",13,"ASIC2",0,0
"SF2","SF","1","Myofib",13,"ASIC3",0,0
"SF2","SF","1","Myofib",13,"KCNK2",15.3846153846154,0.147879264756686
"SF2","SF","1","Myofib",13,"KCNK4",0,0
"SF2","SF","1","Myofib",13,"TMEM63A",0,0
"SF2","SF","1","Myofib",13,"TMEM150C",0,0
"SF2","SF","1","Myofib",13,"P2RX4",7.69230769230769,0.0440409691750575
"SF2","SF","1","Myofib",13,"P2RX7",23.0769230769231,0.336688359625103
"SF2","SF","1","Myofib",13,"PDPN",23.0769230769231,0.326752102384697
"SF2","SF","1","Myofib",13,"SCX",30.7692307692308,0.473644497669187
"SF2","SF","1","Myofib",13,"FAP",84.6153846153846,1.22346251711851
"SF2","SF","1","Myofib",13,"POSTN",100,3.59611025357766
"SF2","SF","1","Myofib",13,"PDGFRA",7.69230769230769,0.0985326393327581
"SF2","SF","1","Myofib",13,"APOD",0,0
"DD1","DD","1","Myofib",106,"CNN1",16.9811320754717,0.179948637235932
"DD1","DD","1","Myofib",106,"ITGA8",22.6415094339623,0.209705563316146
"DD1","DD","1","Myofib",106,"TAGLN",58.4905660377358,1.39630369793283
"DD1","DD","1","Myofib",106,"ACTA2",36.7924528301887,0.680792458456591
"DD1","DD","1","Myofib",106,"TPM1",84.9056603773585,1.80235841964406
"DD1","DD","1","Myofib",106,"TPM2",75.4716981132076,1.24532555199148
"DD1","DD","1","Myofib",106,"ITGB1",92.4528301886792,2.10848694345146
"DD1","DD","1","Myofib",106,"ITGAV",58.4905660377358,0.699552354544925
"DD1","DD","1","Myofib",106,"BCAR1",27.3584905660377,0.264724469075444
"DD1","DD","1","Myofib",106,"PIEZO2",32.0754716981132,0.407655930221027
"DD1","DD","1","Myofib",106,"TEAD2",20.7547169811321,0.153160960106653
"DD1","DD","1","Myofib",106,"LIMK1",12.2641509433962,0.125535771182041
"DD1","DD","1","Myofib",106,"CNN2",46.2264150943396,0.463977232087749
"DD1","DD","1","Myofib",106,"TEAD3",4.71698113207547,0.0370739792752075
"DD1","DD","1","Myofib",106,"PFN1",95.2830188679245,2.32834495685233
"DD1","DD","1","Myofib",106,"CFL1",92.4528301886792,2.31188999804774
"DD1","DD","1","Myofib",106,"TMEM63B",11.3207547169811,0.0907280505639885
"DD1","DD","1","Myofib",106,"ITGA5",30.188679245283,0.264185720882443
"DD1","DD","1","Myofib",106,"MYLK",24.5283018867925,0.270756755396024
"DD1","DD","1","Myofib",106,"ILK",72.6415094339623,1.12197534108545
"DD1","DD","1","Myofib",106,"MYL9",82.0754716981132,1.52020786525379
"DD1","DD","1","Myofib",106,"NF2",21.6981132075472,0.182536722433242
"DD1","DD","1","Myofib",106,"PARVA",42.4528301886792,0.51027639985003
"DD1","DD","1","Myofib",106,"PKD2",30.188679245283,0.267043820047375
"DD1","DD","1","Myofib",106,"VCL",38.6792452830189,0.407361620184143
"DD1","DD","1","Myofib",106,"TEAD4",5.66037735849057,0.0457183306499967
"DD1","DD","1","Myofib",106,"ITGA2",5.66037735849057,0.0819532302601702
"DD1","DD","1","Myofib",106,"WWTR1",38.6792452830189,0.351512577061309
"DD1","DD","1","Myofib",106,"FLNA",65.0943396226415,0.831800887408927
"DD1","DD","1","Myofib",106,"PANX1",10.377358490566,0.0704415242460663
"DD1","DD","1","Myofib",106,"TEAD1",19.811320754717,0.166584571624774
"DD1","DD","1","Myofib",106,"CDC42",80.188679245283,1.28683774746481
"DD1","DD","1","Myofib",106,"FERMT2",45.2830188679245,0.479651686430935
"DD1","DD","1","Myofib",106,"TLN1",37.7358490566038,0.387902813480552
"DD1","DD","1","Myofib",106,"PKD1",25.4716981132075,0.267410242004407
"DD1","DD","1","Myofib",106,"TLN2",15.0943396226415,0.111832490420086
"DD1","DD","1","Myofib",106,"RAC1",83.9622641509434,1.57156554205365
"DD1","DD","1","Myofib",106,"YAP1",27.3584905660377,0.225712893900058
"DD1","DD","1","Myofib",106,"PIEZO1",15.0943396226415,0.157279581091926
"DD1","DD","1","Myofib",106,"TRPV4",2.83018867924528,0.0233297496036227
"DD1","DD","1","Myofib",106,"TRPA1",0,0
"DD1","DD","1","Myofib",106,"TRPC1",3.77358490566038,0.032525075274664
"DD1","DD","1","Myofib",106,"TRPC3",0,0
"DD1","DD","1","Myofib",106,"TRPC6",0,0
"DD1","DD","1","Myofib",106,"ASIC1",0.943396226415094,0.00374152281279061
"DD1","DD","1","Myofib",106,"ASIC2",0,0
"DD1","DD","1","Myofib",106,"ASIC3",0,0
"DD1","DD","1","Myofib",106,"KCNK2",2.83018867924528,0.0177590022802172
"DD1","DD","1","Myofib",106,"KCNK4",0.943396226415094,0.00743980884004796
"DD1","DD","1","Myofib",106,"TMEM63A",0.943396226415094,0.00444648094161184
"DD1","DD","1","Myofib",106,"TMEM150C",6.60377358490566,0.0501744639662339
"DD1","DD","1","Myofib",106,"P2RX4",13.2075471698113,0.0995166158125054
"DD1","DD","1","Myofib",106,"P2RX7",0.943396226415094,0.00473272915494813
"DD1","DD","1","Myofib",106,"PDPN",58.4905660377358,0.853475023275933
"DD1","DD","1","Myofib",106,"SCX",49.0566037735849,0.684960875591181
"DD1","DD","1","Myofib",106,"FAP",83.0188679245283,1.35885531418019
"DD1","DD","1","Myofib",106,"POSTN",71.6981132075472,2.78528757000851
"DD1","DD","1","Myofib",106,"PDGFRA",33.9622641509434,0.346375973917455
"DD1","DD","1","Myofib",106,"APOD",1.88679245283019,0.0101262553840614
"DD2","DD","1","Myofib",2216,"CNN1",26.8501805054152,0.218415675987764
"DD2","DD","1","Myofib",2216,"ITGA8",46.3898916967509,0.397455313518269
"DD2","DD","1","Myofib",2216,"TAGLN",87.1389891696751,2.21641586912946
"DD2","DD","1","Myofib",2216,"ACTA2",64.0794223826715,0.765102265073242
"DD2","DD","1","Myofib",2216,"TPM1",95.8935018050541,2.21316466556842
"DD2","DD","1","Myofib",2216,"TPM2",91.3357400722022,1.62664814735953
"DD2","DD","1","Myofib",2216,"ITGB1",98.6462093862816,2.60786034174384
"DD2","DD","1","Myofib",2216,"ITGAV",81.2274368231047,1.00183831983757
"DD2","DD","1","Myofib",2216,"BCAR1",41.7418772563177,0.328670175325909
"DD2","DD","1","Myofib",2216,"PIEZO2",27.7527075812274,0.225328033866692
"DD2","DD","1","Myofib",2216,"TEAD2",34.5667870036101,0.264368738675327
"DD2","DD","1","Myofib",2216,"LIMK1",27.7075812274368,0.210821994182892
"DD2","DD","1","Myofib",2216,"CNN2",56.3176895306859,0.518917595481804
"DD2","DD","1","Myofib",2216,"TEAD3",16.3357400722022,0.109674484805837
"DD2","DD","1","Myofib",2216,"PFN1",98.2851985559567,2.42020540797203
"DD2","DD","1","Myofib",2216,"CFL1",98.4657039711191,2.52131064450579
"DD2","DD","1","Myofib",2216,"TMEM63B",17.057761732852,0.122855514438063
"DD2","DD","1","Myofib",2216,"ITGA5",52.6173285198556,0.453268039413629
"DD2","DD","1","Myofib",2216,"MYLK",16.7870036101083,0.12166412426264
"DD2","DD","1","Myofib",2216,"ILK",83.2129963898917,0.998627462155258
"DD2","DD","1","Myofib",2216,"MYL9",90.5685920577617,1.51414742555879
"DD2","DD","1","Myofib",2216,"NF2",27.3014440433213,0.198078830547154
"DD2","DD","1","Myofib",2216,"PARVA",68.4115523465704,0.653471556623998
"DD2","DD","1","Myofib",2216,"PKD2",33.3935018050542,0.255462661319164
"DD2","DD","1","Myofib",2216,"VCL",61.0108303249097,0.557579342080789
"DD2","DD","1","Myofib",2216,"TEAD4",8.61913357400722,0.0628529464668156
"DD2","DD","1","Myofib",2216,"ITGA2",3.88086642599278,0.0275092044323062
"DD2","DD","1","Myofib",2216,"WWTR1",61.6425992779783,0.571605661910267
"DD2","DD","1","Myofib",2216,"FLNA",86.3267148014441,1.10510483847158
"DD2","DD","1","Myofib",2216,"PANX1",14.2599277978339,0.0992518952267684
"DD2","DD","1","Myofib",2216,"TEAD1",26.2184115523466,0.194078842316623
"DD2","DD","1","Myofib",2216,"CDC42",88.1768953068592,1.19051448565394
"DD2","DD","1","Myofib",2216,"FERMT2",62.1841155234657,0.584608118990113
"DD2","DD","1","Myofib",2216,"TLN1",61.0559566787004,0.566461680813647
"DD2","DD","1","Myofib",2216,"PKD1",41.7418772563177,0.339880552382422
"DD2","DD","1","Myofib",2216,"TLN2",18.5018050541516,0.132110324111638
"DD2","DD","1","Myofib",2216,"RAC1",96.8862815884477,1.77207485417984
"DD2","DD","1","Myofib",2216,"YAP1",31.4079422382672,0.22855069683028
"DD2","DD","1","Myofib",2216,"PIEZO1",7.98736462093863,0.046892739037617
"DD2","DD","1","Myofib",2216,"TRPV4",3.11371841155235,0.0200609739797922
"DD2","DD","1","Myofib",2216,"TRPA1",0,0
"DD2","DD","1","Myofib",2216,"TRPC1",3.88086642599278,0.0244676082486101
"DD2","DD","1","Myofib",2216,"TRPC3",0.586642599277978,0.00434217118844375
"DD2","DD","1","Myofib",2216,"TRPC6",0.270758122743682,0.00209351521238982
"DD2","DD","1","Myofib",2216,"ASIC1",3.2942238267148,0.0196823850231678
"DD2","DD","1","Myofib",2216,"ASIC2",0.180505415162455,0.000884454442621589
"DD2","DD","1","Myofib",2216,"ASIC3",0.541516245487365,0.00397196024589905
"DD2","DD","1","Myofib",2216,"KCNK2",1.26353790613718,0.00922105979605866
"DD2","DD","1","Myofib",2216,"KCNK4",0.631768953068592,0.00377727180964449
"DD2","DD","1","Myofib",2216,"TMEM63A",6.36281588447653,0.0403319569025844
"DD2","DD","1","Myofib",2216,"TMEM150C",2.48194945848375,0.015975696752276
"DD2","DD","1","Myofib",2216,"P2RX4",16.8321299638989,0.118442979061586
"DD2","DD","1","Myofib",2216,"P2RX7",1.26353790613718,0.00620697325662675
"DD2","DD","1","Myofib",2216,"PDPN",88.9891696750903,1.27170051146365
"DD2","DD","1","Myofib",2216,"SCX",91.8321299638989,1.95688388721389
"DD2","DD","1","Myofib",2216,"FAP",77.2111913357401,0.900404464936146
"DD2","DD","1","Myofib",2216,"POSTN",98.8718411552346,4.4527603442963
"DD2","DD","1","Myofib",2216,"PDGFRA",33.7996389891697,0.268319966608135
"DD2","DD","1","Myofib",2216,"APOD",1.85018050541516,0.0182442015194585
"DD3","DD","1","Myofib",1640,"CNN1",20.1219512195122,0.151763498318307
"DD3","DD","1","Myofib",1640,"ITGA8",36.6463414634146,0.352125815040662
"DD3","DD","1","Myofib",1640,"TAGLN",90.9146341463415,2.66257326439464
"DD3","DD","1","Myofib",1640,"ACTA2",62.6829268292683,0.860789762749994
"DD3","DD","1","Myofib",1640,"TPM1",93.4756097560976,2.17271676126028
"DD3","DD","1","Myofib",1640,"TPM2",84.0243902439024,1.43378187977112
"DD3","DD","1","Myofib",1640,"ITGB1",97.6219512195122,2.77403630120922
"DD3","DD","1","Myofib",1640,"ITGAV",67.8048780487805,0.857927109220861
"DD3","DD","1","Myofib",1640,"BCAR1",49.2682926829268,0.448607136802284
"DD3","DD","1","Myofib",1640,"PIEZO2",25.6707317073171,0.240064051198511
"DD3","DD","1","Myofib",1640,"TEAD2",24.390243902439,0.205473094735736
"DD3","DD","1","Myofib",1640,"LIMK1",16.7073170731707,0.129077670782255
"DD3","DD","1","Myofib",1640,"CNN2",34.8780487804878,0.312009473080187
"DD3","DD","1","Myofib",1640,"TEAD3",11.6463414634146,0.0939918188585327
"DD3","DD","1","Myofib",1640,"PFN1",95.7317073170732,2.31896388473198
"DD3","DD","1","Myofib",1640,"CFL1",94.8780487804878,2.30741756153776
"DD3","DD","1","Myofib",1640,"TMEM63B",18.719512195122,0.158493925477279
"DD3","DD","1","Myofib",1640,"ITGA5",43.109756097561,0.385229503173021
"DD3","DD","1","Myofib",1640,"MYLK",29.5121951219512,0.286223032344689
"DD3","DD","1","Myofib",1640,"ILK",78.3536585365854,1.09437038978703
"DD3","DD","1","Myofib",1640,"MYL9",90.2439024390244,1.6907294110592
"DD3","DD","1","Myofib",1640,"NF2",20.9756097560976,0.171300835044427
"DD3","DD","1","Myofib",1640,"PARVA",57.5609756097561,0.611520026287681
"DD3","DD","1","Myofib",1640,"PKD2",39.2073170731707,0.348815622405618
"DD3","DD","1","Myofib",1640,"VCL",44.6341463414634,0.403148008997126
"DD3","DD","1","Myofib",1640,"TEAD4",3.71951219512195,0.0274849545273546
"DD3","DD","1","Myofib",1640,"ITGA2",8.96341463414634,0.0805288825058021
"DD3","DD","1","Myofib",1640,"WWTR1",40.7926829268293,0.374937904808986
"DD3","DD","1","Myofib",1640,"FLNA",72.3170731707317,0.905183207354518
"DD3","DD","1","Myofib",1640,"PANX1",9.63414634146342,0.0731344409860543
"DD3","DD","1","Myofib",1640,"TEAD1",26.0975609756098,0.226163305065351
"DD3","DD","1","Myofib",1640,"CDC42",84.9390243902439,1.36830214194361
"DD3","DD","1","Myofib",1640,"FERMT2",57.0121951219512,0.589317191279707
"DD3","DD","1","Myofib",1640,"TLN1",56.1585365853659,0.571771999789502
"DD3","DD","1","Myofib",1640,"PKD1",33.4756097560976,0.316203313698488
"DD3","DD","1","Myofib",1640,"TLN2",11.5853658536585,0.0901520465005725
"DD3","DD","1","Myofib",1640,"RAC1",92.0731707317073,1.81057732530064
"DD3","DD","1","Myofib",1640,"YAP1",27.8658536585366,0.24232021982489
"DD3","DD","1","Myofib",1640,"PIEZO1",8.47560975609756,0.0779534096271388
"DD3","DD","1","Myofib",1640,"TRPV4",2.4390243902439,0.0123340557375179
"DD3","DD","1","Myofib",1640,"TRPA1",0,0
"DD3","DD","1","Myofib",1640,"TRPC1",5.36585365853659,0.0413475541384897
"DD3","DD","1","Myofib",1640,"TRPC3",0.365853658536585,0.00227945749326413
"DD3","DD","1","Myofib",1640,"TRPC6",0.182926829268293,0.00128334377901558
"DD3","DD","1","Myofib",1640,"ASIC1",1.46341463414634,0.00795740793146607
"DD3","DD","1","Myofib",1640,"ASIC2",0.121951219512195,0.000722330889683212
"DD3","DD","1","Myofib",1640,"ASIC3",0.182926829268293,0.0012325516094407
"DD3","DD","1","Myofib",1640,"KCNK2",2.68292682926829,0.0198404285393754
"DD3","DD","1","Myofib",1640,"KCNK4",0.304878048780488,0.00197947844780154
"DD3","DD","1","Myofib",1640,"TMEM63A",5.30487804878049,0.0365343062283963
"DD3","DD","1","Myofib",1640,"TMEM150C",4.02439024390244,0.0291154527324319
"DD3","DD","1","Myofib",1640,"P2RX4",13.1707317073171,0.100357670302049
"DD3","DD","1","Myofib",1640,"P2RX7",1.03658536585366,0.00897988541558387
"DD3","DD","1","Myofib",1640,"PDPN",80.1219512195122,1.28380397060603
"DD3","DD","1","Myofib",1640,"SCX",73.3536585365854,1.25209852698722
"DD3","DD","1","Myofib",1640,"FAP",70.4268292682927,0.96034593880573
"DD3","DD","1","Myofib",1640,"POSTN",92.0731707317073,4.23037738012447
"DD3","DD","1","Myofib",1640,"PDGFRA",36.6463414634146,0.342394726128432
"DD3","DD","1","Myofib",1640,"APOD",0.731707317073171,0.00936833756777979
"Dermis1","Dermis","2","VSMC",862,"CNN1",46.6357308584687,0.849859853308663
"Dermis1","Dermis","2","VSMC",862,"ITGA8",13.2250580046404,0.212375389484004
"Dermis1","Dermis","2","VSMC",862,"TAGLN",99.6519721577726,4.30197028515853
"Dermis1","Dermis","2","VSMC",862,"ACTA2",99.0719257540603,4.42275674907168
"Dermis1","Dermis","2","VSMC",862,"TPM1",86.3109048723898,2.24963185236001
"Dermis1","Dermis","2","VSMC",862,"TPM2",98.0278422273782,3.39725999655609
"Dermis1","Dermis","2","VSMC",862,"ITGB1",67.6334106728538,1.31507686799075
"Dermis1","Dermis","2","VSMC",862,"ITGAV",4.52436194895592,0.073541989274902
"Dermis1","Dermis","2","VSMC",862,"BCAR1",10.7888631090487,0.163602526064083
"Dermis1","Dermis","2","VSMC",862,"PIEZO2",0,0
"Dermis1","Dermis","2","VSMC",862,"TEAD2",5.91647331786543,0.0890901612787339
"Dermis1","Dermis","2","VSMC",862,"LIMK1",0.696055684454756,0.0112420664090035
"Dermis1","Dermis","2","VSMC",862,"CNN2",22.6218097447796,0.361905966170853
"Dermis1","Dermis","2","VSMC",862,"TEAD3",8.12064965197216,0.125703525840041
"Dermis1","Dermis","2","VSMC",862,"PFN1",87.0069605568445,2.06656868346733
"Dermis1","Dermis","2","VSMC",862,"CFL1",85.9628770301624,1.99147501211925
"Dermis1","Dermis","2","VSMC",862,"TMEM63B",2.20417633410673,0.0316481933306527
"Dermis1","Dermis","2","VSMC",862,"ITGA5",1.74013921113689,0.0255237806028755
"Dermis1","Dermis","2","VSMC",862,"MYLK",70.0696055684455,1.4751056076261
"Dermis1","Dermis","2","VSMC",862,"ILK",47.9118329466357,0.836344886917098
"Dermis1","Dermis","2","VSMC",862,"MYL9",99.1879350348028,3.84530177515883
"Dermis1","Dermis","2","VSMC",862,"NF2",3.48027842227378,0.0532427340070361
"Dermis1","Dermis","2","VSMC",862,"PARVA",5.33642691415313,0.0798401128898778
"Dermis1","Dermis","2","VSMC",862,"PKD2",4.87238979118329,0.0757649701865431
"Dermis1","Dermis","2","VSMC",862,"VCL",19.3735498839907,0.305218298776193
"Dermis1","Dermis","2","VSMC",862,"TEAD4",0.812064965197216,0.0122717271707423
"Dermis1","Dermis","2","VSMC",862,"ITGA2",0.116009280742459,0.000838275389577055
"Dermis1","Dermis","2","VSMC",862,"WWTR1",6.14849187935035,0.0927750357152992
"Dermis1","Dermis","2","VSMC",862,"FLNA",59.6287703016241,1.17632480133559
"Dermis1","Dermis","2","VSMC",862,"PANX1",1.62412993039443,0.0225434175508045
"Dermis1","Dermis","2","VSMC",862,"TEAD1",1.04408352668213,0.0137539672069801
"Dermis1","Dermis","2","VSMC",862,"CDC42",50,0.867575615845851
"Dermis1","Dermis","2","VSMC",862,"FERMT2",18.7935034802784,0.290282195988541
"Dermis1","Dermis","2","VSMC",862,"TLN1",29.5823665893271,0.494578660298118
"Dermis1","Dermis","2","VSMC",862,"PKD1",6.14849187935035,0.0895439331293794
"Dermis1","Dermis","2","VSMC",862,"TLN2",0.348027842227378,0.00423987019808032
"Dermis1","Dermis","2","VSMC",862,"RAC1",72.2737819025522,1.43235599323019
"Dermis1","Dermis","2","VSMC",862,"YAP1",7.54060324825986,0.116970486712116
"Dermis1","Dermis","2","VSMC",862,"PIEZO1",0.232018561484919,0.00226905841314914
"Dermis1","Dermis","2","VSMC",862,"TRPV4",0.232018561484919,0.00364219473225947
"Dermis1","Dermis","2","VSMC",862,"TRPA1",0,0
"Dermis1","Dermis","2","VSMC",862,"TRPC1",0.696055684454756,0.0120167392338931
"Dermis1","Dermis","2","VSMC",862,"TRPC3",0.232018561484919,0.00364470921134977
"Dermis1","Dermis","2","VSMC",862,"TRPC6",4.40835266821346,0.0660506910477048
"Dermis1","Dermis","2","VSMC",862,"ASIC1",0,0
"Dermis1","Dermis","2","VSMC",862,"ASIC2",0,0
"Dermis1","Dermis","2","VSMC",862,"ASIC3",0.116009280742459,0.00162909951229456
"Dermis1","Dermis","2","VSMC",862,"KCNK2",0,0
"Dermis1","Dermis","2","VSMC",862,"KCNK4",0.116009280742459,0.00168441806292723
"Dermis1","Dermis","2","VSMC",862,"TMEM63A",2.08816705336427,0.0293234581361504
"Dermis1","Dermis","2","VSMC",862,"TMEM150C",0,0
"Dermis1","Dermis","2","VSMC",862,"P2RX4",3.59628770301624,0.056330970539207
"Dermis1","Dermis","2","VSMC",862,"P2RX7",1.04408352668213,0.0153586789892816
"Dermis1","Dermis","2","VSMC",862,"PDPN",0.116009280742459,0.00112506139119508
"Dermis1","Dermis","2","VSMC",862,"SCX",0.464037122969838,0.00709449816066049
"Dermis1","Dermis","2","VSMC",862,"FAP",0,0
"Dermis1","Dermis","2","VSMC",862,"POSTN",0.116009280742459,0.00319109791418848
"Dermis1","Dermis","2","VSMC",862,"PDGFRA",0.812064965197216,0.0090211773904643
"Dermis1","Dermis","2","VSMC",862,"APOD",6.84454756380511,0.0768060752653626
"Dermis2","Dermis","2","VSMC",171,"CNN1",45.6140350877193,0.993761432504487
"Dermis2","Dermis","2","VSMC",171,"ITGA8",16.374269005848,0.291111604980771
"Dermis2","Dermis","2","VSMC",171,"TAGLN",98.8304093567251,4.07163752962336
"Dermis2","Dermis","2","VSMC",171,"ACTA2",99.4152046783626,4.22129330337151
"Dermis2","Dermis","2","VSMC",171,"TPM1",80.1169590643275,2.09051717895592
"Dermis2","Dermis","2","VSMC",171,"TPM2",86.5497076023392,2.87787517595533
"Dermis2","Dermis","2","VSMC",171,"ITGB1",60.233918128655,1.3043677975724
"Dermis2","Dermis","2","VSMC",171,"ITGAV",2.33918128654971,0.0423224598758605
"Dermis2","Dermis","2","VSMC",171,"BCAR1",9.35672514619883,0.158637774899673
"Dermis2","Dermis","2","VSMC",171,"PIEZO2",0,0
"Dermis2","Dermis","2","VSMC",171,"TEAD2",1.16959064327485,0.017744102833118
"Dermis2","Dermis","2","VSMC",171,"LIMK1",0.584795321637427,0.00723840362438725
"Dermis2","Dermis","2","VSMC",171,"CNN2",11.6959064327485,0.20737434330345
"Dermis2","Dermis","2","VSMC",171,"TEAD3",4.67836257309941,0.0800952714296166
"Dermis2","Dermis","2","VSMC",171,"PFN1",73.0994152046784,1.68402425069047
"Dermis2","Dermis","2","VSMC",171,"CFL1",67.2514619883041,1.4309567813658
"Dermis2","Dermis","2","VSMC",171,"TMEM63B",1.75438596491228,0.0282635883733601
"Dermis2","Dermis","2","VSMC",171,"ITGA5",0.584795321637427,0.00806177060903117
"Dermis2","Dermis","2","VSMC",171,"MYLK",74.8538011695906,1.65214756591017
"Dermis2","Dermis","2","VSMC",171,"ILK",39.766081871345,0.767526952446562
"Dermis2","Dermis","2","VSMC",171,"MYL9",97.6608187134503,3.7275032872682
"Dermis2","Dermis","2","VSMC",171,"NF2",5.84795321637427,0.0963558109448333
"Dermis2","Dermis","2","VSMC",171,"PARVA",2.92397660818713,0.04322746563456
"Dermis2","Dermis","2","VSMC",171,"PKD2",6.4327485380117,0.102329080599194
"Dermis2","Dermis","2","VSMC",171,"VCL",18.1286549707602,0.32735204705155
"Dermis2","Dermis","2","VSMC",171,"TEAD4",0,0
"Dermis2","Dermis","2","VSMC",171,"ITGA2",1.75438596491228,0.0272246734343761
"Dermis2","Dermis","2","VSMC",171,"WWTR1",10.5263157894737,0.182380397321983
"Dermis2","Dermis","2","VSMC",171,"FLNA",60.8187134502924,1.35277689244458
"Dermis2","Dermis","2","VSMC",171,"PANX1",0,0
"Dermis2","Dermis","2","VSMC",171,"TEAD1",2.33918128654971,0.0404901925587116
"Dermis2","Dermis","2","VSMC",171,"CDC42",61.4035087719298,1.227040996968
"Dermis2","Dermis","2","VSMC",171,"FERMT2",21.6374269005848,0.391779976712897
"Dermis2","Dermis","2","VSMC",171,"TLN1",49.7076023391813,0.966672825538057
"Dermis2","Dermis","2","VSMC",171,"PKD1",5.84795321637427,0.0976092838859718
"Dermis2","Dermis","2","VSMC",171,"TLN2",0.584795321637427,0.00874457716454212
"Dermis2","Dermis","2","VSMC",171,"RAC1",57.8947368421053,1.12238226463826
"Dermis2","Dermis","2","VSMC",171,"YAP1",10.5263157894737,0.196398637856772
"Dermis2","Dermis","2","VSMC",171,"PIEZO1",0,0
"Dermis2","Dermis","2","VSMC",171,"TRPV4",0,0
"Dermis2","Dermis","2","VSMC",171,"TRPA1",0,0
"Dermis2","Dermis","2","VSMC",171,"TRPC1",2.33918128654971,0.0420983614446471
"Dermis2","Dermis","2","VSMC",171,"TRPC3",1.16959064327485,0.020296766792019
"Dermis2","Dermis","2","VSMC",171,"TRPC6",5.26315789473684,0.0872392203320412
"Dermis2","Dermis","2","VSMC",171,"ASIC1",0,0
"Dermis2","Dermis","2","VSMC",171,"ASIC2",0,0
"Dermis2","Dermis","2","VSMC",171,"ASIC3",0,0
"Dermis2","Dermis","2","VSMC",171,"KCNK2",0,0
"Dermis2","Dermis","2","VSMC",171,"KCNK4",0,0
"Dermis2","Dermis","2","VSMC",171,"TMEM63A",3.50877192982456,0.0613118256320856
"Dermis2","Dermis","2","VSMC",171,"TMEM150C",0.584795321637427,0.00970307943546116
"Dermis2","Dermis","2","VSMC",171,"P2RX4",3.50877192982456,0.0717219355493778
"Dermis2","Dermis","2","VSMC",171,"P2RX7",0,0
"Dermis2","Dermis","2","VSMC",171,"PDPN",0,0
"Dermis2","Dermis","2","VSMC",171,"SCX",0.584795321637427,0.00954928016089574
"Dermis2","Dermis","2","VSMC",171,"FAP",0,0
"Dermis2","Dermis","2","VSMC",171,"POSTN",2.92397660818713,0.0310432177256782
"Dermis2","Dermis","2","VSMC",171,"PDGFRA",0,0
"Dermis2","Dermis","2","VSMC",171,"APOD",4.09356725146199,0.029231512130429
"Dermis3","Dermis","2","VSMC",652,"CNN1",50.3067484662577,0.883838858002938
"Dermis3","Dermis","2","VSMC",652,"ITGA8",27.6073619631902,0.4084362290633
"Dermis3","Dermis","2","VSMC",652,"TAGLN",99.3865030674847,4.46806908521945
"Dermis3","Dermis","2","VSMC",652,"ACTA2",99.5398773006135,4.58525146874896
"Dermis3","Dermis","2","VSMC",652,"TPM1",88.3435582822086,2.25485037163873
"Dermis3","Dermis","2","VSMC",652,"TPM2",97.3926380368098,3.4175146315731
"Dermis3","Dermis","2","VSMC",652,"ITGB1",81.7484662576687,1.654989658207
"Dermis3","Dermis","2","VSMC",652,"ITGAV",6.90184049079755,0.0992068335658083
"Dermis3","Dermis","2","VSMC",652,"BCAR1",12.7300613496932,0.176603252388453
"Dermis3","Dermis","2","VSMC",652,"PIEZO2",0,0
"Dermis3","Dermis","2","VSMC",652,"TEAD2",8.74233128834356,0.119538237922402
"Dermis3","Dermis","2","VSMC",652,"LIMK1",0.153374233128834,0.00257391473576182
"Dermis3","Dermis","2","VSMC",652,"CNN2",15.0306748466258,0.212149778623722
"Dermis3","Dermis","2","VSMC",652,"TEAD3",9.50920245398773,0.13089872232005
"Dermis3","Dermis","2","VSMC",652,"PFN1",91.1042944785276,2.2408425684651
"Dermis3","Dermis","2","VSMC",652,"CFL1",85.2760736196319,1.84674753562864
"Dermis3","Dermis","2","VSMC",652,"TMEM63B",2.14723926380368,0.026775348403778
"Dermis3","Dermis","2","VSMC",652,"ITGA5",1.99386503067485,0.0268751995327649
"Dermis3","Dermis","2","VSMC",652,"MYLK",82.6687116564417,1.77574736099648
"Dermis3","Dermis","2","VSMC",652,"ILK",65.3374233128834,1.11738683981532
"Dermis3","Dermis","2","VSMC",652,"MYL9",99.5398773006135,3.97877754980257
"Dermis3","Dermis","2","VSMC",652,"NF2",6.13496932515337,0.0855617820586898
"Dermis3","Dermis","2","VSMC",652,"PARVA",10.4294478527607,0.148202550398213
"Dermis3","Dermis","2","VSMC",652,"PKD2",7.66871165644172,0.103445564592661
"Dermis3","Dermis","2","VSMC",652,"VCL",30.3680981595092,0.469722561727462
"Dermis3","Dermis","2","VSMC",652,"TEAD4",1.07361963190184,0.0119732582472457
"Dermis3","Dermis","2","VSMC",652,"ITGA2",0.766871165644172,0.0106055430079986
"Dermis3","Dermis","2","VSMC",652,"WWTR1",9.8159509202454,0.138434672064316
"Dermis3","Dermis","2","VSMC",652,"FLNA",75.7668711656442,1.57897351031927
"Dermis3","Dermis","2","VSMC",652,"PANX1",1.22699386503067,0.0134773653863305
"Dermis3","Dermis","2","VSMC",652,"TEAD1",3.06748466257669,0.0455493114042131
"Dermis3","Dermis","2","VSMC",652,"CDC42",64.8773006134969,1.11942881160181
"Dermis3","Dermis","2","VSMC",652,"FERMT2",24.079754601227,0.357087396895759
"Dermis3","Dermis","2","VSMC",652,"TLN1",47.3926380368098,0.769515512792607
"Dermis3","Dermis","2","VSMC",652,"PKD1",6.28834355828221,0.0888210691999684
"Dermis3","Dermis","2","VSMC",652,"TLN2",1.22699386503067,0.0160829392009653
"Dermis3","Dermis","2","VSMC",652,"RAC1",77.9141104294479,1.47054283123993
"Dermis3","Dermis","2","VSMC",652,"YAP1",12.4233128834356,0.182946608888238
"Dermis3","Dermis","2","VSMC",652,"PIEZO1",0.306748466257669,0.00375381660798615
"Dermis3","Dermis","2","VSMC",652,"TRPV4",0.306748466257669,0.00438447281499488
"Dermis3","Dermis","2","VSMC",652,"TRPA1",0,0
"Dermis3","Dermis","2","VSMC",652,"TRPC1",3.68098159509202,0.0511254064230386
"Dermis3","Dermis","2","VSMC",652,"TRPC3",1.53374233128834,0.0195448473475936
"Dermis3","Dermis","2","VSMC",652,"TRPC6",6.74846625766871,0.093047184425838
"Dermis3","Dermis","2","VSMC",652,"ASIC1",0,0
"Dermis3","Dermis","2","VSMC",652,"ASIC2",0,0
"Dermis3","Dermis","2","VSMC",652,"ASIC3",0,0
"Dermis3","Dermis","2","VSMC",652,"KCNK2",0,0
"Dermis3","Dermis","2","VSMC",652,"KCNK4",0,0
"Dermis3","Dermis","2","VSMC",652,"TMEM63A",3.22085889570552,0.0402513445237648
"Dermis3","Dermis","2","VSMC",652,"TMEM150C",0,0
"Dermis3","Dermis","2","VSMC",652,"P2RX4",2.76073619631902,0.0365459033311034
"Dermis3","Dermis","2","VSMC",652,"P2RX7",1.68711656441718,0.0207732632211599
"Dermis3","Dermis","2","VSMC",652,"PDPN",0,0
"Dermis3","Dermis","2","VSMC",652,"SCX",0.306748466257669,0.00394838126314048
"Dermis3","Dermis","2","VSMC",652,"FAP",0.306748466257669,0.00378111389931974
"Dermis3","Dermis","2","VSMC",652,"POSTN",0,0
"Dermis3","Dermis","2","VSMC",652,"PDGFRA",0.153374233128834,0.00155440312858541
"Dermis3","Dermis","2","VSMC",652,"APOD",0.306748466257669,0.00337279868102991
"SF1","SF","2","VSMC",367,"CNN1",68.1198910081744,1.21688356197718
"SF1","SF","2","VSMC",367,"ITGA8",31.0626702997275,0.396551849153645
"SF1","SF","2","VSMC",367,"TAGLN",100,4.47382568394304
"SF1","SF","2","VSMC",367,"ACTA2",99.1825613079019,4.06318377242213
"SF1","SF","2","VSMC",367,"TPM1",92.0980926430518,2.08358120792762
"SF1","SF","2","VSMC",367,"TPM2",98.9100817438692,3.39464906640517
"SF1","SF","2","VSMC",367,"ITGB1",74.1144414168937,1.19824757076989
"SF1","SF","2","VSMC",367,"ITGAV",4.63215258855586,0.0522409533672926
"SF1","SF","2","VSMC",367,"BCAR1",7.08446866485014,0.0798396933120089
"SF1","SF","2","VSMC",367,"PIEZO2",0,0
"SF1","SF","2","VSMC",367,"TEAD2",11.9891008174387,0.141861497010665
"SF1","SF","2","VSMC",367,"LIMK1",0,0
"SF1","SF","2","VSMC",367,"CNN2",43.8692098092643,0.567704758233018
"SF1","SF","2","VSMC",367,"TEAD3",9.26430517711172,0.106938144343535
"SF1","SF","2","VSMC",367,"PFN1",93.1880108991826,2.13801826561165
"SF1","SF","2","VSMC",367,"CFL1",92.3705722070845,1.90563831673864
"SF1","SF","2","VSMC",367,"TMEM63B",2.45231607629428,0.0319571970687396
"SF1","SF","2","VSMC",367,"ITGA5",0.544959128065395,0.0018394205952988
"SF1","SF","2","VSMC",367,"MYLK",69.4822888283379,1.12458784540364
"SF1","SF","2","VSMC",367,"ILK",59.1280653950954,0.802155905367805
"SF1","SF","2","VSMC",367,"MYL9",100,4.08489777267152
"SF1","SF","2","VSMC",367,"NF2",5.17711171662125,0.062219409559054
"SF1","SF","2","VSMC",367,"PARVA",10.8991825613079,0.124945269483614
"SF1","SF","2","VSMC",367,"PKD2",10.3542234332425,0.117842110789959
"SF1","SF","2","VSMC",367,"VCL",28.0653950953678,0.346929004059333
"SF1","SF","2","VSMC",367,"TEAD4",2.72479564032698,0.0303204008953843
"SF1","SF","2","VSMC",367,"ITGA2",0.544959128065395,0.00503707281528894
"SF1","SF","2","VSMC",367,"WWTR1",8.71934604904632,0.0959573660692426
"SF1","SF","2","VSMC",367,"FLNA",74.6594005449591,1.29120563282406
"SF1","SF","2","VSMC",367,"PANX1",1.63487738419619,0.0182014772589289
"SF1","SF","2","VSMC",367,"TEAD1",1.08991825613079,0.0101177617487303
"SF1","SF","2","VSMC",367,"CDC42",66.4850136239782,0.980965560252601
"SF1","SF","2","VSMC",367,"FERMT2",30.7901907356948,0.381222552785761
"SF1","SF","2","VSMC",367,"TLN1",50.9536784741144,0.684571805972875
"SF1","SF","2","VSMC",367,"PKD1",3.81471389645777,0.0441176488841817
"SF1","SF","2","VSMC",367,"TLN2",1.90735694822888,0.016882499450395
"SF1","SF","2","VSMC",367,"RAC1",80.1089918256131,1.28365332711478
"SF1","SF","2","VSMC",367,"YAP1",6.53950953678474,0.0724008227140656
"SF1","SF","2","VSMC",367,"PIEZO1",0.544959128065395,0.00608738916345582
"SF1","SF","2","VSMC",367,"TRPV4",0,0
"SF1","SF","2","VSMC",367,"TRPA1",0,0
"SF1","SF","2","VSMC",367,"TRPC1",2.17983651226158,0.0220344884783112
"SF1","SF","2","VSMC",367,"TRPC3",0,0
"SF1","SF","2","VSMC",367,"TRPC6",3.26975476839237,0.0358376528214418
"SF1","SF","2","VSMC",367,"ASIC1",0,0
"SF1","SF","2","VSMC",367,"ASIC2",0.544959128065395,0.00640543937805683
"SF1","SF","2","VSMC",367,"ASIC3",0,0
"SF1","SF","2","VSMC",367,"KCNK2",0,0
"SF1","SF","2","VSMC",367,"KCNK4",0,0
"SF1","SF","2","VSMC",367,"TMEM63A",3.26975476839237,0.0392852628092331
"SF1","SF","2","VSMC",367,"TMEM150C",0,0
"SF1","SF","2","VSMC",367,"P2RX4",3.26975476839237,0.0396602651368115
"SF1","SF","2","VSMC",367,"P2RX7",0.272479564032698,0.00261975654550846
"SF1","SF","2","VSMC",367,"PDPN",0,0
"SF1","SF","2","VSMC",367,"SCX",1.08991825613079,0.0106286252210032
"SF1","SF","2","VSMC",367,"FAP",0,0
"SF1","SF","2","VSMC",367,"POSTN",0.272479564032698,0.00126217118651062
"SF1","SF","2","VSMC",367,"PDGFRA",0,0
"SF1","SF","2","VSMC",367,"APOD",0,0
"SF2","SF","2","VSMC",198,"CNN1",79.7979797979798,1.43476056757125
"SF2","SF","2","VSMC",198,"ITGA8",71.2121212121212,0.930913709738985
"SF2","SF","2","VSMC",198,"TAGLN",100,4.45396440735096
"SF2","SF","2","VSMC",198,"ACTA2",100,4.41785142905042
"SF2","SF","2","VSMC",198,"TPM1",96.969696969697,2.89891483137473
"SF2","SF","2","VSMC",198,"TPM2",99.4949494949495,3.56369582429047
"SF2","SF","2","VSMC",198,"ITGB1",94.4444444444444,1.81973834751408
"SF2","SF","2","VSMC",198,"ITGAV",22.7272727272727,0.195641001964819
"SF2","SF","2","VSMC",198,"BCAR1",20.2020202020202,0.196072801815062
"SF2","SF","2","VSMC",198,"PIEZO2",0,0
"SF2","SF","2","VSMC",198,"TEAD2",19.1919191919192,0.177576809139082
"SF2","SF","2","VSMC",198,"LIMK1",1.51515151515152,0.00995325330686952
"SF2","SF","2","VSMC",198,"CNN2",37.3737373737374,0.366544888086457
"SF2","SF","2","VSMC",198,"TEAD3",25.2525252525253,0.231778261110946
"SF2","SF","2","VSMC",198,"PFN1",91.9191919191919,1.72812584371367
"SF2","SF","2","VSMC",198,"CFL1",96.969696969697,1.95849027166012
"SF2","SF","2","VSMC",198,"TMEM63B",4.54545454545455,0.0366631935926662
"SF2","SF","2","VSMC",198,"ITGA5",9.5959595959596,0.089444654785387
"SF2","SF","2","VSMC",198,"MYLK",89.8989898989899,1.67644927763002
"SF2","SF","2","VSMC",198,"ILK",83.8383838383838,1.31466511465509
"SF2","SF","2","VSMC",198,"MYL9",100,3.55635822820299
"SF2","SF","2","VSMC",198,"NF2",12.1212121212121,0.116575438575146
"SF2","SF","2","VSMC",198,"PARVA",22.2222222222222,0.192108312195401
"SF2","SF","2","VSMC",198,"PKD2",31.3131313131313,0.296181149924158
"SF2","SF","2","VSMC",198,"VCL",75.2525252525252,1.10234475688132
"SF2","SF","2","VSMC",198,"TEAD4",1.01010101010101,0.00729802659565048
"SF2","SF","2","VSMC",198,"ITGA2",0,0
"SF2","SF","2","VSMC",198,"WWTR1",29.2929292929293,0.286175233629125
"SF2","SF","2","VSMC",198,"FLNA",96.969696969697,2.36834777403716
"SF2","SF","2","VSMC",198,"PANX1",3.53535353535354,0.0264605734484589
"SF2","SF","2","VSMC",198,"TEAD1",15.1515151515152,0.132933803442735
"SF2","SF","2","VSMC",198,"CDC42",89.3939393939394,1.43296624420741
"SF2","SF","2","VSMC",198,"FERMT2",57.5757575757576,0.648571517604929
"SF2","SF","2","VSMC",198,"TLN1",81.3131313131313,1.25226999304887
"SF2","SF","2","VSMC",198,"PKD1",17.1717171717172,0.157528043931068
"SF2","SF","2","VSMC",198,"TLN2",3.53535353535354,0.025681475398565
"SF2","SF","2","VSMC",198,"RAC1",90.4040404040404,1.4014683456228
"SF2","SF","2","VSMC",198,"YAP1",42.4242424242424,0.384643246674676
"SF2","SF","2","VSMC",198,"PIEZO1",2.52525252525253,0.0156536690529808
"SF2","SF","2","VSMC",198,"TRPV4",0,0
"SF2","SF","2","VSMC",198,"TRPA1",0.505050505050505,0.00263047606351288
"SF2","SF","2","VSMC",198,"TRPC1",4.54545454545455,0.0424961621135952
"SF2","SF","2","VSMC",198,"TRPC3",0.505050505050505,0.00492109110925258
"SF2","SF","2","VSMC",198,"TRPC6",4.04040404040404,0.037698952779277
"SF2","SF","2","VSMC",198,"ASIC1",0,0
"SF2","SF","2","VSMC",198,"ASIC2",0,0
"SF2","SF","2","VSMC",198,"ASIC3",0.505050505050505,0.00440655877697717
"SF2","SF","2","VSMC",198,"KCNK2",0,0
"SF2","SF","2","VSMC",198,"KCNK4",0,0
"SF2","SF","2","VSMC",198,"TMEM63A",11.1111111111111,0.0821857029926334
"SF2","SF","2","VSMC",198,"TMEM150C",1.01010101010101,0.00590692939240338
"SF2","SF","2","VSMC",198,"P2RX4",10.6060606060606,0.0918403565205133
"SF2","SF","2","VSMC",198,"P2RX7",4.04040404040404,0.0370579126231641
"SF2","SF","2","VSMC",198,"PDPN",0,0
"SF2","SF","2","VSMC",198,"SCX",3.03030303030303,0.0236939347380055
"SF2","SF","2","VSMC",198,"FAP",1.51515151515152,0.0147379883390357
"SF2","SF","2","VSMC",198,"POSTN",0,0
"SF2","SF","2","VSMC",198,"PDGFRA",1.01010101010101,0.00520048603251696
"SF2","SF","2","VSMC",198,"APOD",0,0
"SF3","SF","2","VSMC",65,"CNN1",72.3076923076923,1.07125367092504
"SF3","SF","2","VSMC",65,"ITGA8",67.6923076923077,0.926373644297009
"SF3","SF","2","VSMC",65,"TAGLN",100,4.29269353580816
"SF3","SF","2","VSMC",65,"ACTA2",100,3.88157766134444
"SF3","SF","2","VSMC",65,"TPM1",96.9230769230769,2.47284412304029
"SF3","SF","2","VSMC",65,"TPM2",98.4615384615385,3.23812015400791
"SF3","SF","2","VSMC",65,"ITGB1",93.8461538461538,1.63013740113603
"SF3","SF","2","VSMC",65,"ITGAV",15.3846153846154,0.166040708443969
"SF3","SF","2","VSMC",65,"BCAR1",12.3076923076923,0.115221895971988
"SF3","SF","2","VSMC",65,"PIEZO2",0,0
"SF3","SF","2","VSMC",65,"TEAD2",15.3846153846154,0.138922794479436
"SF3","SF","2","VSMC",65,"LIMK1",0,0
"SF3","SF","2","VSMC",65,"CNN2",30.7692307692308,0.311708425006398
"SF3","SF","2","VSMC",65,"TEAD3",20,0.204059950794193
"SF3","SF","2","VSMC",65,"PFN1",89.2307692307692,1.66448900069695
"SF3","SF","2","VSMC",65,"CFL1",98.4615384615385,1.93119029600232
"SF3","SF","2","VSMC",65,"TMEM63B",4.61538461538462,0.0376898108890455
"SF3","SF","2","VSMC",65,"ITGA5",0,0
"SF3","SF","2","VSMC",65,"MYLK",78.4615384615385,1.21411720630813
"SF3","SF","2","VSMC",65,"ILK",80,1.08707588701093
"SF3","SF","2","VSMC",65,"MYL9",100,3.465492058479
"SF3","SF","2","VSMC",65,"NF2",10.7692307692308,0.0876570240436983
"SF3","SF","2","VSMC",65,"PARVA",15.3846153846154,0.159672928663679
"SF3","SF","2","VSMC",65,"PKD2",16.9230769230769,0.151178332076328
"SF3","SF","2","VSMC",65,"VCL",58.4615384615385,0.725369679846615
"SF3","SF","2","VSMC",65,"TEAD4",1.53846153846154,0.0121359227363347
"SF3","SF","2","VSMC",65,"ITGA2",0,0
"SF3","SF","2","VSMC",65,"WWTR1",20,0.206929355612448
"SF3","SF","2","VSMC",65,"FLNA",93.8461538461538,1.78980337270451
"SF3","SF","2","VSMC",65,"PANX1",4.61538461538462,0.0457228007937952
"SF3","SF","2","VSMC",65,"TEAD1",7.69230769230769,0.0782749127991897
"SF3","SF","2","VSMC",65,"CDC42",90.7692307692308,1.40795237968709
"SF3","SF","2","VSMC",65,"FERMT2",47.6923076923077,0.530712805884754
"SF3","SF","2","VSMC",65,"TLN1",87.6923076923077,1.44892711819265
"SF3","SF","2","VSMC",65,"PKD1",20,0.198598126914943
"SF3","SF","2","VSMC",65,"TLN2",0,0
"SF3","SF","2","VSMC",65,"RAC1",92.3076923076923,1.58580486907425
"SF3","SF","2","VSMC",65,"YAP1",20,0.209327782147952
"SF3","SF","2","VSMC",65,"PIEZO1",0,0
"SF3","SF","2","VSMC",65,"TRPV4",0,0
"SF3","SF","2","VSMC",65,"TRPA1",0,0
"SF3","SF","2","VSMC",65,"TRPC1",6.15384615384615,0.0500325050098519
"SF3","SF","2","VSMC",65,"TRPC3",0,0
"SF3","SF","2","VSMC",65,"TRPC6",7.69230769230769,0.0763213618551851
"SF3","SF","2","VSMC",65,"ASIC1",0,0
"SF3","SF","2","VSMC",65,"ASIC2",0,0
"SF3","SF","2","VSMC",65,"ASIC3",0,0
"SF3","SF","2","VSMC",65,"KCNK2",0,0
"SF3","SF","2","VSMC",65,"KCNK4",0,0
"SF3","SF","2","VSMC",65,"TMEM63A",10.7692307692308,0.106530763560948
"SF3","SF","2","VSMC",65,"TMEM150C",0,0
"SF3","SF","2","VSMC",65,"P2RX4",4.61538461538462,0.0365209463899496
"SF3","SF","2","VSMC",65,"P2RX7",1.53846153846154,0.0126145658673445
"SF3","SF","2","VSMC",65,"PDPN",1.53846153846154,0.0143960722761778
"SF3","SF","2","VSMC",65,"SCX",1.53846153846154,0.0184978488137589
"SF3","SF","2","VSMC",65,"FAP",0,0
"SF3","SF","2","VSMC",65,"POSTN",0,0
"SF3","SF","2","VSMC",65,"PDGFRA",0,0
"SF3","SF","2","VSMC",65,"APOD",3.07692307692308,0.0222965283958343
"DD1","DD","2","VSMC",512,"CNN1",55.2734375,1.09301282669725
"DD1","DD","2","VSMC",512,"ITGA8",20.1171875,0.312415139180999
"DD1","DD","2","VSMC",512,"TAGLN",99.8046875,4.51396181823697
"DD1","DD","2","VSMC",512,"ACTA2",98.828125,4.42261727892101
"DD1","DD","2","VSMC",512,"TPM1",88.4765625,2.35976369965696
"DD1","DD","2","VSMC",512,"TPM2",95.3125,3.26663451074777
"DD1","DD","2","VSMC",512,"ITGB1",61.9140625,1.18179441340678
"DD1","DD","2","VSMC",512,"ITGAV",5.078125,0.0684163762139666
"DD1","DD","2","VSMC",512,"BCAR1",8.7890625,0.135207059624282
"DD1","DD","2","VSMC",512,"PIEZO2",0.1953125,0.00138040660676288
"DD1","DD","2","VSMC",512,"TEAD2",8.203125,0.124830307514376
"DD1","DD","2","VSMC",512,"LIMK1",0,0
"DD1","DD","2","VSMC",512,"CNN2",22.0703125,0.334919468202297
"DD1","DD","2","VSMC",512,"TEAD3",6.25,0.096707286620426
"DD1","DD","2","VSMC",512,"PFN1",82.8125,1.93305271780757
"DD1","DD","2","VSMC",512,"CFL1",85.15625,1.92228047829482
"DD1","DD","2","VSMC",512,"TMEM63B",1.171875,0.0184102371566222
"DD1","DD","2","VSMC",512,"ITGA5",0.9765625,0.00847459772801097
"DD1","DD","2","VSMC",512,"MYLK",62.6953125,1.2229572164121
"DD1","DD","2","VSMC",512,"ILK",60.546875,1.15328348445406
"DD1","DD","2","VSMC",512,"MYL9",99.4140625,4.03455617018479
"DD1","DD","2","VSMC",512,"NF2",3.3203125,0.0491412189132815
"DD1","DD","2","VSMC",512,"PARVA",6.8359375,0.0991911221976944
"DD1","DD","2","VSMC",512,"PKD2",2.5390625,0.0362691749426463
"DD1","DD","2","VSMC",512,"VCL",24.0234375,0.387795586030518
"DD1","DD","2","VSMC",512,"TEAD4",1.3671875,0.0217649090111854
"DD1","DD","2","VSMC",512,"ITGA2",0,0
"DD1","DD","2","VSMC",512,"WWTR1",7.8125,0.108118920170117
"DD1","DD","2","VSMC",512,"FLNA",58.0078125,1.1346097418999
"DD1","DD","2","VSMC",512,"PANX1",1.5625,0.024063819173283
"DD1","DD","2","VSMC",512,"TEAD1",1.5625,0.0231842079474422
"DD1","DD","2","VSMC",512,"CDC42",54.8828125,0.981116152179025
"DD1","DD","2","VSMC",512,"FERMT2",20.1171875,0.317399479039545
"DD1","DD","2","VSMC",512,"TLN1",39.453125,0.685514890339099
"DD1","DD","2","VSMC",512,"PKD1",3.125,0.0451472779532191
"DD1","DD","2","VSMC",512,"TLN2",0.5859375,0.00835996953084065
"DD1","DD","2","VSMC",512,"RAC1",79.8828125,1.6433292264834
"DD1","DD","2","VSMC",512,"YAP1",9.5703125,0.140281286708768
"DD1","DD","2","VSMC",512,"PIEZO1",0.78125,0.00965815153601475
"DD1","DD","2","VSMC",512,"TRPV4",0.1953125,0.00316289520017595
"DD1","DD","2","VSMC",512,"TRPA1",0,0
"DD1","DD","2","VSMC",512,"TRPC1",0.5859375,0.00809173112243253
"DD1","DD","2","VSMC",512,"TRPC3",0.390625,0.00371545349015528
"DD1","DD","2","VSMC",512,"TRPC6",3.125,0.0505842287927078
"DD1","DD","2","VSMC",512,"ASIC1",0,0
"DD1","DD","2","VSMC",512,"ASIC2",0,0
"DD1","DD","2","VSMC",512,"ASIC3",0,0
"DD1","DD","2","VSMC",512,"KCNK2",0,0
"DD1","DD","2","VSMC",512,"KCNK4",0,0
"DD1","DD","2","VSMC",512,"TMEM63A",2.9296875,0.0439406824450784
"DD1","DD","2","VSMC",512,"TMEM150C",0.1953125,0.00094277452498929
"DD1","DD","2","VSMC",512,"P2RX4",4.4921875,0.0669698005029701
"DD1","DD","2","VSMC",512,"P2RX7",1.3671875,0.0199129294883244
"DD1","DD","2","VSMC",512,"PDPN",0,0
"DD1","DD","2","VSMC",512,"SCX",0.1953125,0.00164441363896496
"DD1","DD","2","VSMC",512,"FAP",0.5859375,0.0047358947828093
"DD1","DD","2","VSMC",512,"POSTN",0.1953125,0.00233531058835967
"DD1","DD","2","VSMC",512,"PDGFRA",0.1953125,0.00279674796365187
"DD1","DD","2","VSMC",512,"APOD",0.5859375,0.0152113820362183
"DD2","DD","2","VSMC",331,"CNN1",49.8489425981873,0.911826393124312
"DD2","DD","2","VSMC",331,"ITGA8",15.1057401812689,0.206490606309565
"DD2","DD","2","VSMC",331,"TAGLN",99.0936555891239,4.35676736944925
"DD2","DD","2","VSMC",331,"ACTA2",96.6767371601209,3.91169739093164
"DD2","DD","2","VSMC",331,"TPM1",90.0302114803625,2.319785674666
"DD2","DD","2","VSMC",331,"TPM2",97.583081570997,3.36906161472575
"DD2","DD","2","VSMC",331,"ITGB1",75.5287009063444,1.31437238833836
"DD2","DD","2","VSMC",331,"ITGAV",14.8036253776435,0.17755554483413
"DD2","DD","2","VSMC",331,"BCAR1",11.7824773413897,0.163807883256374
"DD2","DD","2","VSMC",331,"PIEZO2",0,0
"DD2","DD","2","VSMC",331,"TEAD2",8.1570996978852,0.0948317173937361
"DD2","DD","2","VSMC",331,"LIMK1",1.20845921450151,0.0132775829345751
"DD2","DD","2","VSMC",331,"CNN2",22.3564954682779,0.336468400833625
"DD2","DD","2","VSMC",331,"TEAD3",9.96978851963746,0.137619103001625
"DD2","DD","2","VSMC",331,"PFN1",87.3111782477341,2.01133982807973
"DD2","DD","2","VSMC",331,"CFL1",88.5196374622357,1.93013721344401
"DD2","DD","2","VSMC",331,"TMEM63B",1.81268882175227,0.0179454592042579
"DD2","DD","2","VSMC",331,"ITGA5",4.83383685800604,0.0404414334138771
"DD2","DD","2","VSMC",331,"MYLK",70.9969788519637,1.3985401049747
"DD2","DD","2","VSMC",331,"ILK",54.9848942598187,0.90989641833383
"DD2","DD","2","VSMC",331,"MYL9",99.0936555891239,3.81767366271164
"DD2","DD","2","VSMC",331,"NF2",3.02114803625378,0.0446950916218049
"DD2","DD","2","VSMC",331,"PARVA",9.66767371601208,0.113085455614961
"DD2","DD","2","VSMC",331,"PKD2",8.1570996978852,0.114911124871642
"DD2","DD","2","VSMC",331,"VCL",35.0453172205438,0.506665092902463
"DD2","DD","2","VSMC",331,"TEAD4",4.83383685800604,0.060936245555272
"DD2","DD","2","VSMC",331,"ITGA2",0,0
"DD2","DD","2","VSMC",331,"WWTR1",10.5740181268882,0.130051257606037
"DD2","DD","2","VSMC",331,"FLNA",79.1540785498489,1.67679717232773
"DD2","DD","2","VSMC",331,"PANX1",0.604229607250755,0.00742763008602494
"DD2","DD","2","VSMC",331,"TEAD1",2.11480362537764,0.024419689312894
"DD2","DD","2","VSMC",331,"CDC42",54.380664652568,0.858299251812724
"DD2","DD","2","VSMC",331,"FERMT2",23.2628398791541,0.320533678834154
"DD2","DD","2","VSMC",331,"TLN1",42.2960725075529,0.683550407102833
"DD2","DD","2","VSMC",331,"PKD1",9.36555891238671,0.105033646082926
"DD2","DD","2","VSMC",331,"TLN2",1.20845921450151,0.0127610795298844
"DD2","DD","2","VSMC",331,"RAC1",83.0815709969789,1.60816824333349
"DD2","DD","2","VSMC",331,"YAP1",15.1057401812689,0.21801196825697
"DD2","DD","2","VSMC",331,"PIEZO1",0.906344410876133,0.00879504090812704
"DD2","DD","2","VSMC",331,"TRPV4",0,0
"DD2","DD","2","VSMC",331,"TRPA1",0,0
"DD2","DD","2","VSMC",331,"TRPC1",3.32326283987915,0.0442953845655104
"DD2","DD","2","VSMC",331,"TRPC3",0.302114803625378,0.0058775678852019
"DD2","DD","2","VSMC",331,"TRPC6",6.64652567975831,0.0889756871315099
"DD2","DD","2","VSMC",331,"ASIC1",0.302114803625378,0.00490132970671531
"DD2","DD","2","VSMC",331,"ASIC2",0.302114803625378,0.00249714244795157
"DD2","DD","2","VSMC",331,"ASIC3",0,0
"DD2","DD","2","VSMC",331,"KCNK2",0,0
"DD2","DD","2","VSMC",331,"KCNK4",0,0
"DD2","DD","2","VSMC",331,"TMEM63A",3.92749244712991,0.0507359131853332
"DD2","DD","2","VSMC",331,"TMEM150C",0,0
"DD2","DD","2","VSMC",331,"P2RX4",3.32326283987915,0.0393007243078509
"DD2","DD","2","VSMC",331,"P2RX7",0.906344410876133,0.0125160370098751
"DD2","DD","2","VSMC",331,"PDPN",2.7190332326284,0.0138929494713696
"DD2","DD","2","VSMC",331,"SCX",4.83383685800604,0.0302470559832468
"DD2","DD","2","VSMC",331,"FAP",2.7190332326284,0.0211017562625692
"DD2","DD","2","VSMC",331,"POSTN",0.604229607250755,0.00337497160195979
"DD2","DD","2","VSMC",331,"PDGFRA",0.302114803625378,0.00242812754300512
"DD2","DD","2","VSMC",331,"APOD",0.906344410876133,0.00371818483227102
"DD3","DD","2","VSMC",389,"CNN1",55.7840616966581,1.1799083428461
"DD3","DD","2","VSMC",389,"ITGA8",16.452442159383,0.235484770285592
"DD3","DD","2","VSMC",389,"TAGLN",99.4858611825193,4.30042290122151
"DD3","DD","2","VSMC",389,"ACTA2",99.2287917737789,4.06578994594336
"DD3","DD","2","VSMC",389,"TPM1",88.6889460154242,2.34686749338944
"DD3","DD","2","VSMC",389,"TPM2",97.172236503856,3.40116517608353
"DD3","DD","2","VSMC",389,"ITGB1",81.2339331619537,1.63815378910136
"DD3","DD","2","VSMC",389,"ITGAV",11.8251928020566,0.169415404013964
"DD3","DD","2","VSMC",389,"BCAR1",11.5681233933162,0.154554796287339
"DD3","DD","2","VSMC",389,"PIEZO2",0,0
"DD3","DD","2","VSMC",389,"TEAD2",7.45501285347044,0.0997959426791241
"DD3","DD","2","VSMC",389,"LIMK1",0,0
"DD3","DD","2","VSMC",389,"CNN2",12.0822622107969,0.166898578981617
"DD3","DD","2","VSMC",389,"TEAD3",8.9974293059126,0.128977584855307
"DD3","DD","2","VSMC",389,"PFN1",91.0025706940874,2.344874912079
"DD3","DD","2","VSMC",389,"CFL1",80.719794344473,1.78202966303866
"DD3","DD","2","VSMC",389,"TMEM63B",2.5706940874036,0.0316973392457642
"DD3","DD","2","VSMC",389,"ITGA5",3.59897172236504,0.0279616351043782
"DD3","DD","2","VSMC",389,"MYLK",70.1799485861183,1.50768433690636
"DD3","DD","2","VSMC",389,"ILK",58.8688946015424,1.0757909955456
"DD3","DD","2","VSMC",389,"MYL9",99.4858611825193,3.73867506419061
"DD3","DD","2","VSMC",389,"NF2",3.59897172236504,0.0521941326165496
"DD3","DD","2","VSMC",389,"PARVA",13.1105398457584,0.186837567850352
"DD3","DD","2","VSMC",389,"PKD2",7.96915167095116,0.117824568564656
"DD3","DD","2","VSMC",389,"VCL",34.7043701799486,0.539754355251444
"DD3","DD","2","VSMC",389,"TEAD4",2.05655526992288,0.0242331328842021
"DD3","DD","2","VSMC",389,"ITGA2",0.25706940874036,0.00225224373017929
"DD3","DD","2","VSMC",389,"WWTR1",13.6246786632391,0.180545934031203
"DD3","DD","2","VSMC",389,"FLNA",76.8637532133676,1.70598406608197
"DD3","DD","2","VSMC",389,"PANX1",1.2853470437018,0.0162409375146684
"DD3","DD","2","VSMC",389,"TEAD1",4.62724935732648,0.0677500261762542
"DD3","DD","2","VSMC",389,"CDC42",59.6401028277635,1.04679677968988
"DD3","DD","2","VSMC",389,"FERMT2",25.4498714652956,0.384746546713759
"DD3","DD","2","VSMC",389,"TLN1",50.6426735218509,0.923132548581726
"DD3","DD","2","VSMC",389,"PKD1",9.51156812339332,0.147215210928896
"DD3","DD","2","VSMC",389,"TLN2",0.51413881748072,0.0124273440689629
"DD3","DD","2","VSMC",389,"RAC1",78.4061696658098,1.64770183324477
"DD3","DD","2","VSMC",389,"YAP1",15.681233933162,0.23780537824062
"DD3","DD","2","VSMC",389,"PIEZO1",1.02827763496144,0.0123289202870709
"DD3","DD","2","VSMC",389,"TRPV4",0,0
"DD3","DD","2","VSMC",389,"TRPA1",0,0
"DD3","DD","2","VSMC",389,"TRPC1",3.08483290488432,0.035689350298843
"DD3","DD","2","VSMC",389,"TRPC3",1.02827763496144,0.0123987382209757
"DD3","DD","2","VSMC",389,"TRPC6",4.11311053984576,0.0587711145879622
"DD3","DD","2","VSMC",389,"ASIC1",0.25706940874036,0.0042498312132108
"DD3","DD","2","VSMC",389,"ASIC2",0,0
"DD3","DD","2","VSMC",389,"ASIC3",0,0
"DD3","DD","2","VSMC",389,"KCNK2",0,0
"DD3","DD","2","VSMC",389,"KCNK4",0,0
"DD3","DD","2","VSMC",389,"TMEM63A",5.65552699228792,0.0800204533406692
"DD3","DD","2","VSMC",389,"TMEM150C",0.25706940874036,0.00162228715873249
"DD3","DD","2","VSMC",389,"P2RX4",4.37017994858612,0.0587676259685349
"DD3","DD","2","VSMC",389,"P2RX7",0.25706940874036,0.0034100514022396
"DD3","DD","2","VSMC",389,"PDPN",0.51413881748072,0.00493929597570062
"DD3","DD","2","VSMC",389,"SCX",1.2853470437018,0.00933974180306901
"DD3","DD","2","VSMC",389,"FAP",2.05655526992288,0.0149930760341841
"DD3","DD","2","VSMC",389,"POSTN",1.2853470437018,0.0364093780817092
"DD3","DD","2","VSMC",389,"PDGFRA",0,0
"DD3","DD","2","VSMC",389,"APOD",0.25706940874036,0.00551383758363052
"Dermis1","Dermis","3","Pericyte",51,"CNN1",5.88235294117647,0.0993377738583711
"Dermis1","Dermis","3","Pericyte",51,"ITGA8",0,0
"Dermis1","Dermis","3","Pericyte",51,"TAGLN",96.078431372549,3.82803250768594
"Dermis1","Dermis","3","Pericyte",51,"ACTA2",82.3529411764706,2.90103346006506
"Dermis1","Dermis","3","Pericyte",51,"TPM1",68.6274509803922,1.63043291409417
"Dermis1","Dermis","3","Pericyte",51,"TPM2",76.4705882352941,1.94646989088608
"Dermis1","Dermis","3","Pericyte",51,"ITGB1",39.2156862745098,0.815104976604708
"Dermis1","Dermis","3","Pericyte",51,"ITGAV",3.92156862745098,0.0578846690501306
"Dermis1","Dermis","3","Pericyte",51,"BCAR1",7.84313725490196,0.123116018944191
"Dermis1","Dermis","3","Pericyte",51,"PIEZO2",0,0
"Dermis1","Dermis","3","Pericyte",51,"TEAD2",0,0
"Dermis1","Dermis","3","Pericyte",51,"LIMK1",1.96078431372549,0.0408349356702556
"Dermis1","Dermis","3","Pericyte",51,"CNN2",11.7647058823529,0.223391420563349
"Dermis1","Dermis","3","Pericyte",51,"TEAD3",3.92156862745098,0.0647843476737265
"Dermis1","Dermis","3","Pericyte",51,"PFN1",74.5098039215686,1.58074025200336
"Dermis1","Dermis","3","Pericyte",51,"CFL1",72.5490196078431,1.71438589607145
"Dermis1","Dermis","3","Pericyte",51,"TMEM63B",0,0
"Dermis1","Dermis","3","Pericyte",51,"ITGA5",0,0
"Dermis1","Dermis","3","Pericyte",51,"MYLK",39.2156862745098,0.837162221191221
"Dermis1","Dermis","3","Pericyte",51,"ILK",21.5686274509804,0.427413092799789
"Dermis1","Dermis","3","Pericyte",51,"MYL9",88.2352941176471,2.75880620325795
"Dermis1","Dermis","3","Pericyte",51,"NF2",1.96078431372549,0.0308285937522724
"Dermis1","Dermis","3","Pericyte",51,"PARVA",3.92156862745098,0.0712036111060723
"Dermis1","Dermis","3","Pericyte",51,"PKD2",3.92156862745098,0.0617847433891582
"Dermis1","Dermis","3","Pericyte",51,"VCL",19.6078431372549,0.400308817039878
"Dermis1","Dermis","3","Pericyte",51,"TEAD4",1.96078431372549,0.0327630340575603
"Dermis1","Dermis","3","Pericyte",51,"ITGA2",0,0
"Dermis1","Dermis","3","Pericyte",51,"WWTR1",7.84313725490196,0.148892563715699
"Dermis1","Dermis","3","Pericyte",51,"FLNA",25.4901960784314,0.572292508466999
"Dermis1","Dermis","3","Pericyte",51,"PANX1",1.96078431372549,0.040849824974438
"Dermis1","Dermis","3","Pericyte",51,"TEAD1",3.92156862745098,0.0890684398629152
"Dermis1","Dermis","3","Pericyte",51,"CDC42",33.3333333333333,0.661292526415333
"Dermis1","Dermis","3","Pericyte",51,"FERMT2",7.84313725490196,0.144757363159662
"Dermis1","Dermis","3","Pericyte",51,"TLN1",17.6470588235294,0.34490276934531
"Dermis1","Dermis","3","Pericyte",51,"PKD1",1.96078431372549,0.0337055486608518
"Dermis1","Dermis","3","Pericyte",51,"TLN2",1.96078431372549,0.0490101849056275
"Dermis1","Dermis","3","Pericyte",51,"RAC1",58.8235294117647,1.30454493225618
"Dermis1","Dermis","3","Pericyte",51,"YAP1",5.88235294117647,0.101681431143632
"Dermis1","Dermis","3","Pericyte",51,"PIEZO1",0,0
"Dermis1","Dermis","3","Pericyte",51,"TRPV4",0,0
"Dermis1","Dermis","3","Pericyte",51,"TRPA1",0,0
"Dermis1","Dermis","3","Pericyte",51,"TRPC1",0,0
"Dermis1","Dermis","3","Pericyte",51,"TRPC3",0,0
"Dermis1","Dermis","3","Pericyte",51,"TRPC6",1.96078431372549,0.0306236576953691
"Dermis1","Dermis","3","Pericyte",51,"ASIC1",0,0
"Dermis1","Dermis","3","Pericyte",51,"ASIC2",0,0
"Dermis1","Dermis","3","Pericyte",51,"ASIC3",0,0
"Dermis1","Dermis","3","Pericyte",51,"KCNK2",0,0
"Dermis1","Dermis","3","Pericyte",51,"KCNK4",0,0
"Dermis1","Dermis","3","Pericyte",51,"TMEM63A",3.92156862745098,0.0582435867567847
"Dermis1","Dermis","3","Pericyte",51,"TMEM150C",0,0
"Dermis1","Dermis","3","Pericyte",51,"P2RX4",3.92156862745098,0.0882864137556698
"Dermis1","Dermis","3","Pericyte",51,"P2RX7",0,0
"Dermis1","Dermis","3","Pericyte",51,"PDPN",0,0
"Dermis1","Dermis","3","Pericyte",51,"SCX",0,0
"Dermis1","Dermis","3","Pericyte",51,"FAP",0,0
"Dermis1","Dermis","3","Pericyte",51,"POSTN",0,0
"Dermis1","Dermis","3","Pericyte",51,"PDGFRA",0,0
"Dermis1","Dermis","3","Pericyte",51,"APOD",13.7254901960784,0.185497806948104
"Dermis2","Dermis","3","Pericyte",64,"CNN1",9.375,0.211216183381751
"Dermis2","Dermis","3","Pericyte",64,"ITGA8",3.125,0.0779111797617357
"Dermis2","Dermis","3","Pericyte",64,"TAGLN",95.3125,3.86838199572611
"Dermis2","Dermis","3","Pericyte",64,"ACTA2",90.625,3.34891784615065
"Dermis2","Dermis","3","Pericyte",64,"TPM1",78.125,1.97537248084219
"Dermis2","Dermis","3","Pericyte",64,"TPM2",73.4375,1.91605750563818
"Dermis2","Dermis","3","Pericyte",64,"ITGB1",53.125,1.24349530097143
"Dermis2","Dermis","3","Pericyte",64,"ITGAV",1.5625,0.0326508573886879
"Dermis2","Dermis","3","Pericyte",64,"BCAR1",3.125,0.0523493246987168
"Dermis2","Dermis","3","Pericyte",64,"PIEZO2",0,0
"Dermis2","Dermis","3","Pericyte",64,"TEAD2",1.5625,0.0263414411739701
"Dermis2","Dermis","3","Pericyte",64,"LIMK1",1.5625,0.0398209111191445
"Dermis2","Dermis","3","Pericyte",64,"CNN2",4.6875,0.101778951632728
"Dermis2","Dermis","3","Pericyte",64,"TEAD3",6.25,0.102797941345463
"Dermis2","Dermis","3","Pericyte",64,"PFN1",59.375,1.30440964736384
"Dermis2","Dermis","3","Pericyte",64,"CFL1",54.6875,1.31075572568835
"Dermis2","Dermis","3","Pericyte",64,"TMEM63B",1.5625,0.0285231910513118
"Dermis2","Dermis","3","Pericyte",64,"ITGA5",1.5625,0.0293004724673152
"Dermis2","Dermis","3","Pericyte",64,"MYLK",37.5,0.766240886150388
"Dermis2","Dermis","3","Pericyte",64,"ILK",20.3125,0.429439157030024
"Dermis2","Dermis","3","Pericyte",64,"MYL9",95.3125,3.19560432963837
"Dermis2","Dermis","3","Pericyte",64,"NF2",3.125,0.0622118825445366
"Dermis2","Dermis","3","Pericyte",64,"PARVA",9.375,0.167001226166416
"Dermis2","Dermis","3","Pericyte",64,"PKD2",7.8125,0.162048143043648
"Dermis2","Dermis","3","Pericyte",64,"VCL",12.5,0.285675589673643
"Dermis2","Dermis","3","Pericyte",64,"TEAD4",0,0
"Dermis2","Dermis","3","Pericyte",64,"ITGA2",0,0
"Dermis2","Dermis","3","Pericyte",64,"WWTR1",4.6875,0.0801744538308196
"Dermis2","Dermis","3","Pericyte",64,"FLNA",39.0625,0.954892473393853
"Dermis2","Dermis","3","Pericyte",64,"PANX1",0,0
"Dermis2","Dermis","3","Pericyte",64,"TEAD1",6.25,0.116214519891465
"Dermis2","Dermis","3","Pericyte",64,"CDC42",40.625,0.845084941611516
"Dermis2","Dermis","3","Pericyte",64,"FERMT2",12.5,0.242768353138994
"Dermis2","Dermis","3","Pericyte",64,"TLN1",31.25,0.673053326314902
"Dermis2","Dermis","3","Pericyte",64,"PKD1",3.125,0.0517417657159445
"Dermis2","Dermis","3","Pericyte",64,"TLN2",3.125,0.0507141890430526
"Dermis2","Dermis","3","Pericyte",64,"RAC1",48.4375,1.11258795803102
"Dermis2","Dermis","3","Pericyte",64,"YAP1",10.9375,0.247826482350017
"Dermis2","Dermis","3","Pericyte",64,"PIEZO1",1.5625,0.010549073255216
"Dermis2","Dermis","3","Pericyte",64,"TRPV4",0,0
"Dermis2","Dermis","3","Pericyte",64,"TRPA1",0,0
"Dermis2","Dermis","3","Pericyte",64,"TRPC1",1.5625,0.0281215742252686
"Dermis2","Dermis","3","Pericyte",64,"TRPC3",0,0
"Dermis2","Dermis","3","Pericyte",64,"TRPC6",4.6875,0.082962444203457
"Dermis2","Dermis","3","Pericyte",64,"ASIC1",0,0
"Dermis2","Dermis","3","Pericyte",64,"ASIC2",0,0
"Dermis2","Dermis","3","Pericyte",64,"ASIC3",0,0
"Dermis2","Dermis","3","Pericyte",64,"KCNK2",0,0
"Dermis2","Dermis","3","Pericyte",64,"KCNK4",0,0
"Dermis2","Dermis","3","Pericyte",64,"TMEM63A",1.5625,0.0300310482812767
"Dermis2","Dermis","3","Pericyte",64,"TMEM150C",1.5625,0.0230727195127348
"Dermis2","Dermis","3","Pericyte",64,"P2RX4",1.5625,0.0291153219926793
"Dermis2","Dermis","3","Pericyte",64,"P2RX7",0,0
"Dermis2","Dermis","3","Pericyte",64,"PDPN",0,0
"Dermis2","Dermis","3","Pericyte",64,"SCX",0,0
"Dermis2","Dermis","3","Pericyte",64,"FAP",0,0
"Dermis2","Dermis","3","Pericyte",64,"POSTN",1.5625,0.0135490789763388
"Dermis2","Dermis","3","Pericyte",64,"PDGFRA",1.5625,0.0191650675834135
"Dermis2","Dermis","3","Pericyte",64,"APOD",4.6875,0.0476100175766577
"Dermis3","Dermis","3","Pericyte",25,"CNN1",4,0.0504048599512425
"Dermis3","Dermis","3","Pericyte",25,"ITGA8",0,0
"Dermis3","Dermis","3","Pericyte",25,"TAGLN",96,3.84195500574718
"Dermis3","Dermis","3","Pericyte",25,"ACTA2",72,2.42524870241609
"Dermis3","Dermis","3","Pericyte",25,"TPM1",60,1.48395464817765
"Dermis3","Dermis","3","Pericyte",25,"TPM2",68,1.77362569333332
"Dermis3","Dermis","3","Pericyte",25,"ITGB1",52,1.23675687497645
"Dermis3","Dermis","3","Pericyte",25,"ITGAV",12,0.203839089537577
"Dermis3","Dermis","3","Pericyte",25,"BCAR1",16,0.295950726492752
"Dermis3","Dermis","3","Pericyte",25,"PIEZO2",0,0
"Dermis3","Dermis","3","Pericyte",25,"TEAD2",8,0.120718263994201
"Dermis3","Dermis","3","Pericyte",25,"LIMK1",0,0
"Dermis3","Dermis","3","Pericyte",25,"CNN2",20,0.325496648417353
"Dermis3","Dermis","3","Pericyte",25,"TEAD3",8,0.149369311629232
"Dermis3","Dermis","3","Pericyte",25,"PFN1",68,1.57191876807779
"Dermis3","Dermis","3","Pericyte",25,"CFL1",56,1.16902964941936
"Dermis3","Dermis","3","Pericyte",25,"TMEM63B",0,0
"Dermis3","Dermis","3","Pericyte",25,"ITGA5",4,0.113343723107369
"Dermis3","Dermis","3","Pericyte",25,"MYLK",48,1.1650377256647
"Dermis3","Dermis","3","Pericyte",25,"ILK",20,0.353116565664306
"Dermis3","Dermis","3","Pericyte",25,"MYL9",92,2.86789688633085
"Dermis3","Dermis","3","Pericyte",25,"NF2",12,0.224054095753947
"Dermis3","Dermis","3","Pericyte",25,"PARVA",4,0.0702963667972801
"Dermis3","Dermis","3","Pericyte",25,"PKD2",4,0.0473543146873436
"Dermis3","Dermis","3","Pericyte",25,"VCL",24,0.413071490153546
"Dermis3","Dermis","3","Pericyte",25,"TEAD4",0,0
"Dermis3","Dermis","3","Pericyte",25,"ITGA2",0,0
"Dermis3","Dermis","3","Pericyte",25,"WWTR1",16,0.308687526501442
"Dermis3","Dermis","3","Pericyte",25,"FLNA",40,0.85010993920966
"Dermis3","Dermis","3","Pericyte",25,"PANX1",0,0
"Dermis3","Dermis","3","Pericyte",25,"TEAD1",8,0.189035995980735
"Dermis3","Dermis","3","Pericyte",25,"CDC42",28,0.570123858626034
"Dermis3","Dermis","3","Pericyte",25,"FERMT2",16,0.283135163013446
"Dermis3","Dermis","3","Pericyte",25,"TLN1",16,0.235315843555368
"Dermis3","Dermis","3","Pericyte",25,"PKD1",0,0
"Dermis3","Dermis","3","Pericyte",25,"TLN2",4,0.0482162845395274
"Dermis3","Dermis","3","Pericyte",25,"RAC1",44,0.897675268348822
"Dermis3","Dermis","3","Pericyte",25,"YAP1",12,0.225974581494926
"Dermis3","Dermis","3","Pericyte",25,"PIEZO1",4,0.0630874379968445
"Dermis3","Dermis","3","Pericyte",25,"TRPV4",0,0
"Dermis3","Dermis","3","Pericyte",25,"TRPA1",0,0
"Dermis3","Dermis","3","Pericyte",25,"TRPC1",0,0
"Dermis3","Dermis","3","Pericyte",25,"TRPC3",0,0
"Dermis3","Dermis","3","Pericyte",25,"TRPC6",8,0.154416001965353
"Dermis3","Dermis","3","Pericyte",25,"ASIC1",0,0
"Dermis3","Dermis","3","Pericyte",25,"ASIC2",0,0
"Dermis3","Dermis","3","Pericyte",25,"ASIC3",0,0
"Dermis3","Dermis","3","Pericyte",25,"KCNK2",0,0
"Dermis3","Dermis","3","Pericyte",25,"KCNK4",0,0
"Dermis3","Dermis","3","Pericyte",25,"TMEM63A",8,0.171710047601905
"Dermis3","Dermis","3","Pericyte",25,"TMEM150C",0,0
"Dermis3","Dermis","3","Pericyte",25,"P2RX4",0,0
"Dermis3","Dermis","3","Pericyte",25,"P2RX7",0,0
"Dermis3","Dermis","3","Pericyte",25,"PDPN",0,0
"Dermis3","Dermis","3","Pericyte",25,"SCX",0,0
"Dermis3","Dermis","3","Pericyte",25,"FAP",0,0
"Dermis3","Dermis","3","Pericyte",25,"POSTN",0,0
"Dermis3","Dermis","3","Pericyte",25,"PDGFRA",0,0
"Dermis3","Dermis","3","Pericyte",25,"APOD",16,0.26637783435804
"SF1","SF","3","Pericyte",107,"CNN1",39.2523364485981,0.623016570863306
"SF1","SF","3","Pericyte",107,"ITGA8",13.0841121495327,0.192246810081511
"SF1","SF","3","Pericyte",107,"TAGLN",100,4.50850326828758
"SF1","SF","3","Pericyte",107,"ACTA2",98.1308411214953,3.77947154982409
"SF1","SF","3","Pericyte",107,"TPM1",89.7196261682243,2.00073220784594
"SF1","SF","3","Pericyte",107,"TPM2",91.588785046729,2.54259046894989
"SF1","SF","3","Pericyte",107,"ITGB1",71.9626168224299,1.21205528291568
"SF1","SF","3","Pericyte",107,"ITGAV",7.47663551401869,0.100957192826986
"SF1","SF","3","Pericyte",107,"BCAR1",13.0841121495327,0.176940573416385
"SF1","SF","3","Pericyte",107,"PIEZO2",0,0
"SF1","SF","3","Pericyte",107,"TEAD2",15.8878504672897,0.20405976486392
"SF1","SF","3","Pericyte",107,"LIMK1",0,0
"SF1","SF","3","Pericyte",107,"CNN2",20.5607476635514,0.290474976555301
"SF1","SF","3","Pericyte",107,"TEAD3",11.214953271028,0.133071943227588
"SF1","SF","3","Pericyte",107,"PFN1",84.1121495327103,1.62439835667858
"SF1","SF","3","Pericyte",107,"CFL1",91.588785046729,1.90472932456079
"SF1","SF","3","Pericyte",107,"TMEM63B",5.60747663551402,0.0736404959491597
"SF1","SF","3","Pericyte",107,"ITGA5",0,0
"SF1","SF","3","Pericyte",107,"MYLK",57.0093457943925,1.00840576609862
"SF1","SF","3","Pericyte",107,"ILK",38.3177570093458,0.532616142290734
"SF1","SF","3","Pericyte",107,"MYL9",98.1308411214953,3.38757244090113
"SF1","SF","3","Pericyte",107,"NF2",3.73831775700935,0.046273852416954
"SF1","SF","3","Pericyte",107,"PARVA",14.018691588785,0.167096730746872
"SF1","SF","3","Pericyte",107,"PKD2",6.54205607476635,0.0820204681128542
"SF1","SF","3","Pericyte",107,"VCL",28.0373831775701,0.416421430092978
"SF1","SF","3","Pericyte",107,"TEAD4",3.73831775700935,0.0485832876821768
"SF1","SF","3","Pericyte",107,"ITGA2",0,0
"SF1","SF","3","Pericyte",107,"WWTR1",10.2803738317757,0.111156292721447
"SF1","SF","3","Pericyte",107,"FLNA",60.7476635514019,1.11201626413198
"SF1","SF","3","Pericyte",107,"PANX1",4.67289719626168,0.0645593607347082
"SF1","SF","3","Pericyte",107,"TEAD1",2.80373831775701,0.0427017431327695
"SF1","SF","3","Pericyte",107,"CDC42",46.7289719626168,0.645727837591268
"SF1","SF","3","Pericyte",107,"FERMT2",29.9065420560748,0.41740183394236
"SF1","SF","3","Pericyte",107,"TLN1",39.2523364485981,0.518858742300817
"SF1","SF","3","Pericyte",107,"PKD1",4.67289719626168,0.0656692373849546
"SF1","SF","3","Pericyte",107,"TLN2",0.934579439252336,0.00744216759294253
"SF1","SF","3","Pericyte",107,"RAC1",82.2429906542056,1.42797623041214
"SF1","SF","3","Pericyte",107,"YAP1",10.2803738317757,0.175645088204366
"SF1","SF","3","Pericyte",107,"PIEZO1",0,0
"SF1","SF","3","Pericyte",107,"TRPV4",0,0
"SF1","SF","3","Pericyte",107,"TRPA1",0,0
"SF1","SF","3","Pericyte",107,"TRPC1",1.86915887850467,0.0222489220207497
"SF1","SF","3","Pericyte",107,"TRPC3",0,0
"SF1","SF","3","Pericyte",107,"TRPC6",5.60747663551402,0.0854355266134523
"SF1","SF","3","Pericyte",107,"ASIC1",1.86915887850467,0.0230452816629534
"SF1","SF","3","Pericyte",107,"ASIC2",0,0
"SF1","SF","3","Pericyte",107,"ASIC3",0.934579439252336,0.0109389198663778
"SF1","SF","3","Pericyte",107,"KCNK2",0,0
"SF1","SF","3","Pericyte",107,"KCNK4",0,0
"SF1","SF","3","Pericyte",107,"TMEM63A",0.934579439252336,0.0123554338155262
"SF1","SF","3","Pericyte",107,"TMEM150C",0,0
"SF1","SF","3","Pericyte",107,"P2RX4",0.934579439252336,0.0166403891738421
"SF1","SF","3","Pericyte",107,"P2RX7",0.934579439252336,0.0110470493342491
"SF1","SF","3","Pericyte",107,"PDPN",0.934579439252336,0.00557205092359279
"SF1","SF","3","Pericyte",107,"SCX",0,0
"SF1","SF","3","Pericyte",107,"FAP",0,0
"SF1","SF","3","Pericyte",107,"POSTN",0,0
"SF1","SF","3","Pericyte",107,"PDGFRA",0,0
"SF1","SF","3","Pericyte",107,"APOD",0.934579439252336,0.021012644566862
"SF2","SF","3","Pericyte",53,"CNN1",9.43396226415094,0.12061254396325
"SF2","SF","3","Pericyte",53,"ITGA8",3.77358490566038,0.0487353279434413
"SF2","SF","3","Pericyte",53,"TAGLN",94.3396226415094,3.61727846650278
"SF2","SF","3","Pericyte",53,"ACTA2",90.5660377358491,2.96079769573161
"SF2","SF","3","Pericyte",53,"TPM1",88.6792452830189,2.32154892625769
"SF2","SF","3","Pericyte",53,"TPM2",75.4716981132076,1.61934849102279
"SF2","SF","3","Pericyte",53,"ITGB1",81.1320754716981,1.7347067438397
"SF2","SF","3","Pericyte",53,"ITGAV",13.2075471698113,0.153420620018094
"SF2","SF","3","Pericyte",53,"BCAR1",9.43396226415094,0.109829945754049
"SF2","SF","3","Pericyte",53,"PIEZO2",0,0
"SF2","SF","3","Pericyte",53,"TEAD2",7.54716981132075,0.114794760966832
"SF2","SF","3","Pericyte",53,"LIMK1",3.77358490566038,0.0679823821492265
"SF2","SF","3","Pericyte",53,"CNN2",20.7547169811321,0.260374747918438
"SF2","SF","3","Pericyte",53,"TEAD3",11.3207547169811,0.166097881198399
"SF2","SF","3","Pericyte",53,"PFN1",66.0377358490566,0.966475414845352
"SF2","SF","3","Pericyte",53,"CFL1",86.7924528301887,1.70809499962477
"SF2","SF","3","Pericyte",53,"TMEM63B",5.66037735849057,0.0852107772768531
"SF2","SF","3","Pericyte",53,"ITGA5",3.77358490566038,0.038728405743377
"SF2","SF","3","Pericyte",53,"MYLK",66.0377358490566,1.17883811811184
"SF2","SF","3","Pericyte",53,"ILK",41.5094339622642,0.582481616380177
"SF2","SF","3","Pericyte",53,"MYL9",96.2264150943396,2.55324763535687
"SF2","SF","3","Pericyte",53,"NF2",1.88679245283019,0.0246973547856934
"SF2","SF","3","Pericyte",53,"PARVA",26.4150943396226,0.403277359841739
"SF2","SF","3","Pericyte",53,"PKD2",22.6415094339623,0.277848769054944
"SF2","SF","3","Pericyte",53,"VCL",66.0377358490566,1.17069897603216
"SF2","SF","3","Pericyte",53,"TEAD4",5.66037735849057,0.0644649807714914
"SF2","SF","3","Pericyte",53,"ITGA2",0,0
"SF2","SF","3","Pericyte",53,"WWTR1",22.6415094339623,0.295836380170997
"SF2","SF","3","Pericyte",53,"FLNA",73.5849056603774,1.46493196623122
"SF2","SF","3","Pericyte",53,"PANX1",0,0
"SF2","SF","3","Pericyte",53,"TEAD1",20.7547169811321,0.309790865364761
"SF2","SF","3","Pericyte",53,"CDC42",60.377358490566,1.01627080601399
"SF2","SF","3","Pericyte",53,"FERMT2",39.622641509434,0.499760307753763
"SF2","SF","3","Pericyte",53,"TLN1",47.1698113207547,0.750427593561445
"SF2","SF","3","Pericyte",53,"PKD1",18.8679245283019,0.257908446859996
"SF2","SF","3","Pericyte",53,"TLN2",5.66037735849057,0.0697158574929526
"SF2","SF","3","Pericyte",53,"RAC1",83.0188679245283,1.49365135433426
"SF2","SF","3","Pericyte",53,"YAP1",20.7547169811321,0.280800759286532
"SF2","SF","3","Pericyte",53,"PIEZO1",3.77358490566038,0.0623096238136504
"SF2","SF","3","Pericyte",53,"TRPV4",0,0
"SF2","SF","3","Pericyte",53,"TRPA1",0,0
"SF2","SF","3","Pericyte",53,"TRPC1",7.54716981132075,0.0925435039507511
"SF2","SF","3","Pericyte",53,"TRPC3",0,0
"SF2","SF","3","Pericyte",53,"TRPC6",9.43396226415094,0.144701840176132
"SF2","SF","3","Pericyte",53,"ASIC1",0,0
"SF2","SF","3","Pericyte",53,"ASIC2",0,0
"SF2","SF","3","Pericyte",53,"ASIC3",0,0
"SF2","SF","3","Pericyte",53,"KCNK2",0,0
"SF2","SF","3","Pericyte",53,"KCNK4",0,0
"SF2","SF","3","Pericyte",53,"TMEM63A",7.54716981132075,0.072626610217315
"SF2","SF","3","Pericyte",53,"TMEM150C",0,0
"SF2","SF","3","Pericyte",53,"P2RX4",1.88679245283019,0.0267924401235592
"SF2","SF","3","Pericyte",53,"P2RX7",3.77358490566038,0.0446738980279987
"SF2","SF","3","Pericyte",53,"PDPN",0,0
"SF2","SF","3","Pericyte",53,"SCX",0,0
"SF2","SF","3","Pericyte",53,"FAP",1.88679245283019,0.0101521961099958
"SF2","SF","3","Pericyte",53,"POSTN",1.88679245283019,0.0591290876604413
"SF2","SF","3","Pericyte",53,"PDGFRA",0,0
"SF2","SF","3","Pericyte",53,"APOD",0,0
"SF3","SF","3","Pericyte",12,"CNN1",41.6666666666667,0.792721222639157
"SF3","SF","3","Pericyte",12,"ITGA8",16.6666666666667,0.243896216665762
"SF3","SF","3","Pericyte",12,"TAGLN",100,4.58182270512519
"SF3","SF","3","Pericyte",12,"ACTA2",100,3.80184408260413
"SF3","SF","3","Pericyte",12,"TPM1",100,2.95620627087754
"SF3","SF","3","Pericyte",12,"TPM2",91.6666666666667,2.69760936631194
"SF3","SF","3","Pericyte",12,"ITGB1",66.6666666666667,1.0993611185992
"SF3","SF","3","Pericyte",12,"ITGAV",8.33333333333333,0.0800461504115246
"SF3","SF","3","Pericyte",12,"BCAR1",8.33333333333333,0.126445174231051
"SF3","SF","3","Pericyte",12,"PIEZO2",0,0
"SF3","SF","3","Pericyte",12,"TEAD2",0,0
"SF3","SF","3","Pericyte",12,"LIMK1",0,0
"SF3","SF","3","Pericyte",12,"CNN2",8.33333333333333,0.0978541512972576
"SF3","SF","3","Pericyte",12,"TEAD3",16.6666666666667,0.221069785509841
"SF3","SF","3","Pericyte",12,"PFN1",83.3333333333333,1.50982971769127
"SF3","SF","3","Pericyte",12,"CFL1",91.6666666666667,1.85975545065142
"SF3","SF","3","Pericyte",12,"TMEM63B",0,0
"SF3","SF","3","Pericyte",12,"ITGA5",0,0
"SF3","SF","3","Pericyte",12,"MYLK",50,0.888574008686624
"SF3","SF","3","Pericyte",12,"ILK",25,0.454976693362869
"SF3","SF","3","Pericyte",12,"MYL9",100,3.04954693418935
"SF3","SF","3","Pericyte",12,"NF2",8.33333333333333,0.126601337264899
"SF3","SF","3","Pericyte",12,"PARVA",33.3333333333333,0.46213190505797
"SF3","SF","3","Pericyte",12,"PKD2",41.6666666666667,0.561466864308979
"SF3","SF","3","Pericyte",12,"VCL",66.6666666666667,1.08749903335069
"SF3","SF","3","Pericyte",12,"TEAD4",0,0
"SF3","SF","3","Pericyte",12,"ITGA2",0,0
"SF3","SF","3","Pericyte",12,"WWTR1",16.6666666666667,0.19523952621986
"SF3","SF","3","Pericyte",12,"FLNA",83.3333333333333,1.7217882154087
"SF3","SF","3","Pericyte",12,"PANX1",0,0
"SF3","SF","3","Pericyte",12,"TEAD1",8.33333333333333,0.102825344499006
"SF3","SF","3","Pericyte",12,"CDC42",50,0.874623954583978
"SF3","SF","3","Pericyte",12,"FERMT2",50,0.773628816270801
"SF3","SF","3","Pericyte",12,"TLN1",41.6666666666667,0.614791505205562
"SF3","SF","3","Pericyte",12,"PKD1",33.3333333333333,0.485080450253109
"SF3","SF","3","Pericyte",12,"TLN2",0,0
"SF3","SF","3","Pericyte",12,"RAC1",91.6666666666667,1.87840371966533
"SF3","SF","3","Pericyte",12,"YAP1",0,0
"SF3","SF","3","Pericyte",12,"PIEZO1",8.33333333333333,0.12201697322156
"SF3","SF","3","Pericyte",12,"TRPV4",0,0
"SF3","SF","3","Pericyte",12,"TRPA1",0,0
"SF3","SF","3","Pericyte",12,"TRPC1",0,0
"SF3","SF","3","Pericyte",12,"TRPC3",0,0
"SF3","SF","3","Pericyte",12,"TRPC6",8.33333333333333,0.0981446014158047
"SF3","SF","3","Pericyte",12,"ASIC1",0,0
"SF3","SF","3","Pericyte",12,"ASIC2",0,0
"SF3","SF","3","Pericyte",12,"ASIC3",0,0
"SF3","SF","3","Pericyte",12,"KCNK2",0,0
"SF3","SF","3","Pericyte",12,"KCNK4",0,0
"SF3","SF","3","Pericyte",12,"TMEM63A",0,0
"SF3","SF","3","Pericyte",12,"TMEM150C",0,0
"SF3","SF","3","Pericyte",12,"P2RX4",0,0
"SF3","SF","3","Pericyte",12,"P2RX7",0,0
"SF3","SF","3","Pericyte",12,"PDPN",0,0
"SF3","SF","3","Pericyte",12,"SCX",0,0
"SF3","SF","3","Pericyte",12,"FAP",0,0
"SF3","SF","3","Pericyte",12,"POSTN",0,0
"SF3","SF","3","Pericyte",12,"PDGFRA",0,0
"SF3","SF","3","Pericyte",12,"APOD",0,0
"DD1","DD","3","Pericyte",487,"CNN1",23.4086242299795,0.379447963184414
"DD1","DD","3","Pericyte",487,"ITGA8",3.90143737166324,0.055298502882399
"DD1","DD","3","Pericyte",487,"TAGLN",98.7679671457906,4.11011825563747
"DD1","DD","3","Pericyte",487,"ACTA2",94.4558521560575,3.48777437242493
"DD1","DD","3","Pericyte",487,"TPM1",82.5462012320329,2.07604154487274
"DD1","DD","3","Pericyte",487,"TPM2",84.5995893223819,2.14309553946493
"DD1","DD","3","Pericyte",487,"ITGB1",67.3511293634497,1.3337388580674
"DD1","DD","3","Pericyte",487,"ITGAV",8.82956878850103,0.115106541107365
"DD1","DD","3","Pericyte",487,"BCAR1",10.4722792607803,0.148391059820817
"DD1","DD","3","Pericyte",487,"PIEZO2",1.23203285420945,0.0153179980656678
"DD1","DD","3","Pericyte",487,"TEAD2",10.2669404517454,0.135059045877885
"DD1","DD","3","Pericyte",487,"LIMK1",1.02669404517454,0.0132979354902311
"DD1","DD","3","Pericyte",487,"CNN2",16.6324435318275,0.237163500294276
"DD1","DD","3","Pericyte",487,"TEAD3",5.74948665297741,0.0799318131343614
"DD1","DD","3","Pericyte",487,"PFN1",77.2073921971253,1.66913343701523
"DD1","DD","3","Pericyte",487,"CFL1",82.9568788501027,1.94042750545924
"DD1","DD","3","Pericyte",487,"TMEM63B",3.08008213552361,0.0355213806532941
"DD1","DD","3","Pericyte",487,"ITGA5",2.05338809034908,0.0260072505046651
"DD1","DD","3","Pericyte",487,"MYLK",56.2628336755647,1.11029670394227
"DD1","DD","3","Pericyte",487,"ILK",46.611909650924,0.79894499258556
"DD1","DD","3","Pericyte",487,"MYL9",96.7145790554415,3.3287554622426
"DD1","DD","3","Pericyte",487,"NF2",4.92813141683778,0.0712540041309454
"DD1","DD","3","Pericyte",487,"PARVA",16.8377823408624,0.240734899786319
"DD1","DD","3","Pericyte",487,"PKD2",6.36550308008214,0.0871066421678827
"DD1","DD","3","Pericyte",487,"VCL",31.6221765913758,0.497886691134111
"DD1","DD","3","Pericyte",487,"TEAD4",2.25872689938398,0.0311219203666719
"DD1","DD","3","Pericyte",487,"ITGA2",0,0
"DD1","DD","3","Pericyte",487,"WWTR1",8.0082135523614,0.111938369830576
"DD1","DD","3","Pericyte",487,"FLNA",43.3264887063655,0.800663885542923
"DD1","DD","3","Pericyte",487,"PANX1",1.43737166324435,0.0156003282938594
"DD1","DD","3","Pericyte",487,"TEAD1",6.77618069815195,0.0869231457812189
"DD1","DD","3","Pericyte",487,"CDC42",57.4948665297741,0.986821671970435
"DD1","DD","3","Pericyte",487,"FERMT2",20.5338809034908,0.29930703081866
"DD1","DD","3","Pericyte",487,"TLN1",32.2381930184805,0.506078205508799
"DD1","DD","3","Pericyte",487,"PKD1",5.95482546201232,0.0917283269988487
"DD1","DD","3","Pericyte",487,"TLN2",1.64271047227926,0.0237873904486427
"DD1","DD","3","Pericyte",487,"RAC1",77.82340862423,1.64867932864992
"DD1","DD","3","Pericyte",487,"YAP1",11.9096509240246,0.172557136236082
"DD1","DD","3","Pericyte",487,"PIEZO1",2.05338809034908,0.0217744459792759
"DD1","DD","3","Pericyte",487,"TRPV4",0,0
"DD1","DD","3","Pericyte",487,"TRPA1",0,0
"DD1","DD","3","Pericyte",487,"TRPC1",2.6694045174538,0.032346710060533
"DD1","DD","3","Pericyte",487,"TRPC3",0.205338809034908,0.00283710464122218
"DD1","DD","3","Pericyte",487,"TRPC6",5.95482546201232,0.0758365244555087
"DD1","DD","3","Pericyte",487,"ASIC1",0,0
"DD1","DD","3","Pericyte",487,"ASIC2",0,0
"DD1","DD","3","Pericyte",487,"ASIC3",0,0
"DD1","DD","3","Pericyte",487,"KCNK2",0,0
"DD1","DD","3","Pericyte",487,"KCNK4",0,0
"DD1","DD","3","Pericyte",487,"TMEM63A",3.90143737166324,0.0547165930823801
"DD1","DD","3","Pericyte",487,"TMEM150C",0.205338809034908,0.000923824693807149
"DD1","DD","3","Pericyte",487,"P2RX4",8.62422997946612,0.11368388262118
"DD1","DD","3","Pericyte",487,"P2RX7",1.64271047227926,0.0226742198030635
"DD1","DD","3","Pericyte",487,"PDPN",0.616016427104723,0.0051229347697102
"DD1","DD","3","Pericyte",487,"SCX",0.82135523613963,0.011463409785694
"DD1","DD","3","Pericyte",487,"FAP",2.46406570841889,0.0283577236007156
"DD1","DD","3","Pericyte",487,"POSTN",6.36550308008214,0.0737459923643819
"DD1","DD","3","Pericyte",487,"PDGFRA",0.205338809034908,0.00250673313665052
"DD1","DD","3","Pericyte",487,"APOD",0.205338809034908,0.0060638131761093
"DD2","DD","3","Pericyte",284,"CNN1",13.0281690140845,0.190622903203546
"DD2","DD","3","Pericyte",284,"ITGA8",3.16901408450704,0.031645084336497
"DD2","DD","3","Pericyte",284,"TAGLN",97.5352112676056,3.37229863934784
"DD2","DD","3","Pericyte",284,"ACTA2",81.3380281690141,2.5714129243859
"DD2","DD","3","Pericyte",284,"TPM1",76.4084507042253,1.69920470092662
"DD2","DD","3","Pericyte",284,"TPM2",83.8028169014084,1.98593745839755
"DD2","DD","3","Pericyte",284,"ITGB1",72.1830985915493,1.36092123219025
"DD2","DD","3","Pericyte",284,"ITGAV",16.1971830985916,0.179024319998114
"DD2","DD","3","Pericyte",284,"BCAR1",19.3661971830986,0.241241384994105
"DD2","DD","3","Pericyte",284,"PIEZO2",2.8169014084507,0.0394604273751555
"DD2","DD","3","Pericyte",284,"TEAD2",11.9718309859155,0.142276660856904
"DD2","DD","3","Pericyte",284,"LIMK1",0.704225352112676,0.0098501061184971
"DD2","DD","3","Pericyte",284,"CNN2",23.943661971831,0.304288096061136
"DD2","DD","3","Pericyte",284,"TEAD3",7.04225352112676,0.0773964020624482
"DD2","DD","3","Pericyte",284,"PFN1",74.2957746478873,1.49486800966697
"DD2","DD","3","Pericyte",284,"CFL1",83.8028169014084,1.83474734919462
"DD2","DD","3","Pericyte",284,"TMEM63B",5.63380281690141,0.0528352908074223
"DD2","DD","3","Pericyte",284,"ITGA5",8.09859154929578,0.0909572205911105
"DD2","DD","3","Pericyte",284,"MYLK",60.9154929577465,1.21891193251665
"DD2","DD","3","Pericyte",284,"ILK",33.4507042253521,0.498435543133452
"DD2","DD","3","Pericyte",284,"MYL9",94.3661971830986,2.73891714033675
"DD2","DD","3","Pericyte",284,"NF2",5.28169014084507,0.0559014392080081
"DD2","DD","3","Pericyte",284,"PARVA",20.0704225352113,0.241031779955791
"DD2","DD","3","Pericyte",284,"PKD2",15.1408450704225,0.185038150027702
"DD2","DD","3","Pericyte",284,"VCL",35.2112676056338,0.494288989738791
"DD2","DD","3","Pericyte",284,"TEAD4",5.28169014084507,0.0568962816516405
"DD2","DD","3","Pericyte",284,"ITGA2",0,0
"DD2","DD","3","Pericyte",284,"WWTR1",15.8450704225352,0.180627955676353
"DD2","DD","3","Pericyte",284,"FLNA",51.056338028169,0.869142637996503
"DD2","DD","3","Pericyte",284,"PANX1",1.76056338028169,0.0286466552165389
"DD2","DD","3","Pericyte",284,"TEAD1",6.33802816901408,0.0768614180609222
"DD2","DD","3","Pericyte",284,"CDC42",48.943661971831,0.754255569978769
"DD2","DD","3","Pericyte",284,"FERMT2",26.056338028169,0.374821537021179
"DD2","DD","3","Pericyte",284,"TLN1",33.0985915492958,0.456621115287323
"DD2","DD","3","Pericyte",284,"PKD1",8.80281690140845,0.109281838514628
"DD2","DD","3","Pericyte",284,"TLN2",1.76056338028169,0.0144806134896787
"DD2","DD","3","Pericyte",284,"RAC1",79.2253521126761,1.639834450723
"DD2","DD","3","Pericyte",284,"YAP1",16.5492957746479,0.227682504752028
"DD2","DD","3","Pericyte",284,"PIEZO1",3.16901408450704,0.031761609757071
"DD2","DD","3","Pericyte",284,"TRPV4",0.352112676056338,0.002072794391473
"DD2","DD","3","Pericyte",284,"TRPA1",0,0
"DD2","DD","3","Pericyte",284,"TRPC1",2.11267605633803,0.0214843753312938
"DD2","DD","3","Pericyte",284,"TRPC3",0,0
"DD2","DD","3","Pericyte",284,"TRPC6",14.7887323943662,0.196748335520953
"DD2","DD","3","Pericyte",284,"ASIC1",0.704225352112676,0.00645620348113627
"DD2","DD","3","Pericyte",284,"ASIC2",0,0
"DD2","DD","3","Pericyte",284,"ASIC3",0,0
"DD2","DD","3","Pericyte",284,"KCNK2",0,0
"DD2","DD","3","Pericyte",284,"KCNK4",0,0
"DD2","DD","3","Pericyte",284,"TMEM63A",3.87323943661972,0.0467119364812954
"DD2","DD","3","Pericyte",284,"TMEM150C",0.704225352112676,0.00589868170599953
"DD2","DD","3","Pericyte",284,"P2RX4",6.33802816901408,0.070520647456251
"DD2","DD","3","Pericyte",284,"P2RX7",1.05633802816901,0.0158724245564894
"DD2","DD","3","Pericyte",284,"PDPN",0.704225352112676,0.0041270836296281
"DD2","DD","3","Pericyte",284,"SCX",1.05633802816901,0.00924812912762238
"DD2","DD","3","Pericyte",284,"FAP",7.74647887323944,0.0765222781461264
"DD2","DD","3","Pericyte",284,"POSTN",8.09859154929578,0.102068061844941
"DD2","DD","3","Pericyte",284,"PDGFRA",1.40845070422535,0.0139801682671346
"DD2","DD","3","Pericyte",284,"APOD",4.57746478873239,0.0425285498243022
"DD3","DD","3","Pericyte",337,"CNN1",17.2106824925816,0.232664912821271
"DD3","DD","3","Pericyte",337,"ITGA8",3.85756676557863,0.0428145369902357
"DD3","DD","3","Pericyte",337,"TAGLN",94.9554896142433,3.33187827413743
"DD3","DD","3","Pericyte",337,"ACTA2",75.0741839762611,2.05351373014498
"DD3","DD","3","Pericyte",337,"TPM1",71.513353115727,1.44837134322427
"DD3","DD","3","Pericyte",337,"TPM2",79.2284866468843,1.9019895216444
"DD3","DD","3","Pericyte",337,"ITGB1",76.2611275964392,1.60967987744566
"DD3","DD","3","Pericyte",337,"ITGAV",14.8367952522255,0.166247247987631
"DD3","DD","3","Pericyte",337,"BCAR1",14.2433234421365,0.176088071659646
"DD3","DD","3","Pericyte",337,"PIEZO2",1.78041543026706,0.0187748621982465
"DD3","DD","3","Pericyte",337,"TEAD2",12.7596439169139,0.172553101209885
"DD3","DD","3","Pericyte",337,"LIMK1",0.890207715133531,0.0067938701887694
"DD3","DD","3","Pericyte",337,"CNN2",17.8041543026706,0.226718859804404
"DD3","DD","3","Pericyte",337,"TEAD3",6.23145400593472,0.0809658542200465
"DD3","DD","3","Pericyte",337,"PFN1",75.3709198813056,1.57387223716543
"DD3","DD","3","Pericyte",337,"CFL1",73.8872403560831,1.56734610467391
"DD3","DD","3","Pericyte",337,"TMEM63B",7.71513353115727,0.101944533191336
"DD3","DD","3","Pericyte",337,"ITGA5",7.41839762611276,0.0899660492810701
"DD3","DD","3","Pericyte",337,"MYLK",48.0712166172107,0.885149024389328
"DD3","DD","3","Pericyte",337,"ILK",40.0593471810089,0.598086847323287
"DD3","DD","3","Pericyte",337,"MYL9",88.7240356083086,2.65029595632122
"DD3","DD","3","Pericyte",337,"NF2",6.82492581602374,0.0926630876849758
"DD3","DD","3","Pericyte",337,"PARVA",18.9910979228487,0.232640038192659
"DD3","DD","3","Pericyte",337,"PKD2",15.13353115727,0.180887829113299
"DD3","DD","3","Pericyte",337,"VCL",30.5637982195846,0.452021531243998
"DD3","DD","3","Pericyte",337,"TEAD4",3.26409495548961,0.0405858945338382
"DD3","DD","3","Pericyte",337,"ITGA2",0,0
"DD3","DD","3","Pericyte",337,"WWTR1",13.946587537092,0.174874412346971
"DD3","DD","3","Pericyte",337,"FLNA",48.9614243323442,0.802554846808255
"DD3","DD","3","Pericyte",337,"PANX1",1.48367952522255,0.017786028803653
"DD3","DD","3","Pericyte",337,"TEAD1",9.49554896142433,0.138746321362205
"DD3","DD","3","Pericyte",337,"CDC42",50.7418397626113,0.845168872433606
"DD3","DD","3","Pericyte",337,"FERMT2",28.7833827893175,0.386326640517449
"DD3","DD","3","Pericyte",337,"TLN1",40.6528189910979,0.62730818090541
"DD3","DD","3","Pericyte",337,"PKD1",10.6824925816024,0.137375547745764
"DD3","DD","3","Pericyte",337,"TLN2",1.18694362017804,0.0140338683281304
"DD3","DD","3","Pericyte",337,"RAC1",77.4480712166172,1.66963824260874
"DD3","DD","3","Pericyte",337,"YAP1",14.2433234421365,0.199984110957515
"DD3","DD","3","Pericyte",337,"PIEZO1",0.29673590504451,0.00373355567568526
"DD3","DD","3","Pericyte",337,"TRPV4",0,0
"DD3","DD","3","Pericyte",337,"TRPA1",0,0
"DD3","DD","3","Pericyte",337,"TRPC1",2.37388724035608,0.0304606265714019
"DD3","DD","3","Pericyte",337,"TRPC3",0.29673590504451,0.0036343080256907
"DD3","DD","3","Pericyte",337,"TRPC6",8.30860534124629,0.121887721027009
"DD3","DD","3","Pericyte",337,"ASIC1",0.593471810089021,0.00700984282710237
"DD3","DD","3","Pericyte",337,"ASIC2",0,0
"DD3","DD","3","Pericyte",337,"ASIC3",0.593471810089021,0.0130881148807665
"DD3","DD","3","Pericyte",337,"KCNK2",0.29673590504451,0.00191543985773403
"DD3","DD","3","Pericyte",337,"KCNK4",0,0
"DD3","DD","3","Pericyte",337,"TMEM63A",4.74777448071217,0.0605650701179951
"DD3","DD","3","Pericyte",337,"TMEM150C",0.29673590504451,0.00184570575769647
"DD3","DD","3","Pericyte",337,"P2RX4",6.52818991097923,0.0752689745461418
"DD3","DD","3","Pericyte",337,"P2RX7",1.78041543026706,0.0271183810622685
"DD3","DD","3","Pericyte",337,"PDPN",4.15430267062314,0.0412379708347614
"DD3","DD","3","Pericyte",337,"SCX",1.18694362017804,0.00822419376030894
"DD3","DD","3","Pericyte",337,"FAP",8.6053412462908,0.101627518662686
"DD3","DD","3","Pericyte",337,"POSTN",8.6053412462908,0.217043116132177
"DD3","DD","3","Pericyte",337,"PDGFRA",2.07715133531157,0.019578192832728
"DD3","DD","3","Pericyte",337,"APOD",2.07715133531157,0.0342631354829398
